{
  "video": "Gr5009",
  "n_frames_total": 262,
  "k_pairs": 3,
  "pairs": [
    {
      "pair_index": 0,
      "prev_frame": "000016.jpg",
      "curr_frame": "000017.jpg",
      "dx": -7.437313314486346,
      "dy": -0.8140214365279235,
      "method": "global_phase_correlation",
      "camera_moving": true,
      "debug": {
        "method": "global_phase_correlation",
        "hard_mask": {
          "valid_ratio": 0.9965972222222222,
          "invalid_ratio": 0.0034027777777777776
        },
        "soft_spec": {
          "union": {
            "used": true,
            "ratio_valid": 0.005679046756323601,
            "dilated": true
          },
          "prev": {
            "enabled": true,
            "bypass_reason": null,
            "spec_ratio_valid": 0.005679046756323601,
            "alpha": 0.0,
            "blur_sigma": 3.0
          },
          "curr": {
            "enabled": true,
            "bypass_reason": null,
            "spec_ratio_valid": 0.005679046756323601,
            "alpha": 0.0,
            "blur_sigma": 3.0
          }
        },
        "err_mask": {
          "exclude_spec": true,
          "spec_ratio": 0.005679046756323601,
          "keep_frac": 0.9909375
        },
        "global_pc": {
          "dx": -7.437313314486346,
          "dy": -0.8140214365279235,
          "resp": 0.8426708773845508,
          "err_unaligned": 21.0,
          "err_aligned": 11.0,
          "err_ratio": 0.5238094988662143,
          "improve": 10.0,
          "resp_thresh": 0.3,
          "err_ratio_thresh": 0.92,
          "min_improve": 0.5
        },
        "final_dx": -7.437313314486346,
        "final_dy": -0.8140214365279235,
        "shift_norm": 7.481728425769199,
        "camera_moving": true
      },
      "saved_overlay": "pair01_overlay_dxdy.jpg",
      "saved_diff": "pair01_diff.jpg"
    },
    {
      "pair_index": 1,
      "prev_frame": "000133.jpg",
      "curr_frame": "000134.jpg",
      "dx": 22.31832636850538,
      "dy": 0.7071059351798112,
      "method": "global_phase_correlation",
      "camera_moving": true,
      "debug": {
        "method": "global_phase_correlation",
        "hard_mask": {
          "valid_ratio": 0.9891999421296296,
          "invalid_ratio": 0.01080005787037037
        },
        "soft_spec": {
          "union": {
            "used": true,
            "ratio_valid": 0.005091641254774633,
            "dilated": true
          },
          "prev": {
            "enabled": true,
            "bypass_reason": null,
            "spec_ratio_valid": 0.005091641254774633,
            "alpha": 0.0,
            "blur_sigma": 3.0
          },
          "curr": {
            "enabled": true,
            "bypass_reason": null,
            "spec_ratio_valid": 0.005091641254774633,
            "alpha": 0.0,
            "blur_sigma": 3.0
          }
        },
        "err_mask": {
          "exclude_spec": true,
          "spec_ratio": 0.005091641254774633,
          "keep_frac": 0.9841632908950617
        },
        "global_pc": {
          "dx": 22.31832636850538,
          "dy": 0.7071059351798112,
          "resp": 0.6742205505606569,
          "err_unaligned": 12.0,
          "err_aligned": 6.0,
          "err_ratio": 0.4999999583333368,
          "improve": 6.0,
          "resp_thresh": 0.3,
          "err_ratio_thresh": 0.92,
          "min_improve": 0.5
        },
        "final_dx": 22.31832636850538,
        "final_dy": 0.7071059351798112,
        "shift_norm": 22.3295250888748,
        "camera_moving": true
      },
      "saved_overlay": "pair02_overlay_dxdy.jpg",
      "saved_diff": "pair02_diff.jpg"
    },
    {
      "pair_index": 2,
      "prev_frame": "000182.jpg",
      "curr_frame": "000183.jpg",
      "dx": 28.345541432321284,
      "dy": 1.3088921565276905,
      "method": "global_phase_correlation",
      "camera_moving": true,
      "debug": {
        "method": "global_phase_correlation",
        "hard_mask": {
          "valid_ratio": 0.9891353202160493,
          "invalid_ratio": 0.010864679783950617
        },
        "soft_spec": {
          "union": {
            "used": true,
            "ratio_valid": 0.005360126490014242,
            "dilated": true
          },
          "prev": {
            "enabled": true,
            "bypass_reason": null,
            "spec_ratio_valid": 0.005360126490014242,
            "alpha": 0.0,
            "blur_sigma": 3.0
          },
          "curr": {
            "enabled": true,
            "bypass_reason": null,
            "spec_ratio_valid": 0.005360126490014242,
            "alpha": 0.0,
            "blur_sigma": 3.0
          }
        },
        "err_mask": {
          "exclude_spec": true,
          "spec_ratio": 0.005360126490014242,
          "keep_frac": 0.9838334297839506
        },
        "global_pc": {
          "dx": 28.345541432321284,
          "dy": 1.3088921565276905,
          "resp": 0.712642616931303,
          "err_unaligned": 12.0,
          "err_aligned": 7.0,
          "err_ratio": 0.5833332847222263,
          "improve": 5.0,
          "resp_thresh": 0.3,
          "err_ratio_thresh": 0.92,
          "min_improve": 0.5
        },
        "final_dx": 28.345541432321284,
        "final_dy": 1.3088921565276905,
        "shift_norm": 28.375745237242,
        "camera_moving": true
      },
      "saved_overlay": "pair03_overlay_dxdy.jpg",
      "saved_diff": "pair03_diff.jpg"
    }
  ],
  "pre_cfg": {
    "subtitle_mask_mode": "spec_roi",
    "subtitle_roi_y0_ratio": 0.74,
    "sub_spec_v_min": 180,
    "sub_spec_delta_th": 12.0,
    "glare_spec_v_min": 230,
    "glare_spec_delta_th": 24.0,
    "spec_enable_mode": "texture_only",
    "glare_fill_enable": true,
    "glare_fill_v_offset": 12,
    "glare_fill_dilate_ksize": 11
  },
  "cam_cfg": {
    "roi_mode": "strips",
    "use_soft_spec": true,
    "soft_spec_alpha": 0.0,
    "soft_spec_blur_sigma": 3.0,
    "soft_spec_max_ratio": 0.25,
    "global_pc_resp_thresh": 0.3,
    "global_err_ratio_thresh": 0.92,
    "global_min_improve": 0.5,
    "enable_ecc_fallback": true
  }
}