{
  "video": "Ci3001",
  "n_frames_total": 159,
  "k_pairs": 3,
  "pairs": [
    {
      "pair_index": 0,
      "prev_frame": "000068.jpg",
      "curr_frame": "000069.jpg",
      "dx": -0.0012686135014519095,
      "dy": -7.118139183148742e-05,
      "method": "ecc_translation",
      "camera_moving": false,
      "debug": {
        "method": "ecc_translation",
        "hard_mask": {
          "valid_ratio": 0.9785431134259259,
          "invalid_ratio": 0.021456886574074074
        },
        "soft_spec": {
          "union": {
            "used": true,
            "ratio_valid": 0.062106138316017835,
            "dilated": true
          },
          "prev": {
            "enabled": true,
            "bypass_reason": null,
            "spec_ratio_valid": 0.062106138316017835,
            "alpha": 0.0,
            "blur_sigma": 3.0
          },
          "curr": {
            "enabled": true,
            "bypass_reason": null,
            "spec_ratio_valid": 0.062106138316017835,
            "alpha": 0.0,
            "blur_sigma": 3.0
          }
        },
        "err_mask": {
          "exclude_spec": true,
          "spec_ratio": 0.062106138316017835,
          "keep_frac": 0.9177695794753087
        },
        "global_pc": {
          "dx": 0.0005418228133748926,
          "dy": -0.0009801438255863104,
          "resp": 0.9982719453470207,
          "err_unaligned": 0.0,
          "err_aligned": 0.0,
          "err_ratio": 0.0,
          "improve": 0.0,
          "resp_thresh": 0.3,
          "err_ratio_thresh": 0.92,
          "min_improve": 0.5
        },
        "roi_consensus": {
          "roi_total": 4,
          "roi_usable": 4,
          "roi_pc_resp_thresh": 0.22,
          "st_min_corners": 40,
          "roi_valid_frac_min": 0.45,
          "dx0": 0.0016367979114875197,
          "dy0": 0.0021855433005839586,
          "mad": 0.24913896782493591,
          "inliers": 4,
          "inlier_thr": 1.1081233010917497,
          "dx_final": 0.0016367979114875197,
          "dy_final": 0.0021855433005839586,
          "resp_mean_inliers": 0.99909030919362
        },
        "roi_consensus_check": {
          "dx": 0.0016367979114875197,
          "dy": 0.0021855433005839586,
          "err_unaligned": 0.0,
          "err_aligned": 0.0,
          "err_ratio": 0.0,
          "improve": 0.0
        },
        "ecc": {
          "ecc_enabled": true,
          "ecc_cc": 0.999938596728208,
          "dx": -0.0012686135014519095,
          "dy": -7.118139183148742e-05
        },
        "final_dx": -0.0012686135014519095,
        "final_dy": -7.118139183148742e-05,
        "shift_norm": 0.0012706089117463099,
        "camera_moving": false
      },
      "saved_overlay": "pair01_overlay_dxdy.jpg",
      "saved_diff": "pair01_diff.jpg"
    },
    {
      "pair_index": 1,
      "prev_frame": "000106.jpg",
      "curr_frame": "000107.jpg",
      "dx": -0.005153314676135778,
      "dy": 0.01615300588309765,
      "method": "ecc_translation",
      "camera_moving": false,
      "debug": {
        "method": "ecc_translation",
        "hard_mask": {
          "valid_ratio": 0.9803288966049383,
          "invalid_ratio": 0.01967110339506173
        },
        "soft_spec": {
          "union": {
            "used": true,
            "ratio_valid": 0.0715088965520634,
            "dilated": true
          },
          "prev": {
            "enabled": true,
            "bypass_reason": null,
            "spec_ratio_valid": 0.0715088965520634,
            "alpha": 0.0,
            "blur_sigma": 3.0
          },
          "curr": {
            "enabled": true,
            "bypass_reason": null,
            "spec_ratio_valid": 0.0715088965520634,
            "alpha": 0.0,
            "blur_sigma": 3.0
          }
        },
        "err_mask": {
          "exclude_spec": true,
          "spec_ratio": 0.0715088965520634,
          "keep_frac": 0.9102266589506173
        },
        "global_pc": {
          "dx": 0.3274877554771365,
          "dy": -0.18662999975606454,
          "resp": 0.030475963898646978,
          "err_unaligned": 15.0,
          "err_aligned": 15.0,
          "err_ratio": 0.9999999333333378,
          "improve": 0.0,
          "resp_thresh": 0.3,
          "err_ratio_thresh": 0.92,
          "min_improve": 0.5
        },
        "roi_consensus": {
          "roi_total": 4,
          "roi_usable": 1,
          "roi_pc_resp_thresh": 0.22,
          "st_min_corners": 40,
          "roi_valid_frac_min": 0.45,
          "reason": "not_enough_usable_rois"
        },
        "ecc": {
          "ecc_enabled": true,
          "ecc_cc": 0.1884931680404057,
          "dx": -0.005153314676135778,
          "dy": 0.01615300588309765
        },
        "final_dx": -0.005153314676135778,
        "final_dy": 0.01615300588309765,
        "shift_norm": 0.0169551246297591,
        "camera_moving": false
      },
      "saved_overlay": "pair02_overlay_dxdy.jpg",
      "saved_diff": "pair02_diff.jpg"
    },
    {
      "pair_index": 2,
      "prev_frame": "000137.jpg",
      "curr_frame": "000138.jpg",
      "dx": 0.9196762442588806,
      "dy": -0.7119183540344238,
      "method": "ecc_translation",
      "camera_moving": true,
      "debug": {
        "method": "ecc_translation",
        "hard_mask": {
          "valid_ratio": 0.9797651427469136,
          "invalid_ratio": 0.02023485725308642
        },
        "soft_spec": {
          "union": {
            "used": true,
            "ratio_valid": 0.09182478597350614,
            "dilated": true
          },
          "prev": {
            "enabled": true,
            "bypass_reason": null,
            "spec_ratio_valid": 0.09182478597350614,
            "alpha": 0.0,
            "blur_sigma": 3.0
          },
          "curr": {
            "enabled": true,
            "bypass_reason": null,
            "spec_ratio_valid": 0.09182478597350614,
            "alpha": 0.0,
            "blur_sigma": 3.0
          }
        },
        "err_mask": {
          "exclude_spec": true,
          "spec_ratio": 0.09182478597350614,
          "keep_frac": 0.8897984182098766
        },
        "global_pc": {
          "dx": 0.04397204955273537,
          "dy": 0.34054187057222407,
          "resp": 0.02150364163481159,
          "err_unaligned": 16.0,
          "err_aligned": 15.0,
          "err_ratio": 0.9374999414062536,
          "improve": 1.0,
          "resp_thresh": 0.3,
          "err_ratio_thresh": 0.92,
          "min_improve": 0.5
        },
        "roi_consensus": {
          "roi_total": 4,
          "roi_usable": 1,
          "roi_pc_resp_thresh": 0.22,
          "st_min_corners": 40,
          "roi_valid_frac_min": 0.45,
          "reason": "not_enough_usable_rois"
        },
        "ecc": {
          "ecc_enabled": true,
          "ecc_cc": 0.11354443685114003,
          "dx": 0.9196762442588806,
          "dy": -0.7119183540344238
        },
        "final_dx": 0.9196762442588806,
        "final_dy": -0.7119183540344238,
        "shift_norm": 1.1630271437353488,
        "camera_moving": true
      },
      "saved_overlay": "pair03_overlay_dxdy.jpg",
      "saved_diff": "pair03_diff.jpg"
    }
  ],
  "pre_cfg": {
    "subtitle_mask_mode": "spec_roi",
    "subtitle_roi_y0_ratio": 0.74,
    "sub_spec_v_min": 180,
    "sub_spec_delta_th": 12.0,
    "glare_spec_v_min": 230,
    "glare_spec_delta_th": 24.0,
    "spec_enable_mode": "texture_only",
    "glare_fill_enable": true,
    "glare_fill_v_offset": 12,
    "glare_fill_dilate_ksize": 11
  },
  "cam_cfg": {
    "roi_mode": "strips",
    "use_soft_spec": true,
    "soft_spec_alpha": 0.0,
    "soft_spec_blur_sigma": 3.0,
    "soft_spec_max_ratio": 0.25,
    "global_pc_resp_thresh": 0.3,
    "global_err_ratio_thresh": 0.92,
    "global_min_improve": 0.5,
    "enable_ecc_fallback": true
  }
}