2,3,0.00,823.00,31.00,55.00,1.00,-1,-1,-1
2,9,315.00,681.00,251.00,194.00,1.00,-1,-1,-1
2,11,725.00,946.00,507.00,134.00,1.00,-1,-1,-1
2,12,1091.00,392.00,155.00,55.00,1.00,-1,-1,-1
3,3,0.00,823.00,31.00,55.00,1.00,-1,-1,-1
3,9,315.00,681.00,251.00,194.00,1.00,-1,-1,-1
3,11,725.00,946.00,507.00,134.00,1.00,-1,-1,-1
3,12,1091.00,392.00,155.00,55.00,1.00,-1,-1,-1
4,3,24.00,842.00,31.00,55.00,1.00,-1,-1,-1
4,9,351.00,670.00,251.00,194.00,1.00,-1,-1,-1
4,11,725.00,952.00,501.00,128.00,1.00,-1,-1,-1
4,12,1089.00,362.00,311.00,87.00,1.00,-1,-1,-1
4,18,976.00,410.00,62.00,60.00,1.00,-1,-1,-1
4,21,116.00,74.00,52.00,47.00,1.00,-1,-1,-1
5,3,37.00,863.00,31.00,55.00,1.00,-1,-1,-1
5,9,388.00,708.00,144.00,109.00,1.00,-1,-1,-1
5,11,720.00,951.00,495.00,129.00,1.00,-1,-1,-1
5,12,1077.00,366.00,311.00,87.00,1.00,-1,-1,-1
5,15,101.00,877.00,257.00,70.00,1.00,-1,-1,-1
5,18,971.00,421.00,74.00,51.00,1.00,-1,-1,-1
5,21,131.00,94.00,59.00,46.00,1.00,-1,-1,-1
5,32,43.00,90.00,12.00,13.00,1.00,-1,-1,-1
5,34,571.00,176.00,15.00,38.00,1.00,-1,-1,-1
5,37,517.00,139.00,14.00,25.00,1.00,-1,-1,-1
5,38,872.00,234.00,18.00,36.00,1.00,-1,-1,-1
5,40,449.00,157.00,29.00,25.00,1.00,-1,-1,-1
5,41,855.00,154.00,25.00,44.00,1.00,-1,-1,-1
6,3,44.00,881.00,31.00,55.00,1.00,-1,-1,-1
6,9,379.00,699.00,157.00,106.00,1.00,-1,-1,-1
6,11,722.00,947.00,484.00,133.00,1.00,-1,-1,-1
6,12,1057.00,367.00,311.00,87.00,1.00,-1,-1,-1
6,15,139.00,865.00,198.00,146.00,1.00,-1,-1,-1
6,18,949.00,425.00,74.00,51.00,1.00,-1,-1,-1
6,21,171.00,118.00,38.00,45.00,1.00,-1,-1,-1
6,32,50.00,111.00,12.00,13.00,1.00,-1,-1,-1
6,34,580.00,196.00,13.00,42.00,1.00,-1,-1,-1
6,37,525.00,161.00,19.00,33.00,1.00,-1,-1,-1
6,38,878.00,256.00,18.00,36.00,1.00,-1,-1,-1
6,40,450.00,166.00,29.00,25.00,1.00,-1,-1,-1
6,41,860.00,174.00,25.00,44.00,1.00,-1,-1,-1
6,44,1059.00,403.00,149.00,51.00,1.00,-1,-1,-1
6,45,53.00,982.00,113.00,98.00,1.00,-1,-1,-1
6,48,270.00,91.00,23.00,61.00,1.00,-1,-1,-1
6,49,434.00,84.00,15.00,11.00,1.00,-1,-1,-1
6,50,577.00,160.00,13.00,19.00,1.00,-1,-1,-1
7,3,48.00,902.00,31.00,55.00,1.00,-1,-1,-1
7,9,334.00,648.00,237.00,184.00,1.00,-1,-1,-1
7,11,721.00,958.00,483.00,122.00,1.00,-1,-1,-1
7,12,1125.00,352.00,303.00,97.00,1.00,-1,-1,-1
7,15,120.00,864.00,198.00,146.00,1.00,-1,-1,-1
7,18,927.00,429.00,74.00,51.00,1.00,-1,-1,-1
7,21,174.00,138.00,38.00,45.00,1.00,-1,-1,-1
7,32,53.00,131.00,12.00,13.00,1.00,-1,-1,-1
7,34,583.00,216.00,13.00,42.00,1.00,-1,-1,-1
7,37,528.00,181.00,19.00,33.00,1.00,-1,-1,-1
7,38,881.00,277.00,18.00,36.00,1.00,-1,-1,-1
7,40,454.00,170.00,29.00,25.00,1.00,-1,-1,-1
7,41,864.00,195.00,25.00,44.00,1.00,-1,-1,-1
7,44,1036.00,406.00,149.00,51.00,1.00,-1,-1,-1
7,45,57.00,1001.00,113.00,98.00,1.00,-1,-1,-1
7,48,265.00,9.00,23.00,61.00,1.00,-1,-1,-1
7,49,437.00,104.00,15.00,11.00,1.00,-1,-1,-1
7,50,580.00,180.00,13.00,19.00,1.00,-1,-1,-1
8,3,59.00,921.00,31.00,55.00,1.00,-1,-1,-1
8,9,388.00,682.00,153.00,107.00,1.00,-1,-1,-1
8,11,685.00,938.00,529.00,142.00,1.00,-1,-1,-1
8,12,1104.00,355.00,303.00,97.00,1.00,-1,-1,-1
8,15,109.00,862.00,198.00,146.00,1.00,-1,-1,-1
8,18,914.00,431.00,74.00,51.00,1.00,-1,-1,-1
8,21,184.00,157.00,38.00,45.00,1.00,-1,-1,-1
8,32,63.00,150.00,12.00,13.00,1.00,-1,-1,-1
8,34,593.00,235.00,13.00,42.00,1.00,-1,-1,-1
8,37,538.00,200.00,19.00,33.00,1.00,-1,-1,-1
8,38,892.00,296.00,18.00,36.00,1.00,-1,-1,-1
8,40,461.00,187.00,29.00,25.00,1.00,-1,-1,-1
8,41,874.00,214.00,25.00,44.00,1.00,-1,-1,-1
8,44,914.00,412.00,257.00,67.00,1.00,-1,-1,-1
8,45,88.00,959.00,162.00,121.00,1.00,-1,-1,-1
8,48,274.00,28.00,23.00,61.00,1.00,-1,-1,-1
8,49,447.00,123.00,15.00,11.00,1.00,-1,-1,-1
8,50,590.00,199.00,13.00,19.00,1.00,-1,-1,-1
8,76,712.00,93.00,11.00,32.00,1.00,-1,-1,-1
9,3,59.00,921.00,31.00,55.00,1.00,-1,-1,-1
9,9,388.00,682.00,153.00,107.00,1.00,-1,-1,-1
9,11,685.00,938.00,529.00,142.00,1.00,-1,-1,-1
9,12,1104.00,355.00,303.00,97.00,1.00,-1,-1,-1
9,15,109.00,862.00,198.00,146.00,1.00,-1,-1,-1
9,18,914.00,431.00,74.00,51.00,1.00,-1,-1,-1
9,21,184.00,157.00,38.00,45.00,1.00,-1,-1,-1
9,32,63.00,150.00,12.00,13.00,1.00,-1,-1,-1
9,34,593.00,235.00,13.00,42.00,1.00,-1,-1,-1
9,37,538.00,200.00,19.00,33.00,1.00,-1,-1,-1
9,38,892.00,296.00,18.00,36.00,1.00,-1,-1,-1
9,40,461.00,187.00,29.00,25.00,1.00,-1,-1,-1
9,41,874.00,214.00,25.00,44.00,1.00,-1,-1,-1
9,44,914.00,412.00,257.00,67.00,1.00,-1,-1,-1
9,45,88.00,959.00,162.00,121.00,1.00,-1,-1,-1
9,48,274.00,28.00,23.00,61.00,1.00,-1,-1,-1
9,49,447.00,123.00,15.00,11.00,1.00,-1,-1,-1
9,50,590.00,199.00,13.00,19.00,1.00,-1,-1,-1
9,76,712.00,93.00,11.00,32.00,1.00,-1,-1,-1
10,3,78.00,938.00,31.00,55.00,1.00,-1,-1,-1
10,9,406.00,673.00,114.00,70.00,1.00,-1,-1,-1
10,11,720.00,937.00,500.00,143.00,1.00,-1,-1,-1
10,12,1083.00,364.00,350.00,86.00,1.00,-1,-1,-1
10,15,167.00,830.00,254.00,153.00,1.00,-1,-1,-1
10,18,905.00,433.00,74.00,51.00,1.00,-1,-1,-1
10,21,201.00,174.00,38.00,45.00,1.00,-1,-1,-1
10,32,80.00,167.00,12.00,13.00,1.00,-1,-1,-1
10,34,595.00,244.00,13.00,42.00,1.00,-1,-1,-1
10,37,555.00,217.00,19.00,33.00,1.00,-1,-1,-1
10,38,909.00,313.00,18.00,36.00,1.00,-1,-1,-1
10,40,457.00,167.00,29.00,25.00,1.00,-1,-1,-1
10,41,874.00,178.00,25.00,44.00,1.00,-1,-1,-1
10,44,841.00,388.00,384.00,118.00,1.00,-1,-1,-1
10,45,106.00,975.00,162.00,121.00,1.00,-1,-1,-1
10,48,291.00,45.00,23.00,61.00,1.00,-1,-1,-1
10,49,464.00,140.00,15.00,11.00,1.00,-1,-1,-1
10,50,586.00,179.00,13.00,19.00,1.00,-1,-1,-1
10,76,728.00,110.00,11.00,32.00,1.00,-1,-1,-1
11,3,95.00,954.00,31.00,55.00,1.00,-1,-1,-1
11,9,420.00,670.00,109.00,65.00,1.00,-1,-1,-1
11,10,252.00,857.00,56.00,57.00,1.00,-1,-1,-1
11,11,727.00,947.00,488.00,133.00,1.00,-1,-1,-1
11,12,1087.00,368.00,299.00,89.00,1.00,-1,-1,-1
11,15,192.00,833.00,254.00,153.00,1.00,-1,-1,-1
11,18,893.00,450.00,74.00,51.00,1.00,-1,-1,-1
11,21,219.00,191.00,38.00,45.00,1.00,-1,-1,-1
11,32,98.00,184.00,12.00,13.00,1.00,-1,-1,-1
11,34,613.00,261.00,13.00,42.00,1.00,-1,-1,-1
11,37,573.00,234.00,19.00,33.00,1.00,-1,-1,-1
11,38,926.00,329.00,18.00,36.00,1.00,-1,-1,-1
11,40,474.00,157.00,29.00,25.00,1.00,-1,-1,-1
11,41,892.00,195.00,25.00,44.00,1.00,-1,-1,-1
11,44,838.00,393.00,377.00,112.00,1.00,-1,-1,-1
11,45,122.00,991.00,162.00,121.00,1.00,-1,-1,-1
11,48,309.00,62.00,23.00,61.00,1.00,-1,-1,-1
11,49,482.00,157.00,15.00,11.00,1.00,-1,-1,-1
11,50,604.00,195.00,13.00,19.00,1.00,-1,-1,-1
11,76,746.00,127.00,11.00,32.00,1.00,-1,-1,-1
11,85,161.00,937.00,27.00,27.00,1.00,-1,-1,-1
12,3,111.00,969.00,31.00,55.00,1.00,-1,-1,-1
12,9,443.00,665.00,87.00,59.00,1.00,-1,-1,-1
12,10,251.00,833.00,139.00,66.00,1.00,-1,-1,-1
12,11,890.00,905.00,400.00,175.00,1.00,-1,-1,-1
12,12,1073.00,370.00,327.00,91.00,1.00,-1,-1,-1
12,15,213.00,843.00,254.00,153.00,1.00,-1,-1,-1
12,18,912.00,440.00,74.00,51.00,1.00,-1,-1,-1
12,21,235.00,206.00,38.00,45.00,1.00,-1,-1,-1
12,32,115.00,199.00,12.00,13.00,1.00,-1,-1,-1
12,34,629.00,276.00,13.00,42.00,1.00,-1,-1,-1
12,37,589.00,249.00,19.00,33.00,1.00,-1,-1,-1
12,38,942.00,343.00,18.00,36.00,1.00,-1,-1,-1
12,40,491.00,173.00,29.00,25.00,1.00,-1,-1,-1
12,41,908.00,210.00,25.00,44.00,1.00,-1,-1,-1
12,44,827.00,394.00,378.00,110.00,1.00,-1,-1,-1
12,45,139.00,1006.00,162.00,121.00,1.00,-1,-1,-1
12,48,325.00,77.00,23.00,61.00,1.00,-1,-1,-1
12,49,498.00,172.00,15.00,11.00,1.00,-1,-1,-1
12,50,620.00,211.00,13.00,19.00,1.00,-1,-1,-1
12,76,763.00,142.00,11.00,32.00,1.00,-1,-1,-1
12,85,183.00,922.00,27.00,27.00,1.00,-1,-1,-1
13,3,129.00,981.00,31.00,55.00,1.00,-1,-1,-1
13,9,455.00,660.00,78.00,54.00,1.00,-1,-1,-1
13,10,248.00,820.00,139.00,66.00,1.00,-1,-1,-1
13,11,889.00,905.00,400.00,175.00,1.00,-1,-1,-1
13,12,1066.00,371.00,303.00,91.00,1.00,-1,-1,-1
13,15,267.00,796.00,203.00,138.00,1.00,-1,-1,-1
13,18,924.00,439.00,74.00,51.00,1.00,-1,-1,-1
13,21,253.00,219.00,38.00,45.00,1.00,-1,-1,-1
13,32,132.00,213.00,12.00,13.00,1.00,-1,-1,-1
13,34,647.00,289.00,13.00,42.00,1.00,-1,-1,-1
13,37,607.00,263.00,19.00,33.00,1.00,-1,-1,-1
13,38,940.00,365.00,39.00,17.00,1.00,-1,-1,-1
13,40,508.00,186.00,29.00,25.00,1.00,-1,-1,-1
13,41,925.00,224.00,25.00,44.00,1.00,-1,-1,-1
13,44,826.00,393.00,369.00,110.00,1.00,-1,-1,-1
13,45,158.00,1020.00,162.00,121.00,1.00,-1,-1,-1
13,48,343.00,91.00,23.00,61.00,1.00,-1,-1,-1
13,49,515.00,186.00,15.00,11.00,1.00,-1,-1,-1
13,50,637.00,224.00,13.00,19.00,1.00,-1,-1,-1
13,76,780.00,156.00,11.00,32.00,1.00,-1,-1,-1
13,85,201.00,934.00,27.00,27.00,1.00,-1,-1,-1
13,93,116.00,1010.00,21.00,20.00,1.00,-1,-1,-1
14,3,149.00,989.00,31.00,55.00,1.00,-1,-1,-1
14,9,485.00,668.00,43.00,30.00,1.00,-1,-1,-1
14,10,260.00,840.00,139.00,66.00,1.00,-1,-1,-1
14,11,899.00,910.00,307.00,78.00,1.00,-1,-1,-1
14,12,1038.00,362.00,348.00,97.00,1.00,-1,-1,-1
14,15,322.00,811.00,117.00,84.00,1.00,-1,-1,-1
14,18,952.00,431.00,74.00,51.00,1.00,-1,-1,-1
14,21,272.00,228.00,38.00,45.00,1.00,-1,-1,-1
14,32,152.00,222.00,12.00,13.00,1.00,-1,-1,-1
14,34,666.00,298.00,13.00,42.00,1.00,-1,-1,-1
14,37,626.00,272.00,19.00,33.00,1.00,-1,-1,-1
14,38,941.00,363.00,55.00,27.00,1.00,-1,-1,-1
14,40,492.00,179.00,29.00,25.00,1.00,-1,-1,-1
14,41,945.00,233.00,25.00,44.00,1.00,-1,-1,-1
14,44,812.00,390.00,378.00,110.00,1.00,-1,-1,-1
14,45,158.00,1020.00,162.00,121.00,1.00,-1,-1,-1
14,48,363.00,100.00,23.00,61.00,1.00,-1,-1,-1
14,49,510.00,202.00,15.00,11.00,1.00,-1,-1,-1
14,50,657.00,234.00,13.00,19.00,1.00,-1,-1,-1
14,76,800.00,166.00,11.00,32.00,1.00,-1,-1,-1
14,85,221.00,942.00,27.00,27.00,1.00,-1,-1,-1
14,93,135.00,1018.00,21.00,20.00,1.00,-1,-1,-1
14,106,0.00,947.00,11.00,27.00,1.00,-1,-1,-1
14,112,751.00,81.00,54.00,12.00,1.00,-1,-1,-1
14,114,859.00,56.00,22.00,16.00,1.00,-1,-1,-1
15,3,149.00,989.00,31.00,55.00,1.00,-1,-1,-1
15,9,485.00,668.00,43.00,30.00,1.00,-1,-1,-1
15,10,260.00,840.00,139.00,66.00,1.00,-1,-1,-1
15,11,899.00,910.00,307.00,78.00,1.00,-1,-1,-1
15,12,1038.00,362.00,348.00,97.00,1.00,-1,-1,-1
15,15,322.00,811.00,117.00,84.00,1.00,-1,-1,-1
15,18,952.00,431.00,74.00,51.00,1.00,-1,-1,-1
15,21,272.00,228.00,38.00,45.00,1.00,-1,-1,-1
15,32,152.00,222.00,12.00,13.00,1.00,-1,-1,-1
15,34,666.00,298.00,13.00,42.00,1.00,-1,-1,-1
15,37,626.00,272.00,19.00,33.00,1.00,-1,-1,-1
15,38,941.00,362.00,55.00,27.00,1.00,-1,-1,-1
15,40,492.00,179.00,29.00,25.00,1.00,-1,-1,-1
15,41,945.00,233.00,25.00,44.00,1.00,-1,-1,-1
15,44,812.00,390.00,378.00,110.00,1.00,-1,-1,-1
15,45,158.00,1020.00,162.00,121.00,1.00,-1,-1,-1
15,48,363.00,100.00,23.00,61.00,1.00,-1,-1,-1
15,49,510.00,202.00,15.00,11.00,1.00,-1,-1,-1
15,50,657.00,234.00,13.00,19.00,1.00,-1,-1,-1
15,76,800.00,166.00,11.00,32.00,1.00,-1,-1,-1
15,85,221.00,942.00,27.00,27.00,1.00,-1,-1,-1
15,93,135.00,1018.00,21.00,20.00,1.00,-1,-1,-1
15,106,0.00,947.00,11.00,27.00,1.00,-1,-1,-1
15,112,751.00,81.00,54.00,12.00,1.00,-1,-1,-1
15,114,859.00,56.00,22.00,16.00,1.00,-1,-1,-1
16,3,168.00,995.00,31.00,55.00,1.00,-1,-1,-1
16,9,503.00,674.00,43.00,30.00,1.00,-1,-1,-1
16,10,270.00,832.00,139.00,66.00,1.00,-1,-1,-1
16,11,914.00,924.00,186.00,62.00,1.00,-1,-1,-1
16,12,1051.00,360.00,323.00,91.00,1.00,-1,-1,-1
16,15,345.00,797.00,136.00,74.00,1.00,-1,-1,-1
16,18,969.00,425.00,74.00,51.00,1.00,-1,-1,-1
16,21,292.00,235.00,38.00,45.00,1.00,-1,-1,-1
16,32,172.00,228.00,12.00,13.00,1.00,-1,-1,-1
16,34,687.00,306.00,13.00,42.00,1.00,-1,-1,-1
16,37,646.00,279.00,19.00,33.00,1.00,-1,-1,-1
16,38,954.00,359.00,55.00,27.00,1.00,-1,-1,-1
16,40,512.00,186.00,29.00,25.00,1.00,-1,-1,-1
16,41,965.00,241.00,25.00,44.00,1.00,-1,-1,-1
16,44,875.00,364.00,245.00,106.00,1.00,-1,-1,-1
16,45,165.00,1019.00,162.00,121.00,1.00,-1,-1,-1
16,48,383.00,108.00,23.00,61.00,1.00,-1,-1,-1
16,49,530.00,208.00,15.00,11.00,1.00,-1,-1,-1
16,50,677.00,241.00,13.00,19.00,1.00,-1,-1,-1
16,76,820.00,172.00,11.00,32.00,1.00,-1,-1,-1
16,85,240.00,948.00,27.00,27.00,1.00,-1,-1,-1
16,93,154.00,1024.00,21.00,20.00,1.00,-1,-1,-1
16,106,19.00,953.00,11.00,27.00,1.00,-1,-1,-1
16,112,770.00,88.00,54.00,12.00,1.00,-1,-1,-1
16,114,879.00,62.00,22.00,16.00,1.00,-1,-1,-1
17,3,184.00,1002.00,31.00,55.00,1.00,-1,-1,-1
17,9,520.00,680.00,43.00,30.00,1.00,-1,-1,-1
17,10,286.00,838.00,139.00,66.00,1.00,-1,-1,-1
17,11,914.00,923.00,186.00,62.00,1.00,-1,-1,-1
17,12,1041.00,352.00,323.00,91.00,1.00,-1,-1,-1
17,15,378.00,780.00,128.00,72.00,1.00,-1,-1,-1
17,18,984.00,409.00,74.00,51.00,1.00,-1,-1,-1
17,21,309.00,241.00,38.00,45.00,1.00,-1,-1,-1
17,32,189.00,234.00,12.00,13.00,1.00,-1,-1,-1
17,34,703.00,312.00,13.00,42.00,1.00,-1,-1,-1
17,37,663.00,285.00,19.00,33.00,1.00,-1,-1,-1
17,38,947.00,352.00,55.00,27.00,1.00,-1,-1,-1
17,40,529.00,192.00,29.00,25.00,1.00,-1,-1,-1
17,41,982.00,246.00,25.00,44.00,1.00,-1,-1,-1
17,44,809.00,325.00,365.00,173.00,1.00,-1,-1,-1
17,45,165.00,1019.00,162.00,121.00,1.00,-1,-1,-1
17,48,401.00,114.00,23.00,61.00,1.00,-1,-1,-1
17,49,548.00,215.00,15.00,11.00,1.00,-1,-1,-1
17,50,694.00,247.00,13.00,19.00,1.00,-1,-1,-1
17,76,836.00,179.00,11.00,32.00,1.00,-1,-1,-1
17,85,256.00,954.00,27.00,27.00,1.00,-1,-1,-1
17,93,171.00,1030.00,21.00,20.00,1.00,-1,-1,-1
17,106,35.00,959.00,11.00,27.00,1.00,-1,-1,-1
17,112,787.00,94.00,54.00,12.00,1.00,-1,-1,-1
17,114,895.00,69.00,22.00,16.00,1.00,-1,-1,-1
17,129,435.00,669.00,29.00,21.00,1.00,-1,-1,-1
18,3,205.00,1007.00,31.00,55.00,1.00,-1,-1,-1
18,9,541.00,686.00,43.00,30.00,1.00,-1,-1,-1
18,10,308.00,843.00,139.00,66.00,1.00,-1,-1,-1
18,11,923.00,916.00,186.00,62.00,1.00,-1,-1,-1
18,12,1036.00,346.00,323.00,91.00,1.00,-1,-1,-1
18,15,438.00,765.00,128.00,72.00,1.00,-1,-1,-1
18,18,1004.00,397.00,74.00,51.00,1.00,-1,-1,-1
18,21,328.00,247.00,38.00,45.00,1.00,-1,-1,-1
18,32,208.00,240.00,12.00,13.00,1.00,-1,-1,-1
18,34,723.00,318.00,13.00,42.00,1.00,-1,-1,-1
18,37,682.00,291.00,19.00,33.00,1.00,-1,-1,-1
18,38,942.00,345.00,55.00,27.00,1.00,-1,-1,-1
18,40,548.00,198.00,29.00,25.00,1.00,-1,-1,-1
18,41,1001.00,252.00,25.00,44.00,1.00,-1,-1,-1
18,44,803.00,320.00,365.00,170.00,1.00,-1,-1,-1
18,45,204.00,1009.00,162.00,121.00,1.00,-1,-1,-1
18,48,419.00,119.00,23.00,61.00,1.00,-1,-1,-1
18,49,567.00,221.00,15.00,11.00,1.00,-1,-1,-1
18,50,713.00,253.00,13.00,19.00,1.00,-1,-1,-1
18,76,856.00,185.00,11.00,32.00,1.00,-1,-1,-1
18,85,277.00,960.00,27.00,27.00,1.00,-1,-1,-1
18,93,192.00,1036.00,21.00,20.00,1.00,-1,-1,-1
18,106,26.00,946.00,11.00,27.00,1.00,-1,-1,-1
18,112,806.00,100.00,54.00,12.00,1.00,-1,-1,-1
18,114,914.00,75.00,22.00,16.00,1.00,-1,-1,-1
18,129,454.00,673.00,29.00,21.00,1.00,-1,-1,-1
18,135,721.00,866.00,513.00,153.00,1.00,-1,-1,-1
18,139,471.00,666.00,57.00,18.00,1.00,-1,-1,-1
19,3,233.00,1013.00,31.00,55.00,1.00,-1,-1,-1
19,9,568.00,692.00,43.00,30.00,1.00,-1,-1,-1
19,10,335.00,849.00,139.00,66.00,1.00,-1,-1,-1
19,11,935.00,901.00,186.00,62.00,1.00,-1,-1,-1
19,12,1042.00,341.00,323.00,91.00,1.00,-1,-1,-1
19,15,255.00,676.00,128.00,72.00,1.00,-1,-1,-1
19,18,1031.00,387.00,74.00,51.00,1.00,-1,-1,-1
19,21,355.00,253.00,38.00,45.00,1.00,-1,-1,-1
19,32,234.00,246.00,12.00,13.00,1.00,-1,-1,-1
19,34,735.00,314.00,13.00,42.00,1.00,-1,-1,-1
19,37,687.00,286.00,19.00,33.00,1.00,-1,-1,-1
19,38,944.00,337.00,55.00,27.00,1.00,-1,-1,-1
19,40,575.00,204.00,29.00,25.00,1.00,-1,-1,-1
19,41,1027.00,258.00,25.00,44.00,1.00,-1,-1,-1
19,44,876.00,349.00,216.00,93.00,1.00,-1,-1,-1
19,45,239.00,1013.00,162.00,121.00,1.00,-1,-1,-1
19,48,446.00,125.00,23.00,61.00,1.00,-1,-1,-1
19,49,593.00,226.00,15.00,11.00,1.00,-1,-1,-1
19,50,681.00,230.00,13.00,19.00,1.00,-1,-1,-1
19,76,868.00,215.00,11.00,32.00,1.00,-1,-1,-1
19,85,305.00,966.00,27.00,27.00,1.00,-1,-1,-1
19,93,220.00,1041.00,21.00,20.00,1.00,-1,-1,-1
19,106,25.00,913.00,11.00,27.00,1.00,-1,-1,-1
19,112,790.00,103.00,54.00,12.00,1.00,-1,-1,-1
19,114,906.00,80.00,22.00,16.00,1.00,-1,-1,-1
19,129,481.00,679.00,29.00,21.00,1.00,-1,-1,-1
19,135,721.00,845.00,541.00,175.00,1.00,-1,-1,-1
19,139,493.00,666.00,57.00,18.00,1.00,-1,-1,-1
20,3,260.00,1018.00,31.00,55.00,1.00,-1,-1,-1
20,9,595.00,697.00,43.00,30.00,1.00,-1,-1,-1
20,10,362.00,854.00,139.00,66.00,1.00,-1,-1,-1
20,11,944.00,886.00,186.00,62.00,1.00,-1,-1,-1
20,12,1045.00,337.00,323.00,91.00,1.00,-1,-1,-1
20,15,258.00,694.00,128.00,72.00,1.00,-1,-1,-1
20,18,1045.00,390.00,74.00,51.00,1.00,-1,-1,-1
20,21,383.00,258.00,38.00,45.00,1.00,-1,-1,-1
20,32,252.00,276.00,12.00,13.00,1.00,-1,-1,-1
20,34,763.00,319.00,13.00,42.00,1.00,-1,-1,-1
20,37,715.00,291.00,19.00,33.00,1.00,-1,-1,-1
20,38,950.00,329.00,55.00,27.00,1.00,-1,-1,-1
20,40,603.00,209.00,29.00,25.00,1.00,-1,-1,-1
20,41,1055.00,264.00,25.00,44.00,1.00,-1,-1,-1
20,44,883.00,342.00,233.00,94.00,1.00,-1,-1,-1
20,45,239.00,1013.00,162.00,121.00,1.00,-1,-1,-1
20,48,447.00,65.00,23.00,61.00,1.00,-1,-1,-1
20,49,621.00,232.00,15.00,11.00,1.00,-1,-1,-1
20,50,709.00,235.00,13.00,19.00,1.00,-1,-1,-1
20,76,867.00,211.00,11.00,32.00,1.00,-1,-1,-1
20,85,332.00,971.00,27.00,27.00,1.00,-1,-1,-1
20,93,247.00,1047.00,21.00,20.00,1.00,-1,-1,-1
20,106,52.00,918.00,11.00,27.00,1.00,-1,-1,-1
20,112,818.00,109.00,54.00,12.00,1.00,-1,-1,-1
20,114,934.00,86.00,22.00,16.00,1.00,-1,-1,-1
20,129,509.00,684.00,29.00,21.00,1.00,-1,-1,-1
20,135,720.00,822.00,565.00,195.00,1.00,-1,-1,-1
20,139,521.00,671.00,57.00,18.00,1.00,-1,-1,-1
20,148,514.00,731.00,79.00,52.00,1.00,-1,-1,-1
20,149,0.00,684.00,22.00,105.00,1.00,-1,-1,-1
21,3,260.00,1018.00,31.00,55.00,1.00,-1,-1,-1
21,9,595.00,697.00,43.00,30.00,1.00,-1,-1,-1
21,10,362.00,854.00,139.00,66.00,1.00,-1,-1,-1
21,11,944.00,886.00,186.00,62.00,1.00,-1,-1,-1
21,12,1045.00,337.00,323.00,91.00,1.00,-1,-1,-1
21,15,258.00,694.00,128.00,72.00,1.00,-1,-1,-1
21,18,1045.00,390.00,74.00,51.00,1.00,-1,-1,-1
21,21,383.00,258.00,38.00,45.00,1.00,-1,-1,-1
21,32,252.00,276.00,12.00,13.00,1.00,-1,-1,-1
21,34,763.00,319.00,13.00,42.00,1.00,-1,-1,-1
21,37,715.00,291.00,19.00,33.00,1.00,-1,-1,-1
21,38,950.00,329.00,55.00,27.00,1.00,-1,-1,-1
21,40,603.00,209.00,29.00,25.00,1.00,-1,-1,-1
21,41,1055.00,264.00,25.00,44.00,1.00,-1,-1,-1
21,44,883.00,342.00,233.00,94.00,1.00,-1,-1,-1
21,45,239.00,1013.00,162.00,121.00,1.00,-1,-1,-1
21,48,447.00,65.00,23.00,61.00,1.00,-1,-1,-1
21,49,621.00,232.00,15.00,11.00,1.00,-1,-1,-1
21,50,709.00,235.00,13.00,19.00,1.00,-1,-1,-1
21,76,867.00,211.00,11.00,32.00,1.00,-1,-1,-1
21,85,332.00,971.00,27.00,27.00,1.00,-1,-1,-1
21,93,247.00,1046.00,21.00,20.00,1.00,-1,-1,-1
21,106,52.00,918.00,11.00,27.00,1.00,-1,-1,-1
21,112,818.00,109.00,54.00,12.00,1.00,-1,-1,-1
21,114,934.00,86.00,22.00,16.00,1.00,-1,-1,-1
21,129,509.00,684.00,29.00,21.00,1.00,-1,-1,-1
21,135,719.00,821.00,565.00,195.00,1.00,-1,-1,-1
21,139,521.00,671.00,57.00,18.00,1.00,-1,-1,-1
21,148,514.00,731.00,79.00,52.00,1.00,-1,-1,-1
21,149,0.00,683.00,22.00,105.00,1.00,-1,-1,-1
22,3,283.00,1023.00,31.00,55.00,1.00,-1,-1,-1
22,9,619.00,702.00,43.00,30.00,1.00,-1,-1,-1
22,10,386.00,859.00,139.00,66.00,1.00,-1,-1,-1
22,11,950.00,869.00,186.00,62.00,1.00,-1,-1,-1
22,12,1044.00,334.00,323.00,91.00,1.00,-1,-1,-1
22,15,215.00,707.00,128.00,72.00,1.00,-1,-1,-1
22,18,1045.00,385.00,74.00,51.00,1.00,-1,-1,-1
22,21,407.00,263.00,38.00,45.00,1.00,-1,-1,-1
22,32,276.00,281.00,12.00,13.00,1.00,-1,-1,-1
22,34,788.00,324.00,13.00,42.00,1.00,-1,-1,-1
22,37,739.00,296.00,19.00,33.00,1.00,-1,-1,-1
22,38,953.00,322.00,55.00,27.00,1.00,-1,-1,-1
22,40,627.00,215.00,29.00,25.00,1.00,-1,-1,-1
22,41,1080.00,269.00,25.00,44.00,1.00,-1,-1,-1
22,44,883.00,334.00,264.00,107.00,1.00,-1,-1,-1
22,45,131.00,1013.00,162.00,121.00,1.00,-1,-1,-1
22,48,459.00,41.00,23.00,61.00,1.00,-1,-1,-1
22,49,645.00,237.00,15.00,11.00,1.00,-1,-1,-1
22,50,733.00,240.00,13.00,19.00,1.00,-1,-1,-1
22,76,892.00,216.00,11.00,32.00,1.00,-1,-1,-1
22,85,356.00,976.00,27.00,27.00,1.00,-1,-1,-1
22,93,270.00,1051.00,21.00,20.00,1.00,-1,-1,-1
22,106,76.00,923.00,11.00,27.00,1.00,-1,-1,-1
22,112,842.00,114.00,54.00,12.00,1.00,-1,-1,-1
22,114,959.00,91.00,22.00,16.00,1.00,-1,-1,-1
22,129,533.00,689.00,29.00,21.00,1.00,-1,-1,-1
22,135,739.00,673.00,565.00,195.00,1.00,-1,-1,-1
22,139,545.00,676.00,57.00,18.00,1.00,-1,-1,-1
22,148,551.00,713.00,57.00,50.00,1.00,-1,-1,-1
22,149,23.00,687.00,22.00,105.00,1.00,-1,-1,-1
23,3,306.00,1028.00,31.00,55.00,1.00,-1,-1,-1
23,9,642.00,707.00,43.00,30.00,1.00,-1,-1,-1
23,10,408.00,864.00,139.00,66.00,1.00,-1,-1,-1
23,11,954.00,854.00,186.00,62.00,1.00,-1,-1,-1
23,12,886.00,327.00,348.00,107.00,1.00,-1,-1,-1
23,15,238.00,711.00,128.00,72.00,1.00,-1,-1,-1
23,18,1044.00,379.00,74.00,51.00,1.00,-1,-1,-1
23,21,430.00,268.00,38.00,45.00,1.00,-1,-1,-1
23,32,299.00,286.00,12.00,13.00,1.00,-1,-1,-1
23,34,810.00,330.00,13.00,42.00,1.00,-1,-1,-1
23,37,762.00,301.00,19.00,33.00,1.00,-1,-1,-1
23,38,954.00,315.00,55.00,27.00,1.00,-1,-1,-1
23,40,650.00,220.00,29.00,25.00,1.00,-1,-1,-1
23,41,1103.00,274.00,25.00,44.00,1.00,-1,-1,-1
23,44,883.00,327.00,264.00,107.00,1.00,-1,-1,-1
23,45,131.00,1013.00,162.00,121.00,1.00,-1,-1,-1
23,48,482.00,46.00,23.00,61.00,1.00,-1,-1,-1
23,49,668.00,242.00,15.00,11.00,1.00,-1,-1,-1
23,50,756.00,245.00,13.00,19.00,1.00,-1,-1,-1
23,76,915.00,222.00,11.00,32.00,1.00,-1,-1,-1
23,85,378.00,981.00,27.00,27.00,1.00,-1,-1,-1
23,93,293.00,1056.00,21.00,20.00,1.00,-1,-1,-1
23,106,98.00,927.00,11.00,27.00,1.00,-1,-1,-1
23,112,865.00,119.00,54.00,12.00,1.00,-1,-1,-1
23,114,982.00,96.00,22.00,16.00,1.00,-1,-1,-1
23,129,556.00,695.00,29.00,21.00,1.00,-1,-1,-1
23,135,739.00,673.00,565.00,195.00,1.00,-1,-1,-1
23,139,567.00,681.00,57.00,18.00,1.00,-1,-1,-1
23,148,572.00,708.00,47.00,32.00,1.00,-1,-1,-1
23,149,46.00,693.00,22.00,105.00,1.00,-1,-1,-1
23,158,716.00,770.00,622.00,249.00,1.00,-1,-1,-1
24,3,329.00,1032.00,31.00,55.00,1.00,-1,-1,-1
24,9,664.00,712.00,43.00,30.00,1.00,-1,-1,-1
24,10,431.00,869.00,139.00,66.00,1.00,-1,-1,-1
24,11,959.00,839.00,186.00,62.00,1.00,-1,-1,-1
24,12,901.00,320.00,332.00,109.00,1.00,-1,-1,-1
24,15,260.00,717.00,128.00,72.00,1.00,-1,-1,-1
24,18,1042.00,375.00,74.00,51.00,1.00,-1,-1,-1
24,21,453.00,273.00,38.00,45.00,1.00,-1,-1,-1
24,32,322.00,291.00,12.00,13.00,1.00,-1,-1,-1
24,34,832.00,335.00,13.00,42.00,1.00,-1,-1,-1
24,37,785.00,306.00,19.00,33.00,1.00,-1,-1,-1
24,38,958.00,308.00,55.00,27.00,1.00,-1,-1,-1
24,40,673.00,225.00,29.00,25.00,1.00,-1,-1,-1
24,41,1125.00,280.00,25.00,44.00,1.00,-1,-1,-1
24,44,883.00,321.00,264.00,107.00,1.00,-1,-1,-1
24,45,139.00,1013.00,162.00,121.00,1.00,-1,-1,-1
24,48,505.00,51.00,23.00,61.00,1.00,-1,-1,-1
24,49,691.00,247.00,15.00,11.00,1.00,-1,-1,-1
24,50,779.00,251.00,13.00,19.00,1.00,-1,-1,-1
24,76,937.00,227.00,11.00,32.00,1.00,-1,-1,-1
24,85,401.00,986.00,27.00,27.00,1.00,-1,-1,-1
24,93,315.00,1061.00,21.00,20.00,1.00,-1,-1,-1
24,106,120.00,933.00,11.00,27.00,1.00,-1,-1,-1
24,112,888.00,124.00,54.00,12.00,1.00,-1,-1,-1
24,114,1004.00,102.00,22.00,16.00,1.00,-1,-1,-1
24,129,578.00,700.00,29.00,21.00,1.00,-1,-1,-1
24,135,949.00,755.00,411.00,157.00,1.00,-1,-1,-1
24,139,590.00,686.00,57.00,18.00,1.00,-1,-1,-1
24,148,596.00,704.00,40.00,25.00,1.00,-1,-1,-1
24,149,68.00,698.00,22.00,105.00,1.00,-1,-1,-1
24,158,592.00,935.00,755.00,110.00,1.00,-1,-1,-1
25,3,351.00,1036.00,31.00,55.00,1.00,-1,-1,-1
25,9,687.00,717.00,43.00,30.00,1.00,-1,-1,-1
25,10,453.00,874.00,139.00,66.00,1.00,-1,-1,-1
25,11,964.00,824.00,186.00,62.00,1.00,-1,-1,-1
25,12,898.00,314.00,332.00,109.00,1.00,-1,-1,-1
25,15,282.00,721.00,128.00,72.00,1.00,-1,-1,-1
25,18,1040.00,370.00,74.00,51.00,1.00,-1,-1,-1
25,21,475.00,278.00,38.00,45.00,1.00,-1,-1,-1
25,32,344.00,296.00,12.00,13.00,1.00,-1,-1,-1
25,34,854.00,339.00,13.00,42.00,1.00,-1,-1,-1
25,37,807.00,311.00,19.00,33.00,1.00,-1,-1,-1
25,38,963.00,301.00,55.00,27.00,1.00,-1,-1,-1
25,40,695.00,230.00,29.00,25.00,1.00,-1,-1,-1
25,41,1113.00,291.00,25.00,44.00,1.00,-1,-1,-1
25,44,883.00,314.00,264.00,107.00,1.00,-1,-1,-1
25,45,124.00,1013.00,162.00,121.00,1.00,-1,-1,-1
25,48,527.00,56.00,23.00,61.00,1.00,-1,-1,-1
25,49,713.00,252.00,15.00,11.00,1.00,-1,-1,-1
25,50,801.00,256.00,13.00,19.00,1.00,-1,-1,-1
25,76,960.00,232.00,11.00,32.00,1.00,-1,-1,-1
25,85,423.00,991.00,27.00,27.00,1.00,-1,-1,-1
25,93,336.00,1061.00,21.00,20.00,1.00,-1,-1,-1
25,106,142.00,937.00,11.00,27.00,1.00,-1,-1,-1
25,112,910.00,129.00,54.00,12.00,1.00,-1,-1,-1
25,114,1027.00,106.00,22.00,16.00,1.00,-1,-1,-1
25,129,600.00,704.00,29.00,21.00,1.00,-1,-1,-1
25,135,970.00,739.00,406.00,158.00,1.00,-1,-1,-1
25,139,612.00,692.00,57.00,18.00,1.00,-1,-1,-1
25,148,617.00,707.00,40.00,25.00,1.00,-1,-1,-1
25,149,91.00,703.00,22.00,105.00,1.00,-1,-1,-1
25,158,592.00,934.00,755.00,112.00,1.00,-1,-1,-1
25,160,0.00,835.00,17.00,123.00,1.00,-1,-1,-1
25,166,847.00,801.00,76.00,48.00,1.00,-1,-1,-1
26,3,351.00,1036.00,31.00,55.00,1.00,-1,-1,-1
26,9,708.00,723.00,43.00,30.00,1.00,-1,-1,-1
26,10,475.00,880.00,139.00,66.00,1.00,-1,-1,-1
26,11,969.00,809.00,186.00,62.00,1.00,-1,-1,-1
26,12,897.00,306.00,337.00,114.00,1.00,-1,-1,-1
26,15,304.00,727.00,128.00,72.00,1.00,-1,-1,-1
26,18,1039.00,367.00,74.00,51.00,1.00,-1,-1,-1
26,21,497.00,284.00,38.00,45.00,1.00,-1,-1,-1
26,32,366.00,302.00,12.00,13.00,1.00,-1,-1,-1
26,34,872.00,340.00,13.00,42.00,1.00,-1,-1,-1
26,37,829.00,317.00,19.00,33.00,1.00,-1,-1,-1
26,38,966.00,295.00,55.00,27.00,1.00,-1,-1,-1
26,40,717.00,235.00,29.00,25.00,1.00,-1,-1,-1
26,41,1134.00,286.00,25.00,44.00,1.00,-1,-1,-1
26,44,884.00,309.00,264.00,107.00,1.00,-1,-1,-1
26,45,137.00,1013.00,162.00,121.00,1.00,-1,-1,-1
26,48,549.00,61.00,23.00,61.00,1.00,-1,-1,-1
26,49,735.00,258.00,15.00,11.00,1.00,-1,-1,-1
26,50,823.00,261.00,13.00,19.00,1.00,-1,-1,-1
26,76,982.00,238.00,11.00,32.00,1.00,-1,-1,-1
26,85,445.00,997.00,27.00,27.00,1.00,-1,-1,-1
26,93,336.00,1061.00,21.00,20.00,1.00,-1,-1,-1
26,106,164.00,944.00,11.00,27.00,1.00,-1,-1,-1
26,112,932.00,135.00,54.00,12.00,1.00,-1,-1,-1
26,114,1048.00,112.00,22.00,16.00,1.00,-1,-1,-1
26,129,623.00,711.00,29.00,21.00,1.00,-1,-1,-1
26,135,993.00,729.00,390.00,155.00,1.00,-1,-1,-1
26,139,634.00,698.00,57.00,18.00,1.00,-1,-1,-1
26,148,639.00,713.00,40.00,25.00,1.00,-1,-1,-1
26,149,113.00,709.00,22.00,105.00,1.00,-1,-1,-1
26,158,592.00,934.00,754.00,113.00,1.00,-1,-1,-1
26,160,22.00,840.00,17.00,123.00,1.00,-1,-1,-1
26,166,872.00,789.00,75.00,45.00,1.00,-1,-1,-1
26,174,791.00,780.00,39.00,42.00,1.00,-1,-1,-1
27,3,351.00,1036.00,31.00,55.00,1.00,-1,-1,-1
27,9,708.00,723.00,43.00,30.00,1.00,-1,-1,-1
27,10,475.00,880.00,139.00,66.00,1.00,-1,-1,-1
27,11,969.00,809.00,186.00,62.00,1.00,-1,-1,-1
27,12,897.00,306.00,337.00,114.00,1.00,-1,-1,-1
27,15,304.00,727.00,128.00,72.00,1.00,-1,-1,-1
27,18,1039.00,367.00,74.00,51.00,1.00,-1,-1,-1
27,21,497.00,284.00,38.00,45.00,1.00,-1,-1,-1
27,32,366.00,302.00,12.00,13.00,1.00,-1,-1,-1
27,34,872.00,340.00,13.00,42.00,1.00,-1,-1,-1
27,37,829.00,317.00,19.00,33.00,1.00,-1,-1,-1
27,38,966.00,295.00,55.00,27.00,1.00,-1,-1,-1
27,40,717.00,235.00,29.00,25.00,1.00,-1,-1,-1
27,41,1134.00,286.00,25.00,44.00,1.00,-1,-1,-1
27,44,884.00,309.00,264.00,107.00,1.00,-1,-1,-1
27,45,137.00,1013.00,162.00,121.00,1.00,-1,-1,-1
27,48,549.00,61.00,23.00,61.00,1.00,-1,-1,-1
27,49,735.00,258.00,15.00,11.00,1.00,-1,-1,-1
27,50,823.00,261.00,13.00,19.00,1.00,-1,-1,-1
27,76,982.00,238.00,11.00,32.00,1.00,-1,-1,-1
27,85,445.00,997.00,27.00,27.00,1.00,-1,-1,-1
27,93,336.00,1061.00,21.00,20.00,1.00,-1,-1,-1
27,106,164.00,944.00,11.00,27.00,1.00,-1,-1,-1
27,112,932.00,135.00,54.00,12.00,1.00,-1,-1,-1
27,114,1048.00,112.00,22.00,16.00,1.00,-1,-1,-1
27,129,623.00,711.00,29.00,21.00,1.00,-1,-1,-1
27,135,993.00,729.00,390.00,155.00,1.00,-1,-1,-1
27,139,634.00,698.00,57.00,18.00,1.00,-1,-1,-1
27,148,639.00,713.00,40.00,25.00,1.00,-1,-1,-1
27,149,113.00,709.00,22.00,105.00,1.00,-1,-1,-1
27,158,592.00,934.00,754.00,113.00,1.00,-1,-1,-1
27,160,22.00,840.00,17.00,123.00,1.00,-1,-1,-1
27,166,872.00,789.00,75.00,45.00,1.00,-1,-1,-1
27,174,791.00,780.00,39.00,42.00,1.00,-1,-1,-1
28,3,351.00,1036.00,31.00,55.00,1.00,-1,-1,-1
28,9,731.00,730.00,43.00,30.00,1.00,-1,-1,-1
28,10,497.00,888.00,139.00,66.00,1.00,-1,-1,-1
28,11,975.00,797.00,186.00,62.00,1.00,-1,-1,-1
28,12,986.00,302.00,248.00,106.00,1.00,-1,-1,-1
28,15,326.00,735.00,128.00,72.00,1.00,-1,-1,-1
28,18,1038.00,367.00,74.00,51.00,1.00,-1,-1,-1
28,21,520.00,292.00,38.00,45.00,1.00,-1,-1,-1
28,32,388.00,309.00,12.00,13.00,1.00,-1,-1,-1
28,34,883.00,334.00,13.00,42.00,1.00,-1,-1,-1
28,37,852.00,325.00,19.00,33.00,1.00,-1,-1,-1
28,38,971.00,291.00,55.00,27.00,1.00,-1,-1,-1
28,40,739.00,243.00,29.00,25.00,1.00,-1,-1,-1
28,41,1155.00,282.00,25.00,44.00,1.00,-1,-1,-1
28,44,885.00,306.00,264.00,107.00,1.00,-1,-1,-1
28,45,137.00,1013.00,162.00,121.00,1.00,-1,-1,-1
28,48,571.00,69.00,23.00,61.00,1.00,-1,-1,-1
28,49,758.00,266.00,15.00,11.00,1.00,-1,-1,-1
28,50,846.00,269.00,13.00,19.00,1.00,-1,-1,-1
28,76,1004.00,245.00,11.00,32.00,1.00,-1,-1,-1
28,85,468.00,1005.00,27.00,27.00,1.00,-1,-1,-1
28,93,336.00,1061.00,21.00,20.00,1.00,-1,-1,-1
28,106,187.00,951.00,11.00,27.00,1.00,-1,-1,-1
28,112,955.00,143.00,54.00,12.00,1.00,-1,-1,-1
28,114,1071.00,120.00,22.00,16.00,1.00,-1,-1,-1
28,129,645.00,719.00,29.00,21.00,1.00,-1,-1,-1
28,135,1016.00,722.00,366.00,149.00,1.00,-1,-1,-1
28,139,657.00,705.00,57.00,18.00,1.00,-1,-1,-1
28,148,661.00,720.00,40.00,25.00,1.00,-1,-1,-1
28,149,135.00,716.00,22.00,105.00,1.00,-1,-1,-1
28,158,592.00,934.00,755.00,113.00,1.00,-1,-1,-1
28,160,44.00,848.00,17.00,123.00,1.00,-1,-1,-1
28,166,882.00,776.00,75.00,45.00,1.00,-1,-1,-1
28,174,815.00,775.00,39.00,42.00,1.00,-1,-1,-1
29,3,351.00,1036.00,31.00,55.00,1.00,-1,-1,-1
29,9,753.00,739.00,43.00,30.00,1.00,-1,-1,-1
29,10,519.00,896.00,139.00,66.00,1.00,-1,-1,-1
29,11,981.00,785.00,186.00,62.00,1.00,-1,-1,-1
29,12,991.00,299.00,255.00,107.00,1.00,-1,-1,-1
29,15,349.00,743.00,128.00,72.00,1.00,-1,-1,-1
29,18,1037.00,367.00,74.00,51.00,1.00,-1,-1,-1
29,21,542.00,300.00,38.00,45.00,1.00,-1,-1,-1
29,32,410.00,318.00,12.00,13.00,1.00,-1,-1,-1
29,34,875.00,322.00,13.00,42.00,1.00,-1,-1,-1
29,37,919.00,363.00,19.00,33.00,1.00,-1,-1,-1
29,38,987.00,287.00,55.00,27.00,1.00,-1,-1,-1
29,40,761.00,251.00,29.00,25.00,1.00,-1,-1,-1
29,41,1172.00,282.00,25.00,44.00,1.00,-1,-1,-1
29,44,886.00,304.00,264.00,107.00,1.00,-1,-1,-1
29,45,83.00,932.00,162.00,121.00,1.00,-1,-1,-1
29,48,594.00,77.00,23.00,61.00,1.00,-1,-1,-1
29,49,780.00,274.00,15.00,11.00,1.00,-1,-1,-1
29,50,868.00,277.00,13.00,19.00,1.00,-1,-1,-1
29,76,1026.00,254.00,11.00,32.00,1.00,-1,-1,-1
29,85,489.00,1013.00,27.00,27.00,1.00,-1,-1,-1
29,93,336.00,1061.00,21.00,20.00,1.00,-1,-1,-1
29,106,209.00,959.00,11.00,27.00,1.00,-1,-1,-1
29,112,977.00,151.00,54.00,12.00,1.00,-1,-1,-1
29,114,1093.00,128.00,22.00,16.00,1.00,-1,-1,-1
29,129,667.00,727.00,29.00,21.00,1.00,-1,-1,-1
29,135,922.00,711.00,463.00,151.00,1.00,-1,-1,-1
29,139,679.00,714.00,57.00,18.00,1.00,-1,-1,-1
29,148,683.00,729.00,40.00,25.00,1.00,-1,-1,-1
29,149,157.00,724.00,22.00,105.00,1.00,-1,-1,-1
29,158,592.00,933.00,754.00,117.00,1.00,-1,-1,-1
29,160,66.00,856.00,17.00,123.00,1.00,-1,-1,-1
29,166,910.00,761.00,75.00,45.00,1.00,-1,-1,-1
29,174,839.00,769.00,39.00,42.00,1.00,-1,-1,-1
29,175,0.00,986.00,14.00,43.00,1.00,-1,-1,-1
30,3,456.00,1035.00,31.00,55.00,1.00,-1,-1,-1
30,9,774.00,746.00,43.00,30.00,1.00,-1,-1,-1
30,10,540.00,904.00,139.00,66.00,1.00,-1,-1,-1
30,11,985.00,772.00,186.00,62.00,1.00,-1,-1,-1
30,12,1123.00,310.00,155.00,108.00,1.00,-1,-1,-1
30,15,370.00,751.00,128.00,72.00,1.00,-1,-1,-1
30,18,1037.00,368.00,74.00,51.00,1.00,-1,-1,-1
30,21,563.00,308.00,38.00,45.00,1.00,-1,-1,-1
30,32,432.00,326.00,12.00,13.00,1.00,-1,-1,-1
30,34,895.00,315.00,13.00,42.00,1.00,-1,-1,-1
30,37,928.00,355.00,19.00,33.00,1.00,-1,-1,-1
30,38,995.00,284.00,55.00,27.00,1.00,-1,-1,-1
30,40,783.00,259.00,29.00,25.00,1.00,-1,-1,-1
30,41,1195.00,285.00,25.00,44.00,1.00,-1,-1,-1
30,44,901.00,304.00,264.00,107.00,1.00,-1,-1,-1
30,45,104.00,940.00,162.00,121.00,1.00,-1,-1,-1
30,48,615.00,85.00,23.00,61.00,1.00,-1,-1,-1
30,49,801.00,282.00,15.00,11.00,1.00,-1,-1,-1
30,50,889.00,285.00,13.00,19.00,1.00,-1,-1,-1
30,76,1044.00,294.00,11.00,32.00,1.00,-1,-1,-1
30,85,510.00,1021.00,27.00,27.00,1.00,-1,-1,-1
30,93,368.00,1061.00,21.00,20.00,1.00,-1,-1,-1
30,106,230.00,967.00,11.00,27.00,1.00,-1,-1,-1
30,112,998.00,158.00,54.00,12.00,1.00,-1,-1,-1
30,114,1114.00,136.00,22.00,16.00,1.00,-1,-1,-1
30,129,688.00,735.00,29.00,21.00,1.00,-1,-1,-1
30,135,1059.00,702.00,325.00,124.00,1.00,-1,-1,-1
30,139,699.00,721.00,57.00,18.00,1.00,-1,-1,-1
30,148,704.00,737.00,40.00,25.00,1.00,-1,-1,-1
30,149,178.00,732.00,22.00,105.00,1.00,-1,-1,-1
30,158,619.00,943.00,722.00,103.00,1.00,-1,-1,-1
30,160,87.00,863.00,17.00,123.00,1.00,-1,-1,-1
30,166,933.00,750.00,75.00,45.00,1.00,-1,-1,-1
30,174,855.00,755.00,39.00,42.00,1.00,-1,-1,-1
30,175,21.00,992.00,14.00,43.00,1.00,-1,-1,-1
30,179,0.00,592.00,19.00,25.00,1.00,-1,-1,-1
31,3,483.00,1033.00,31.00,55.00,1.00,-1,-1,-1
31,9,795.00,755.00,43.00,30.00,1.00,-1,-1,-1
31,10,562.00,912.00,139.00,66.00,1.00,-1,-1,-1
31,11,987.00,760.00,186.00,62.00,1.00,-1,-1,-1
31,12,1126.00,310.00,170.00,115.00,1.00,-1,-1,-1
31,15,391.00,759.00,128.00,72.00,1.00,-1,-1,-1
31,18,1036.00,369.00,74.00,51.00,1.00,-1,-1,-1
31,21,584.00,316.00,38.00,45.00,1.00,-1,-1,-1
31,32,453.00,334.00,12.00,13.00,1.00,-1,-1,-1
31,34,916.00,321.00,13.00,42.00,1.00,-1,-1,-1
31,37,928.00,354.00,19.00,33.00,1.00,-1,-1,-1
31,38,998.00,282.00,55.00,27.00,1.00,-1,-1,-1
31,40,804.00,267.00,29.00,25.00,1.00,-1,-1,-1
31,41,1214.00,284.00,25.00,44.00,1.00,-1,-1,-1
31,44,903.00,305.00,264.00,107.00,1.00,-1,-1,-1
31,45,125.00,948.00,162.00,121.00,1.00,-1,-1,-1
31,48,636.00,93.00,23.00,61.00,1.00,-1,-1,-1
31,49,823.00,290.00,15.00,11.00,1.00,-1,-1,-1
31,50,910.00,294.00,13.00,19.00,1.00,-1,-1,-1
31,76,1051.00,292.00,11.00,32.00,1.00,-1,-1,-1
31,85,531.00,1029.00,27.00,27.00,1.00,-1,-1,-1
31,93,382.00,1061.00,21.00,20.00,1.00,-1,-1,-1
31,106,251.00,975.00,11.00,27.00,1.00,-1,-1,-1
31,112,1019.00,167.00,54.00,12.00,1.00,-1,-1,-1
31,114,1135.00,144.00,22.00,16.00,1.00,-1,-1,-1
31,129,709.00,743.00,29.00,21.00,1.00,-1,-1,-1
31,135,1071.00,686.00,325.00,124.00,1.00,-1,-1,-1
31,139,720.00,730.00,57.00,18.00,1.00,-1,-1,-1
31,148,725.00,745.00,40.00,25.00,1.00,-1,-1,-1
31,149,199.00,740.00,22.00,105.00,1.00,-1,-1,-1
31,158,531.00,981.00,722.00,103.00,1.00,-1,-1,-1
31,160,96.00,854.00,17.00,123.00,1.00,-1,-1,-1
31,166,961.00,739.00,75.00,45.00,1.00,-1,-1,-1
31,174,878.00,743.00,39.00,42.00,1.00,-1,-1,-1
31,175,42.00,1000.00,14.00,43.00,1.00,-1,-1,-1
31,179,20.00,599.00,19.00,25.00,1.00,-1,-1,-1
32,3,508.00,1034.00,31.00,55.00,1.00,-1,-1,-1
32,9,815.00,763.00,43.00,30.00,1.00,-1,-1,-1
32,10,582.00,921.00,139.00,66.00,1.00,-1,-1,-1
32,11,989.00,747.00,186.00,62.00,1.00,-1,-1,-1
32,12,1146.00,317.00,170.00,115.00,1.00,-1,-1,-1
32,15,411.00,767.00,128.00,72.00,1.00,-1,-1,-1
32,18,1035.00,370.00,74.00,51.00,1.00,-1,-1,-1
32,21,605.00,324.00,38.00,45.00,1.00,-1,-1,-1
32,32,474.00,342.00,12.00,13.00,1.00,-1,-1,-1
32,34,917.00,320.00,13.00,42.00,1.00,-1,-1,-1
32,37,939.00,356.00,19.00,33.00,1.00,-1,-1,-1
32,38,1004.00,280.00,55.00,27.00,1.00,-1,-1,-1
32,40,825.00,275.00,29.00,25.00,1.00,-1,-1,-1
32,41,1234.00,285.00,25.00,44.00,1.00,-1,-1,-1
32,44,903.00,307.00,264.00,107.00,1.00,-1,-1,-1
32,45,145.00,956.00,162.00,121.00,1.00,-1,-1,-1
32,48,657.00,101.00,23.00,61.00,1.00,-1,-1,-1
32,49,843.00,299.00,15.00,11.00,1.00,-1,-1,-1
32,50,931.00,302.00,13.00,19.00,1.00,-1,-1,-1
32,76,1060.00,291.00,11.00,32.00,1.00,-1,-1,-1
32,85,552.00,1037.00,27.00,27.00,1.00,-1,-1,-1
32,93,385.00,1061.00,21.00,20.00,1.00,-1,-1,-1
32,106,271.00,983.00,11.00,27.00,1.00,-1,-1,-1
32,112,1040.00,175.00,54.00,12.00,1.00,-1,-1,-1
32,114,1156.00,153.00,22.00,16.00,1.00,-1,-1,-1
32,129,730.00,751.00,29.00,21.00,1.00,-1,-1,-1
32,135,844.00,688.00,543.00,134.00,1.00,-1,-1,-1
32,139,741.00,738.00,57.00,18.00,1.00,-1,-1,-1
32,148,746.00,753.00,40.00,25.00,1.00,-1,-1,-1
32,149,220.00,748.00,22.00,105.00,1.00,-1,-1,-1
32,158,556.00,979.00,722.00,103.00,1.00,-1,-1,-1
32,160,100.00,846.00,17.00,123.00,1.00,-1,-1,-1
32,166,975.00,727.00,75.00,45.00,1.00,-1,-1,-1
32,174,895.00,731.00,39.00,42.00,1.00,-1,-1,-1
32,175,62.00,1008.00,14.00,43.00,1.00,-1,-1,-1
32,179,41.00,607.00,19.00,25.00,1.00,-1,-1,-1
32,186,777.00,971.00,17.00,8.00,1.00,-1,-1,-1
32,193,1151.00,962.00,41.00,65.00,1.00,-1,-1,-1
32,194,1204.00,982.00,47.00,7.00,1.00,-1,-1,-1
32,201,678.00,974.00,11.00,12.00,1.00,-1,-1,-1
33,3,508.00,1034.00,31.00,55.00,1.00,-1,-1,-1
33,9,815.00,763.00,43.00,30.00,1.00,-1,-1,-1
33,10,582.00,921.00,139.00,66.00,1.00,-1,-1,-1
33,11,989.00,747.00,186.00,62.00,1.00,-1,-1,-1
33,12,1146.00,317.00,170.00,115.00,1.00,-1,-1,-1
33,15,411.00,767.00,128.00,72.00,1.00,-1,-1,-1
33,18,1035.00,370.00,74.00,51.00,1.00,-1,-1,-1
33,21,605.00,324.00,38.00,45.00,1.00,-1,-1,-1
33,32,474.00,342.00,12.00,13.00,1.00,-1,-1,-1
33,34,917.00,320.00,13.00,42.00,1.00,-1,-1,-1
33,37,939.00,356.00,19.00,33.00,1.00,-1,-1,-1
33,38,1004.00,280.00,55.00,27.00,1.00,-1,-1,-1
33,40,825.00,275.00,29.00,25.00,1.00,-1,-1,-1
33,41,1234.00,285.00,25.00,44.00,1.00,-1,-1,-1
33,44,903.00,307.00,264.00,107.00,1.00,-1,-1,-1
33,45,145.00,956.00,162.00,121.00,1.00,-1,-1,-1
33,48,657.00,101.00,23.00,61.00,1.00,-1,-1,-1
33,49,843.00,299.00,15.00,11.00,1.00,-1,-1,-1
33,50,931.00,302.00,13.00,19.00,1.00,-1,-1,-1
33,76,1060.00,291.00,11.00,32.00,1.00,-1,-1,-1
33,85,552.00,1037.00,27.00,27.00,1.00,-1,-1,-1
33,93,385.00,1061.00,21.00,20.00,1.00,-1,-1,-1
33,106,271.00,983.00,11.00,27.00,1.00,-1,-1,-1
33,112,1040.00,175.00,54.00,12.00,1.00,-1,-1,-1
33,114,1156.00,153.00,22.00,16.00,1.00,-1,-1,-1
33,129,730.00,751.00,29.00,21.00,1.00,-1,-1,-1
33,135,844.00,688.00,543.00,134.00,1.00,-1,-1,-1
33,139,741.00,738.00,57.00,18.00,1.00,-1,-1,-1
33,148,746.00,753.00,40.00,25.00,1.00,-1,-1,-1
33,149,220.00,748.00,22.00,105.00,1.00,-1,-1,-1
33,158,556.00,979.00,722.00,103.00,1.00,-1,-1,-1
33,160,100.00,846.00,17.00,123.00,1.00,-1,-1,-1
33,166,975.00,727.00,75.00,45.00,1.00,-1,-1,-1
33,174,895.00,731.00,39.00,42.00,1.00,-1,-1,-1
33,175,62.00,1008.00,14.00,43.00,1.00,-1,-1,-1
33,179,41.00,607.00,19.00,25.00,1.00,-1,-1,-1
33,186,777.00,971.00,17.00,8.00,1.00,-1,-1,-1
33,193,1151.00,962.00,41.00,65.00,1.00,-1,-1,-1
33,194,1204.00,982.00,47.00,7.00,1.00,-1,-1,-1
33,201,678.00,974.00,11.00,12.00,1.00,-1,-1,-1
34,3,532.00,1034.00,31.00,55.00,1.00,-1,-1,-1
34,9,835.00,770.00,43.00,30.00,1.00,-1,-1,-1
34,10,597.00,936.00,139.00,66.00,1.00,-1,-1,-1
34,11,995.00,734.00,186.00,62.00,1.00,-1,-1,-1
34,12,1167.00,324.00,170.00,115.00,1.00,-1,-1,-1
34,15,432.00,775.00,128.00,72.00,1.00,-1,-1,-1
34,18,1033.00,372.00,74.00,51.00,1.00,-1,-1,-1
34,21,625.00,331.00,38.00,45.00,1.00,-1,-1,-1
34,32,494.00,349.00,12.00,13.00,1.00,-1,-1,-1
34,34,899.00,311.00,13.00,42.00,1.00,-1,-1,-1
34,37,959.00,357.00,19.00,33.00,1.00,-1,-1,-1
34,38,1008.00,276.00,55.00,27.00,1.00,-1,-1,-1
34,40,845.00,283.00,29.00,25.00,1.00,-1,-1,-1
34,41,1254.00,287.00,25.00,44.00,1.00,-1,-1,-1
34,44,903.00,308.00,264.00,107.00,1.00,-1,-1,-1
34,45,166.00,963.00,162.00,121.00,1.00,-1,-1,-1
34,48,677.00,108.00,23.00,61.00,1.00,-1,-1,-1
34,49,864.00,306.00,15.00,11.00,1.00,-1,-1,-1
34,50,952.00,309.00,13.00,19.00,1.00,-1,-1,-1
34,76,1082.00,287.00,11.00,32.00,1.00,-1,-1,-1
34,77,924.00,250.00,468.00,153.00,1.00,-1,-1,-1
34,85,572.00,1044.00,27.00,27.00,1.00,-1,-1,-1
34,93,390.00,1061.00,21.00,20.00,1.00,-1,-1,-1
34,106,292.00,990.00,11.00,27.00,1.00,-1,-1,-1
34,112,1061.00,183.00,54.00,12.00,1.00,-1,-1,-1
34,114,1177.00,160.00,22.00,16.00,1.00,-1,-1,-1
34,129,750.00,759.00,29.00,21.00,1.00,-1,-1,-1
34,135,863.00,680.00,523.00,128.00,1.00,-1,-1,-1
34,139,762.00,745.00,57.00,18.00,1.00,-1,-1,-1
34,148,767.00,761.00,40.00,25.00,1.00,-1,-1,-1
34,149,241.00,755.00,22.00,105.00,1.00,-1,-1,-1
34,158,576.00,987.00,722.00,103.00,1.00,-1,-1,-1
34,160,107.00,845.00,17.00,123.00,1.00,-1,-1,-1
34,166,998.00,715.00,75.00,45.00,1.00,-1,-1,-1
34,174,914.00,718.00,39.00,42.00,1.00,-1,-1,-1
34,175,82.00,1014.00,14.00,43.00,1.00,-1,-1,-1
34,179,62.00,614.00,19.00,25.00,1.00,-1,-1,-1
34,186,777.00,970.00,17.00,8.00,1.00,-1,-1,-1
34,193,1150.00,961.00,41.00,65.00,1.00,-1,-1,-1
34,194,1204.00,981.00,47.00,7.00,1.00,-1,-1,-1
34,201,677.00,973.00,11.00,12.00,1.00,-1,-1,-1
35,3,552.00,1041.00,31.00,55.00,1.00,-1,-1,-1
35,9,856.00,777.00,43.00,30.00,1.00,-1,-1,-1
35,10,597.00,935.00,139.00,66.00,1.00,-1,-1,-1
35,11,999.00,721.00,186.00,62.00,1.00,-1,-1,-1
35,12,1187.00,331.00,170.00,115.00,1.00,-1,-1,-1
35,15,452.00,781.00,128.00,72.00,1.00,-1,-1,-1
35,18,1034.00,373.00,74.00,51.00,1.00,-1,-1,-1
35,21,646.00,338.00,38.00,45.00,1.00,-1,-1,-1
35,32,515.00,356.00,12.00,13.00,1.00,-1,-1,-1
35,34,895.00,312.00,13.00,42.00,1.00,-1,-1,-1
35,37,981.00,358.00,19.00,33.00,1.00,-1,-1,-1
35,38,1014.00,272.00,55.00,27.00,1.00,-1,-1,-1
35,40,866.00,290.00,29.00,25.00,1.00,-1,-1,-1
35,41,1273.00,289.00,25.00,44.00,1.00,-1,-1,-1
35,44,903.00,310.00,264.00,107.00,1.00,-1,-1,-1
35,45,186.00,969.00,162.00,121.00,1.00,-1,-1,-1
35,48,698.00,116.00,23.00,61.00,1.00,-1,-1,-1
35,49,884.00,313.00,15.00,11.00,1.00,-1,-1,-1
35,50,973.00,317.00,13.00,19.00,1.00,-1,-1,-1
35,76,1100.00,288.00,11.00,32.00,1.00,-1,-1,-1
35,77,1004.00,272.00,326.00,82.00,1.00,-1,-1,-1
35,85,593.00,1051.00,27.00,27.00,1.00,-1,-1,-1
35,93,389.00,1061.00,21.00,20.00,1.00,-1,-1,-1
35,106,311.00,997.00,11.00,27.00,1.00,-1,-1,-1
35,112,1081.00,190.00,54.00,12.00,1.00,-1,-1,-1
35,114,1197.00,167.00,22.00,16.00,1.00,-1,-1,-1
35,129,770.00,765.00,29.00,21.00,1.00,-1,-1,-1
35,135,880.00,673.00,511.00,123.00,1.00,-1,-1,-1
35,139,783.00,752.00,57.00,18.00,1.00,-1,-1,-1
35,148,787.00,767.00,40.00,25.00,1.00,-1,-1,-1
35,149,260.00,762.00,22.00,105.00,1.00,-1,-1,-1
35,158,596.00,993.00,722.00,103.00,1.00,-1,-1,-1
35,160,120.00,831.00,17.00,123.00,1.00,-1,-1,-1
35,166,1021.00,702.00,75.00,45.00,1.00,-1,-1,-1
35,174,942.00,703.00,39.00,42.00,1.00,-1,-1,-1
35,175,102.00,1021.00,14.00,43.00,1.00,-1,-1,-1
35,179,82.00,621.00,19.00,25.00,1.00,-1,-1,-1
35,186,776.00,971.00,17.00,8.00,1.00,-1,-1,-1
35,193,1150.00,961.00,41.00,65.00,1.00,-1,-1,-1
35,194,1204.00,982.00,47.00,7.00,1.00,-1,-1,-1
35,201,677.00,973.00,11.00,12.00,1.00,-1,-1,-1
35,218,441.00,934.00,1059.00,114.00,1.00,-1,-1,-1
35,219,1178.00,323.00,150.00,29.00,1.00,-1,-1,-1
35,221,0.00,335.00,14.00,44.00,1.00,-1,-1,-1
36,3,573.00,1043.00,31.00,55.00,1.00,-1,-1,-1
36,9,874.00,784.00,43.00,30.00,1.00,-1,-1,-1
36,10,597.00,935.00,139.00,66.00,1.00,-1,-1,-1
36,11,1002.00,707.00,186.00,62.00,1.00,-1,-1,-1
36,12,1206.00,338.00,170.00,115.00,1.00,-1,-1,-1
36,15,470.00,788.00,128.00,72.00,1.00,-1,-1,-1
36,18,1031.00,374.00,74.00,51.00,1.00,-1,-1,-1
36,21,665.00,345.00,38.00,45.00,1.00,-1,-1,-1
36,32,534.00,363.00,12.00,13.00,1.00,-1,-1,-1
36,34,914.00,319.00,13.00,42.00,1.00,-1,-1,-1
36,37,1000.00,361.00,19.00,33.00,1.00,-1,-1,-1
36,38,1018.00,268.00,55.00,27.00,1.00,-1,-1,-1
36,40,885.00,297.00,29.00,25.00,1.00,-1,-1,-1
36,41,1292.00,292.00,25.00,44.00,1.00,-1,-1,-1
36,44,897.00,311.00,264.00,107.00,1.00,-1,-1,-1
36,45,204.00,976.00,162.00,121.00,1.00,-1,-1,-1
36,48,717.00,123.00,23.00,61.00,1.00,-1,-1,-1
36,49,903.00,320.00,15.00,11.00,1.00,-1,-1,-1
36,50,991.00,323.00,13.00,19.00,1.00,-1,-1,-1
36,76,1120.00,290.00,11.00,32.00,1.00,-1,-1,-1
36,77,1010.00,265.00,259.00,90.00,1.00,-1,-1,-1
36,85,611.00,1057.00,27.00,27.00,1.00,-1,-1,-1
36,93,399.00,1061.00,21.00,20.00,1.00,-1,-1,-1
36,106,329.00,1004.00,11.00,27.00,1.00,-1,-1,-1
36,112,1100.00,197.00,54.00,12.00,1.00,-1,-1,-1
36,114,1216.00,174.00,22.00,16.00,1.00,-1,-1,-1
36,129,789.00,772.00,29.00,21.00,1.00,-1,-1,-1
36,135,1055.00,663.00,333.00,119.00,1.00,-1,-1,-1
36,139,801.00,759.00,57.00,18.00,1.00,-1,-1,-1
36,148,805.00,774.00,40.00,25.00,1.00,-1,-1,-1
36,149,279.00,769.00,22.00,105.00,1.00,-1,-1,-1
36,153,1551.00,733.00,11.00,41.00,1.00,-1,-1,-1
36,158,614.00,1000.00,722.00,103.00,1.00,-1,-1,-1
36,160,139.00,800.00,17.00,123.00,1.00,-1,-1,-1
36,166,945.00,689.00,75.00,45.00,1.00,-1,-1,-1
36,174,958.00,690.00,39.00,42.00,1.00,-1,-1,-1
36,175,120.00,1028.00,14.00,43.00,1.00,-1,-1,-1
36,179,101.00,628.00,19.00,25.00,1.00,-1,-1,-1
36,186,776.00,971.00,17.00,8.00,1.00,-1,-1,-1
36,193,1150.00,961.00,41.00,65.00,1.00,-1,-1,-1
36,194,1204.00,981.00,47.00,7.00,1.00,-1,-1,-1
36,201,677.00,973.00,11.00,12.00,1.00,-1,-1,-1
36,218,441.00,935.00,1057.00,112.00,1.00,-1,-1,-1
36,219,1184.00,324.00,162.00,27.00,1.00,-1,-1,-1
36,221,18.00,340.00,14.00,44.00,1.00,-1,-1,-1
36,228,0.00,885.00,20.00,79.00,1.00,-1,-1,-1
37,3,593.00,1043.00,31.00,55.00,1.00,-1,-1,-1
37,9,890.00,792.00,43.00,30.00,1.00,-1,-1,-1
37,10,597.00,936.00,139.00,66.00,1.00,-1,-1,-1
37,11,1002.00,695.00,186.00,62.00,1.00,-1,-1,-1
37,12,1221.00,355.00,170.00,115.00,1.00,-1,-1,-1
37,15,486.00,796.00,128.00,72.00,1.00,-1,-1,-1
37,18,1055.00,373.00,47.00,46.00,1.00,-1,-1,-1
37,21,681.00,353.00,38.00,45.00,1.00,-1,-1,-1
37,32,550.00,370.00,12.00,13.00,1.00,-1,-1,-1
37,34,930.00,327.00,13.00,42.00,1.00,-1,-1,-1
37,37,1007.00,363.00,19.00,33.00,1.00,-1,-1,-1
37,38,1021.00,264.00,55.00,27.00,1.00,-1,-1,-1
37,40,901.00,304.00,29.00,25.00,1.00,-1,-1,-1
37,41,1308.00,298.00,25.00,44.00,1.00,-1,-1,-1
37,44,917.00,316.00,264.00,107.00,1.00,-1,-1,-1
37,45,220.00,984.00,162.00,121.00,1.00,-1,-1,-1
37,48,734.00,130.00,23.00,61.00,1.00,-1,-1,-1
37,49,919.00,327.00,15.00,11.00,1.00,-1,-1,-1
37,50,1008.00,331.00,13.00,19.00,1.00,-1,-1,-1
37,76,1136.00,292.00,11.00,32.00,1.00,-1,-1,-1
37,77,1017.00,260.00,268.00,94.00,1.00,-1,-1,-1
37,85,611.00,1057.00,27.00,27.00,1.00,-1,-1,-1
37,93,402.00,1061.00,21.00,20.00,1.00,-1,-1,-1
37,106,345.00,1012.00,11.00,27.00,1.00,-1,-1,-1
37,112,1117.00,205.00,54.00,12.00,1.00,-1,-1,-1
37,114,1233.00,182.00,22.00,16.00,1.00,-1,-1,-1
37,129,804.00,781.00,29.00,21.00,1.00,-1,-1,-1
37,135,910.00,656.00,478.00,112.00,1.00,-1,-1,-1
37,139,817.00,767.00,57.00,18.00,1.00,-1,-1,-1
37,148,822.00,782.00,40.00,25.00,1.00,-1,-1,-1
37,149,295.00,777.00,22.00,105.00,1.00,-1,-1,-1
37,153,1567.00,740.00,11.00,41.00,1.00,-1,-1,-1
37,158,641.00,999.00,722.00,103.00,1.00,-1,-1,-1
37,160,155.00,808.00,17.00,123.00,1.00,-1,-1,-1
37,166,960.00,677.00,75.00,45.00,1.00,-1,-1,-1
37,174,974.00,678.00,39.00,42.00,1.00,-1,-1,-1
37,175,136.00,1036.00,14.00,43.00,1.00,-1,-1,-1
37,179,117.00,636.00,19.00,25.00,1.00,-1,-1,-1
37,186,776.00,970.00,17.00,8.00,1.00,-1,-1,-1
37,193,1150.00,961.00,41.00,65.00,1.00,-1,-1,-1
37,194,1204.00,982.00,47.00,7.00,1.00,-1,-1,-1
37,201,677.00,973.00,11.00,12.00,1.00,-1,-1,-1
37,218,441.00,928.00,1057.00,125.00,1.00,-1,-1,-1
37,219,1200.00,331.00,162.00,27.00,1.00,-1,-1,-1
37,221,35.00,347.00,14.00,44.00,1.00,-1,-1,-1
37,228,-5.00,916.00,20.00,79.00,1.00,-1,-1,-1
38,3,593.00,1043.00,31.00,55.00,1.00,-1,-1,-1
38,9,904.00,802.00,43.00,30.00,1.00,-1,-1,-1
38,10,597.00,936.00,139.00,66.00,1.00,-1,-1,-1
38,11,1000.00,683.00,186.00,62.00,1.00,-1,-1,-1
38,12,1236.00,363.00,170.00,115.00,1.00,-1,-1,-1
38,15,500.00,806.00,128.00,72.00,1.00,-1,-1,-1
38,18,1049.00,374.00,47.00,46.00,1.00,-1,-1,-1
38,21,696.00,362.00,38.00,45.00,1.00,-1,-1,-1
38,32,565.00,380.00,12.00,13.00,1.00,-1,-1,-1
38,34,945.00,337.00,13.00,42.00,1.00,-1,-1,-1
38,37,1024.00,371.00,19.00,33.00,1.00,-1,-1,-1
38,38,1024.00,264.00,55.00,27.00,1.00,-1,-1,-1
38,40,916.00,314.00,29.00,25.00,1.00,-1,-1,-1
38,41,1323.00,305.00,25.00,44.00,1.00,-1,-1,-1
38,44,909.00,320.00,264.00,107.00,1.00,-1,-1,-1
38,45,234.00,994.00,162.00,121.00,1.00,-1,-1,-1
38,48,749.00,140.00,23.00,61.00,1.00,-1,-1,-1
38,49,934.00,337.00,15.00,11.00,1.00,-1,-1,-1
38,50,1023.00,341.00,13.00,19.00,1.00,-1,-1,-1
38,76,1151.00,296.00,11.00,32.00,1.00,-1,-1,-1
38,77,1137.00,295.00,135.00,63.00,1.00,-1,-1,-1
38,85,656.00,1057.00,27.00,27.00,1.00,-1,-1,-1
38,93,400.00,1061.00,21.00,20.00,1.00,-1,-1,-1
38,106,359.00,1021.00,11.00,27.00,1.00,-1,-1,-1
38,112,1132.00,214.00,54.00,12.00,1.00,-1,-1,-1
38,114,1248.00,192.00,22.00,16.00,1.00,-1,-1,-1
38,129,819.00,790.00,29.00,21.00,1.00,-1,-1,-1
38,135,922.00,650.00,461.00,107.00,1.00,-1,-1,-1
38,139,831.00,777.00,57.00,18.00,1.00,-1,-1,-1
38,148,836.00,792.00,40.00,25.00,1.00,-1,-1,-1
38,149,309.00,787.00,22.00,105.00,1.00,-1,-1,-1
38,153,1581.00,749.00,11.00,41.00,1.00,-1,-1,-1
38,158,655.00,1010.00,722.00,103.00,1.00,-1,-1,-1
38,160,170.00,818.00,17.00,123.00,1.00,-1,-1,-1
38,166,974.00,666.00,75.00,45.00,1.00,-1,-1,-1
38,174,985.00,667.00,39.00,42.00,1.00,-1,-1,-1
38,175,151.00,1045.00,14.00,43.00,1.00,-1,-1,-1
38,179,132.00,645.00,19.00,25.00,1.00,-1,-1,-1
38,186,776.00,970.00,17.00,8.00,1.00,-1,-1,-1
38,193,1151.00,962.00,41.00,65.00,1.00,-1,-1,-1
38,194,1204.00,982.00,47.00,7.00,1.00,-1,-1,-1
38,201,678.00,974.00,11.00,12.00,1.00,-1,-1,-1
38,218,442.00,934.00,1051.00,118.00,1.00,-1,-1,-1
38,219,1215.00,341.00,162.00,27.00,1.00,-1,-1,-1
38,221,50.00,357.00,14.00,44.00,1.00,-1,-1,-1
38,228,-5.00,916.00,20.00,79.00,1.00,-1,-1,-1
39,3,593.00,1043.00,31.00,55.00,1.00,-1,-1,-1
39,9,904.00,802.00,43.00,30.00,1.00,-1,-1,-1
39,10,597.00,936.00,139.00,66.00,1.00,-1,-1,-1
39,11,1000.00,683.00,186.00,62.00,1.00,-1,-1,-1
39,12,1236.00,363.00,170.00,115.00,1.00,-1,-1,-1
39,15,500.00,806.00,128.00,72.00,1.00,-1,-1,-1
39,18,1049.00,374.00,47.00,46.00,1.00,-1,-1,-1
39,21,696.00,362.00,38.00,45.00,1.00,-1,-1,-1
39,32,565.00,380.00,12.00,13.00,1.00,-1,-1,-1
39,34,945.00,337.00,13.00,42.00,1.00,-1,-1,-1
39,37,1024.00,371.00,19.00,33.00,1.00,-1,-1,-1
39,38,1024.00,264.00,55.00,27.00,1.00,-1,-1,-1
39,40,916.00,314.00,29.00,25.00,1.00,-1,-1,-1
39,41,1323.00,305.00,25.00,44.00,1.00,-1,-1,-1
39,44,909.00,320.00,264.00,107.00,1.00,-1,-1,-1
39,45,234.00,994.00,162.00,121.00,1.00,-1,-1,-1
39,48,749.00,140.00,23.00,61.00,1.00,-1,-1,-1
39,49,934.00,337.00,15.00,11.00,1.00,-1,-1,-1
39,50,1023.00,341.00,13.00,19.00,1.00,-1,-1,-1
39,76,1151.00,296.00,11.00,32.00,1.00,-1,-1,-1
39,77,1137.00,295.00,135.00,63.00,1.00,-1,-1,-1
39,85,656.00,1057.00,27.00,27.00,1.00,-1,-1,-1
39,93,400.00,1061.00,21.00,20.00,1.00,-1,-1,-1
39,106,359.00,1021.00,11.00,27.00,1.00,-1,-1,-1
39,112,1132.00,214.00,54.00,12.00,1.00,-1,-1,-1
39,114,1248.00,192.00,22.00,16.00,1.00,-1,-1,-1
39,129,819.00,790.00,29.00,21.00,1.00,-1,-1,-1
39,135,922.00,650.00,461.00,107.00,1.00,-1,-1,-1
39,139,831.00,777.00,57.00,18.00,1.00,-1,-1,-1
39,148,836.00,792.00,40.00,25.00,1.00,-1,-1,-1
39,149,309.00,787.00,22.00,105.00,1.00,-1,-1,-1
39,153,1581.00,749.00,11.00,41.00,1.00,-1,-1,-1
39,158,655.00,1010.00,722.00,103.00,1.00,-1,-1,-1
39,160,170.00,818.00,17.00,123.00,1.00,-1,-1,-1
39,166,974.00,666.00,75.00,45.00,1.00,-1,-1,-1
39,174,985.00,667.00,39.00,42.00,1.00,-1,-1,-1
39,175,151.00,1045.00,14.00,43.00,1.00,-1,-1,-1
39,179,132.00,645.00,19.00,25.00,1.00,-1,-1,-1
39,186,776.00,970.00,17.00,8.00,1.00,-1,-1,-1
39,193,1151.00,962.00,41.00,65.00,1.00,-1,-1,-1
39,194,1204.00,982.00,47.00,7.00,1.00,-1,-1,-1
39,201,678.00,974.00,11.00,12.00,1.00,-1,-1,-1
39,218,442.00,934.00,1051.00,118.00,1.00,-1,-1,-1
39,219,1215.00,341.00,162.00,27.00,1.00,-1,-1,-1
39,221,50.00,357.00,14.00,44.00,1.00,-1,-1,-1
39,228,-5.00,916.00,20.00,79.00,1.00,-1,-1,-1
40,3,593.00,1043.00,31.00,55.00,1.00,-1,-1,-1
40,9,916.00,813.00,43.00,30.00,1.00,-1,-1,-1
40,10,597.00,936.00,139.00,66.00,1.00,-1,-1,-1
40,11,996.00,674.00,186.00,62.00,1.00,-1,-1,-1
40,12,1248.00,373.00,170.00,115.00,1.00,-1,-1,-1
40,15,512.00,817.00,128.00,72.00,1.00,-1,-1,-1
40,18,1040.00,378.00,47.00,46.00,1.00,-1,-1,-1
40,21,708.00,373.00,38.00,45.00,1.00,-1,-1,-1
40,32,578.00,391.00,12.00,13.00,1.00,-1,-1,-1
40,34,956.00,343.00,13.00,42.00,1.00,-1,-1,-1
40,37,1011.00,383.00,19.00,33.00,1.00,-1,-1,-1
40,38,1026.00,264.00,55.00,27.00,1.00,-1,-1,-1
40,40,929.00,325.00,29.00,25.00,1.00,-1,-1,-1
40,41,1335.00,315.00,25.00,44.00,1.00,-1,-1,-1
40,44,896.00,360.00,196.00,65.00,1.00,-1,-1,-1
40,45,246.00,1005.00,162.00,121.00,1.00,-1,-1,-1
40,48,762.00,151.00,23.00,61.00,1.00,-1,-1,-1
40,49,946.00,348.00,15.00,11.00,1.00,-1,-1,-1
40,50,1034.00,352.00,13.00,19.00,1.00,-1,-1,-1
40,76,1152.00,300.00,11.00,32.00,1.00,-1,-1,-1
40,77,1024.00,262.00,237.00,100.00,1.00,-1,-1,-1
40,85,656.00,1057.00,27.00,27.00,1.00,-1,-1,-1
40,93,396.00,1061.00,21.00,20.00,1.00,-1,-1,-1
40,100,1026.00,901.00,11.00,36.00,1.00,-1,-1,-1
40,106,371.00,1033.00,11.00,27.00,1.00,-1,-1,-1
40,112,1144.00,226.00,54.00,12.00,1.00,-1,-1,-1
40,114,1260.00,203.00,22.00,16.00,1.00,-1,-1,-1
40,129,831.00,802.00,29.00,21.00,1.00,-1,-1,-1
40,135,958.00,643.00,422.00,100.00,1.00,-1,-1,-1
40,139,843.00,788.00,57.00,18.00,1.00,-1,-1,-1
40,147,1608.00,840.00,18.00,51.00,1.00,-1,-1,-1
40,148,848.00,804.00,40.00,25.00,1.00,-1,-1,-1
40,149,321.00,798.00,22.00,105.00,1.00,-1,-1,-1
40,153,1593.00,760.00,11.00,41.00,1.00,-1,-1,-1
40,158,649.00,1011.00,722.00,103.00,1.00,-1,-1,-1
40,160,181.00,829.00,17.00,123.00,1.00,-1,-1,-1
40,166,982.00,657.00,75.00,45.00,1.00,-1,-1,-1
40,174,990.00,658.00,39.00,42.00,1.00,-1,-1,-1
40,175,151.00,1045.00,14.00,43.00,1.00,-1,-1,-1
40,179,144.00,656.00,19.00,25.00,1.00,-1,-1,-1
40,186,776.00,970.00,17.00,8.00,1.00,-1,-1,-1
40,193,1151.00,962.00,41.00,65.00,1.00,-1,-1,-1
40,194,1204.00,982.00,47.00,7.00,1.00,-1,-1,-1
40,201,678.00,974.00,11.00,12.00,1.00,-1,-1,-1
40,218,442.00,933.00,1049.00,119.00,1.00,-1,-1,-1
40,219,1303.00,335.00,90.00,43.00,1.00,-1,-1,-1
40,221,62.00,368.00,14.00,44.00,1.00,-1,-1,-1
40,228,-5.00,916.00,20.00,79.00,1.00,-1,-1,-1
40,243,0.00,377.00,11.00,87.00,1.00,-1,-1,-1
40,246,47.00,926.00,12.00,55.00,1.00,-1,-1,-1
41,3,593.00,1043.00,31.00,55.00,1.00,-1,-1,-1
41,9,925.00,825.00,43.00,30.00,1.00,-1,-1,-1
41,10,597.00,936.00,139.00,66.00,1.00,-1,-1,-1
41,11,988.00,665.00,186.00,62.00,1.00,-1,-1,-1
41,12,1257.00,385.00,170.00,115.00,1.00,-1,-1,-1
41,15,521.00,829.00,128.00,72.00,1.00,-1,-1,-1
41,18,1027.00,390.00,114.00,41.00,1.00,-1,-1,-1
41,21,717.00,385.00,38.00,45.00,1.00,-1,-1,-1
41,32,587.00,403.00,12.00,13.00,1.00,-1,-1,-1
41,34,965.00,352.00,13.00,42.00,1.00,-1,-1,-1
41,37,998.00,383.00,19.00,33.00,1.00,-1,-1,-1
41,38,1024.00,267.00,55.00,27.00,1.00,-1,-1,-1
41,40,938.00,337.00,29.00,25.00,1.00,-1,-1,-1
41,41,1343.00,325.00,25.00,44.00,1.00,-1,-1,-1
41,44,905.00,371.00,196.00,65.00,1.00,-1,-1,-1
41,45,246.00,1005.00,162.00,121.00,1.00,-1,-1,-1
41,48,771.00,163.00,23.00,61.00,1.00,-1,-1,-1
41,49,956.00,360.00,15.00,11.00,1.00,-1,-1,-1
41,50,1104.00,386.00,13.00,19.00,1.00,-1,-1,-1
41,76,1147.00,304.00,11.00,32.00,1.00,-1,-1,-1
41,77,1028.00,270.00,242.00,94.00,1.00,-1,-1,-1
41,85,690.00,1057.00,27.00,27.00,1.00,-1,-1,-1
41,93,306.00,1061.00,21.00,20.00,1.00,-1,-1,-1
41,100,1034.00,912.00,11.00,36.00,1.00,-1,-1,-1
41,106,379.00,1044.00,11.00,27.00,1.00,-1,-1,-1
41,112,1154.00,237.00,54.00,12.00,1.00,-1,-1,-1
41,114,1270.00,214.00,22.00,16.00,1.00,-1,-1,-1
41,129,840.00,813.00,29.00,21.00,1.00,-1,-1,-1
41,135,854.00,602.00,621.00,169.00,1.00,-1,-1,-1
41,139,852.00,800.00,57.00,18.00,1.00,-1,-1,-1
41,147,1616.00,851.00,18.00,51.00,1.00,-1,-1,-1
41,148,857.00,816.00,40.00,25.00,1.00,-1,-1,-1
41,149,330.00,810.00,22.00,105.00,1.00,-1,-1,-1
41,153,1602.00,772.00,11.00,41.00,1.00,-1,-1,-1
41,158,661.00,1017.00,722.00,103.00,1.00,-1,-1,-1
41,160,190.00,841.00,17.00,123.00,1.00,-1,-1,-1
41,166,995.00,650.00,75.00,45.00,1.00,-1,-1,-1
41,174,991.00,649.00,39.00,42.00,1.00,-1,-1,-1
41,175,151.00,1045.00,14.00,43.00,1.00,-1,-1,-1
41,179,153.00,668.00,19.00,25.00,1.00,-1,-1,-1
41,186,783.00,971.00,17.00,8.00,1.00,-1,-1,-1
41,193,1151.00,962.00,41.00,65.00,1.00,-1,-1,-1
41,194,1204.00,982.00,47.00,7.00,1.00,-1,-1,-1
41,201,678.00,974.00,11.00,12.00,1.00,-1,-1,-1
41,218,443.00,929.00,1044.00,135.00,1.00,-1,-1,-1
41,219,1317.00,348.00,90.00,43.00,1.00,-1,-1,-1
41,221,72.00,379.00,14.00,44.00,1.00,-1,-1,-1
41,225,182.00,839.00,18.00,15.00,1.00,-1,-1,-1
41,228,-5.00,916.00,20.00,79.00,1.00,-1,-1,-1
41,243,-8.00,379.00,11.00,87.00,1.00,-1,-1,-1
41,246,57.00,959.00,18.00,32.00,1.00,-1,-1,-1
42,3,593.00,1043.00,31.00,55.00,1.00,-1,-1,-1
42,9,932.00,836.00,43.00,30.00,1.00,-1,-1,-1
42,10,597.00,936.00,139.00,66.00,1.00,-1,-1,-1
42,11,981.00,656.00,186.00,62.00,1.00,-1,-1,-1
42,12,1264.00,395.00,170.00,115.00,1.00,-1,-1,-1
42,15,528.00,839.00,128.00,72.00,1.00,-1,-1,-1
42,18,1025.00,397.00,100.00,39.00,1.00,-1,-1,-1
42,21,725.00,396.00,38.00,45.00,1.00,-1,-1,-1
42,32,594.00,414.00,12.00,13.00,1.00,-1,-1,-1
42,34,974.00,360.00,13.00,42.00,1.00,-1,-1,-1
42,37,1006.00,392.00,19.00,33.00,1.00,-1,-1,-1
42,38,1019.00,268.00,55.00,27.00,1.00,-1,-1,-1
42,40,945.00,348.00,29.00,25.00,1.00,-1,-1,-1
42,41,1350.00,333.00,25.00,44.00,1.00,-1,-1,-1
42,44,912.00,382.00,196.00,65.00,1.00,-1,-1,-1
42,45,246.00,1005.00,162.00,121.00,1.00,-1,-1,-1
42,48,778.00,174.00,23.00,61.00,1.00,-1,-1,-1
42,49,958.00,370.00,15.00,11.00,1.00,-1,-1,-1
42,50,1094.00,393.00,13.00,19.00,1.00,-1,-1,-1
42,76,1143.00,307.00,11.00,32.00,1.00,-1,-1,-1
42,77,1123.00,301.00,120.00,71.00,1.00,-1,-1,-1
42,85,704.00,1073.00,27.00,27.00,1.00,-1,-1,-1
42,93,306.00,1061.00,21.00,20.00,1.00,-1,-1,-1
42,100,1041.00,923.00,11.00,36.00,1.00,-1,-1,-1
42,106,386.00,1055.00,11.00,27.00,1.00,-1,-1,-1
42,112,1161.00,249.00,54.00,12.00,1.00,-1,-1,-1
42,114,1277.00,226.00,22.00,16.00,1.00,-1,-1,-1
42,129,847.00,824.00,29.00,21.00,1.00,-1,-1,-1
42,135,872.00,598.00,582.00,161.00,1.00,-1,-1,-1
42,139,858.00,811.00,57.00,18.00,1.00,-1,-1,-1
42,142,1223.00,426.00,52.00,14.00,1.00,-1,-1,-1
42,147,1622.00,860.00,18.00,51.00,1.00,-1,-1,-1
42,148,863.00,826.00,40.00,25.00,1.00,-1,-1,-1
42,149,337.00,821.00,22.00,105.00,1.00,-1,-1,-1
42,153,1609.00,783.00,11.00,41.00,1.00,-1,-1,-1
42,158,637.00,1018.00,722.00,103.00,1.00,-1,-1,-1
42,160,196.00,851.00,17.00,123.00,1.00,-1,-1,-1
42,166,986.00,640.00,75.00,45.00,1.00,-1,-1,-1
42,174,991.00,639.00,39.00,42.00,1.00,-1,-1,-1
42,175,151.00,1045.00,14.00,43.00,1.00,-1,-1,-1
42,179,160.00,678.00,19.00,25.00,1.00,-1,-1,-1
42,186,783.00,971.00,17.00,8.00,1.00,-1,-1,-1
42,193,1151.00,962.00,41.00,65.00,1.00,-1,-1,-1
42,194,1204.00,982.00,47.00,7.00,1.00,-1,-1,-1
42,201,678.00,974.00,11.00,12.00,1.00,-1,-1,-1
42,218,443.00,924.00,1042.00,132.00,1.00,-1,-1,-1
42,219,1321.00,356.00,70.00,28.00,1.00,-1,-1,-1
42,221,79.00,390.00,14.00,44.00,1.00,-1,-1,-1
42,225,190.00,830.00,17.00,36.00,1.00,-1,-1,-1
42,226,144.00,884.00,47.00,43.00,1.00,-1,-1,-1
42,228,-13.00,959.00,20.00,79.00,1.00,-1,-1,-1
42,243,0.00,410.00,7.00,49.00,1.00,-1,-1,-1
42,246,63.00,969.00,18.00,32.00,1.00,-1,-1,-1
42,254,850.00,622.00,75.00,48.00,1.00,-1,-1,-1
43,9,939.00,845.00,43.00,30.00,1.00,-1,-1,-1
43,10,597.00,936.00,139.00,66.00,1.00,-1,-1,-1
43,11,973.00,646.00,186.00,62.00,1.00,-1,-1,-1
43,12,1271.00,406.00,170.00,115.00,1.00,-1,-1,-1
43,15,535.00,849.00,128.00,72.00,1.00,-1,-1,-1
43,18,1014.00,402.00,103.00,39.00,1.00,-1,-1,-1
43,21,732.00,406.00,38.00,45.00,1.00,-1,-1,-1
43,32,601.00,424.00,12.00,13.00,1.00,-1,-1,-1
43,34,979.00,369.00,13.00,42.00,1.00,-1,-1,-1
43,37,994.00,399.00,19.00,33.00,1.00,-1,-1,-1
43,38,1013.00,271.00,55.00,27.00,1.00,-1,-1,-1
43,40,952.00,358.00,29.00,25.00,1.00,-1,-1,-1
43,41,1355.00,342.00,25.00,44.00,1.00,-1,-1,-1
43,44,902.00,392.00,196.00,65.00,1.00,-1,-1,-1
43,45,246.00,1005.00,162.00,121.00,1.00,-1,-1,-1
43,48,785.00,184.00,23.00,61.00,1.00,-1,-1,-1
43,49,961.00,377.00,15.00,11.00,1.00,-1,-1,-1
43,50,1084.00,400.00,13.00,19.00,1.00,-1,-1,-1
43,76,1150.00,314.00,11.00,32.00,1.00,-1,-1,-1
43,77,1168.00,322.00,71.00,53.00,1.00,-1,-1,-1
43,85,704.00,1073.00,27.00,27.00,1.00,-1,-1,-1
43,93,319.00,1061.00,21.00,20.00,1.00,-1,-1,-1
43,100,1048.00,932.00,11.00,36.00,1.00,-1,-1,-1
43,106,386.00,1055.00,11.00,27.00,1.00,-1,-1,-1
43,112,1168.00,259.00,54.00,12.00,1.00,-1,-1,-1
43,114,1284.00,236.00,22.00,16.00,1.00,-1,-1,-1
43,129,853.00,834.00,29.00,21.00,1.00,-1,-1,-1
43,135,877.00,591.00,567.00,155.00,1.00,-1,-1,-1
43,139,866.00,821.00,57.00,18.00,1.00,-1,-1,-1
43,142,1231.00,430.00,52.00,14.00,1.00,-1,-1,-1
43,147,1630.00,871.00,18.00,51.00,1.00,-1,-1,-1
43,148,870.00,836.00,40.00,25.00,1.00,-1,-1,-1
43,149,344.00,831.00,22.00,105.00,1.00,-1,-1,-1
43,153,1616.00,793.00,11.00,41.00,1.00,-1,-1,-1
43,158,644.00,1018.00,722.00,103.00,1.00,-1,-1,-1
43,160,204.00,861.00,17.00,123.00,1.00,-1,-1,-1
43,166,987.00,631.00,75.00,45.00,1.00,-1,-1,-1
43,174,993.00,630.00,39.00,42.00,1.00,-1,-1,-1
43,175,151.00,1045.00,14.00,43.00,1.00,-1,-1,-1
43,179,167.00,688.00,19.00,25.00,1.00,-1,-1,-1
43,186,783.00,971.00,17.00,8.00,1.00,-1,-1,-1
43,193,1151.00,962.00,41.00,65.00,1.00,-1,-1,-1
43,194,1204.00,982.00,47.00,7.00,1.00,-1,-1,-1
43,201,678.00,974.00,11.00,12.00,1.00,-1,-1,-1
43,218,443.00,934.00,1041.00,118.00,1.00,-1,-1,-1
43,219,1320.00,364.00,70.00,30.00,1.00,-1,-1,-1
43,221,86.00,400.00,14.00,44.00,1.00,-1,-1,-1
43,225,197.00,839.00,17.00,36.00,1.00,-1,-1,-1
43,226,151.00,893.00,47.00,43.00,1.00,-1,-1,-1
43,228,-5.00,968.00,20.00,79.00,1.00,-1,-1,-1
43,243,7.00,419.00,7.00,49.00,1.00,-1,-1,-1
43,246,70.00,969.00,19.00,47.00,1.00,-1,-1,-1
43,254,846.00,614.00,65.00,44.00,1.00,-1,-1,-1
43,259,0.00,1006.00,17.00,22.00,1.00,-1,-1,-1
44,9,949.00,854.00,43.00,30.00,1.00,-1,-1,-1
44,10,597.00,936.00,139.00,66.00,1.00,-1,-1,-1
44,11,969.00,635.00,186.00,62.00,1.00,-1,-1,-1
44,12,1281.00,415.00,170.00,115.00,1.00,-1,-1,-1
44,15,545.00,857.00,128.00,72.00,1.00,-1,-1,-1
44,18,1006.00,404.00,103.00,39.00,1.00,-1,-1,-1
44,21,741.00,415.00,38.00,45.00,1.00,-1,-1,-1
44,32,611.00,433.00,12.00,13.00,1.00,-1,-1,-1
44,34,986.00,374.00,13.00,42.00,1.00,-1,-1,-1
44,37,981.00,405.00,19.00,33.00,1.00,-1,-1,-1
44,38,1012.00,275.00,55.00,27.00,1.00,-1,-1,-1
44,40,962.00,367.00,29.00,25.00,1.00,-1,-1,-1
44,41,1364.00,351.00,25.00,44.00,1.00,-1,-1,-1
44,44,901.00,410.00,196.00,65.00,1.00,-1,-1,-1
44,45,235.00,997.00,162.00,121.00,1.00,-1,-1,-1
44,48,795.00,193.00,23.00,61.00,1.00,-1,-1,-1
44,49,955.00,380.00,15.00,11.00,1.00,-1,-1,-1
44,50,1077.00,405.00,13.00,19.00,1.00,-1,-1,-1
44,76,1159.00,320.00,11.00,32.00,1.00,-1,-1,-1
44,77,1171.00,332.00,88.00,47.00,1.00,-1,-1,-1
44,85,704.00,1073.00,27.00,27.00,1.00,-1,-1,-1
44,93,326.00,1061.00,21.00,20.00,1.00,-1,-1,-1
44,100,1051.00,933.00,11.00,36.00,1.00,-1,-1,-1
44,106,386.00,1055.00,11.00,27.00,1.00,-1,-1,-1
44,112,1177.00,268.00,54.00,12.00,1.00,-1,-1,-1
44,114,1293.00,244.00,22.00,16.00,1.00,-1,-1,-1
44,129,864.00,843.00,29.00,21.00,1.00,-1,-1,-1
44,135,846.00,605.00,499.00,99.00,1.00,-1,-1,-1
44,139,876.00,829.00,57.00,18.00,1.00,-1,-1,-1
44,142,1240.00,438.00,52.00,14.00,1.00,-1,-1,-1
44,147,1640.00,880.00,18.00,51.00,1.00,-1,-1,-1
44,148,881.00,844.00,40.00,25.00,1.00,-1,-1,-1
44,149,354.00,838.00,22.00,105.00,1.00,-1,-1,-1
44,153,1626.00,803.00,11.00,41.00,1.00,-1,-1,-1
44,158,650.00,1018.00,722.00,103.00,1.00,-1,-1,-1
44,160,214.00,869.00,17.00,123.00,1.00,-1,-1,-1
44,166,993.00,621.00,75.00,45.00,1.00,-1,-1,-1
44,174,998.00,620.00,39.00,42.00,1.00,-1,-1,-1
44,175,151.00,1045.00,14.00,43.00,1.00,-1,-1,-1
44,179,177.00,697.00,19.00,25.00,1.00,-1,-1,-1
44,186,783.00,971.00,17.00,8.00,1.00,-1,-1,-1
44,193,1156.00,967.00,41.00,65.00,1.00,-1,-1,-1
44,194,1204.00,982.00,47.00,7.00,1.00,-1,-1,-1
44,201,678.00,974.00,11.00,12.00,1.00,-1,-1,-1
44,212,1143.00,315.00,118.00,68.00,1.00,-1,-1,-1
44,218,443.00,907.00,1044.00,152.00,1.00,-1,-1,-1
44,219,1313.00,367.00,87.00,33.00,1.00,-1,-1,-1
44,221,95.00,409.00,14.00,44.00,1.00,-1,-1,-1
44,222,154.00,829.00,30.00,20.00,1.00,-1,-1,-1
44,225,206.00,862.00,25.00,23.00,1.00,-1,-1,-1
44,226,179.00,905.00,46.00,60.00,1.00,-1,-1,-1
44,228,5.00,976.00,20.00,79.00,1.00,-1,-1,-1
44,243,16.00,428.00,7.00,49.00,1.00,-1,-1,-1
44,246,80.00,977.00,19.00,47.00,1.00,-1,-1,-1
44,254,854.00,608.00,65.00,44.00,1.00,-1,-1,-1
44,259,10.00,1014.00,17.00,22.00,1.00,-1,-1,-1
45,9,949.00,854.00,43.00,30.00,1.00,-1,-1,-1
45,10,597.00,936.00,139.00,66.00,1.00,-1,-1,-1
45,11,969.00,635.00,186.00,62.00,1.00,-1,-1,-1
45,12,1281.00,415.00,170.00,115.00,1.00,-1,-1,-1
45,15,545.00,857.00,128.00,72.00,1.00,-1,-1,-1
45,18,1006.00,404.00,103.00,39.00,1.00,-1,-1,-1
45,21,741.00,415.00,38.00,45.00,1.00,-1,-1,-1
45,32,611.00,433.00,12.00,13.00,1.00,-1,-1,-1
45,34,986.00,374.00,13.00,42.00,1.00,-1,-1,-1
45,37,981.00,405.00,19.00,33.00,1.00,-1,-1,-1
45,38,1012.00,275.00,55.00,27.00,1.00,-1,-1,-1
45,40,962.00,367.00,29.00,25.00,1.00,-1,-1,-1
45,41,1364.00,351.00,25.00,44.00,1.00,-1,-1,-1
45,44,901.00,410.00,196.00,65.00,1.00,-1,-1,-1
45,45,235.00,997.00,162.00,121.00,1.00,-1,-1,-1
45,48,795.00,193.00,23.00,61.00,1.00,-1,-1,-1
45,49,955.00,380.00,15.00,11.00,1.00,-1,-1,-1
45,50,1077.00,405.00,13.00,19.00,1.00,-1,-1,-1
45,76,1159.00,320.00,11.00,32.00,1.00,-1,-1,-1
45,77,1171.00,332.00,88.00,47.00,1.00,-1,-1,-1
45,85,704.00,1073.00,27.00,27.00,1.00,-1,-1,-1
45,93,326.00,1061.00,21.00,20.00,1.00,-1,-1,-1
45,100,1051.00,933.00,11.00,36.00,1.00,-1,-1,-1
45,106,386.00,1055.00,11.00,27.00,1.00,-1,-1,-1
45,112,1177.00,268.00,54.00,12.00,1.00,-1,-1,-1
45,114,1293.00,244.00,22.00,16.00,1.00,-1,-1,-1
45,129,864.00,843.00,29.00,21.00,1.00,-1,-1,-1
45,135,846.00,605.00,499.00,99.00,1.00,-1,-1,-1
45,139,876.00,829.00,57.00,18.00,1.00,-1,-1,-1
45,142,1240.00,438.00,52.00,14.00,1.00,-1,-1,-1
45,147,1640.00,880.00,18.00,51.00,1.00,-1,-1,-1
45,148,881.00,844.00,40.00,25.00,1.00,-1,-1,-1
45,149,354.00,838.00,22.00,105.00,1.00,-1,-1,-1
45,153,1626.00,803.00,11.00,41.00,1.00,-1,-1,-1
45,158,650.00,1018.00,722.00,103.00,1.00,-1,-1,-1
45,160,214.00,869.00,17.00,123.00,1.00,-1,-1,-1
45,166,993.00,621.00,75.00,45.00,1.00,-1,-1,-1
45,174,998.00,620.00,39.00,42.00,1.00,-1,-1,-1
45,179,177.00,697.00,19.00,25.00,1.00,-1,-1,-1
45,186,783.00,971.00,17.00,8.00,1.00,-1,-1,-1
45,193,1156.00,967.00,41.00,65.00,1.00,-1,-1,-1
45,194,1204.00,982.00,47.00,7.00,1.00,-1,-1,-1
45,201,678.00,974.00,11.00,12.00,1.00,-1,-1,-1
45,212,1143.00,315.00,118.00,68.00,1.00,-1,-1,-1
45,218,442.00,906.00,1044.00,152.00,1.00,-1,-1,-1
45,219,1313.00,367.00,87.00,33.00,1.00,-1,-1,-1
45,221,95.00,409.00,14.00,44.00,1.00,-1,-1,-1
45,222,154.00,829.00,30.00,20.00,1.00,-1,-1,-1
45,225,206.00,862.00,25.00,23.00,1.00,-1,-1,-1
45,226,179.00,905.00,46.00,60.00,1.00,-1,-1,-1
45,228,5.00,976.00,20.00,79.00,1.00,-1,-1,-1
45,243,16.00,428.00,7.00,49.00,1.00,-1,-1,-1
45,246,80.00,977.00,19.00,47.00,1.00,-1,-1,-1
45,254,854.00,608.00,65.00,44.00,1.00,-1,-1,-1
45,259,10.00,1014.00,17.00,22.00,1.00,-1,-1,-1
46,9,960.00,860.00,43.00,30.00,1.00,-1,-1,-1
46,10,597.00,936.00,139.00,66.00,1.00,-1,-1,-1
46,11,975.00,599.00,363.00,93.00,1.00,-1,-1,-1
46,12,1293.00,422.00,170.00,115.00,1.00,-1,-1,-1
46,15,556.00,864.00,128.00,72.00,1.00,-1,-1,-1
46,18,1004.00,412.00,85.00,30.00,1.00,-1,-1,-1
46,21,753.00,422.00,38.00,45.00,1.00,-1,-1,-1
46,32,622.00,440.00,12.00,13.00,1.00,-1,-1,-1
46,34,997.00,380.00,13.00,42.00,1.00,-1,-1,-1
46,37,992.00,412.00,19.00,33.00,1.00,-1,-1,-1
46,38,1019.00,281.00,55.00,27.00,1.00,-1,-1,-1
46,40,973.00,374.00,29.00,25.00,1.00,-1,-1,-1
46,41,1375.00,354.00,25.00,44.00,1.00,-1,-1,-1
46,44,913.00,416.00,196.00,65.00,1.00,-1,-1,-1
46,45,246.00,1003.00,162.00,121.00,1.00,-1,-1,-1
46,48,806.00,200.00,23.00,61.00,1.00,-1,-1,-1
46,49,966.00,387.00,15.00,11.00,1.00,-1,-1,-1
46,50,1081.00,410.00,13.00,19.00,1.00,-1,-1,-1
46,76,1160.00,320.00,11.00,32.00,1.00,-1,-1,-1
46,77,1161.00,323.00,90.00,60.00,1.00,-1,-1,-1
46,85,704.00,1073.00,27.00,27.00,1.00,-1,-1,-1
46,93,335.00,1061.00,21.00,20.00,1.00,-1,-1,-1
46,100,1051.00,933.00,11.00,36.00,1.00,-1,-1,-1
46,106,386.00,1055.00,11.00,27.00,1.00,-1,-1,-1
46,112,1189.00,275.00,54.00,12.00,1.00,-1,-1,-1
46,114,1305.00,251.00,22.00,16.00,1.00,-1,-1,-1
46,129,875.00,849.00,29.00,21.00,1.00,-1,-1,-1
46,135,842.00,590.00,499.00,99.00,1.00,-1,-1,-1
46,139,887.00,836.00,57.00,18.00,1.00,-1,-1,-1
46,142,1251.00,445.00,52.00,14.00,1.00,-1,-1,-1
46,147,1652.00,887.00,18.00,51.00,1.00,-1,-1,-1
46,148,892.00,851.00,40.00,25.00,1.00,-1,-1,-1
46,149,365.00,844.00,22.00,105.00,1.00,-1,-1,-1
46,153,1637.00,809.00,11.00,41.00,1.00,-1,-1,-1
46,158,646.00,1018.00,722.00,103.00,1.00,-1,-1,-1
46,160,225.00,876.00,17.00,123.00,1.00,-1,-1,-1
46,166,989.00,606.00,75.00,45.00,1.00,-1,-1,-1
46,174,996.00,607.00,39.00,42.00,1.00,-1,-1,-1
46,179,188.00,703.00,19.00,25.00,1.00,-1,-1,-1
46,186,783.00,971.00,17.00,8.00,1.00,-1,-1,-1
46,193,1156.00,967.00,41.00,65.00,1.00,-1,-1,-1
46,194,1204.00,982.00,47.00,7.00,1.00,-1,-1,-1
46,201,678.00,974.00,11.00,12.00,1.00,-1,-1,-1
46,212,1144.00,317.00,118.00,68.00,1.00,-1,-1,-1
46,218,442.00,934.00,1048.00,117.00,1.00,-1,-1,-1
46,219,1306.00,363.00,79.00,38.00,1.00,-1,-1,-1
46,221,107.00,416.00,14.00,44.00,1.00,-1,-1,-1
46,222,165.00,835.00,30.00,20.00,1.00,-1,-1,-1
46,225,217.00,868.00,25.00,23.00,1.00,-1,-1,-1
46,226,190.00,911.00,46.00,60.00,1.00,-1,-1,-1
46,228,16.00,983.00,20.00,79.00,1.00,-1,-1,-1
46,243,28.00,435.00,7.00,49.00,1.00,-1,-1,-1
46,246,91.00,983.00,19.00,47.00,1.00,-1,-1,-1
46,254,864.00,599.00,65.00,44.00,1.00,-1,-1,-1
46,259,21.00,1020.00,17.00,22.00,1.00,-1,-1,-1
47,9,972.00,865.00,43.00,30.00,1.00,-1,-1,-1
47,10,597.00,936.00,139.00,66.00,1.00,-1,-1,-1
47,11,842.00,586.00,487.00,93.00,1.00,-1,-1,-1
47,12,1304.00,428.00,170.00,115.00,1.00,-1,-1,-1
47,15,567.00,869.00,128.00,72.00,1.00,-1,-1,-1
47,18,996.00,407.00,98.00,39.00,1.00,-1,-1,-1
47,21,764.00,427.00,38.00,45.00,1.00,-1,-1,-1
47,32,633.00,445.00,12.00,13.00,1.00,-1,-1,-1
47,34,991.00,381.00,13.00,42.00,1.00,-1,-1,-1
47,37,992.00,411.00,19.00,33.00,1.00,-1,-1,-1
47,38,1025.00,286.00,55.00,27.00,1.00,-1,-1,-1
47,40,984.00,379.00,29.00,25.00,1.00,-1,-1,-1
47,41,1386.00,359.00,25.00,44.00,1.00,-1,-1,-1
47,44,914.00,416.00,196.00,65.00,1.00,-1,-1,-1
47,45,257.00,1007.00,162.00,121.00,1.00,-1,-1,-1
47,48,818.00,205.00,23.00,61.00,1.00,-1,-1,-1
47,49,978.00,392.00,15.00,11.00,1.00,-1,-1,-1
47,50,1088.00,417.00,13.00,19.00,1.00,-1,-1,-1
47,76,1163.00,321.00,11.00,32.00,1.00,-1,-1,-1
47,77,1171.00,325.00,96.00,57.00,1.00,-1,-1,-1
47,85,704.00,1073.00,27.00,27.00,1.00,-1,-1,-1
47,93,343.00,1061.00,21.00,20.00,1.00,-1,-1,-1
47,100,1051.00,933.00,11.00,36.00,1.00,-1,-1,-1
47,106,386.00,1055.00,11.00,27.00,1.00,-1,-1,-1
47,112,1200.00,280.00,54.00,12.00,1.00,-1,-1,-1
47,114,1316.00,257.00,22.00,16.00,1.00,-1,-1,-1
47,129,887.00,854.00,29.00,21.00,1.00,-1,-1,-1
47,135,839.00,576.00,499.00,99.00,1.00,-1,-1,-1
47,139,899.00,841.00,57.00,18.00,1.00,-1,-1,-1
47,142,1263.00,450.00,52.00,14.00,1.00,-1,-1,-1
47,147,1663.00,892.00,18.00,51.00,1.00,-1,-1,-1
47,148,903.00,856.00,40.00,25.00,1.00,-1,-1,-1
47,149,377.00,850.00,22.00,105.00,1.00,-1,-1,-1
47,153,1648.00,814.00,11.00,41.00,1.00,-1,-1,-1
47,158,657.00,1018.00,722.00,103.00,1.00,-1,-1,-1
47,160,237.00,881.00,17.00,123.00,1.00,-1,-1,-1
47,166,1002.00,593.00,75.00,45.00,1.00,-1,-1,-1
47,174,1004.00,594.00,39.00,42.00,1.00,-1,-1,-1
47,179,200.00,709.00,19.00,25.00,1.00,-1,-1,-1
47,186,783.00,971.00,17.00,8.00,1.00,-1,-1,-1
47,193,1156.00,967.00,41.00,65.00,1.00,-1,-1,-1
47,194,1204.00,982.00,47.00,7.00,1.00,-1,-1,-1
47,201,678.00,974.00,11.00,12.00,1.00,-1,-1,-1
47,212,1146.00,317.00,118.00,68.00,1.00,-1,-1,-1
47,218,442.00,933.00,1048.00,113.00,1.00,-1,-1,-1
47,219,1307.00,361.00,79.00,38.00,1.00,-1,-1,-1
47,221,118.00,421.00,14.00,44.00,1.00,-1,-1,-1
47,222,176.00,840.00,30.00,20.00,1.00,-1,-1,-1
47,225,228.00,873.00,25.00,23.00,1.00,-1,-1,-1
47,226,201.00,916.00,46.00,60.00,1.00,-1,-1,-1
47,228,27.00,988.00,20.00,79.00,1.00,-1,-1,-1
47,243,39.00,440.00,7.00,49.00,1.00,-1,-1,-1
47,246,102.00,988.00,19.00,47.00,1.00,-1,-1,-1
47,254,873.00,589.00,65.00,44.00,1.00,-1,-1,-1
47,259,32.00,1025.00,17.00,22.00,1.00,-1,-1,-1
47,278,1002.00,280.00,55.00,21.00,1.00,-1,-1,-1
48,9,982.00,870.00,43.00,30.00,1.00,-1,-1,-1
48,10,597.00,935.00,139.00,66.00,1.00,-1,-1,-1
48,11,970.00,578.00,351.00,82.00,1.00,-1,-1,-1
48,12,1315.00,432.00,170.00,115.00,1.00,-1,-1,-1
48,15,578.00,873.00,128.00,72.00,1.00,-1,-1,-1
48,18,997.00,410.00,91.00,34.00,1.00,-1,-1,-1
48,21,775.00,431.00,38.00,45.00,1.00,-1,-1,-1
48,32,644.00,449.00,12.00,13.00,1.00,-1,-1,-1
48,34,983.00,381.00,13.00,42.00,1.00,-1,-1,-1
48,37,989.00,414.00,19.00,33.00,1.00,-1,-1,-1
48,38,995.00,286.00,101.00,26.00,1.00,-1,-1,-1
48,40,995.00,384.00,29.00,25.00,1.00,-1,-1,-1
48,41,1397.00,362.00,25.00,44.00,1.00,-1,-1,-1
48,44,907.00,421.00,196.00,65.00,1.00,-1,-1,-1
48,45,268.00,1011.00,162.00,121.00,1.00,-1,-1,-1
48,48,828.00,210.00,23.00,61.00,1.00,-1,-1,-1
48,49,989.00,397.00,15.00,11.00,1.00,-1,-1,-1
48,50,1082.00,417.00,13.00,19.00,1.00,-1,-1,-1
48,76,1165.00,322.00,11.00,32.00,1.00,-1,-1,-1
48,77,1170.00,323.00,213.00,75.00,1.00,-1,-1,-1
48,93,351.00,1061.00,21.00,20.00,1.00,-1,-1,-1
48,100,1051.00,933.00,11.00,36.00,1.00,-1,-1,-1
48,112,1211.00,284.00,54.00,12.00,1.00,-1,-1,-1
48,114,1327.00,261.00,22.00,16.00,1.00,-1,-1,-1
48,129,897.00,859.00,29.00,21.00,1.00,-1,-1,-1
48,135,836.00,560.00,499.00,99.00,1.00,-1,-1,-1
48,139,909.00,845.00,57.00,18.00,1.00,-1,-1,-1
48,142,1274.00,454.00,52.00,14.00,1.00,-1,-1,-1
48,147,1674.00,897.00,18.00,51.00,1.00,-1,-1,-1
48,148,914.00,861.00,40.00,25.00,1.00,-1,-1,-1
48,149,388.00,854.00,22.00,105.00,1.00,-1,-1,-1
48,153,1659.00,819.00,11.00,41.00,1.00,-1,-1,-1
48,158,668.00,1018.00,722.00,103.00,1.00,-1,-1,-1
48,160,247.00,885.00,17.00,123.00,1.00,-1,-1,-1
48,166,994.00,577.00,75.00,45.00,1.00,-1,-1,-1
48,174,999.00,580.00,39.00,42.00,1.00,-1,-1,-1
48,179,210.00,713.00,19.00,25.00,1.00,-1,-1,-1
48,186,784.00,971.00,17.00,8.00,1.00,-1,-1,-1
48,193,1156.00,967.00,41.00,65.00,1.00,-1,-1,-1
48,194,1204.00,982.00,47.00,7.00,1.00,-1,-1,-1
48,201,678.00,974.00,11.00,12.00,1.00,-1,-1,-1
48,212,1148.00,316.00,118.00,68.00,1.00,-1,-1,-1
48,218,443.00,930.00,1045.00,120.00,1.00,-1,-1,-1
48,219,1317.00,363.00,79.00,38.00,1.00,-1,-1,-1
48,221,129.00,425.00,14.00,44.00,1.00,-1,-1,-1
48,222,187.00,844.00,30.00,20.00,1.00,-1,-1,-1
48,225,239.00,877.00,25.00,23.00,1.00,-1,-1,-1
48,226,212.00,920.00,46.00,60.00,1.00,-1,-1,-1
48,228,38.00,992.00,20.00,79.00,1.00,-1,-1,-1
48,243,50.00,444.00,7.00,49.00,1.00,-1,-1,-1
48,246,113.00,993.00,19.00,47.00,1.00,-1,-1,-1
48,254,882.00,577.00,65.00,44.00,1.00,-1,-1,-1
48,259,43.00,1029.00,17.00,22.00,1.00,-1,-1,-1
48,278,1004.00,286.00,55.00,21.00,1.00,-1,-1,-1
49,9,991.00,874.00,43.00,30.00,1.00,-1,-1,-1
49,10,597.00,935.00,139.00,66.00,1.00,-1,-1,-1
49,11,954.00,571.00,351.00,82.00,1.00,-1,-1,-1
49,12,1324.00,437.00,170.00,115.00,1.00,-1,-1,-1
49,15,587.00,878.00,128.00,72.00,1.00,-1,-1,-1
49,18,989.00,410.00,91.00,34.00,1.00,-1,-1,-1
49,21,784.00,436.00,38.00,45.00,1.00,-1,-1,-1
49,32,653.00,454.00,12.00,13.00,1.00,-1,-1,-1
49,34,988.00,385.00,13.00,42.00,1.00,-1,-1,-1
49,37,985.00,415.00,19.00,33.00,1.00,-1,-1,-1
49,38,1014.00,295.00,57.00,21.00,1.00,-1,-1,-1
49,40,1003.00,389.00,29.00,25.00,1.00,-1,-1,-1
49,41,1406.00,367.00,25.00,44.00,1.00,-1,-1,-1
49,44,916.00,425.00,196.00,65.00,1.00,-1,-1,-1
49,45,275.00,1011.00,162.00,121.00,1.00,-1,-1,-1
49,48,837.00,214.00,23.00,61.00,1.00,-1,-1,-1
49,49,993.00,402.00,15.00,11.00,1.00,-1,-1,-1
49,50,1070.00,416.00,13.00,19.00,1.00,-1,-1,-1
49,76,1166.00,324.00,11.00,32.00,1.00,-1,-1,-1
49,77,1179.00,323.00,213.00,75.00,1.00,-1,-1,-1
49,93,357.00,1061.00,21.00,20.00,1.00,-1,-1,-1
49,100,1051.00,933.00,11.00,36.00,1.00,-1,-1,-1
49,112,1220.00,289.00,54.00,12.00,1.00,-1,-1,-1
49,114,1336.00,267.00,22.00,16.00,1.00,-1,-1,-1
49,129,906.00,864.00,29.00,21.00,1.00,-1,-1,-1
49,135,832.00,547.00,499.00,99.00,1.00,-1,-1,-1
49,139,920.00,850.00,21.00,16.00,1.00,-1,-1,-1
49,142,1283.00,459.00,52.00,14.00,1.00,-1,-1,-1
49,147,1682.00,901.00,18.00,51.00,1.00,-1,-1,-1
49,148,923.00,866.00,40.00,25.00,1.00,-1,-1,-1
49,149,396.00,859.00,22.00,105.00,1.00,-1,-1,-1
49,153,1668.00,823.00,11.00,41.00,1.00,-1,-1,-1
49,158,677.00,1018.00,722.00,103.00,1.00,-1,-1,-1
49,160,256.00,890.00,17.00,123.00,1.00,-1,-1,-1
49,166,1003.00,563.00,75.00,45.00,1.00,-1,-1,-1
49,174,996.00,567.00,39.00,42.00,1.00,-1,-1,-1
49,179,219.00,717.00,19.00,25.00,1.00,-1,-1,-1
49,186,784.00,971.00,17.00,8.00,1.00,-1,-1,-1
49,193,1157.00,967.00,41.00,65.00,1.00,-1,-1,-1
49,194,1204.00,982.00,47.00,7.00,1.00,-1,-1,-1
49,201,678.00,974.00,11.00,12.00,1.00,-1,-1,-1
49,212,1148.00,316.00,118.00,68.00,1.00,-1,-1,-1
49,218,443.00,929.00,1045.00,120.00,1.00,-1,-1,-1
49,219,1331.00,355.00,33.00,37.00,1.00,-1,-1,-1
49,221,138.00,429.00,14.00,44.00,1.00,-1,-1,-1
49,222,185.00,837.00,41.00,33.00,1.00,-1,-1,-1
49,225,247.00,882.00,25.00,23.00,1.00,-1,-1,-1
49,226,193.00,904.00,60.00,73.00,1.00,-1,-1,-1
49,228,46.00,996.00,20.00,79.00,1.00,-1,-1,-1
49,243,58.00,449.00,7.00,49.00,1.00,-1,-1,-1
49,246,117.00,1004.00,30.00,41.00,1.00,-1,-1,-1
49,254,888.00,563.00,65.00,44.00,1.00,-1,-1,-1
49,257,1070.00,143.00,29.00,16.00,1.00,-1,-1,-1
49,259,51.00,1034.00,17.00,22.00,1.00,-1,-1,-1
49,271,1679.00,998.00,13.00,82.00,1.00,-1,-1,-1
49,278,998.00,294.00,55.00,21.00,1.00,-1,-1,-1
49,284,0.00,588.00,29.00,36.00,1.00,-1,-1,-1
50,9,997.00,880.00,43.00,30.00,1.00,-1,-1,-1
50,10,597.00,935.00,139.00,66.00,1.00,-1,-1,-1
50,11,999.00,555.00,272.00,77.00,1.00,-1,-1,-1
50,12,1331.00,442.00,170.00,115.00,1.00,-1,-1,-1
50,15,593.00,883.00,128.00,72.00,1.00,-1,-1,-1
50,18,981.00,411.00,91.00,34.00,1.00,-1,-1,-1
50,21,791.00,441.00,38.00,45.00,1.00,-1,-1,-1
50,32,660.00,459.00,12.00,13.00,1.00,-1,-1,-1
50,34,981.00,385.00,13.00,42.00,1.00,-1,-1,-1
50,37,977.00,417.00,19.00,33.00,1.00,-1,-1,-1
50,38,1028.00,304.00,48.00,17.00,1.00,-1,-1,-1
50,40,1003.00,392.00,29.00,25.00,1.00,-1,-1,-1
50,41,1412.00,372.00,25.00,44.00,1.00,-1,-1,-1
50,44,922.00,430.00,196.00,65.00,1.00,-1,-1,-1
50,45,280.00,1011.00,162.00,121.00,1.00,-1,-1,-1
50,48,844.00,220.00,23.00,61.00,1.00,-1,-1,-1
50,49,987.00,403.00,15.00,11.00,1.00,-1,-1,-1
50,50,1061.00,416.00,13.00,19.00,1.00,-1,-1,-1
50,76,1165.00,327.00,11.00,32.00,1.00,-1,-1,-1
50,77,1182.00,320.00,213.00,75.00,1.00,-1,-1,-1
50,93,361.00,1061.00,21.00,20.00,1.00,-1,-1,-1
50,100,1051.00,933.00,11.00,36.00,1.00,-1,-1,-1
50,112,1227.00,294.00,54.00,12.00,1.00,-1,-1,-1
50,114,1343.00,271.00,22.00,16.00,1.00,-1,-1,-1
50,129,912.00,869.00,29.00,21.00,1.00,-1,-1,-1
50,135,824.00,535.00,499.00,99.00,1.00,-1,-1,-1
50,139,926.00,854.00,21.00,16.00,1.00,-1,-1,-1
50,142,1289.00,464.00,52.00,14.00,1.00,-1,-1,-1
50,147,1689.00,907.00,18.00,51.00,1.00,-1,-1,-1
50,148,929.00,871.00,40.00,25.00,1.00,-1,-1,-1
50,149,402.00,864.00,22.00,105.00,1.00,-1,-1,-1
50,153,1674.00,828.00,11.00,41.00,1.00,-1,-1,-1
50,158,686.00,1018.00,722.00,103.00,1.00,-1,-1,-1
50,160,262.00,895.00,17.00,123.00,1.00,-1,-1,-1
50,166,996.00,551.00,75.00,45.00,1.00,-1,-1,-1
50,174,988.00,555.00,39.00,42.00,1.00,-1,-1,-1
50,179,225.00,723.00,19.00,25.00,1.00,-1,-1,-1
50,186,784.00,971.00,17.00,8.00,1.00,-1,-1,-1
50,193,1157.00,967.00,41.00,65.00,1.00,-1,-1,-1
50,194,1204.00,982.00,47.00,7.00,1.00,-1,-1,-1
50,201,678.00,974.00,11.00,12.00,1.00,-1,-1,-1
50,212,1147.00,317.00,118.00,68.00,1.00,-1,-1,-1
50,218,443.00,929.00,1045.00,120.00,1.00,-1,-1,-1
50,219,1337.00,350.00,33.00,37.00,1.00,-1,-1,-1
50,221,145.00,434.00,14.00,44.00,1.00,-1,-1,-1
50,222,191.00,842.00,41.00,33.00,1.00,-1,-1,-1
50,225,253.00,887.00,25.00,23.00,1.00,-1,-1,-1
50,226,198.00,908.00,85.00,73.00,1.00,-1,-1,-1
50,228,52.00,1002.00,20.00,79.00,1.00,-1,-1,-1
50,243,65.00,454.00,7.00,49.00,1.00,-1,-1,-1
50,246,124.00,1011.00,33.00,35.00,1.00,-1,-1,-1
50,254,893.00,549.00,65.00,44.00,1.00,-1,-1,-1
50,257,1078.00,142.00,32.00,20.00,1.00,-1,-1,-1
50,259,57.00,1039.00,17.00,22.00,1.00,-1,-1,-1
50,271,1685.00,1003.00,13.00,82.00,1.00,-1,-1,-1
50,278,1004.00,300.00,55.00,21.00,1.00,-1,-1,-1
50,284,6.00,593.00,29.00,36.00,1.00,-1,-1,-1
50,290,811.00,0.00,23.00,9.00,1.00,-1,-1,-1
50,296,984.00,411.00,25.00,32.00,1.00,-1,-1,-1
50,299,1189.00,376.00,20.00,13.00,1.00,-1,-1,-1
50,301,164.00,0.00,24.00,218.00,1.00,-1,-1,-1
50,305,959.00,183.00,17.00,13.00,1.00,-1,-1,-1
50,307,1229.00,138.00,14.00,14.00,1.00,-1,-1,-1
50,309,665.00,208.00,22.00,16.00,1.00,-1,-1,-1
50,316,681.00,653.00,19.00,13.00,1.00,-1,-1,-1
51,9,997.00,880.00,43.00,30.00,1.00,-1,-1,-1
51,10,597.00,935.00,139.00,66.00,1.00,-1,-1,-1
51,11,999.00,555.00,272.00,77.00,1.00,-1,-1,-1
51,12,1331.00,442.00,170.00,115.00,1.00,-1,-1,-1
51,15,593.00,883.00,128.00,72.00,1.00,-1,-1,-1
51,18,981.00,411.00,91.00,34.00,1.00,-1,-1,-1
51,21,791.00,441.00,38.00,45.00,1.00,-1,-1,-1
51,32,660.00,459.00,12.00,13.00,1.00,-1,-1,-1
51,34,981.00,385.00,13.00,42.00,1.00,-1,-1,-1
51,37,977.00,417.00,19.00,33.00,1.00,-1,-1,-1
51,38,1028.00,304.00,48.00,17.00,1.00,-1,-1,-1
51,40,1003.00,392.00,29.00,25.00,1.00,-1,-1,-1
51,41,1412.00,372.00,25.00,44.00,1.00,-1,-1,-1
51,44,922.00,430.00,196.00,65.00,1.00,-1,-1,-1
51,45,280.00,1011.00,162.00,121.00,1.00,-1,-1,-1
51,48,844.00,220.00,23.00,61.00,1.00,-1,-1,-1
51,49,987.00,403.00,15.00,11.00,1.00,-1,-1,-1
51,50,1061.00,416.00,13.00,19.00,1.00,-1,-1,-1
51,76,1165.00,327.00,11.00,32.00,1.00,-1,-1,-1
51,77,1182.00,320.00,213.00,75.00,1.00,-1,-1,-1
51,93,361.00,1061.00,21.00,20.00,1.00,-1,-1,-1
51,100,1051.00,933.00,11.00,36.00,1.00,-1,-1,-1
51,112,1227.00,294.00,54.00,12.00,1.00,-1,-1,-1
51,114,1343.00,271.00,22.00,16.00,1.00,-1,-1,-1
51,129,912.00,869.00,29.00,21.00,1.00,-1,-1,-1
51,135,824.00,535.00,499.00,99.00,1.00,-1,-1,-1
51,139,926.00,854.00,21.00,16.00,1.00,-1,-1,-1
51,142,1289.00,464.00,52.00,14.00,1.00,-1,-1,-1
51,147,1689.00,907.00,18.00,51.00,1.00,-1,-1,-1
51,148,929.00,871.00,40.00,25.00,1.00,-1,-1,-1
51,149,402.00,864.00,22.00,105.00,1.00,-1,-1,-1
51,153,1674.00,828.00,11.00,41.00,1.00,-1,-1,-1
51,158,686.00,1018.00,722.00,103.00,1.00,-1,-1,-1
51,160,262.00,895.00,17.00,123.00,1.00,-1,-1,-1
51,166,996.00,551.00,75.00,45.00,1.00,-1,-1,-1
51,174,988.00,555.00,39.00,42.00,1.00,-1,-1,-1
51,179,225.00,723.00,19.00,25.00,1.00,-1,-1,-1
51,186,784.00,971.00,17.00,8.00,1.00,-1,-1,-1
51,193,1157.00,967.00,41.00,65.00,1.00,-1,-1,-1
51,194,1204.00,982.00,47.00,7.00,1.00,-1,-1,-1
51,201,678.00,974.00,11.00,12.00,1.00,-1,-1,-1
51,212,1147.00,317.00,118.00,68.00,1.00,-1,-1,-1
51,218,443.00,929.00,1045.00,120.00,1.00,-1,-1,-1
51,219,1337.00,350.00,33.00,37.00,1.00,-1,-1,-1
51,221,145.00,434.00,14.00,44.00,1.00,-1,-1,-1
51,222,191.00,842.00,41.00,33.00,1.00,-1,-1,-1
51,225,253.00,887.00,25.00,23.00,1.00,-1,-1,-1
51,226,198.00,908.00,85.00,73.00,1.00,-1,-1,-1
51,228,52.00,1002.00,20.00,79.00,1.00,-1,-1,-1
51,243,65.00,454.00,7.00,49.00,1.00,-1,-1,-1
51,246,124.00,1011.00,33.00,35.00,1.00,-1,-1,-1
51,254,893.00,549.00,65.00,44.00,1.00,-1,-1,-1
51,257,1078.00,142.00,32.00,20.00,1.00,-1,-1,-1
51,259,57.00,1039.00,17.00,22.00,1.00,-1,-1,-1
51,271,1685.00,1003.00,13.00,82.00,1.00,-1,-1,-1
51,278,1004.00,300.00,55.00,21.00,1.00,-1,-1,-1
51,284,6.00,593.00,29.00,36.00,1.00,-1,-1,-1
51,290,811.00,0.00,23.00,9.00,1.00,-1,-1,-1
51,296,984.00,411.00,25.00,32.00,1.00,-1,-1,-1
51,299,1189.00,376.00,20.00,13.00,1.00,-1,-1,-1
51,301,164.00,0.00,24.00,218.00,1.00,-1,-1,-1
51,305,959.00,183.00,17.00,13.00,1.00,-1,-1,-1
51,307,1229.00,138.00,14.00,14.00,1.00,-1,-1,-1
51,309,665.00,208.00,22.00,16.00,1.00,-1,-1,-1
51,316,681.00,653.00,19.00,13.00,1.00,-1,-1,-1
52,9,1002.00,885.00,43.00,30.00,1.00,-1,-1,-1
52,10,597.00,935.00,139.00,66.00,1.00,-1,-1,-1
52,11,822.00,536.00,477.00,86.00,1.00,-1,-1,-1
52,12,1336.00,448.00,170.00,115.00,1.00,-1,-1,-1
52,15,598.00,888.00,128.00,72.00,1.00,-1,-1,-1
52,18,972.00,413.00,86.00,32.00,1.00,-1,-1,-1
52,21,796.00,446.00,38.00,45.00,1.00,-1,-1,-1
52,32,665.00,464.00,12.00,13.00,1.00,-1,-1,-1
52,34,972.00,386.00,13.00,42.00,1.00,-1,-1,-1
52,37,968.00,417.00,19.00,33.00,1.00,-1,-1,-1
52,38,1018.00,311.00,65.00,17.00,1.00,-1,-1,-1
52,40,1008.00,398.00,29.00,25.00,1.00,-1,-1,-1
52,41,1417.00,377.00,25.00,44.00,1.00,-1,-1,-1
52,44,928.00,435.00,196.00,65.00,1.00,-1,-1,-1
52,45,281.00,1011.00,162.00,121.00,1.00,-1,-1,-1
52,48,850.00,224.00,23.00,61.00,1.00,-1,-1,-1
52,49,977.00,403.00,15.00,11.00,1.00,-1,-1,-1
52,50,1051.00,416.00,13.00,19.00,1.00,-1,-1,-1
52,76,1163.00,330.00,11.00,32.00,1.00,-1,-1,-1
52,77,1162.00,331.00,210.00,48.00,1.00,-1,-1,-1
52,93,363.00,1061.00,21.00,20.00,1.00,-1,-1,-1
52,100,1051.00,934.00,11.00,36.00,1.00,-1,-1,-1
52,112,1232.00,299.00,54.00,12.00,1.00,-1,-1,-1
52,114,1348.00,276.00,22.00,16.00,1.00,-1,-1,-1
52,129,917.00,874.00,29.00,21.00,1.00,-1,-1,-1
52,135,815.00,522.00,499.00,99.00,1.00,-1,-1,-1
52,139,931.00,859.00,21.00,16.00,1.00,-1,-1,-1
52,142,1294.00,469.00,52.00,14.00,1.00,-1,-1,-1
52,147,1694.00,911.00,18.00,51.00,1.00,-1,-1,-1
52,148,934.00,875.00,40.00,25.00,1.00,-1,-1,-1
52,149,407.00,869.00,22.00,105.00,1.00,-1,-1,-1
52,153,1679.00,834.00,11.00,41.00,1.00,-1,-1,-1
52,158,691.00,1018.00,722.00,103.00,1.00,-1,-1,-1
52,160,267.00,899.00,17.00,123.00,1.00,-1,-1,-1
52,166,989.00,539.00,75.00,45.00,1.00,-1,-1,-1
52,174,990.00,542.00,39.00,42.00,1.00,-1,-1,-1
52,179,230.00,727.00,19.00,25.00,1.00,-1,-1,-1
52,186,784.00,971.00,17.00,8.00,1.00,-1,-1,-1
52,193,1157.00,967.00,41.00,65.00,1.00,-1,-1,-1
52,194,1204.00,982.00,47.00,7.00,1.00,-1,-1,-1
52,201,678.00,974.00,11.00,12.00,1.00,-1,-1,-1
52,212,1145.00,317.00,118.00,68.00,1.00,-1,-1,-1
52,218,444.00,934.00,1037.00,111.00,1.00,-1,-1,-1
52,219,1341.00,353.00,33.00,37.00,1.00,-1,-1,-1
52,221,150.00,439.00,14.00,44.00,1.00,-1,-1,-1
52,222,196.00,846.00,41.00,33.00,1.00,-1,-1,-1
52,225,258.00,891.00,25.00,23.00,1.00,-1,-1,-1
52,226,202.00,912.00,85.00,73.00,1.00,-1,-1,-1
52,228,57.00,1006.00,20.00,79.00,1.00,-1,-1,-1
52,243,70.00,459.00,7.00,49.00,1.00,-1,-1,-1
52,246,128.00,1015.00,33.00,35.00,1.00,-1,-1,-1
52,254,896.00,537.00,65.00,44.00,1.00,-1,-1,-1
52,256,239.00,965.00,19.00,30.00,1.00,-1,-1,-1
52,257,1083.00,146.00,32.00,20.00,1.00,-1,-1,-1
52,259,62.00,1043.00,17.00,22.00,1.00,-1,-1,-1
52,271,1689.00,1008.00,13.00,82.00,1.00,-1,-1,-1
52,278,1011.00,303.00,55.00,21.00,1.00,-1,-1,-1
52,284,11.00,597.00,29.00,36.00,1.00,-1,-1,-1
52,290,812.00,4.00,23.00,9.00,1.00,-1,-1,-1
52,296,974.00,411.00,25.00,32.00,1.00,-1,-1,-1
52,299,1194.00,380.00,20.00,13.00,1.00,-1,-1,-1
52,301,169.00,5.00,24.00,218.00,1.00,-1,-1,-1
52,305,964.00,187.00,17.00,13.00,1.00,-1,-1,-1
52,307,1234.00,142.00,14.00,14.00,1.00,-1,-1,-1
52,309,669.00,212.00,22.00,16.00,1.00,-1,-1,-1
52,316,685.00,657.00,19.00,13.00,1.00,-1,-1,-1
53,9,1006.00,890.00,43.00,30.00,1.00,-1,-1,-1
53,10,597.00,935.00,139.00,66.00,1.00,-1,-1,-1
53,11,817.00,526.00,460.00,76.00,1.00,-1,-1,-1
53,12,1339.00,452.00,170.00,115.00,1.00,-1,-1,-1
53,15,601.00,892.00,128.00,72.00,1.00,-1,-1,-1
53,18,959.00,413.00,86.00,32.00,1.00,-1,-1,-1
53,21,799.00,450.00,38.00,45.00,1.00,-1,-1,-1
53,32,668.00,468.00,12.00,13.00,1.00,-1,-1,-1
53,34,962.00,387.00,13.00,42.00,1.00,-1,-1,-1
53,37,958.00,416.00,19.00,33.00,1.00,-1,-1,-1
53,38,1016.00,313.00,42.00,17.00,1.00,-1,-1,-1
53,40,1001.00,402.00,29.00,25.00,1.00,-1,-1,-1
53,41,1421.00,381.00,25.00,44.00,1.00,-1,-1,-1
53,44,931.00,440.00,196.00,65.00,1.00,-1,-1,-1
53,45,284.00,1012.00,162.00,121.00,1.00,-1,-1,-1
53,48,853.00,228.00,23.00,61.00,1.00,-1,-1,-1
53,49,967.00,404.00,15.00,11.00,1.00,-1,-1,-1
53,50,1041.00,418.00,13.00,19.00,1.00,-1,-1,-1
53,76,1160.00,333.00,11.00,32.00,1.00,-1,-1,-1
53,77,1158.00,332.00,202.00,49.00,1.00,-1,-1,-1
53,93,364.00,1061.00,21.00,20.00,1.00,-1,-1,-1
53,100,1051.00,934.00,11.00,36.00,1.00,-1,-1,-1
53,112,1236.00,303.00,54.00,12.00,1.00,-1,-1,-1
53,114,1352.00,280.00,22.00,16.00,1.00,-1,-1,-1
53,129,920.00,878.00,29.00,21.00,1.00,-1,-1,-1
53,135,806.00,510.00,499.00,99.00,1.00,-1,-1,-1
53,139,934.00,864.00,21.00,16.00,1.00,-1,-1,-1
53,142,1298.00,473.00,52.00,14.00,1.00,-1,-1,-1
53,147,1697.00,917.00,18.00,51.00,1.00,-1,-1,-1
53,148,937.00,880.00,40.00,25.00,1.00,-1,-1,-1
53,149,410.00,873.00,22.00,105.00,1.00,-1,-1,-1
53,153,1682.00,838.00,11.00,41.00,1.00,-1,-1,-1
53,158,690.00,1018.00,722.00,103.00,1.00,-1,-1,-1
53,160,270.00,904.00,17.00,123.00,1.00,-1,-1,-1
53,166,979.00,526.00,75.00,45.00,1.00,-1,-1,-1
53,174,987.00,529.00,39.00,42.00,1.00,-1,-1,-1
53,179,233.00,731.00,19.00,25.00,1.00,-1,-1,-1
53,186,784.00,971.00,17.00,8.00,1.00,-1,-1,-1
53,193,1157.00,967.00,41.00,65.00,1.00,-1,-1,-1
53,194,1204.00,982.00,47.00,7.00,1.00,-1,-1,-1
53,201,678.00,974.00,11.00,12.00,1.00,-1,-1,-1
53,212,1164.00,335.00,65.00,38.00,1.00,-1,-1,-1
53,218,444.00,920.00,1036.00,147.00,1.00,-1,-1,-1
53,219,1343.00,357.00,33.00,37.00,1.00,-1,-1,-1
53,221,153.00,444.00,14.00,44.00,1.00,-1,-1,-1
53,222,199.00,851.00,41.00,33.00,1.00,-1,-1,-1
53,225,262.00,896.00,25.00,23.00,1.00,-1,-1,-1
53,226,205.00,916.00,85.00,73.00,1.00,-1,-1,-1
53,228,60.00,1010.00,20.00,79.00,1.00,-1,-1,-1
53,243,74.00,463.00,7.00,49.00,1.00,-1,-1,-1
53,246,139.00,1033.00,17.00,22.00,1.00,-1,-1,-1
53,254,898.00,526.00,65.00,44.00,1.00,-1,-1,-1
53,256,242.00,969.00,19.00,30.00,1.00,-1,-1,-1
53,257,1087.00,150.00,32.00,20.00,1.00,-1,-1,-1
53,259,65.00,1047.00,17.00,22.00,1.00,-1,-1,-1
53,271,1693.00,1013.00,13.00,82.00,1.00,-1,-1,-1
53,278,1013.00,306.00,55.00,21.00,1.00,-1,-1,-1
53,280,225.00,937.00,28.00,27.00,1.00,-1,-1,-1
53,284,14.00,602.00,29.00,36.00,1.00,-1,-1,-1
53,290,814.00,8.00,23.00,9.00,1.00,-1,-1,-1
53,296,964.00,410.00,25.00,32.00,1.00,-1,-1,-1
53,299,1197.00,385.00,20.00,13.00,1.00,-1,-1,-1
53,301,172.00,9.00,24.00,218.00,1.00,-1,-1,-1
53,305,967.00,192.00,17.00,13.00,1.00,-1,-1,-1
53,307,1237.00,147.00,14.00,14.00,1.00,-1,-1,-1
53,309,673.00,217.00,22.00,16.00,1.00,-1,-1,-1
53,316,689.00,662.00,19.00,13.00,1.00,-1,-1,-1
54,9,1009.00,894.00,43.00,30.00,1.00,-1,-1,-1
54,10,597.00,935.00,139.00,66.00,1.00,-1,-1,-1
54,11,820.00,513.00,454.00,79.00,1.00,-1,-1,-1
54,12,1342.00,456.00,170.00,115.00,1.00,-1,-1,-1
54,15,604.00,896.00,128.00,72.00,1.00,-1,-1,-1
54,18,949.00,413.00,86.00,32.00,1.00,-1,-1,-1
54,21,802.00,455.00,38.00,45.00,1.00,-1,-1,-1
54,32,671.00,472.00,12.00,13.00,1.00,-1,-1,-1
54,34,952.00,386.00,13.00,42.00,1.00,-1,-1,-1
54,37,947.00,415.00,19.00,33.00,1.00,-1,-1,-1
54,38,1001.00,315.00,58.00,24.00,1.00,-1,-1,-1
54,40,991.00,404.00,29.00,25.00,1.00,-1,-1,-1
54,41,1424.00,386.00,25.00,44.00,1.00,-1,-1,-1
54,44,934.00,444.00,196.00,65.00,1.00,-1,-1,-1
54,45,286.00,1012.00,162.00,121.00,1.00,-1,-1,-1
54,48,856.00,232.00,23.00,61.00,1.00,-1,-1,-1
54,49,958.00,404.00,15.00,11.00,1.00,-1,-1,-1
54,50,1030.00,418.00,13.00,19.00,1.00,-1,-1,-1
54,76,1157.00,338.00,11.00,32.00,1.00,-1,-1,-1
54,77,1151.00,334.00,208.00,46.00,1.00,-1,-1,-1
54,93,364.00,1061.00,21.00,20.00,1.00,-1,-1,-1
54,100,1051.00,934.00,11.00,36.00,1.00,-1,-1,-1
54,112,1239.00,308.00,54.00,12.00,1.00,-1,-1,-1
54,114,1355.00,285.00,22.00,16.00,1.00,-1,-1,-1
54,129,923.00,882.00,29.00,21.00,1.00,-1,-1,-1
54,135,795.00,496.00,499.00,99.00,1.00,-1,-1,-1
54,139,937.00,868.00,21.00,16.00,1.00,-1,-1,-1
54,142,1300.00,478.00,52.00,14.00,1.00,-1,-1,-1
54,147,1700.00,921.00,18.00,51.00,1.00,-1,-1,-1
54,148,940.00,884.00,40.00,25.00,1.00,-1,-1,-1
54,149,413.00,877.00,22.00,105.00,1.00,-1,-1,-1
54,153,1685.00,842.00,11.00,41.00,1.00,-1,-1,-1
54,158,693.00,1018.00,722.00,103.00,1.00,-1,-1,-1
54,160,273.00,908.00,17.00,123.00,1.00,-1,-1,-1
54,166,970.00,514.00,75.00,45.00,1.00,-1,-1,-1
54,174,978.00,517.00,39.00,42.00,1.00,-1,-1,-1
54,179,237.00,735.00,19.00,25.00,1.00,-1,-1,-1
54,186,784.00,971.00,17.00,8.00,1.00,-1,-1,-1
54,193,1157.00,967.00,41.00,65.00,1.00,-1,-1,-1
54,194,1204.00,982.00,47.00,7.00,1.00,-1,-1,-1
54,201,678.00,974.00,11.00,12.00,1.00,-1,-1,-1
54,212,1163.00,338.00,102.00,34.00,1.00,-1,-1,-1
54,218,444.00,936.00,1035.00,107.00,1.00,-1,-1,-1
54,219,1346.00,362.00,33.00,37.00,1.00,-1,-1,-1
54,221,156.00,448.00,14.00,44.00,1.00,-1,-1,-1
54,222,202.00,855.00,41.00,33.00,1.00,-1,-1,-1
54,225,265.00,900.00,25.00,23.00,1.00,-1,-1,-1
54,226,209.00,921.00,85.00,73.00,1.00,-1,-1,-1
54,228,63.00,1015.00,20.00,79.00,1.00,-1,-1,-1
54,243,77.00,467.00,7.00,49.00,1.00,-1,-1,-1
54,246,141.00,1037.00,17.00,22.00,1.00,-1,-1,-1
54,254,900.00,516.00,65.00,44.00,1.00,-1,-1,-1
54,256,245.00,973.00,19.00,30.00,1.00,-1,-1,-1
54,257,1090.00,155.00,32.00,20.00,1.00,-1,-1,-1
54,259,68.00,1052.00,17.00,22.00,1.00,-1,-1,-1
54,271,1696.00,1016.00,13.00,82.00,1.00,-1,-1,-1
54,278,1014.00,309.00,55.00,21.00,1.00,-1,-1,-1
54,280,228.00,941.00,28.00,27.00,1.00,-1,-1,-1
54,284,18.00,606.00,29.00,36.00,1.00,-1,-1,-1
54,290,817.00,13.00,23.00,9.00,1.00,-1,-1,-1
54,296,954.00,409.00,25.00,32.00,1.00,-1,-1,-1
54,299,1200.00,389.00,20.00,13.00,1.00,-1,-1,-1
54,301,176.00,13.00,24.00,218.00,1.00,-1,-1,-1
54,305,970.00,196.00,17.00,13.00,1.00,-1,-1,-1
54,307,1241.00,151.00,14.00,14.00,1.00,-1,-1,-1
54,309,676.00,221.00,22.00,16.00,1.00,-1,-1,-1
54,316,692.00,666.00,19.00,13.00,1.00,-1,-1,-1
55,5,903.00,869.00,62.00,56.00,1.00,-1,-1,-1
55,9,1013.00,898.00,43.00,30.00,1.00,-1,-1,-1
55,10,597.00,935.00,139.00,66.00,1.00,-1,-1,-1
55,11,956.00,509.00,283.00,64.00,1.00,-1,-1,-1
55,12,1346.00,460.00,170.00,115.00,1.00,-1,-1,-1
55,15,608.00,900.00,128.00,72.00,1.00,-1,-1,-1
55,18,946.00,412.00,63.00,30.00,1.00,-1,-1,-1
55,21,806.00,459.00,38.00,45.00,1.00,-1,-1,-1
55,32,675.00,476.00,12.00,13.00,1.00,-1,-1,-1
55,34,945.00,386.00,13.00,42.00,1.00,-1,-1,-1
55,37,938.00,413.00,19.00,33.00,1.00,-1,-1,-1
55,38,1003.00,319.00,58.00,24.00,1.00,-1,-1,-1
55,40,983.00,404.00,29.00,25.00,1.00,-1,-1,-1
55,41,1428.00,390.00,25.00,44.00,1.00,-1,-1,-1
55,44,937.00,445.00,196.00,65.00,1.00,-1,-1,-1
55,45,288.00,1013.00,162.00,121.00,1.00,-1,-1,-1
55,48,860.00,237.00,23.00,61.00,1.00,-1,-1,-1
55,49,949.00,403.00,15.00,11.00,1.00,-1,-1,-1
55,50,1021.00,419.00,13.00,19.00,1.00,-1,-1,-1
55,76,1154.00,341.00,11.00,32.00,1.00,-1,-1,-1
55,77,1155.00,338.00,208.00,46.00,1.00,-1,-1,-1
55,93,366.00,1061.00,21.00,20.00,1.00,-1,-1,-1
55,100,1051.00,934.00,11.00,36.00,1.00,-1,-1,-1
55,112,1242.00,312.00,54.00,12.00,1.00,-1,-1,-1
55,113,1133.00,314.00,27.00,20.00,1.00,-1,-1,-1
55,114,1359.00,289.00,22.00,16.00,1.00,-1,-1,-1
55,126,1194.00,432.00,30.00,8.00,1.00,-1,-1,-1
55,129,927.00,886.00,29.00,21.00,1.00,-1,-1,-1
55,135,786.00,485.00,499.00,99.00,1.00,-1,-1,-1
55,139,941.00,871.00,21.00,16.00,1.00,-1,-1,-1
55,142,1304.00,482.00,52.00,14.00,1.00,-1,-1,-1
55,147,1704.00,924.00,18.00,51.00,1.00,-1,-1,-1
55,148,944.00,888.00,40.00,25.00,1.00,-1,-1,-1
55,149,417.00,881.00,22.00,105.00,1.00,-1,-1,-1
55,153,1689.00,846.00,11.00,41.00,1.00,-1,-1,-1
55,158,700.00,1018.00,722.00,103.00,1.00,-1,-1,-1
55,160,277.00,912.00,17.00,123.00,1.00,-1,-1,-1
55,166,962.00,504.00,75.00,45.00,1.00,-1,-1,-1
55,174,1046.00,502.00,39.00,42.00,1.00,-1,-1,-1
55,179,240.00,740.00,19.00,25.00,1.00,-1,-1,-1
55,186,784.00,971.00,17.00,8.00,1.00,-1,-1,-1
55,193,1157.00,967.00,41.00,65.00,1.00,-1,-1,-1
55,194,1204.00,982.00,47.00,7.00,1.00,-1,-1,-1
55,201,678.00,974.00,11.00,12.00,1.00,-1,-1,-1
55,212,1166.00,340.00,102.00,34.00,1.00,-1,-1,-1
55,218,443.00,936.00,1035.00,107.00,1.00,-1,-1,-1
55,219,1349.00,366.00,33.00,37.00,1.00,-1,-1,-1
55,221,160.00,452.00,14.00,44.00,1.00,-1,-1,-1
55,222,206.00,859.00,41.00,33.00,1.00,-1,-1,-1
55,225,269.00,904.00,25.00,23.00,1.00,-1,-1,-1
55,226,213.00,925.00,85.00,73.00,1.00,-1,-1,-1
55,228,67.00,1019.00,20.00,79.00,1.00,-1,-1,-1
55,243,81.00,471.00,7.00,49.00,1.00,-1,-1,-1
55,246,146.00,1041.00,17.00,22.00,1.00,-1,-1,-1
55,254,902.00,503.00,65.00,44.00,1.00,-1,-1,-1
55,256,249.00,977.00,19.00,30.00,1.00,-1,-1,-1
55,257,1096.00,160.00,31.00,21.00,1.00,-1,-1,-1
55,259,73.00,1056.00,17.00,22.00,1.00,-1,-1,-1
55,271,1700.00,1021.00,13.00,82.00,1.00,-1,-1,-1
55,278,1036.00,320.00,42.00,19.00,1.00,-1,-1,-1
55,280,232.00,945.00,28.00,27.00,1.00,-1,-1,-1
55,284,21.00,610.00,29.00,36.00,1.00,-1,-1,-1
55,290,821.00,17.00,23.00,9.00,1.00,-1,-1,-1
55,296,945.00,407.00,25.00,32.00,1.00,-1,-1,-1
55,299,1207.00,393.00,18.00,14.00,1.00,-1,-1,-1
55,301,180.00,18.00,24.00,218.00,1.00,-1,-1,-1
55,305,977.00,201.00,15.00,14.00,1.00,-1,-1,-1
55,306,553.00,369.00,12.00,14.00,1.00,-1,-1,-1
55,307,1244.00,155.00,14.00,14.00,1.00,-1,-1,-1
55,309,682.00,222.00,25.00,23.00,1.00,-1,-1,-1
55,312,660.00,294.00,20.00,23.00,1.00,-1,-1,-1
55,316,698.00,671.00,16.00,13.00,1.00,-1,-1,-1
55,318,864.00,1026.00,29.00,38.00,1.00,-1,-1,-1
55,325,829.00,501.00,100.00,33.00,1.00,-1,-1,-1
55,332,269.00,86.00,15.00,15.00,1.00,-1,-1,-1
56,5,906.00,872.00,62.00,56.00,1.00,-1,-1,-1
56,9,1016.00,901.00,43.00,30.00,1.00,-1,-1,-1
56,10,597.00,935.00,139.00,66.00,1.00,-1,-1,-1
56,11,818.00,497.00,281.00,62.00,1.00,-1,-1,-1
56,12,1350.00,464.00,170.00,115.00,1.00,-1,-1,-1
56,15,612.00,904.00,128.00,72.00,1.00,-1,-1,-1
56,18,934.00,407.00,82.00,39.00,1.00,-1,-1,-1
56,21,820.00,469.00,38.00,45.00,1.00,-1,-1,-1
56,32,679.00,480.00,12.00,13.00,1.00,-1,-1,-1
56,34,937.00,385.00,13.00,42.00,1.00,-1,-1,-1
56,37,929.00,410.00,19.00,33.00,1.00,-1,-1,-1
56,38,1019.00,322.00,52.00,22.00,1.00,-1,-1,-1
56,40,974.00,403.00,29.00,25.00,1.00,-1,-1,-1
56,41,1432.00,393.00,25.00,44.00,1.00,-1,-1,-1
56,44,942.00,452.00,196.00,65.00,1.00,-1,-1,-1
56,45,289.00,1013.00,162.00,121.00,1.00,-1,-1,-1
56,48,864.00,240.00,23.00,61.00,1.00,-1,-1,-1
56,49,941.00,402.00,15.00,11.00,1.00,-1,-1,-1
56,50,1017.00,420.00,13.00,19.00,1.00,-1,-1,-1
56,76,1154.00,345.00,11.00,32.00,1.00,-1,-1,-1
56,77,1158.00,341.00,208.00,46.00,1.00,-1,-1,-1
56,93,368.00,1062.00,21.00,20.00,1.00,-1,-1,-1
56,100,1051.00,934.00,11.00,36.00,1.00,-1,-1,-1
56,112,1247.00,315.00,54.00,12.00,1.00,-1,-1,-1
56,113,1136.00,317.00,27.00,20.00,1.00,-1,-1,-1
56,114,1363.00,292.00,22.00,16.00,1.00,-1,-1,-1
56,126,1198.00,435.00,30.00,8.00,1.00,-1,-1,-1
56,129,931.00,890.00,29.00,21.00,1.00,-1,-1,-1
56,135,778.00,472.00,499.00,99.00,1.00,-1,-1,-1
56,139,945.00,875.00,21.00,16.00,1.00,-1,-1,-1
56,142,1308.00,485.00,52.00,14.00,1.00,-1,-1,-1
56,147,1708.00,928.00,18.00,51.00,1.00,-1,-1,-1
56,148,948.00,891.00,40.00,25.00,1.00,-1,-1,-1
56,149,421.00,885.00,22.00,105.00,1.00,-1,-1,-1
56,153,1693.00,850.00,11.00,41.00,1.00,-1,-1,-1
56,158,712.00,1018.00,722.00,103.00,1.00,-1,-1,-1
56,160,281.00,915.00,17.00,123.00,1.00,-1,-1,-1
56,166,954.00,492.00,75.00,45.00,1.00,-1,-1,-1
56,174,1037.00,490.00,39.00,42.00,1.00,-1,-1,-1
56,179,244.00,743.00,19.00,25.00,1.00,-1,-1,-1
56,186,784.00,971.00,17.00,8.00,1.00,-1,-1,-1
56,193,1157.00,967.00,41.00,65.00,1.00,-1,-1,-1
56,194,1204.00,982.00,47.00,7.00,1.00,-1,-1,-1
56,201,678.00,974.00,11.00,12.00,1.00,-1,-1,-1
56,212,1182.00,341.00,72.00,37.00,1.00,-1,-1,-1
56,218,444.00,934.00,1036.00,111.00,1.00,-1,-1,-1
56,219,1353.00,369.00,33.00,37.00,1.00,-1,-1,-1
56,221,164.00,456.00,14.00,44.00,1.00,-1,-1,-1
56,222,210.00,862.00,41.00,33.00,1.00,-1,-1,-1
56,225,273.00,908.00,25.00,23.00,1.00,-1,-1,-1
56,226,216.00,928.00,85.00,73.00,1.00,-1,-1,-1
56,228,71.00,1022.00,20.00,79.00,1.00,-1,-1,-1
56,243,85.00,475.00,7.00,49.00,1.00,-1,-1,-1
56,246,149.00,1044.00,17.00,22.00,1.00,-1,-1,-1
56,254,901.00,490.00,65.00,44.00,1.00,-1,-1,-1
56,256,253.00,981.00,19.00,30.00,1.00,-1,-1,-1
56,257,1099.00,163.00,31.00,21.00,1.00,-1,-1,-1
56,259,76.00,1059.00,17.00,22.00,1.00,-1,-1,-1
56,271,1704.00,1025.00,13.00,82.00,1.00,-1,-1,-1
56,278,1036.00,324.00,42.00,19.00,1.00,-1,-1,-1
56,280,235.00,948.00,28.00,27.00,1.00,-1,-1,-1
56,284,25.00,613.00,29.00,36.00,1.00,-1,-1,-1
56,290,825.00,20.00,23.00,9.00,1.00,-1,-1,-1
56,296,936.00,406.00,25.00,32.00,1.00,-1,-1,-1
56,299,1210.00,396.00,18.00,14.00,1.00,-1,-1,-1
56,301,183.00,21.00,24.00,218.00,1.00,-1,-1,-1
56,305,980.00,204.00,15.00,14.00,1.00,-1,-1,-1
56,306,556.00,372.00,12.00,14.00,1.00,-1,-1,-1
56,307,1248.00,159.00,14.00,14.00,1.00,-1,-1,-1
56,309,685.00,226.00,25.00,23.00,1.00,-1,-1,-1
56,312,663.00,297.00,20.00,23.00,1.00,-1,-1,-1
56,316,701.00,674.00,16.00,13.00,1.00,-1,-1,-1
56,318,867.00,1029.00,29.00,38.00,1.00,-1,-1,-1
56,325,824.00,488.00,100.00,33.00,1.00,-1,-1,-1
56,332,273.00,89.00,15.00,15.00,1.00,-1,-1,-1
57,5,906.00,872.00,62.00,56.00,1.00,-1,-1,-1
57,9,1016.00,901.00,43.00,30.00,1.00,-1,-1,-1
57,10,597.00,935.00,139.00,66.00,1.00,-1,-1,-1
57,11,818.00,497.00,281.00,62.00,1.00,-1,-1,-1
57,12,1350.00,464.00,170.00,115.00,1.00,-1,-1,-1
57,15,612.00,904.00,128.00,72.00,1.00,-1,-1,-1
57,18,934.00,407.00,82.00,39.00,1.00,-1,-1,-1
57,21,820.00,469.00,38.00,45.00,1.00,-1,-1,-1
57,32,679.00,480.00,12.00,13.00,1.00,-1,-1,-1
57,34,937.00,385.00,13.00,42.00,1.00,-1,-1,-1
57,37,929.00,410.00,19.00,33.00,1.00,-1,-1,-1
57,38,1019.00,322.00,52.00,22.00,1.00,-1,-1,-1
57,40,974.00,403.00,29.00,25.00,1.00,-1,-1,-1
57,41,1432.00,393.00,25.00,44.00,1.00,-1,-1,-1
57,44,942.00,452.00,196.00,65.00,1.00,-1,-1,-1
57,45,289.00,1013.00,162.00,121.00,1.00,-1,-1,-1
57,48,864.00,240.00,23.00,61.00,1.00,-1,-1,-1
57,49,941.00,402.00,15.00,11.00,1.00,-1,-1,-1
57,50,1017.00,420.00,13.00,19.00,1.00,-1,-1,-1
57,76,1154.00,345.00,11.00,32.00,1.00,-1,-1,-1
57,77,1158.00,341.00,208.00,46.00,1.00,-1,-1,-1
57,93,368.00,1062.00,21.00,20.00,1.00,-1,-1,-1
57,100,1051.00,934.00,11.00,36.00,1.00,-1,-1,-1
57,112,1247.00,315.00,54.00,12.00,1.00,-1,-1,-1
57,113,1136.00,317.00,27.00,20.00,1.00,-1,-1,-1
57,114,1363.00,292.00,22.00,16.00,1.00,-1,-1,-1
57,126,1198.00,435.00,30.00,8.00,1.00,-1,-1,-1
57,129,931.00,890.00,29.00,21.00,1.00,-1,-1,-1
57,135,778.00,472.00,499.00,99.00,1.00,-1,-1,-1
57,139,945.00,875.00,21.00,16.00,1.00,-1,-1,-1
57,142,1308.00,485.00,52.00,14.00,1.00,-1,-1,-1
57,147,1708.00,928.00,18.00,51.00,1.00,-1,-1,-1
57,148,948.00,891.00,40.00,25.00,1.00,-1,-1,-1
57,149,421.00,885.00,22.00,105.00,1.00,-1,-1,-1
57,153,1693.00,850.00,11.00,41.00,1.00,-1,-1,-1
57,158,712.00,1018.00,722.00,103.00,1.00,-1,-1,-1
57,160,281.00,915.00,17.00,123.00,1.00,-1,-1,-1
57,166,954.00,492.00,75.00,45.00,1.00,-1,-1,-1
57,174,1037.00,490.00,39.00,42.00,1.00,-1,-1,-1
57,179,244.00,743.00,19.00,25.00,1.00,-1,-1,-1
57,186,784.00,971.00,17.00,8.00,1.00,-1,-1,-1
57,193,1157.00,967.00,41.00,65.00,1.00,-1,-1,-1
57,194,1204.00,982.00,47.00,7.00,1.00,-1,-1,-1
57,201,678.00,974.00,11.00,12.00,1.00,-1,-1,-1
57,212,1182.00,341.00,72.00,37.00,1.00,-1,-1,-1
57,218,444.00,934.00,1036.00,111.00,1.00,-1,-1,-1
57,219,1353.00,369.00,33.00,37.00,1.00,-1,-1,-1
57,221,164.00,456.00,14.00,44.00,1.00,-1,-1,-1
57,222,210.00,862.00,41.00,33.00,1.00,-1,-1,-1
57,225,273.00,908.00,25.00,23.00,1.00,-1,-1,-1
57,226,216.00,928.00,85.00,73.00,1.00,-1,-1,-1
57,228,71.00,1022.00,20.00,79.00,1.00,-1,-1,-1
57,243,85.00,475.00,7.00,49.00,1.00,-1,-1,-1
57,246,149.00,1044.00,17.00,22.00,1.00,-1,-1,-1
57,254,901.00,490.00,65.00,44.00,1.00,-1,-1,-1
57,256,253.00,981.00,19.00,30.00,1.00,-1,-1,-1
57,257,1099.00,163.00,31.00,21.00,1.00,-1,-1,-1
57,259,76.00,1059.00,17.00,22.00,1.00,-1,-1,-1
57,271,1704.00,1025.00,13.00,82.00,1.00,-1,-1,-1
57,278,1036.00,324.00,42.00,19.00,1.00,-1,-1,-1
57,280,235.00,948.00,28.00,27.00,1.00,-1,-1,-1
57,284,25.00,613.00,29.00,36.00,1.00,-1,-1,-1
57,290,825.00,20.00,23.00,9.00,1.00,-1,-1,-1
57,296,936.00,406.00,25.00,32.00,1.00,-1,-1,-1
57,299,1210.00,396.00,18.00,14.00,1.00,-1,-1,-1
57,301,183.00,21.00,24.00,218.00,1.00,-1,-1,-1
57,305,980.00,204.00,15.00,14.00,1.00,-1,-1,-1
57,306,556.00,372.00,12.00,14.00,1.00,-1,-1,-1
57,307,1248.00,159.00,14.00,14.00,1.00,-1,-1,-1
57,309,685.00,226.00,25.00,23.00,1.00,-1,-1,-1
57,312,663.00,297.00,20.00,23.00,1.00,-1,-1,-1
57,316,701.00,674.00,16.00,13.00,1.00,-1,-1,-1
57,318,867.00,1029.00,29.00,38.00,1.00,-1,-1,-1
57,325,824.00,488.00,100.00,33.00,1.00,-1,-1,-1
57,332,273.00,89.00,15.00,15.00,1.00,-1,-1,-1
58,5,909.00,875.00,62.00,56.00,1.00,-1,-1,-1
58,9,1019.00,904.00,43.00,30.00,1.00,-1,-1,-1
58,10,597.00,935.00,139.00,66.00,1.00,-1,-1,-1
58,11,790.00,464.00,451.00,83.00,1.00,-1,-1,-1
58,12,1352.00,467.00,170.00,115.00,1.00,-1,-1,-1
58,15,614.00,906.00,128.00,72.00,1.00,-1,-1,-1
58,18,922.00,410.00,78.00,30.00,1.00,-1,-1,-1
58,21,813.00,460.00,38.00,45.00,1.00,-1,-1,-1
58,32,682.00,483.00,12.00,13.00,1.00,-1,-1,-1
58,34,929.00,383.00,13.00,42.00,1.00,-1,-1,-1
58,37,921.00,407.00,19.00,33.00,1.00,-1,-1,-1
58,38,1021.00,323.00,46.00,44.00,1.00,-1,-1,-1
58,40,965.00,401.00,29.00,25.00,1.00,-1,-1,-1
58,41,1435.00,396.00,25.00,44.00,1.00,-1,-1,-1
58,44,941.00,439.00,196.00,65.00,1.00,-1,-1,-1
58,45,291.00,1013.00,162.00,121.00,1.00,-1,-1,-1
58,48,867.00,243.00,23.00,61.00,1.00,-1,-1,-1
58,49,933.00,400.00,15.00,11.00,1.00,-1,-1,-1
58,50,1018.00,421.00,13.00,19.00,1.00,-1,-1,-1
58,76,1152.00,346.00,11.00,32.00,1.00,-1,-1,-1
58,77,1161.00,344.00,208.00,46.00,1.00,-1,-1,-1
58,93,368.00,1062.00,21.00,20.00,1.00,-1,-1,-1
58,100,1051.00,934.00,11.00,36.00,1.00,-1,-1,-1
58,112,1250.00,318.00,54.00,12.00,1.00,-1,-1,-1
58,113,1139.00,320.00,27.00,20.00,1.00,-1,-1,-1
58,114,1366.00,296.00,22.00,16.00,1.00,-1,-1,-1
58,126,1196.00,430.00,34.00,16.00,1.00,-1,-1,-1
58,129,934.00,893.00,29.00,21.00,1.00,-1,-1,-1
58,135,769.00,460.00,499.00,99.00,1.00,-1,-1,-1
58,139,947.00,878.00,21.00,16.00,1.00,-1,-1,-1
58,142,1311.00,488.00,52.00,14.00,1.00,-1,-1,-1
58,147,1710.00,930.00,18.00,51.00,1.00,-1,-1,-1
58,148,950.00,895.00,40.00,25.00,1.00,-1,-1,-1
58,149,424.00,888.00,22.00,105.00,1.00,-1,-1,-1
58,153,1695.00,851.00,11.00,41.00,1.00,-1,-1,-1
58,158,713.00,1018.00,722.00,103.00,1.00,-1,-1,-1
58,160,283.00,918.00,17.00,123.00,1.00,-1,-1,-1
58,166,944.00,480.00,75.00,45.00,1.00,-1,-1,-1
58,174,1028.00,478.00,39.00,42.00,1.00,-1,-1,-1
58,179,247.00,746.00,19.00,25.00,1.00,-1,-1,-1
58,186,784.00,971.00,17.00,8.00,1.00,-1,-1,-1
58,193,1157.00,967.00,41.00,65.00,1.00,-1,-1,-1
58,194,1204.00,982.00,47.00,7.00,1.00,-1,-1,-1
58,201,678.00,974.00,11.00,12.00,1.00,-1,-1,-1
58,212,1184.00,346.00,44.00,27.00,1.00,-1,-1,-1
58,216,800.00,1054.00,18.00,26.00,1.00,-1,-1,-1
58,218,444.00,933.00,1036.00,111.00,1.00,-1,-1,-1
58,219,1356.00,372.00,33.00,37.00,1.00,-1,-1,-1
58,221,167.00,458.00,14.00,44.00,1.00,-1,-1,-1
58,222,212.00,865.00,41.00,33.00,1.00,-1,-1,-1
58,225,275.00,910.00,25.00,23.00,1.00,-1,-1,-1
58,226,219.00,931.00,85.00,73.00,1.00,-1,-1,-1
58,228,73.00,1025.00,20.00,79.00,1.00,-1,-1,-1
58,243,88.00,478.00,7.00,49.00,1.00,-1,-1,-1
58,246,152.00,1047.00,17.00,22.00,1.00,-1,-1,-1
58,254,901.00,479.00,65.00,44.00,1.00,-1,-1,-1
58,256,255.00,983.00,19.00,30.00,1.00,-1,-1,-1
58,257,1103.00,166.00,32.00,23.00,1.00,-1,-1,-1
58,259,77.00,1060.00,17.00,22.00,1.00,-1,-1,-1
58,271,1706.00,1027.00,13.00,82.00,1.00,-1,-1,-1
58,278,1039.00,327.00,42.00,19.00,1.00,-1,-1,-1
58,280,238.00,951.00,28.00,27.00,1.00,-1,-1,-1
58,284,28.00,616.00,29.00,36.00,1.00,-1,-1,-1
58,290,828.00,23.00,23.00,9.00,1.00,-1,-1,-1
58,296,928.00,404.00,25.00,32.00,1.00,-1,-1,-1
58,299,1214.00,400.00,19.00,14.00,1.00,-1,-1,-1
58,301,186.00,23.00,24.00,218.00,1.00,-1,-1,-1
58,305,985.00,208.00,15.00,14.00,1.00,-1,-1,-1
58,306,559.00,375.00,12.00,14.00,1.00,-1,-1,-1
58,307,1251.00,162.00,14.00,14.00,1.00,-1,-1,-1
58,309,689.00,231.00,23.00,21.00,1.00,-1,-1,-1
58,312,667.00,308.00,20.00,16.00,1.00,-1,-1,-1
58,316,705.00,679.00,13.00,11.00,1.00,-1,-1,-1
58,318,870.00,1032.00,29.00,38.00,1.00,-1,-1,-1
58,325,816.00,477.00,100.00,33.00,1.00,-1,-1,-1
58,332,277.00,94.00,18.00,16.00,1.00,-1,-1,-1
58,350,818.00,13.00,28.00,23.00,1.00,-1,-1,-1
58,352,1163.00,582.00,15.00,30.00,1.00,-1,-1,-1
58,354,1164.00,408.00,16.00,13.00,1.00,-1,-1,-1
58,356,0.00,530.00,80.00,306.00,1.00,-1,-1,-1
58,360,1284.00,280.00,106.00,70.00,1.00,-1,-1,-1
58,362,767.00,316.00,15.00,13.00,1.00,-1,-1,-1
58,363,583.00,224.00,26.00,20.00,1.00,-1,-1,-1
58,364,1710.00,968.00,17.00,112.00,1.00,-1,-1,-1
58,365,1062.00,200.00,19.00,13.00,1.00,-1,-1,-1
59,5,911.00,877.00,62.00,56.00,1.00,-1,-1,-1
59,9,1021.00,907.00,43.00,30.00,1.00,-1,-1,-1
59,10,597.00,935.00,139.00,66.00,1.00,-1,-1,-1
59,11,824.00,466.00,404.00,69.00,1.00,-1,-1,-1
59,12,1354.00,469.00,170.00,115.00,1.00,-1,-1,-1
59,15,615.00,907.00,128.00,72.00,1.00,-1,-1,-1
59,18,912.00,407.00,78.00,30.00,1.00,-1,-1,-1
59,21,809.00,450.00,38.00,45.00,1.00,-1,-1,-1
59,32,683.00,485.00,12.00,13.00,1.00,-1,-1,-1
59,34,920.00,382.00,13.00,42.00,1.00,-1,-1,-1
59,37,914.00,404.00,19.00,33.00,1.00,-1,-1,-1
59,38,1021.00,324.00,46.00,44.00,1.00,-1,-1,-1
59,40,957.00,398.00,29.00,25.00,1.00,-1,-1,-1
59,41,1436.00,398.00,25.00,44.00,1.00,-1,-1,-1
59,44,940.00,437.00,196.00,65.00,1.00,-1,-1,-1
59,45,291.00,1013.00,162.00,121.00,1.00,-1,-1,-1
59,48,869.00,246.00,23.00,61.00,1.00,-1,-1,-1
59,49,924.00,398.00,15.00,11.00,1.00,-1,-1,-1
59,50,1008.00,419.00,13.00,19.00,1.00,-1,-1,-1
59,76,1149.00,346.00,11.00,32.00,1.00,-1,-1,-1
59,77,1163.00,346.00,208.00,46.00,1.00,-1,-1,-1
59,93,368.00,1062.00,21.00,20.00,1.00,-1,-1,-1
59,100,1051.00,934.00,11.00,36.00,1.00,-1,-1,-1
59,112,1250.00,319.00,54.00,12.00,1.00,-1,-1,-1
59,113,1141.00,322.00,27.00,20.00,1.00,-1,-1,-1
59,114,1367.00,298.00,22.00,16.00,1.00,-1,-1,-1
59,126,1197.00,432.00,34.00,16.00,1.00,-1,-1,-1
59,129,936.00,895.00,29.00,21.00,1.00,-1,-1,-1
59,135,758.00,448.00,499.00,99.00,1.00,-1,-1,-1
59,139,949.00,881.00,21.00,16.00,1.00,-1,-1,-1
59,142,1313.00,490.00,52.00,14.00,1.00,-1,-1,-1
59,147,1711.00,931.00,18.00,51.00,1.00,-1,-1,-1
59,148,952.00,897.00,40.00,25.00,1.00,-1,-1,-1
59,149,425.00,890.00,22.00,105.00,1.00,-1,-1,-1
59,153,1697.00,854.00,11.00,41.00,1.00,-1,-1,-1
59,158,715.00,1018.00,722.00,103.00,1.00,-1,-1,-1
59,160,285.00,920.00,17.00,123.00,1.00,-1,-1,-1
59,166,934.00,469.00,75.00,45.00,1.00,-1,-1,-1
59,174,1017.00,464.00,39.00,42.00,1.00,-1,-1,-1
59,179,248.00,748.00,19.00,25.00,1.00,-1,-1,-1
59,186,784.00,971.00,17.00,8.00,1.00,-1,-1,-1
59,193,1157.00,967.00,41.00,65.00,1.00,-1,-1,-1
59,194,1204.00,982.00,47.00,7.00,1.00,-1,-1,-1
59,201,678.00,974.00,11.00,12.00,1.00,-1,-1,-1
59,212,1175.00,339.00,44.00,27.00,1.00,-1,-1,-1
59,216,800.00,1058.00,18.00,26.00,1.00,-1,-1,-1
59,218,444.00,935.00,1034.00,106.00,1.00,-1,-1,-1
59,219,1358.00,375.00,33.00,37.00,1.00,-1,-1,-1
59,221,168.00,460.00,14.00,44.00,1.00,-1,-1,-1
59,222,214.00,867.00,41.00,33.00,1.00,-1,-1,-1
59,225,277.00,912.00,25.00,23.00,1.00,-1,-1,-1
59,226,220.00,933.00,85.00,73.00,1.00,-1,-1,-1
59,228,75.00,1027.00,20.00,79.00,1.00,-1,-1,-1
59,243,90.00,480.00,7.00,49.00,1.00,-1,-1,-1
59,246,153.00,1049.00,17.00,22.00,1.00,-1,-1,-1
59,254,902.00,473.00,65.00,44.00,1.00,-1,-1,-1
59,256,257.00,985.00,19.00,30.00,1.00,-1,-1,-1
59,257,1105.00,168.00,32.00,23.00,1.00,-1,-1,-1
59,259,78.00,1060.00,17.00,22.00,1.00,-1,-1,-1
59,271,1707.00,1044.00,13.00,82.00,1.00,-1,-1,-1
59,278,1041.00,329.00,42.00,19.00,1.00,-1,-1,-1
59,280,246.00,954.00,20.00,14.00,1.00,-1,-1,-1
59,284,30.00,619.00,29.00,36.00,1.00,-1,-1,-1
59,290,830.00,26.00,23.00,9.00,1.00,-1,-1,-1
59,296,919.00,401.00,25.00,32.00,1.00,-1,-1,-1
59,299,1215.00,402.00,19.00,14.00,1.00,-1,-1,-1
59,301,188.00,25.00,24.00,218.00,1.00,-1,-1,-1
59,305,986.00,210.00,15.00,14.00,1.00,-1,-1,-1
59,306,561.00,378.00,12.00,14.00,1.00,-1,-1,-1
59,307,1253.00,164.00,14.00,14.00,1.00,-1,-1,-1
59,309,690.00,233.00,23.00,21.00,1.00,-1,-1,-1
59,312,668.00,310.00,20.00,16.00,1.00,-1,-1,-1
59,316,706.00,681.00,13.00,11.00,1.00,-1,-1,-1
59,318,871.00,1034.00,29.00,38.00,1.00,-1,-1,-1
59,325,806.00,469.00,100.00,33.00,1.00,-1,-1,-1
59,332,279.00,96.00,18.00,16.00,1.00,-1,-1,-1
59,350,819.00,15.00,28.00,23.00,1.00,-1,-1,-1
59,352,1164.00,584.00,15.00,30.00,1.00,-1,-1,-1
59,354,1165.00,410.00,16.00,13.00,1.00,-1,-1,-1
59,356,1.00,532.00,80.00,306.00,1.00,-1,-1,-1
59,360,1286.00,282.00,106.00,70.00,1.00,-1,-1,-1
59,362,768.00,318.00,15.00,13.00,1.00,-1,-1,-1
59,363,584.00,226.00,26.00,20.00,1.00,-1,-1,-1
59,364,1711.00,969.00,17.00,112.00,1.00,-1,-1,-1
59,365,1063.00,202.00,19.00,13.00,1.00,-1,-1,-1
59,373,802.00,356.00,87.00,41.00,1.00,-1,-1,-1
60,5,911.00,879.00,62.00,56.00,1.00,-1,-1,-1
60,9,1021.00,908.00,43.00,30.00,1.00,-1,-1,-1
60,10,597.00,935.00,139.00,66.00,1.00,-1,-1,-1
60,11,898.00,432.00,311.00,94.00,1.00,-1,-1,-1
60,12,1355.00,470.00,170.00,115.00,1.00,-1,-1,-1
60,15,615.00,908.00,128.00,72.00,1.00,-1,-1,-1
60,18,902.00,403.00,78.00,30.00,1.00,-1,-1,-1
60,21,767.00,438.00,38.00,45.00,1.00,-1,-1,-1
60,32,684.00,487.00,12.00,13.00,1.00,-1,-1,-1
60,34,914.00,380.00,13.00,42.00,1.00,-1,-1,-1
60,37,907.00,402.00,19.00,33.00,1.00,-1,-1,-1
60,38,1021.00,324.00,46.00,44.00,1.00,-1,-1,-1
60,40,949.00,393.00,29.00,25.00,1.00,-1,-1,-1
60,41,1437.00,400.00,25.00,44.00,1.00,-1,-1,-1
60,44,934.00,422.00,196.00,65.00,1.00,-1,-1,-1
60,45,291.00,1013.00,162.00,121.00,1.00,-1,-1,-1
60,48,870.00,248.00,23.00,61.00,1.00,-1,-1,-1
60,49,916.00,396.00,15.00,11.00,1.00,-1,-1,-1
60,50,998.00,415.00,13.00,19.00,1.00,-1,-1,-1
60,76,1144.00,346.00,11.00,32.00,1.00,-1,-1,-1
60,77,1163.00,348.00,208.00,46.00,1.00,-1,-1,-1
60,93,367.00,1062.00,21.00,20.00,1.00,-1,-1,-1
60,100,1051.00,934.00,11.00,36.00,1.00,-1,-1,-1
60,112,1250.00,319.00,54.00,12.00,1.00,-1,-1,-1
60,113,1142.00,324.00,27.00,20.00,1.00,-1,-1,-1
60,114,1368.00,300.00,22.00,16.00,1.00,-1,-1,-1
60,126,1199.00,434.00,34.00,16.00,1.00,-1,-1,-1
60,129,936.00,896.00,29.00,21.00,1.00,-1,-1,-1
60,135,747.00,436.00,499.00,99.00,1.00,-1,-1,-1
60,139,949.00,883.00,21.00,16.00,1.00,-1,-1,-1
60,142,1314.00,492.00,52.00,14.00,1.00,-1,-1,-1
60,147,1712.00,932.00,18.00,51.00,1.00,-1,-1,-1
60,148,953.00,899.00,40.00,25.00,1.00,-1,-1,-1
60,149,426.00,892.00,22.00,105.00,1.00,-1,-1,-1
60,153,1698.00,856.00,11.00,41.00,1.00,-1,-1,-1
60,158,715.00,1018.00,722.00,103.00,1.00,-1,-1,-1
60,160,286.00,922.00,17.00,123.00,1.00,-1,-1,-1
60,166,924.00,458.00,75.00,45.00,1.00,-1,-1,-1
60,174,1006.00,450.00,39.00,42.00,1.00,-1,-1,-1
60,179,249.00,750.00,19.00,25.00,1.00,-1,-1,-1
60,186,784.00,971.00,17.00,8.00,1.00,-1,-1,-1
60,193,1157.00,967.00,41.00,65.00,1.00,-1,-1,-1
60,194,1204.00,982.00,47.00,7.00,1.00,-1,-1,-1
60,201,678.00,974.00,11.00,12.00,1.00,-1,-1,-1
60,212,1172.00,336.00,44.00,27.00,1.00,-1,-1,-1
60,216,802.00,1058.00,18.00,26.00,1.00,-1,-1,-1
60,218,445.00,936.00,1031.00,107.00,1.00,-1,-1,-1
60,219,1359.00,377.00,33.00,37.00,1.00,-1,-1,-1
60,221,169.00,462.00,14.00,44.00,1.00,-1,-1,-1
60,222,215.00,869.00,41.00,33.00,1.00,-1,-1,-1
60,225,277.00,914.00,25.00,23.00,1.00,-1,-1,-1
60,226,221.00,935.00,85.00,73.00,1.00,-1,-1,-1
60,228,76.00,1029.00,20.00,79.00,1.00,-1,-1,-1
60,243,90.00,482.00,7.00,49.00,1.00,-1,-1,-1
60,246,154.00,1051.00,17.00,22.00,1.00,-1,-1,-1
60,254,901.00,462.00,65.00,44.00,1.00,-1,-1,-1
60,256,258.00,987.00,19.00,30.00,1.00,-1,-1,-1
60,257,1105.00,170.00,32.00,23.00,1.00,-1,-1,-1
60,259,78.00,1061.00,17.00,22.00,1.00,-1,-1,-1
60,271,1706.00,1044.00,13.00,82.00,1.00,-1,-1,-1
60,278,1060.00,327.00,42.00,19.00,1.00,-1,-1,-1
60,280,246.00,956.00,20.00,14.00,1.00,-1,-1,-1
60,284,31.00,620.00,29.00,36.00,1.00,-1,-1,-1
60,290,831.00,28.00,23.00,9.00,1.00,-1,-1,-1
60,296,912.00,399.00,25.00,32.00,1.00,-1,-1,-1
60,299,1217.00,404.00,19.00,14.00,1.00,-1,-1,-1
60,301,189.00,27.00,24.00,218.00,1.00,-1,-1,-1
60,305,987.00,212.00,15.00,14.00,1.00,-1,-1,-1
60,306,562.00,380.00,12.00,14.00,1.00,-1,-1,-1
60,307,1254.00,166.00,14.00,14.00,1.00,-1,-1,-1
60,309,691.00,235.00,23.00,21.00,1.00,-1,-1,-1
60,312,669.00,312.00,20.00,16.00,1.00,-1,-1,-1
60,316,707.00,683.00,13.00,11.00,1.00,-1,-1,-1
60,318,872.00,1036.00,29.00,38.00,1.00,-1,-1,-1
60,325,813.00,456.00,100.00,33.00,1.00,-1,-1,-1
60,332,279.00,98.00,18.00,16.00,1.00,-1,-1,-1
60,350,821.00,17.00,28.00,23.00,1.00,-1,-1,-1
60,352,1165.00,585.00,15.00,30.00,1.00,-1,-1,-1
60,354,1166.00,412.00,16.00,13.00,1.00,-1,-1,-1
60,356,2.00,534.00,80.00,306.00,1.00,-1,-1,-1
60,360,1288.00,284.00,106.00,70.00,1.00,-1,-1,-1
60,362,769.00,320.00,15.00,13.00,1.00,-1,-1,-1
60,363,585.00,228.00,26.00,20.00,1.00,-1,-1,-1
60,364,1712.00,971.00,17.00,112.00,1.00,-1,-1,-1
60,365,1064.00,204.00,19.00,13.00,1.00,-1,-1,-1
60,373,801.00,355.00,87.00,41.00,1.00,-1,-1,-1
61,5,911.00,880.00,62.00,56.00,1.00,-1,-1,-1
61,9,1021.00,909.00,43.00,30.00,1.00,-1,-1,-1
61,10,597.00,935.00,139.00,66.00,1.00,-1,-1,-1
61,11,832.00,401.00,366.00,116.00,1.00,-1,-1,-1
61,12,1355.00,472.00,170.00,115.00,1.00,-1,-1,-1
61,15,615.00,908.00,128.00,72.00,1.00,-1,-1,-1
61,18,891.00,399.00,78.00,30.00,1.00,-1,-1,-1
61,21,758.00,428.00,38.00,45.00,1.00,-1,-1,-1
61,32,684.00,488.00,12.00,13.00,1.00,-1,-1,-1
61,34,904.00,376.00,13.00,42.00,1.00,-1,-1,-1
61,37,897.00,397.00,19.00,33.00,1.00,-1,-1,-1
61,38,1046.00,321.00,46.00,44.00,1.00,-1,-1,-1
61,40,940.00,389.00,29.00,25.00,1.00,-1,-1,-1
61,41,1437.00,401.00,25.00,44.00,1.00,-1,-1,-1
61,44,922.00,409.00,196.00,65.00,1.00,-1,-1,-1
61,45,290.00,1014.00,162.00,121.00,1.00,-1,-1,-1
61,48,870.00,248.00,23.00,61.00,1.00,-1,-1,-1
61,49,907.00,392.00,15.00,11.00,1.00,-1,-1,-1
61,50,988.00,411.00,13.00,19.00,1.00,-1,-1,-1
61,76,1140.00,347.00,11.00,32.00,1.00,-1,-1,-1
61,77,1163.00,349.00,208.00,46.00,1.00,-1,-1,-1
61,93,367.00,1062.00,21.00,20.00,1.00,-1,-1,-1
61,100,1051.00,934.00,11.00,36.00,1.00,-1,-1,-1
61,112,1247.00,315.00,54.00,12.00,1.00,-1,-1,-1
61,113,1142.00,325.00,27.00,20.00,1.00,-1,-1,-1
61,114,1368.00,301.00,22.00,16.00,1.00,-1,-1,-1
61,126,1198.00,435.00,34.00,16.00,1.00,-1,-1,-1
61,129,936.00,897.00,29.00,21.00,1.00,-1,-1,-1
61,135,734.00,423.00,499.00,99.00,1.00,-1,-1,-1
61,139,949.00,883.00,21.00,16.00,1.00,-1,-1,-1
61,141,1721.00,980.00,10.00,25.00,1.00,-1,-1,-1
61,142,1314.00,494.00,52.00,14.00,1.00,-1,-1,-1
61,147,1711.00,933.00,18.00,51.00,1.00,-1,-1,-1
61,148,952.00,899.00,40.00,25.00,1.00,-1,-1,-1
61,149,426.00,893.00,22.00,105.00,1.00,-1,-1,-1
61,153,1698.00,856.00,11.00,41.00,1.00,-1,-1,-1
61,158,715.00,1018.00,722.00,103.00,1.00,-1,-1,-1
61,160,285.00,923.00,17.00,123.00,1.00,-1,-1,-1
61,166,912.00,446.00,75.00,45.00,1.00,-1,-1,-1
61,174,993.00,436.00,39.00,42.00,1.00,-1,-1,-1
61,179,249.00,751.00,19.00,25.00,1.00,-1,-1,-1
61,186,783.00,971.00,17.00,8.00,1.00,-1,-1,-1
61,193,1157.00,967.00,41.00,65.00,1.00,-1,-1,-1
61,194,1204.00,982.00,47.00,7.00,1.00,-1,-1,-1
61,201,678.00,974.00,11.00,12.00,1.00,-1,-1,-1
61,212,1167.00,335.00,44.00,27.00,1.00,-1,-1,-1
61,216,802.00,1058.00,18.00,26.00,1.00,-1,-1,-1
61,218,446.00,934.00,1029.00,114.00,1.00,-1,-1,-1
61,219,1359.00,378.00,33.00,37.00,1.00,-1,-1,-1
61,221,169.00,463.00,14.00,44.00,1.00,-1,-1,-1
61,222,214.00,870.00,41.00,33.00,1.00,-1,-1,-1
61,225,279.00,888.00,30.00,49.00,1.00,-1,-1,-1
61,226,221.00,936.00,85.00,73.00,1.00,-1,-1,-1
61,228,75.00,1030.00,20.00,79.00,1.00,-1,-1,-1
61,243,90.00,483.00,7.00,49.00,1.00,-1,-1,-1
61,244,1116.00,332.00,114.00,35.00,1.00,-1,-1,-1
61,246,154.00,1053.00,17.00,22.00,1.00,-1,-1,-1
61,254,899.00,451.00,65.00,44.00,1.00,-1,-1,-1
61,256,257.00,988.00,19.00,30.00,1.00,-1,-1,-1
61,257,1105.00,171.00,32.00,23.00,1.00,-1,-1,-1
61,259,78.00,1061.00,17.00,22.00,1.00,-1,-1,-1
61,270,206.00,710.00,11.00,13.00,1.00,-1,-1,-1
61,271,1706.00,1044.00,13.00,82.00,1.00,-1,-1,-1
61,273,143.00,1034.00,38.00,46.00,1.00,-1,-1,-1
61,278,1072.00,324.00,42.00,19.00,1.00,-1,-1,-1
61,280,246.00,957.00,20.00,14.00,1.00,-1,-1,-1
61,284,30.00,622.00,29.00,36.00,1.00,-1,-1,-1
61,290,830.00,29.00,23.00,9.00,1.00,-1,-1,-1
61,296,903.00,395.00,25.00,32.00,1.00,-1,-1,-1
61,299,1216.00,405.00,19.00,14.00,1.00,-1,-1,-1
61,301,189.00,27.00,24.00,218.00,1.00,-1,-1,-1
61,305,987.00,213.00,15.00,14.00,1.00,-1,-1,-1
61,306,562.00,381.00,12.00,14.00,1.00,-1,-1,-1
61,307,1254.00,167.00,14.00,14.00,1.00,-1,-1,-1
61,309,691.00,236.00,23.00,21.00,1.00,-1,-1,-1
61,312,669.00,313.00,20.00,16.00,1.00,-1,-1,-1
61,316,707.00,684.00,13.00,11.00,1.00,-1,-1,-1
61,318,871.00,1036.00,29.00,38.00,1.00,-1,-1,-1
61,325,802.00,445.00,100.00,33.00,1.00,-1,-1,-1
61,332,279.00,98.00,18.00,16.00,1.00,-1,-1,-1
61,333,128.00,818.00,43.00,34.00,1.00,-1,-1,-1
61,350,820.00,18.00,28.00,23.00,1.00,-1,-1,-1
61,352,1165.00,587.00,15.00,30.00,1.00,-1,-1,-1
61,354,1166.00,413.00,16.00,13.00,1.00,-1,-1,-1
61,356,2.00,535.00,80.00,306.00,1.00,-1,-1,-1
61,360,1287.00,285.00,106.00,70.00,1.00,-1,-1,-1
61,362,769.00,321.00,15.00,13.00,1.00,-1,-1,-1
61,363,585.00,229.00,26.00,20.00,1.00,-1,-1,-1
61,364,1712.00,972.00,17.00,112.00,1.00,-1,-1,-1
61,365,1064.00,205.00,19.00,13.00,1.00,-1,-1,-1
61,373,815.00,363.00,64.00,31.00,1.00,-1,-1,-1
61,390,1703.00,882.00,9.00,29.00,1.00,-1,-1,-1
61,397,0.00,0.00,37.00,5.00,1.00,-1,-1,-1
61,401,72.00,0.00,33.00,6.00,1.00,-1,-1,-1
61,403,1256.00,318.00,78.00,26.00,1.00,-1,-1,-1
62,5,911.00,881.00,62.00,56.00,1.00,-1,-1,-1
62,9,1020.00,910.00,43.00,30.00,1.00,-1,-1,-1
62,10,597.00,935.00,139.00,66.00,1.00,-1,-1,-1
62,11,773.00,398.00,405.00,105.00,1.00,-1,-1,-1
62,12,1354.00,473.00,170.00,115.00,1.00,-1,-1,-1
62,15,615.00,908.00,128.00,72.00,1.00,-1,-1,-1
62,18,881.00,394.00,78.00,30.00,1.00,-1,-1,-1
62,21,749.00,417.00,38.00,45.00,1.00,-1,-1,-1
62,32,684.00,489.00,12.00,13.00,1.00,-1,-1,-1
62,34,895.00,371.00,13.00,42.00,1.00,-1,-1,-1
62,37,887.00,393.00,19.00,33.00,1.00,-1,-1,-1
62,38,1047.00,320.00,46.00,44.00,1.00,-1,-1,-1
62,40,932.00,384.00,29.00,25.00,1.00,-1,-1,-1
62,41,1437.00,402.00,25.00,44.00,1.00,-1,-1,-1
62,44,890.00,399.00,196.00,65.00,1.00,-1,-1,-1
62,45,290.00,1014.00,162.00,121.00,1.00,-1,-1,-1
62,48,869.00,249.00,23.00,61.00,1.00,-1,-1,-1
62,49,898.00,388.00,15.00,11.00,1.00,-1,-1,-1
62,50,977.00,407.00,13.00,19.00,1.00,-1,-1,-1
62,76,1135.00,347.00,11.00,32.00,1.00,-1,-1,-1
62,77,1163.00,350.00,208.00,46.00,1.00,-1,-1,-1
62,93,366.00,1062.00,21.00,20.00,1.00,-1,-1,-1
62,100,1051.00,934.00,11.00,36.00,1.00,-1,-1,-1
62,112,1242.00,309.00,54.00,12.00,1.00,-1,-1,-1
62,113,1140.00,325.00,27.00,20.00,1.00,-1,-1,-1
62,114,1368.00,302.00,22.00,16.00,1.00,-1,-1,-1
62,126,1198.00,435.00,34.00,16.00,1.00,-1,-1,-1
62,129,935.00,898.00,29.00,21.00,1.00,-1,-1,-1
62,135,722.00,409.00,499.00,99.00,1.00,-1,-1,-1
62,139,949.00,884.00,21.00,16.00,1.00,-1,-1,-1
62,141,1720.00,980.00,10.00,25.00,1.00,-1,-1,-1
62,142,1313.00,494.00,52.00,14.00,1.00,-1,-1,-1
62,147,1711.00,934.00,18.00,51.00,1.00,-1,-1,-1
62,148,952.00,900.00,40.00,25.00,1.00,-1,-1,-1
62,149,425.00,893.00,22.00,105.00,1.00,-1,-1,-1
62,153,1697.00,857.00,11.00,41.00,1.00,-1,-1,-1
62,158,714.00,1018.00,722.00,103.00,1.00,-1,-1,-1
62,160,285.00,924.00,17.00,123.00,1.00,-1,-1,-1
62,166,900.00,433.00,75.00,45.00,1.00,-1,-1,-1
62,174,980.00,422.00,39.00,42.00,1.00,-1,-1,-1
62,179,249.00,752.00,19.00,25.00,1.00,-1,-1,-1
62,186,784.00,971.00,17.00,8.00,1.00,-1,-1,-1
62,193,1157.00,967.00,41.00,65.00,1.00,-1,-1,-1
62,194,1204.00,982.00,47.00,7.00,1.00,-1,-1,-1
62,201,678.00,974.00,11.00,12.00,1.00,-1,-1,-1
62,212,1164.00,331.00,44.00,27.00,1.00,-1,-1,-1
62,216,801.00,1058.00,18.00,26.00,1.00,-1,-1,-1
62,218,445.00,934.00,1029.00,114.00,1.00,-1,-1,-1
62,219,1358.00,378.00,33.00,37.00,1.00,-1,-1,-1
62,221,169.00,464.00,14.00,44.00,1.00,-1,-1,-1
62,222,214.00,871.00,41.00,33.00,1.00,-1,-1,-1
62,225,278.00,888.00,30.00,49.00,1.00,-1,-1,-1
62,226,220.00,936.00,85.00,73.00,1.00,-1,-1,-1
62,228,75.00,1030.00,20.00,79.00,1.00,-1,-1,-1
62,243,90.00,484.00,7.00,49.00,1.00,-1,-1,-1
62,244,1121.00,311.00,203.00,55.00,1.00,-1,-1,-1
62,246,153.00,1053.00,17.00,22.00,1.00,-1,-1,-1
62,254,896.00,437.00,65.00,44.00,1.00,-1,-1,-1
62,256,257.00,988.00,19.00,30.00,1.00,-1,-1,-1
62,257,1104.00,172.00,32.00,23.00,1.00,-1,-1,-1
62,259,77.00,1061.00,17.00,22.00,1.00,-1,-1,-1
62,270,205.00,710.00,11.00,13.00,1.00,-1,-1,-1
62,271,1706.00,1044.00,13.00,82.00,1.00,-1,-1,-1
62,273,142.00,1034.00,38.00,46.00,1.00,-1,-1,-1
62,278,1071.00,324.00,42.00,19.00,1.00,-1,-1,-1
62,280,245.00,957.00,20.00,14.00,1.00,-1,-1,-1
62,284,30.00,622.00,29.00,36.00,1.00,-1,-1,-1
62,290,830.00,29.00,23.00,9.00,1.00,-1,-1,-1
62,296,893.00,390.00,25.00,32.00,1.00,-1,-1,-1
62,299,1216.00,405.00,19.00,14.00,1.00,-1,-1,-1
62,301,189.00,28.00,24.00,218.00,1.00,-1,-1,-1
62,305,986.00,213.00,15.00,14.00,1.00,-1,-1,-1
62,306,562.00,381.00,12.00,14.00,1.00,-1,-1,-1
62,307,1253.00,168.00,14.00,14.00,1.00,-1,-1,-1
62,309,691.00,237.00,23.00,21.00,1.00,-1,-1,-1
62,312,669.00,314.00,20.00,16.00,1.00,-1,-1,-1
62,316,706.00,684.00,13.00,11.00,1.00,-1,-1,-1
62,318,871.00,1037.00,29.00,38.00,1.00,-1,-1,-1
62,325,792.00,432.00,100.00,33.00,1.00,-1,-1,-1
62,332,279.00,99.00,18.00,16.00,1.00,-1,-1,-1
62,333,127.00,818.00,43.00,34.00,1.00,-1,-1,-1
62,350,820.00,18.00,28.00,23.00,1.00,-1,-1,-1
62,352,1164.00,587.00,15.00,30.00,1.00,-1,-1,-1
62,354,1157.00,400.00,16.00,13.00,1.00,-1,-1,-1
62,356,1.00,535.00,80.00,306.00,1.00,-1,-1,-1
62,360,1285.00,286.00,106.00,70.00,1.00,-1,-1,-1
62,362,769.00,321.00,15.00,13.00,1.00,-1,-1,-1
62,363,585.00,229.00,26.00,20.00,1.00,-1,-1,-1
62,364,1711.00,973.00,17.00,112.00,1.00,-1,-1,-1
62,365,1064.00,206.00,19.00,13.00,1.00,-1,-1,-1
62,373,814.00,362.00,64.00,31.00,1.00,-1,-1,-1
62,390,1702.00,883.00,9.00,29.00,1.00,-1,-1,-1
62,397,0.00,0.00,37.00,5.00,1.00,-1,-1,-1
62,401,71.00,0.00,33.00,6.00,1.00,-1,-1,-1
62,403,1246.00,312.00,78.00,26.00,1.00,-1,-1,-1
63,5,911.00,881.00,62.00,56.00,1.00,-1,-1,-1
63,9,1020.00,910.00,43.00,30.00,1.00,-1,-1,-1
63,10,597.00,935.00,139.00,66.00,1.00,-1,-1,-1
63,11,773.00,398.00,405.00,105.00,1.00,-1,-1,-1
63,12,1354.00,473.00,170.00,115.00,1.00,-1,-1,-1
63,15,614.00,908.00,128.00,72.00,1.00,-1,-1,-1
63,18,881.00,394.00,78.00,30.00,1.00,-1,-1,-1
63,21,749.00,417.00,38.00,45.00,1.00,-1,-1,-1
63,32,684.00,489.00,12.00,13.00,1.00,-1,-1,-1
63,34,895.00,371.00,13.00,42.00,1.00,-1,-1,-1
63,37,887.00,393.00,19.00,33.00,1.00,-1,-1,-1
63,38,1047.00,320.00,46.00,44.00,1.00,-1,-1,-1
63,40,932.00,384.00,29.00,25.00,1.00,-1,-1,-1
63,41,1437.00,402.00,25.00,44.00,1.00,-1,-1,-1
63,44,890.00,399.00,196.00,65.00,1.00,-1,-1,-1
63,45,289.00,1014.00,162.00,121.00,1.00,-1,-1,-1
63,48,869.00,250.00,23.00,61.00,1.00,-1,-1,-1
63,49,898.00,388.00,15.00,11.00,1.00,-1,-1,-1
63,50,977.00,407.00,13.00,19.00,1.00,-1,-1,-1
63,76,1135.00,347.00,11.00,32.00,1.00,-1,-1,-1
63,77,1163.00,350.00,208.00,46.00,1.00,-1,-1,-1
63,93,366.00,1062.00,21.00,20.00,1.00,-1,-1,-1
63,100,1051.00,934.00,11.00,36.00,1.00,-1,-1,-1
63,112,1242.00,309.00,54.00,12.00,1.00,-1,-1,-1
63,113,1140.00,325.00,27.00,20.00,1.00,-1,-1,-1
63,114,1367.00,302.00,22.00,16.00,1.00,-1,-1,-1
63,126,1198.00,436.00,34.00,16.00,1.00,-1,-1,-1
63,129,935.00,898.00,29.00,21.00,1.00,-1,-1,-1
63,135,722.00,409.00,499.00,99.00,1.00,-1,-1,-1
63,139,949.00,884.00,21.00,16.00,1.00,-1,-1,-1
63,141,1720.00,980.00,10.00,25.00,1.00,-1,-1,-1
63,142,1313.00,494.00,52.00,14.00,1.00,-1,-1,-1
63,147,1711.00,934.00,18.00,51.00,1.00,-1,-1,-1
63,148,952.00,900.00,40.00,25.00,1.00,-1,-1,-1
63,149,425.00,893.00,22.00,105.00,1.00,-1,-1,-1
63,153,1697.00,857.00,11.00,41.00,1.00,-1,-1,-1
63,158,714.00,1018.00,722.00,103.00,1.00,-1,-1,-1
63,160,285.00,924.00,17.00,123.00,1.00,-1,-1,-1
63,166,900.00,433.00,75.00,45.00,1.00,-1,-1,-1
63,174,980.00,422.00,39.00,42.00,1.00,-1,-1,-1
63,179,248.00,752.00,19.00,25.00,1.00,-1,-1,-1
63,186,784.00,971.00,17.00,8.00,1.00,-1,-1,-1
63,193,1157.00,967.00,41.00,65.00,1.00,-1,-1,-1
63,194,1204.00,982.00,47.00,7.00,1.00,-1,-1,-1
63,201,678.00,974.00,11.00,12.00,1.00,-1,-1,-1
63,212,1164.00,331.00,44.00,27.00,1.00,-1,-1,-1
63,216,801.00,1058.00,18.00,26.00,1.00,-1,-1,-1
63,218,446.00,934.00,1029.00,114.00,1.00,-1,-1,-1
63,219,1358.00,378.00,33.00,37.00,1.00,-1,-1,-1
63,221,169.00,464.00,14.00,44.00,1.00,-1,-1,-1
63,222,214.00,871.00,41.00,33.00,1.00,-1,-1,-1
63,225,278.00,888.00,30.00,49.00,1.00,-1,-1,-1
63,226,220.00,936.00,85.00,73.00,1.00,-1,-1,-1
63,228,75.00,1030.00,20.00,79.00,1.00,-1,-1,-1
63,243,90.00,484.00,7.00,49.00,1.00,-1,-1,-1
63,244,1120.00,311.00,203.00,55.00,1.00,-1,-1,-1
63,246,153.00,1053.00,17.00,22.00,1.00,-1,-1,-1
63,254,896.00,437.00,65.00,44.00,1.00,-1,-1,-1
63,256,257.00,988.00,19.00,30.00,1.00,-1,-1,-1
63,257,1104.00,172.00,32.00,23.00,1.00,-1,-1,-1
63,259,77.00,1061.00,17.00,22.00,1.00,-1,-1,-1
63,270,205.00,710.00,11.00,13.00,1.00,-1,-1,-1
63,271,1706.00,1044.00,13.00,82.00,1.00,-1,-1,-1
63,273,142.00,1034.00,38.00,46.00,1.00,-1,-1,-1
63,278,1071.00,324.00,42.00,19.00,1.00,-1,-1,-1
63,280,245.00,957.00,20.00,14.00,1.00,-1,-1,-1
63,284,30.00,622.00,29.00,36.00,1.00,-1,-1,-1
63,290,830.00,29.00,23.00,9.00,1.00,-1,-1,-1
63,296,893.00,390.00,25.00,32.00,1.00,-1,-1,-1
63,299,1216.00,405.00,19.00,14.00,1.00,-1,-1,-1
63,301,188.00,29.00,24.00,218.00,1.00,-1,-1,-1
63,305,986.00,213.00,15.00,14.00,1.00,-1,-1,-1
63,306,561.00,382.00,12.00,14.00,1.00,-1,-1,-1
63,307,1253.00,168.00,14.00,14.00,1.00,-1,-1,-1
63,309,691.00,237.00,23.00,21.00,1.00,-1,-1,-1
63,312,669.00,314.00,20.00,16.00,1.00,-1,-1,-1
63,316,706.00,684.00,13.00,11.00,1.00,-1,-1,-1
63,318,871.00,1037.00,29.00,38.00,1.00,-1,-1,-1
63,325,792.00,432.00,100.00,33.00,1.00,-1,-1,-1
63,332,279.00,99.00,18.00,16.00,1.00,-1,-1,-1
63,333,127.00,818.00,43.00,34.00,1.00,-1,-1,-1
63,350,820.00,19.00,28.00,23.00,1.00,-1,-1,-1
63,352,1164.00,587.00,15.00,30.00,1.00,-1,-1,-1
63,354,1157.00,400.00,16.00,13.00,1.00,-1,-1,-1
63,356,1.00,535.00,80.00,306.00,1.00,-1,-1,-1
63,360,1285.00,286.00,106.00,70.00,1.00,-1,-1,-1
63,362,769.00,321.00,15.00,13.00,1.00,-1,-1,-1
63,363,585.00,229.00,26.00,20.00,1.00,-1,-1,-1
63,364,1711.00,973.00,17.00,112.00,1.00,-1,-1,-1
63,365,1064.00,206.00,19.00,13.00,1.00,-1,-1,-1
63,373,814.00,362.00,64.00,31.00,1.00,-1,-1,-1
63,390,1702.00,883.00,9.00,29.00,1.00,-1,-1,-1
63,397,0.00,0.00,37.00,5.00,1.00,-1,-1,-1
63,401,71.00,0.00,33.00,6.00,1.00,-1,-1,-1
63,403,1246.00,312.00,78.00,26.00,1.00,-1,-1,-1
64,5,910.00,881.00,62.00,56.00,1.00,-1,-1,-1
64,9,1020.00,910.00,43.00,30.00,1.00,-1,-1,-1
64,10,597.00,935.00,139.00,66.00,1.00,-1,-1,-1
64,11,759.00,390.00,291.00,102.00,1.00,-1,-1,-1
64,12,1354.00,473.00,170.00,115.00,1.00,-1,-1,-1
64,15,614.00,908.00,128.00,72.00,1.00,-1,-1,-1
64,18,872.00,390.00,78.00,30.00,1.00,-1,-1,-1
64,21,741.00,405.00,38.00,45.00,1.00,-1,-1,-1
64,32,683.00,489.00,12.00,13.00,1.00,-1,-1,-1
64,34,886.00,367.00,13.00,42.00,1.00,-1,-1,-1
64,37,878.00,388.00,19.00,33.00,1.00,-1,-1,-1
64,38,1047.00,323.00,46.00,44.00,1.00,-1,-1,-1
64,40,924.00,379.00,29.00,25.00,1.00,-1,-1,-1
64,41,1436.00,403.00,25.00,44.00,1.00,-1,-1,-1
64,44,880.00,386.00,196.00,65.00,1.00,-1,-1,-1
64,45,289.00,1014.00,162.00,121.00,1.00,-1,-1,-1
64,48,869.00,250.00,23.00,61.00,1.00,-1,-1,-1
64,49,889.00,383.00,15.00,11.00,1.00,-1,-1,-1
64,50,961.00,411.00,13.00,19.00,1.00,-1,-1,-1
64,76,1130.00,348.00,11.00,32.00,1.00,-1,-1,-1
64,77,1163.00,351.00,208.00,46.00,1.00,-1,-1,-1
64,93,365.00,1062.00,21.00,20.00,1.00,-1,-1,-1
64,100,1051.00,934.00,11.00,36.00,1.00,-1,-1,-1
64,112,1252.00,294.00,54.00,12.00,1.00,-1,-1,-1
64,113,1135.00,324.00,27.00,20.00,1.00,-1,-1,-1
64,114,1367.00,302.00,22.00,16.00,1.00,-1,-1,-1
64,126,1197.00,436.00,34.00,16.00,1.00,-1,-1,-1
64,129,935.00,899.00,29.00,21.00,1.00,-1,-1,-1
64,135,710.00,397.00,499.00,99.00,1.00,-1,-1,-1
64,139,948.00,885.00,21.00,16.00,1.00,-1,-1,-1
64,141,1720.00,981.00,10.00,25.00,1.00,-1,-1,-1
64,142,1313.00,495.00,52.00,14.00,1.00,-1,-1,-1
64,147,1710.00,935.00,18.00,51.00,1.00,-1,-1,-1
64,148,952.00,901.00,40.00,25.00,1.00,-1,-1,-1
64,149,425.00,894.00,22.00,105.00,1.00,-1,-1,-1
64,153,1697.00,860.00,11.00,41.00,1.00,-1,-1,-1
64,158,713.00,1018.00,722.00,103.00,1.00,-1,-1,-1
64,160,285.00,925.00,17.00,123.00,1.00,-1,-1,-1
64,166,889.00,422.00,75.00,45.00,1.00,-1,-1,-1
64,174,968.00,410.00,39.00,42.00,1.00,-1,-1,-1
64,179,248.00,752.00,19.00,25.00,1.00,-1,-1,-1
64,186,784.00,971.00,17.00,8.00,1.00,-1,-1,-1
64,193,1157.00,967.00,41.00,65.00,1.00,-1,-1,-1
64,194,1204.00,982.00,47.00,7.00,1.00,-1,-1,-1
64,201,678.00,974.00,11.00,12.00,1.00,-1,-1,-1
64,212,1163.00,324.00,44.00,27.00,1.00,-1,-1,-1
64,216,802.00,1058.00,18.00,26.00,1.00,-1,-1,-1
64,218,446.00,934.00,1029.00,114.00,1.00,-1,-1,-1
64,219,1358.00,379.00,33.00,37.00,1.00,-1,-1,-1
64,221,169.00,464.00,14.00,44.00,1.00,-1,-1,-1
64,222,213.00,872.00,41.00,33.00,1.00,-1,-1,-1
64,225,278.00,889.00,30.00,49.00,1.00,-1,-1,-1
64,226,220.00,937.00,85.00,73.00,1.00,-1,-1,-1
64,228,75.00,1030.00,20.00,79.00,1.00,-1,-1,-1
64,243,89.00,484.00,7.00,49.00,1.00,-1,-1,-1
64,244,1126.00,304.00,194.00,61.00,1.00,-1,-1,-1
64,246,153.00,1054.00,17.00,22.00,1.00,-1,-1,-1
64,254,890.00,425.00,65.00,44.00,1.00,-1,-1,-1
64,256,257.00,989.00,19.00,30.00,1.00,-1,-1,-1
64,257,1104.00,172.00,32.00,23.00,1.00,-1,-1,-1
64,259,77.00,1061.00,17.00,22.00,1.00,-1,-1,-1
64,270,204.00,711.00,11.00,13.00,1.00,-1,-1,-1
64,271,1705.00,1044.00,13.00,82.00,1.00,-1,-1,-1
64,273,142.00,1035.00,38.00,46.00,1.00,-1,-1,-1
64,278,1071.00,326.00,42.00,19.00,1.00,-1,-1,-1
64,280,245.00,958.00,20.00,14.00,1.00,-1,-1,-1
64,284,29.00,623.00,29.00,36.00,1.00,-1,-1,-1
64,290,830.00,30.00,23.00,9.00,1.00,-1,-1,-1
64,296,885.00,385.00,25.00,32.00,1.00,-1,-1,-1
64,299,1215.00,406.00,19.00,14.00,1.00,-1,-1,-1
64,301,188.00,29.00,24.00,218.00,1.00,-1,-1,-1
64,305,986.00,214.00,15.00,14.00,1.00,-1,-1,-1
64,306,561.00,382.00,12.00,14.00,1.00,-1,-1,-1
64,307,1253.00,168.00,14.00,14.00,1.00,-1,-1,-1
64,309,691.00,237.00,23.00,21.00,1.00,-1,-1,-1
64,312,668.00,315.00,20.00,16.00,1.00,-1,-1,-1
64,316,706.00,685.00,13.00,11.00,1.00,-1,-1,-1
64,318,871.00,1038.00,29.00,38.00,1.00,-1,-1,-1
64,325,779.00,420.00,100.00,33.00,1.00,-1,-1,-1
64,332,278.00,100.00,18.00,16.00,1.00,-1,-1,-1
64,333,127.00,819.00,43.00,34.00,1.00,-1,-1,-1
64,350,820.00,20.00,28.00,23.00,1.00,-1,-1,-1
64,352,1164.00,588.00,15.00,30.00,1.00,-1,-1,-1
64,354,1164.00,386.00,16.00,13.00,1.00,-1,-1,-1
64,356,1.00,536.00,80.00,306.00,1.00,-1,-1,-1
64,360,1285.00,287.00,106.00,70.00,1.00,-1,-1,-1
64,362,768.00,322.00,15.00,13.00,1.00,-1,-1,-1
64,363,584.00,230.00,26.00,20.00,1.00,-1,-1,-1
64,364,1711.00,974.00,17.00,112.00,1.00,-1,-1,-1
64,365,1064.00,206.00,19.00,13.00,1.00,-1,-1,-1
64,373,813.00,361.00,64.00,31.00,1.00,-1,-1,-1
64,390,1702.00,884.00,9.00,29.00,1.00,-1,-1,-1
64,397,0.00,0.00,37.00,5.00,1.00,-1,-1,-1
64,401,72.00,0.00,33.00,6.00,1.00,-1,-1,-1
64,403,1238.00,305.00,78.00,26.00,1.00,-1,-1,-1
65,5,910.00,882.00,62.00,56.00,1.00,-1,-1,-1
65,9,1020.00,912.00,43.00,30.00,1.00,-1,-1,-1
65,10,597.00,935.00,139.00,66.00,1.00,-1,-1,-1
65,11,741.00,384.00,410.00,96.00,1.00,-1,-1,-1
65,12,1354.00,474.00,170.00,115.00,1.00,-1,-1,-1
65,15,614.00,908.00,128.00,72.00,1.00,-1,-1,-1
65,18,865.00,386.00,78.00,30.00,1.00,-1,-1,-1
65,21,733.00,392.00,38.00,45.00,1.00,-1,-1,-1
65,32,683.00,491.00,12.00,13.00,1.00,-1,-1,-1
65,34,878.00,363.00,13.00,42.00,1.00,-1,-1,-1
65,37,871.00,384.00,19.00,33.00,1.00,-1,-1,-1
65,38,1046.00,325.00,46.00,44.00,1.00,-1,-1,-1
65,40,917.00,375.00,29.00,25.00,1.00,-1,-1,-1
65,41,1436.00,404.00,25.00,44.00,1.00,-1,-1,-1
65,44,872.00,374.00,196.00,65.00,1.00,-1,-1,-1
65,45,288.00,1014.00,162.00,121.00,1.00,-1,-1,-1
65,48,869.00,252.00,23.00,61.00,1.00,-1,-1,-1
65,49,881.00,379.00,15.00,11.00,1.00,-1,-1,-1
65,50,932.00,398.00,13.00,19.00,1.00,-1,-1,-1
65,76,1125.00,350.00,11.00,32.00,1.00,-1,-1,-1
65,77,1163.00,352.00,208.00,46.00,1.00,-1,-1,-1
65,93,364.00,1062.00,21.00,20.00,1.00,-1,-1,-1
65,100,1051.00,933.00,11.00,36.00,1.00,-1,-1,-1
65,112,1253.00,294.00,54.00,12.00,1.00,-1,-1,-1
65,113,1130.00,323.00,27.00,20.00,1.00,-1,-1,-1
65,114,1367.00,304.00,22.00,16.00,1.00,-1,-1,-1
65,126,1197.00,437.00,34.00,16.00,1.00,-1,-1,-1
65,129,935.00,900.00,29.00,21.00,1.00,-1,-1,-1
65,135,698.00,385.00,499.00,99.00,1.00,-1,-1,-1
65,139,948.00,886.00,21.00,16.00,1.00,-1,-1,-1
65,141,1720.00,982.00,10.00,25.00,1.00,-1,-1,-1
65,142,1313.00,496.00,52.00,14.00,1.00,-1,-1,-1
65,147,1710.00,936.00,18.00,51.00,1.00,-1,-1,-1
65,148,952.00,902.00,40.00,25.00,1.00,-1,-1,-1
65,149,425.00,895.00,22.00,105.00,1.00,-1,-1,-1
65,153,1697.00,861.00,11.00,41.00,1.00,-1,-1,-1
65,158,713.00,1018.00,722.00,103.00,1.00,-1,-1,-1
65,160,284.00,926.00,17.00,123.00,1.00,-1,-1,-1
65,166,888.00,430.00,75.00,45.00,1.00,-1,-1,-1
65,174,956.00,398.00,39.00,42.00,1.00,-1,-1,-1
65,179,248.00,754.00,19.00,25.00,1.00,-1,-1,-1
65,186,783.00,971.00,17.00,8.00,1.00,-1,-1,-1
65,193,1157.00,967.00,41.00,65.00,1.00,-1,-1,-1
65,194,1204.00,982.00,47.00,7.00,1.00,-1,-1,-1
65,201,678.00,974.00,11.00,12.00,1.00,-1,-1,-1
65,212,1157.00,315.00,44.00,27.00,1.00,-1,-1,-1
65,216,802.00,1058.00,18.00,26.00,1.00,-1,-1,-1
65,218,446.00,934.00,1029.00,114.00,1.00,-1,-1,-1
65,219,1358.00,380.00,33.00,37.00,1.00,-1,-1,-1
65,221,169.00,466.00,14.00,44.00,1.00,-1,-1,-1
65,222,213.00,873.00,41.00,33.00,1.00,-1,-1,-1
65,225,278.00,890.00,30.00,49.00,1.00,-1,-1,-1
65,226,220.00,939.00,85.00,73.00,1.00,-1,-1,-1
65,228,74.00,1031.00,20.00,79.00,1.00,-1,-1,-1
65,243,89.00,486.00,7.00,49.00,1.00,-1,-1,-1
65,244,1124.00,299.00,194.00,67.00,1.00,-1,-1,-1
65,246,153.00,1055.00,17.00,22.00,1.00,-1,-1,-1
65,254,892.00,429.00,65.00,44.00,1.00,-1,-1,-1
65,256,257.00,990.00,19.00,30.00,1.00,-1,-1,-1
65,257,1104.00,173.00,32.00,23.00,1.00,-1,-1,-1
65,259,76.00,1062.00,17.00,22.00,1.00,-1,-1,-1
65,270,204.00,712.00,11.00,13.00,1.00,-1,-1,-1
65,271,1705.00,1044.00,13.00,82.00,1.00,-1,-1,-1
65,273,142.00,1036.00,38.00,46.00,1.00,-1,-1,-1
65,278,1072.00,327.00,42.00,19.00,1.00,-1,-1,-1
65,280,245.00,959.00,20.00,14.00,1.00,-1,-1,-1
65,284,29.00,624.00,29.00,36.00,1.00,-1,-1,-1
65,290,830.00,32.00,23.00,9.00,1.00,-1,-1,-1
65,296,877.00,382.00,25.00,32.00,1.00,-1,-1,-1
65,299,1215.00,407.00,19.00,14.00,1.00,-1,-1,-1
65,301,188.00,30.00,24.00,218.00,1.00,-1,-1,-1
65,305,986.00,215.00,15.00,14.00,1.00,-1,-1,-1
65,306,561.00,384.00,12.00,14.00,1.00,-1,-1,-1
65,307,1253.00,169.00,14.00,14.00,1.00,-1,-1,-1
65,309,691.00,239.00,23.00,21.00,1.00,-1,-1,-1
65,312,668.00,316.00,20.00,16.00,1.00,-1,-1,-1
65,316,706.00,686.00,13.00,11.00,1.00,-1,-1,-1
65,318,871.00,1039.00,29.00,38.00,1.00,-1,-1,-1
65,325,761.00,410.00,100.00,33.00,1.00,-1,-1,-1
65,332,278.00,102.00,18.00,16.00,1.00,-1,-1,-1
65,333,127.00,820.00,43.00,34.00,1.00,-1,-1,-1
65,350,820.00,21.00,28.00,23.00,1.00,-1,-1,-1
65,352,1164.00,589.00,15.00,30.00,1.00,-1,-1,-1
65,354,1164.00,387.00,16.00,13.00,1.00,-1,-1,-1
65,356,1.00,537.00,80.00,306.00,1.00,-1,-1,-1
65,360,1285.00,288.00,106.00,70.00,1.00,-1,-1,-1
65,362,768.00,324.00,15.00,13.00,1.00,-1,-1,-1
65,363,584.00,231.00,26.00,20.00,1.00,-1,-1,-1
65,364,1711.00,975.00,17.00,112.00,1.00,-1,-1,-1
65,365,1064.00,207.00,19.00,13.00,1.00,-1,-1,-1
65,373,810.00,358.00,64.00,31.00,1.00,-1,-1,-1
65,390,1702.00,885.00,9.00,29.00,1.00,-1,-1,-1
65,397,0.00,0.00,39.00,6.00,1.00,-1,-1,-1
65,401,72.00,0.00,33.00,6.00,1.00,-1,-1,-1
65,403,1236.00,300.00,78.00,26.00,1.00,-1,-1,-1
66,5,910.00,884.00,62.00,56.00,1.00,-1,-1,-1
66,9,1020.00,913.00,43.00,30.00,1.00,-1,-1,-1
66,10,597.00,935.00,139.00,66.00,1.00,-1,-1,-1
66,11,728.00,353.00,416.00,119.00,1.00,-1,-1,-1
66,12,1354.00,476.00,170.00,115.00,1.00,-1,-1,-1
66,15,614.00,908.00,128.00,72.00,1.00,-1,-1,-1
66,18,865.00,389.00,78.00,30.00,1.00,-1,-1,-1
66,21,746.00,373.00,38.00,45.00,1.00,-1,-1,-1
66,32,683.00,493.00,12.00,13.00,1.00,-1,-1,-1
66,34,871.00,359.00,13.00,42.00,1.00,-1,-1,-1
66,37,863.00,382.00,19.00,33.00,1.00,-1,-1,-1
66,38,1047.00,327.00,46.00,44.00,1.00,-1,-1,-1
66,40,911.00,372.00,29.00,25.00,1.00,-1,-1,-1
66,41,1436.00,406.00,25.00,44.00,1.00,-1,-1,-1
66,44,856.00,363.00,196.00,65.00,1.00,-1,-1,-1
66,45,287.00,1014.00,162.00,121.00,1.00,-1,-1,-1
66,48,869.00,253.00,23.00,61.00,1.00,-1,-1,-1
66,49,874.00,375.00,15.00,11.00,1.00,-1,-1,-1
66,50,926.00,389.00,13.00,19.00,1.00,-1,-1,-1
66,76,1121.00,351.00,11.00,32.00,1.00,-1,-1,-1
66,77,1163.00,354.00,208.00,46.00,1.00,-1,-1,-1
66,93,363.00,1062.00,21.00,20.00,1.00,-1,-1,-1
66,100,1051.00,934.00,11.00,36.00,1.00,-1,-1,-1
66,112,1251.00,290.00,54.00,12.00,1.00,-1,-1,-1
66,113,1124.00,322.00,27.00,20.00,1.00,-1,-1,-1
66,114,1367.00,306.00,22.00,16.00,1.00,-1,-1,-1
66,126,1197.00,440.00,34.00,16.00,1.00,-1,-1,-1
66,129,935.00,902.00,29.00,21.00,1.00,-1,-1,-1
66,135,686.00,375.00,499.00,99.00,1.00,-1,-1,-1
66,139,948.00,888.00,21.00,16.00,1.00,-1,-1,-1
66,141,1720.00,984.00,10.00,25.00,1.00,-1,-1,-1
66,142,1313.00,498.00,52.00,14.00,1.00,-1,-1,-1
66,147,1710.00,938.00,18.00,51.00,1.00,-1,-1,-1
66,148,952.00,904.00,40.00,25.00,1.00,-1,-1,-1
66,149,425.00,898.00,22.00,105.00,1.00,-1,-1,-1
66,153,1697.00,864.00,11.00,41.00,1.00,-1,-1,-1
66,158,713.00,1018.00,722.00,103.00,1.00,-1,-1,-1
66,160,284.00,928.00,17.00,123.00,1.00,-1,-1,-1
66,166,879.00,421.00,75.00,45.00,1.00,-1,-1,-1
66,174,942.00,388.00,39.00,42.00,1.00,-1,-1,-1
66,179,248.00,756.00,19.00,25.00,1.00,-1,-1,-1
66,186,783.00,971.00,17.00,8.00,1.00,-1,-1,-1
66,193,1157.00,967.00,41.00,65.00,1.00,-1,-1,-1
66,194,1204.00,982.00,47.00,7.00,1.00,-1,-1,-1
66,201,678.00,974.00,11.00,12.00,1.00,-1,-1,-1
66,212,1149.00,311.00,44.00,27.00,1.00,-1,-1,-1
66,216,803.00,1058.00,18.00,26.00,1.00,-1,-1,-1
66,218,446.00,936.00,1029.00,105.00,1.00,-1,-1,-1
66,219,1358.00,382.00,33.00,37.00,1.00,-1,-1,-1
66,221,169.00,467.00,14.00,44.00,1.00,-1,-1,-1
66,222,214.00,875.00,41.00,33.00,1.00,-1,-1,-1
66,225,278.00,892.00,30.00,49.00,1.00,-1,-1,-1
66,226,220.00,941.00,85.00,73.00,1.00,-1,-1,-1
66,228,74.00,1032.00,20.00,79.00,1.00,-1,-1,-1
66,243,89.00,487.00,7.00,49.00,1.00,-1,-1,-1
66,244,1124.00,301.00,194.00,67.00,1.00,-1,-1,-1
66,246,153.00,1057.00,17.00,22.00,1.00,-1,-1,-1
66,254,882.00,420.00,65.00,44.00,1.00,-1,-1,-1
66,256,257.00,992.00,19.00,30.00,1.00,-1,-1,-1
66,257,1104.00,175.00,32.00,23.00,1.00,-1,-1,-1
66,259,76.00,1063.00,17.00,22.00,1.00,-1,-1,-1
66,270,204.00,714.00,11.00,13.00,1.00,-1,-1,-1
66,271,1705.00,1044.00,13.00,82.00,1.00,-1,-1,-1
66,273,142.00,1038.00,38.00,46.00,1.00,-1,-1,-1
66,278,1073.00,328.00,42.00,19.00,1.00,-1,-1,-1
66,280,245.00,961.00,20.00,14.00,1.00,-1,-1,-1
66,284,29.00,626.00,29.00,36.00,1.00,-1,-1,-1
66,290,831.00,33.00,23.00,9.00,1.00,-1,-1,-1
66,296,870.00,378.00,25.00,32.00,1.00,-1,-1,-1
66,299,1216.00,410.00,19.00,14.00,1.00,-1,-1,-1
66,301,188.00,32.00,24.00,218.00,1.00,-1,-1,-1
66,305,986.00,217.00,15.00,14.00,1.00,-1,-1,-1
66,306,561.00,385.00,12.00,14.00,1.00,-1,-1,-1
66,307,1253.00,172.00,14.00,14.00,1.00,-1,-1,-1
66,309,691.00,240.00,23.00,21.00,1.00,-1,-1,-1
66,312,668.00,317.00,20.00,16.00,1.00,-1,-1,-1
66,316,706.00,688.00,13.00,11.00,1.00,-1,-1,-1
66,318,871.00,1041.00,29.00,38.00,1.00,-1,-1,-1
66,325,755.00,396.00,100.00,33.00,1.00,-1,-1,-1
66,332,278.00,103.00,18.00,16.00,1.00,-1,-1,-1
66,333,127.00,822.00,43.00,34.00,1.00,-1,-1,-1
66,350,820.00,22.00,28.00,23.00,1.00,-1,-1,-1
66,352,1164.00,591.00,15.00,30.00,1.00,-1,-1,-1
66,354,1162.00,389.00,16.00,13.00,1.00,-1,-1,-1
66,356,1.00,539.00,80.00,306.00,1.00,-1,-1,-1
66,360,1285.00,290.00,106.00,70.00,1.00,-1,-1,-1
66,362,768.00,325.00,15.00,13.00,1.00,-1,-1,-1
66,363,584.00,233.00,26.00,20.00,1.00,-1,-1,-1
66,364,1711.00,977.00,17.00,112.00,1.00,-1,-1,-1
66,365,1064.00,209.00,19.00,13.00,1.00,-1,-1,-1
66,373,803.00,354.00,64.00,31.00,1.00,-1,-1,-1
66,390,1702.00,888.00,9.00,29.00,1.00,-1,-1,-1
66,397,0.00,0.00,40.00,7.00,1.00,-1,-1,-1
66,400,575.00,0.00,42.00,7.00,1.00,-1,-1,-1
66,401,72.00,0.00,33.00,6.00,1.00,-1,-1,-1
66,402,155.00,0.00,52.00,7.00,1.00,-1,-1,-1
66,403,1231.00,295.00,78.00,26.00,1.00,-1,-1,-1
67,5,910.00,887.00,62.00,56.00,1.00,-1,-1,-1
67,9,1019.00,916.00,43.00,30.00,1.00,-1,-1,-1
67,10,597.00,935.00,139.00,66.00,1.00,-1,-1,-1
67,11,718.00,341.00,429.00,119.00,1.00,-1,-1,-1
67,12,1353.00,479.00,170.00,115.00,1.00,-1,-1,-1
67,15,613.00,908.00,128.00,72.00,1.00,-1,-1,-1
67,18,1132.00,337.00,78.00,30.00,1.00,-1,-1,-1
67,21,761.00,361.00,38.00,45.00,1.00,-1,-1,-1
67,32,683.00,496.00,12.00,13.00,1.00,-1,-1,-1
67,34,864.00,356.00,13.00,42.00,1.00,-1,-1,-1
67,37,856.00,379.00,19.00,33.00,1.00,-1,-1,-1
67,38,1045.00,329.00,46.00,44.00,1.00,-1,-1,-1
67,40,904.00,377.00,29.00,25.00,1.00,-1,-1,-1
67,41,1436.00,409.00,25.00,44.00,1.00,-1,-1,-1
67,44,854.00,352.00,196.00,65.00,1.00,-1,-1,-1
67,45,285.00,1014.00,162.00,121.00,1.00,-1,-1,-1
67,48,868.00,256.00,23.00,61.00,1.00,-1,-1,-1
67,49,867.00,372.00,15.00,11.00,1.00,-1,-1,-1
67,50,898.00,368.00,13.00,19.00,1.00,-1,-1,-1
67,76,1118.00,351.00,11.00,32.00,1.00,-1,-1,-1
67,77,1162.00,356.00,208.00,46.00,1.00,-1,-1,-1
67,93,361.00,1062.00,21.00,20.00,1.00,-1,-1,-1
67,100,1051.00,934.00,11.00,36.00,1.00,-1,-1,-1
67,112,1249.00,285.00,54.00,12.00,1.00,-1,-1,-1
67,113,1118.00,321.00,27.00,20.00,1.00,-1,-1,-1
67,114,1367.00,308.00,22.00,16.00,1.00,-1,-1,-1
67,126,1197.00,442.00,34.00,16.00,1.00,-1,-1,-1
67,129,934.00,904.00,29.00,21.00,1.00,-1,-1,-1
67,135,674.00,365.00,499.00,99.00,1.00,-1,-1,-1
67,139,948.00,890.00,21.00,16.00,1.00,-1,-1,-1
67,141,1719.00,987.00,10.00,25.00,1.00,-1,-1,-1
67,142,1312.00,501.00,52.00,14.00,1.00,-1,-1,-1
67,147,1710.00,941.00,18.00,51.00,1.00,-1,-1,-1
67,148,951.00,907.00,40.00,25.00,1.00,-1,-1,-1
67,149,424.00,900.00,22.00,105.00,1.00,-1,-1,-1
67,153,1696.00,865.00,11.00,41.00,1.00,-1,-1,-1
67,158,712.00,1018.00,722.00,103.00,1.00,-1,-1,-1
67,160,284.00,930.00,17.00,123.00,1.00,-1,-1,-1
67,166,865.00,410.00,75.00,45.00,1.00,-1,-1,-1
67,174,931.00,378.00,39.00,42.00,1.00,-1,-1,-1
67,179,248.00,758.00,19.00,25.00,1.00,-1,-1,-1
67,186,783.00,971.00,17.00,8.00,1.00,-1,-1,-1
67,193,1157.00,967.00,41.00,65.00,1.00,-1,-1,-1
67,194,1204.00,982.00,47.00,7.00,1.00,-1,-1,-1
67,201,678.00,974.00,11.00,12.00,1.00,-1,-1,-1
67,212,1143.00,308.00,44.00,27.00,1.00,-1,-1,-1
67,216,804.00,1058.00,18.00,26.00,1.00,-1,-1,-1
67,218,444.00,934.00,1031.00,110.00,1.00,-1,-1,-1
67,219,1357.00,385.00,33.00,37.00,1.00,-1,-1,-1
67,221,168.00,470.00,14.00,44.00,1.00,-1,-1,-1
67,222,213.00,877.00,41.00,33.00,1.00,-1,-1,-1
67,225,277.00,895.00,30.00,49.00,1.00,-1,-1,-1
67,226,220.00,943.00,85.00,73.00,1.00,-1,-1,-1
67,228,75.00,1033.00,20.00,79.00,1.00,-1,-1,-1
67,243,89.00,490.00,7.00,49.00,1.00,-1,-1,-1
67,244,1123.00,303.00,194.00,67.00,1.00,-1,-1,-1
67,246,152.00,1059.00,17.00,22.00,1.00,-1,-1,-1
67,254,869.00,409.00,65.00,44.00,1.00,-1,-1,-1
67,256,256.00,995.00,19.00,30.00,1.00,-1,-1,-1
67,257,1104.00,178.00,32.00,23.00,1.00,-1,-1,-1
67,259,77.00,1064.00,17.00,22.00,1.00,-1,-1,-1
67,270,204.00,716.00,11.00,13.00,1.00,-1,-1,-1
67,271,1706.00,1044.00,13.00,82.00,1.00,-1,-1,-1
67,273,141.00,1040.00,38.00,46.00,1.00,-1,-1,-1
67,278,1077.00,329.00,42.00,19.00,1.00,-1,-1,-1
67,280,244.00,964.00,20.00,14.00,1.00,-1,-1,-1
67,284,29.00,628.00,29.00,36.00,1.00,-1,-1,-1
67,290,830.00,36.00,23.00,9.00,1.00,-1,-1,-1
67,296,863.00,376.00,25.00,32.00,1.00,-1,-1,-1
67,299,1215.00,412.00,19.00,14.00,1.00,-1,-1,-1
67,301,188.00,33.00,24.00,218.00,1.00,-1,-1,-1
67,305,986.00,220.00,15.00,14.00,1.00,-1,-1,-1
67,306,561.00,388.00,12.00,14.00,1.00,-1,-1,-1
67,307,1253.00,174.00,14.00,14.00,1.00,-1,-1,-1
67,309,690.00,243.00,23.00,21.00,1.00,-1,-1,-1
67,312,667.00,320.00,20.00,16.00,1.00,-1,-1,-1
67,316,706.00,691.00,13.00,11.00,1.00,-1,-1,-1
67,318,870.00,1044.00,29.00,38.00,1.00,-1,-1,-1
67,325,744.00,384.00,100.00,33.00,1.00,-1,-1,-1
67,332,278.00,106.00,18.00,16.00,1.00,-1,-1,-1
67,333,126.00,824.00,43.00,34.00,1.00,-1,-1,-1
67,345,19.00,711.00,11.00,33.00,1.00,-1,-1,-1
67,350,819.00,24.00,28.00,23.00,1.00,-1,-1,-1
67,352,1164.00,594.00,15.00,30.00,1.00,-1,-1,-1
67,354,1162.00,391.00,16.00,13.00,1.00,-1,-1,-1
67,356,0.00,542.00,80.00,306.00,1.00,-1,-1,-1
67,360,1284.00,292.00,106.00,70.00,1.00,-1,-1,-1
67,362,766.00,328.00,15.00,13.00,1.00,-1,-1,-1
67,363,584.00,236.00,26.00,20.00,1.00,-1,-1,-1
67,364,1710.00,979.00,17.00,112.00,1.00,-1,-1,-1
67,365,1063.00,212.00,19.00,13.00,1.00,-1,-1,-1
67,373,797.00,351.00,64.00,31.00,1.00,-1,-1,-1
67,390,1701.00,890.00,9.00,29.00,1.00,-1,-1,-1
67,397,0.00,0.00,40.00,7.00,1.00,-1,-1,-1
67,400,573.00,0.00,42.00,7.00,1.00,-1,-1,-1
67,401,72.00,0.00,33.00,6.00,1.00,-1,-1,-1
67,402,155.00,0.00,52.00,7.00,1.00,-1,-1,-1
67,403,1230.00,292.00,78.00,26.00,1.00,-1,-1,-1
68,5,909.00,890.00,62.00,56.00,1.00,-1,-1,-1
68,9,1019.00,919.00,43.00,30.00,1.00,-1,-1,-1
68,10,597.00,935.00,139.00,66.00,1.00,-1,-1,-1
68,11,703.00,339.00,415.00,111.00,1.00,-1,-1,-1
68,12,1353.00,482.00,170.00,115.00,1.00,-1,-1,-1
68,15,612.00,908.00,128.00,72.00,1.00,-1,-1,-1
68,18,1131.00,340.00,78.00,30.00,1.00,-1,-1,-1
68,21,766.00,349.00,38.00,45.00,1.00,-1,-1,-1
68,32,682.00,498.00,12.00,13.00,1.00,-1,-1,-1
68,34,858.00,353.00,13.00,42.00,1.00,-1,-1,-1
68,37,855.00,371.00,19.00,33.00,1.00,-1,-1,-1
68,38,1044.00,330.00,46.00,44.00,1.00,-1,-1,-1
68,40,894.00,371.00,29.00,25.00,1.00,-1,-1,-1
68,41,1435.00,411.00,25.00,44.00,1.00,-1,-1,-1
68,44,851.00,342.00,196.00,65.00,1.00,-1,-1,-1
68,45,282.00,1014.00,162.00,121.00,1.00,-1,-1,-1
68,48,868.00,259.00,23.00,61.00,1.00,-1,-1,-1
68,49,860.00,369.00,15.00,11.00,1.00,-1,-1,-1
68,50,896.00,367.00,13.00,19.00,1.00,-1,-1,-1
68,76,1113.00,352.00,11.00,32.00,1.00,-1,-1,-1
68,77,1162.00,359.00,208.00,46.00,1.00,-1,-1,-1
68,93,357.00,1062.00,21.00,20.00,1.00,-1,-1,-1
68,100,1051.00,934.00,11.00,36.00,1.00,-1,-1,-1
68,112,1247.00,287.00,54.00,12.00,1.00,-1,-1,-1
68,113,1119.00,319.00,27.00,20.00,1.00,-1,-1,-1
68,114,1366.00,311.00,22.00,16.00,1.00,-1,-1,-1
68,126,1196.00,445.00,34.00,16.00,1.00,-1,-1,-1
68,129,934.00,908.00,29.00,21.00,1.00,-1,-1,-1
68,135,662.00,355.00,499.00,99.00,1.00,-1,-1,-1
68,139,947.00,894.00,21.00,16.00,1.00,-1,-1,-1
68,141,1719.00,990.00,10.00,25.00,1.00,-1,-1,-1
68,142,1312.00,503.00,52.00,14.00,1.00,-1,-1,-1
68,147,1709.00,944.00,18.00,51.00,1.00,-1,-1,-1
68,148,950.00,910.00,40.00,25.00,1.00,-1,-1,-1
68,149,424.00,903.00,22.00,105.00,1.00,-1,-1,-1
68,153,1696.00,868.00,11.00,41.00,1.00,-1,-1,-1
68,158,710.00,1018.00,722.00,103.00,1.00,-1,-1,-1
68,160,283.00,933.00,17.00,123.00,1.00,-1,-1,-1
68,166,853.00,398.00,75.00,45.00,1.00,-1,-1,-1
68,174,919.00,371.00,39.00,42.00,1.00,-1,-1,-1
68,179,247.00,761.00,19.00,25.00,1.00,-1,-1,-1
68,186,783.00,971.00,17.00,8.00,1.00,-1,-1,-1
68,193,1157.00,967.00,41.00,65.00,1.00,-1,-1,-1
68,194,1204.00,982.00,47.00,7.00,1.00,-1,-1,-1
68,201,678.00,974.00,11.00,12.00,1.00,-1,-1,-1
68,212,1135.00,307.00,44.00,27.00,1.00,-1,-1,-1
68,216,805.00,1058.00,18.00,26.00,1.00,-1,-1,-1
68,218,445.00,933.00,1030.00,110.00,1.00,-1,-1,-1
68,219,1357.00,387.00,33.00,37.00,1.00,-1,-1,-1
68,221,167.00,473.00,14.00,44.00,1.00,-1,-1,-1
68,222,212.00,880.00,41.00,33.00,1.00,-1,-1,-1
68,225,276.00,898.00,30.00,49.00,1.00,-1,-1,-1
68,226,219.00,946.00,85.00,73.00,1.00,-1,-1,-1
68,228,74.00,1038.00,20.00,79.00,1.00,-1,-1,-1
68,243,88.00,493.00,7.00,49.00,1.00,-1,-1,-1
68,244,1122.00,306.00,194.00,67.00,1.00,-1,-1,-1
68,246,152.00,1060.00,17.00,22.00,1.00,-1,-1,-1
68,254,857.00,397.00,65.00,44.00,1.00,-1,-1,-1
68,256,255.00,998.00,19.00,30.00,1.00,-1,-1,-1
68,257,1104.00,180.00,32.00,23.00,1.00,-1,-1,-1
68,259,77.00,1067.00,17.00,22.00,1.00,-1,-1,-1
68,270,203.00,719.00,11.00,13.00,1.00,-1,-1,-1
68,271,1705.00,1044.00,13.00,82.00,1.00,-1,-1,-1
68,273,140.00,1043.00,38.00,46.00,1.00,-1,-1,-1
68,278,1071.00,330.00,42.00,19.00,1.00,-1,-1,-1
68,280,242.00,966.00,32.00,19.00,1.00,-1,-1,-1
68,284,28.00,631.00,29.00,36.00,1.00,-1,-1,-1
68,290,830.00,38.00,23.00,9.00,1.00,-1,-1,-1
68,296,858.00,371.00,25.00,32.00,1.00,-1,-1,-1
68,299,1214.00,415.00,19.00,14.00,1.00,-1,-1,-1
68,301,187.00,37.00,24.00,218.00,1.00,-1,-1,-1
68,305,985.00,222.00,15.00,14.00,1.00,-1,-1,-1
68,306,560.00,391.00,12.00,14.00,1.00,-1,-1,-1
68,307,1252.00,177.00,14.00,14.00,1.00,-1,-1,-1
68,309,689.00,245.00,23.00,21.00,1.00,-1,-1,-1
68,312,667.00,322.00,20.00,16.00,1.00,-1,-1,-1
68,316,705.00,694.00,13.00,11.00,1.00,-1,-1,-1
68,318,870.00,1047.00,29.00,38.00,1.00,-1,-1,-1
68,325,746.00,374.00,100.00,33.00,1.00,-1,-1,-1
68,332,278.00,108.00,18.00,16.00,1.00,-1,-1,-1
68,333,125.00,827.00,43.00,34.00,1.00,-1,-1,-1
68,345,18.00,713.00,11.00,33.00,1.00,-1,-1,-1
68,350,819.00,27.00,28.00,23.00,1.00,-1,-1,-1
68,352,1163.00,596.00,15.00,30.00,1.00,-1,-1,-1
68,354,1161.00,394.00,16.00,13.00,1.00,-1,-1,-1
68,356,0.00,545.00,80.00,306.00,1.00,-1,-1,-1
68,360,1284.00,295.00,106.00,70.00,1.00,-1,-1,-1
68,362,768.00,330.00,15.00,13.00,1.00,-1,-1,-1
68,363,583.00,238.00,26.00,20.00,1.00,-1,-1,-1
68,364,1710.00,981.00,17.00,112.00,1.00,-1,-1,-1
68,365,1062.00,215.00,19.00,13.00,1.00,-1,-1,-1
68,373,791.00,349.00,64.00,31.00,1.00,-1,-1,-1
68,390,1701.00,893.00,9.00,29.00,1.00,-1,-1,-1
68,397,0.00,0.00,40.00,7.00,1.00,-1,-1,-1
68,400,572.00,0.00,42.00,7.00,1.00,-1,-1,-1
68,401,72.00,0.00,33.00,6.00,1.00,-1,-1,-1
68,402,155.00,0.00,52.00,7.00,1.00,-1,-1,-1
68,403,1230.00,297.00,78.00,26.00,1.00,-1,-1,-1
68,415,191.00,718.00,23.00,21.00,1.00,-1,-1,-1
69,5,909.00,890.00,62.00,56.00,1.00,-1,-1,-1
69,9,1019.00,919.00,43.00,30.00,1.00,-1,-1,-1
69,10,597.00,935.00,139.00,66.00,1.00,-1,-1,-1
69,11,703.00,339.00,415.00,111.00,1.00,-1,-1,-1
69,12,1353.00,482.00,170.00,115.00,1.00,-1,-1,-1
69,15,612.00,908.00,128.00,72.00,1.00,-1,-1,-1
69,18,1131.00,340.00,78.00,30.00,1.00,-1,-1,-1
69,21,766.00,349.00,38.00,45.00,1.00,-1,-1,-1
69,32,682.00,498.00,12.00,13.00,1.00,-1,-1,-1
69,34,858.00,353.00,13.00,42.00,1.00,-1,-1,-1
69,37,855.00,371.00,19.00,33.00,1.00,-1,-1,-1
69,38,1044.00,330.00,46.00,44.00,1.00,-1,-1,-1
69,40,894.00,371.00,29.00,25.00,1.00,-1,-1,-1
69,41,1435.00,412.00,25.00,44.00,1.00,-1,-1,-1
69,44,851.00,342.00,196.00,65.00,1.00,-1,-1,-1
69,45,282.00,1014.00,162.00,121.00,1.00,-1,-1,-1
69,48,868.00,259.00,23.00,61.00,1.00,-1,-1,-1
69,49,860.00,369.00,15.00,11.00,1.00,-1,-1,-1
69,50,896.00,367.00,13.00,19.00,1.00,-1,-1,-1
69,76,1113.00,352.00,11.00,32.00,1.00,-1,-1,-1
69,77,1162.00,359.00,208.00,46.00,1.00,-1,-1,-1
69,93,357.00,1062.00,21.00,20.00,1.00,-1,-1,-1
69,100,1051.00,934.00,11.00,36.00,1.00,-1,-1,-1
69,112,1247.00,287.00,54.00,12.00,1.00,-1,-1,-1
69,113,1119.00,319.00,27.00,20.00,1.00,-1,-1,-1
69,114,1366.00,311.00,22.00,16.00,1.00,-1,-1,-1
69,126,1196.00,445.00,34.00,16.00,1.00,-1,-1,-1
69,129,934.00,908.00,29.00,21.00,1.00,-1,-1,-1
69,135,662.00,355.00,499.00,99.00,1.00,-1,-1,-1
69,139,947.00,894.00,21.00,16.00,1.00,-1,-1,-1
69,141,1719.00,990.00,10.00,25.00,1.00,-1,-1,-1
69,142,1312.00,504.00,52.00,14.00,1.00,-1,-1,-1
69,147,1709.00,944.00,18.00,51.00,1.00,-1,-1,-1
69,148,950.00,910.00,40.00,25.00,1.00,-1,-1,-1
69,149,424.00,903.00,22.00,105.00,1.00,-1,-1,-1
69,153,1696.00,868.00,11.00,41.00,1.00,-1,-1,-1
69,158,710.00,1018.00,722.00,103.00,1.00,-1,-1,-1
69,160,283.00,934.00,17.00,123.00,1.00,-1,-1,-1
69,166,853.00,398.00,75.00,45.00,1.00,-1,-1,-1
69,174,919.00,371.00,39.00,42.00,1.00,-1,-1,-1
69,179,247.00,761.00,19.00,25.00,1.00,-1,-1,-1
69,186,783.00,971.00,17.00,8.00,1.00,-1,-1,-1
69,193,1157.00,967.00,41.00,65.00,1.00,-1,-1,-1
69,194,1204.00,982.00,47.00,7.00,1.00,-1,-1,-1
69,201,678.00,974.00,11.00,12.00,1.00,-1,-1,-1
69,212,1135.00,307.00,44.00,27.00,1.00,-1,-1,-1
69,216,805.00,1058.00,18.00,26.00,1.00,-1,-1,-1
69,218,445.00,933.00,1030.00,110.00,1.00,-1,-1,-1
69,219,1357.00,388.00,33.00,37.00,1.00,-1,-1,-1
69,221,167.00,473.00,14.00,44.00,1.00,-1,-1,-1
69,222,212.00,881.00,41.00,33.00,1.00,-1,-1,-1
69,225,276.00,898.00,30.00,49.00,1.00,-1,-1,-1
69,226,219.00,946.00,85.00,73.00,1.00,-1,-1,-1
69,228,74.00,1038.00,20.00,79.00,1.00,-1,-1,-1
69,243,88.00,493.00,7.00,49.00,1.00,-1,-1,-1
69,244,1122.00,306.00,194.00,67.00,1.00,-1,-1,-1
69,246,152.00,1060.00,17.00,22.00,1.00,-1,-1,-1
69,254,857.00,397.00,65.00,44.00,1.00,-1,-1,-1
69,256,255.00,998.00,19.00,30.00,1.00,-1,-1,-1
69,257,1104.00,180.00,32.00,23.00,1.00,-1,-1,-1
69,259,77.00,1067.00,17.00,22.00,1.00,-1,-1,-1
69,270,203.00,719.00,11.00,13.00,1.00,-1,-1,-1
69,271,1705.00,1044.00,13.00,82.00,1.00,-1,-1,-1
69,273,140.00,1043.00,38.00,46.00,1.00,-1,-1,-1
69,278,1071.00,330.00,42.00,19.00,1.00,-1,-1,-1
69,280,244.00,966.00,16.00,14.00,1.00,-1,-1,-1
69,284,28.00,631.00,29.00,36.00,1.00,-1,-1,-1
69,290,830.00,38.00,23.00,9.00,1.00,-1,-1,-1
69,296,858.00,371.00,25.00,32.00,1.00,-1,-1,-1
69,299,1214.00,415.00,19.00,14.00,1.00,-1,-1,-1
69,301,187.00,37.00,24.00,218.00,1.00,-1,-1,-1
69,305,985.00,222.00,15.00,14.00,1.00,-1,-1,-1
69,306,560.00,391.00,12.00,14.00,1.00,-1,-1,-1
69,307,1252.00,177.00,14.00,14.00,1.00,-1,-1,-1
69,309,689.00,245.00,23.00,21.00,1.00,-1,-1,-1
69,312,667.00,323.00,20.00,16.00,1.00,-1,-1,-1
69,316,705.00,694.00,13.00,11.00,1.00,-1,-1,-1
69,318,870.00,1047.00,29.00,38.00,1.00,-1,-1,-1
69,325,746.00,374.00,100.00,33.00,1.00,-1,-1,-1
69,332,278.00,108.00,18.00,16.00,1.00,-1,-1,-1
69,333,125.00,827.00,43.00,34.00,1.00,-1,-1,-1
69,345,18.00,713.00,11.00,33.00,1.00,-1,-1,-1
69,350,819.00,27.00,28.00,23.00,1.00,-1,-1,-1
69,352,1163.00,596.00,15.00,30.00,1.00,-1,-1,-1
69,354,1161.00,394.00,16.00,13.00,1.00,-1,-1,-1
69,356,0.00,545.00,80.00,306.00,1.00,-1,-1,-1
69,360,1284.00,295.00,106.00,70.00,1.00,-1,-1,-1
69,362,768.00,330.00,15.00,13.00,1.00,-1,-1,-1
69,363,583.00,238.00,26.00,20.00,1.00,-1,-1,-1
69,364,1710.00,981.00,17.00,112.00,1.00,-1,-1,-1
69,365,1062.00,215.00,19.00,13.00,1.00,-1,-1,-1
69,373,791.00,349.00,64.00,31.00,1.00,-1,-1,-1
69,390,1701.00,893.00,9.00,29.00,1.00,-1,-1,-1
69,397,0.00,0.00,40.00,7.00,1.00,-1,-1,-1
69,400,572.00,0.00,42.00,7.00,1.00,-1,-1,-1
69,401,72.00,0.00,33.00,6.00,1.00,-1,-1,-1
69,402,155.00,0.00,52.00,7.00,1.00,-1,-1,-1
69,403,1230.00,297.00,78.00,26.00,1.00,-1,-1,-1
69,412,160.00,830.00,11.00,16.00,1.00,-1,-1,-1
69,415,190.00,718.00,23.00,21.00,1.00,-1,-1,-1
70,5,909.00,893.00,62.00,56.00,1.00,-1,-1,-1
70,9,1019.00,923.00,43.00,30.00,1.00,-1,-1,-1
70,10,597.00,935.00,139.00,66.00,1.00,-1,-1,-1
70,11,696.00,320.00,460.00,118.00,1.00,-1,-1,-1
70,12,1353.00,485.00,170.00,115.00,1.00,-1,-1,-1
70,15,611.00,908.00,128.00,72.00,1.00,-1,-1,-1
70,18,1131.00,343.00,78.00,30.00,1.00,-1,-1,-1
70,21,761.00,341.00,38.00,45.00,1.00,-1,-1,-1
70,32,682.00,501.00,12.00,13.00,1.00,-1,-1,-1
70,34,850.00,347.00,13.00,42.00,1.00,-1,-1,-1
70,37,847.00,363.00,19.00,33.00,1.00,-1,-1,-1
70,38,1044.00,331.00,46.00,44.00,1.00,-1,-1,-1
70,40,888.00,364.00,29.00,25.00,1.00,-1,-1,-1
70,41,1435.00,415.00,25.00,44.00,1.00,-1,-1,-1
70,44,852.00,332.00,196.00,65.00,1.00,-1,-1,-1
70,45,281.00,1014.00,162.00,121.00,1.00,-1,-1,-1
70,48,868.00,262.00,23.00,61.00,1.00,-1,-1,-1
70,49,853.00,363.00,15.00,11.00,1.00,-1,-1,-1
70,50,893.00,362.00,13.00,19.00,1.00,-1,-1,-1
70,76,1108.00,354.00,11.00,32.00,1.00,-1,-1,-1
70,77,1162.00,362.00,208.00,46.00,1.00,-1,-1,-1
70,93,356.00,1062.00,21.00,20.00,1.00,-1,-1,-1
70,100,1051.00,934.00,11.00,36.00,1.00,-1,-1,-1
70,112,1248.00,295.00,54.00,12.00,1.00,-1,-1,-1
70,113,1111.00,319.00,27.00,20.00,1.00,-1,-1,-1
70,114,1366.00,314.00,22.00,16.00,1.00,-1,-1,-1
70,126,1196.00,448.00,34.00,16.00,1.00,-1,-1,-1
70,129,934.00,911.00,29.00,21.00,1.00,-1,-1,-1
70,135,650.00,347.00,499.00,99.00,1.00,-1,-1,-1
70,139,948.00,897.00,21.00,16.00,1.00,-1,-1,-1
70,141,1719.00,993.00,10.00,25.00,1.00,-1,-1,-1
70,142,1312.00,507.00,52.00,14.00,1.00,-1,-1,-1
70,147,1709.00,946.00,18.00,51.00,1.00,-1,-1,-1
70,148,951.00,913.00,40.00,25.00,1.00,-1,-1,-1
70,149,424.00,906.00,22.00,105.00,1.00,-1,-1,-1
70,153,1696.00,871.00,11.00,41.00,1.00,-1,-1,-1
70,158,710.00,1018.00,722.00,103.00,1.00,-1,-1,-1
70,160,283.00,937.00,17.00,123.00,1.00,-1,-1,-1
70,166,841.00,390.00,75.00,45.00,1.00,-1,-1,-1
70,174,906.00,362.00,39.00,42.00,1.00,-1,-1,-1
70,179,247.00,765.00,19.00,25.00,1.00,-1,-1,-1
70,186,783.00,971.00,17.00,8.00,1.00,-1,-1,-1
70,193,1157.00,967.00,41.00,65.00,1.00,-1,-1,-1
70,194,1204.00,982.00,47.00,7.00,1.00,-1,-1,-1
70,201,678.00,974.00,11.00,12.00,1.00,-1,-1,-1
70,212,1121.00,309.00,44.00,27.00,1.00,-1,-1,-1
70,216,808.00,1058.00,18.00,26.00,1.00,-1,-1,-1
70,218,445.00,934.00,1030.00,110.00,1.00,-1,-1,-1
70,219,1357.00,391.00,33.00,37.00,1.00,-1,-1,-1
70,221,167.00,476.00,14.00,44.00,1.00,-1,-1,-1
70,222,213.00,884.00,41.00,33.00,1.00,-1,-1,-1
70,225,277.00,901.00,30.00,49.00,1.00,-1,-1,-1
70,226,219.00,949.00,85.00,73.00,1.00,-1,-1,-1
70,228,73.00,1039.00,20.00,79.00,1.00,-1,-1,-1
70,243,88.00,496.00,7.00,49.00,1.00,-1,-1,-1
70,244,1122.00,309.00,194.00,67.00,1.00,-1,-1,-1
70,246,154.00,1060.00,17.00,22.00,1.00,-1,-1,-1
70,254,845.00,389.00,65.00,44.00,1.00,-1,-1,-1
70,256,255.00,1001.00,19.00,30.00,1.00,-1,-1,-1
70,257,1104.00,184.00,32.00,23.00,1.00,-1,-1,-1
70,259,76.00,1068.00,17.00,22.00,1.00,-1,-1,-1
70,270,204.00,723.00,11.00,13.00,1.00,-1,-1,-1
70,271,1706.00,1044.00,13.00,82.00,1.00,-1,-1,-1
70,273,141.00,1047.00,38.00,46.00,1.00,-1,-1,-1
70,278,1066.00,331.00,42.00,19.00,1.00,-1,-1,-1
70,280,241.00,968.00,24.00,14.00,1.00,-1,-1,-1
70,284,28.00,634.00,29.00,36.00,1.00,-1,-1,-1
70,290,830.00,42.00,23.00,9.00,1.00,-1,-1,-1
70,296,851.00,362.00,25.00,32.00,1.00,-1,-1,-1
70,299,1215.00,418.00,19.00,14.00,1.00,-1,-1,-1
70,301,187.00,41.00,24.00,218.00,1.00,-1,-1,-1
70,305,985.00,226.00,15.00,14.00,1.00,-1,-1,-1
70,306,560.00,394.00,12.00,14.00,1.00,-1,-1,-1
70,307,1252.00,181.00,14.00,14.00,1.00,-1,-1,-1
70,309,690.00,249.00,23.00,21.00,1.00,-1,-1,-1
70,312,667.00,326.00,20.00,16.00,1.00,-1,-1,-1
70,316,705.00,697.00,13.00,11.00,1.00,-1,-1,-1
70,318,870.00,1050.00,29.00,38.00,1.00,-1,-1,-1
70,325,727.00,365.00,100.00,33.00,1.00,-1,-1,-1
70,332,278.00,112.00,18.00,16.00,1.00,-1,-1,-1
70,333,126.00,830.00,43.00,34.00,1.00,-1,-1,-1
70,345,18.00,717.00,11.00,33.00,1.00,-1,-1,-1
70,350,819.00,31.00,28.00,23.00,1.00,-1,-1,-1
70,352,1163.00,600.00,15.00,30.00,1.00,-1,-1,-1
70,354,1161.00,398.00,16.00,13.00,1.00,-1,-1,-1
70,356,0.00,548.00,80.00,306.00,1.00,-1,-1,-1
70,360,1284.00,299.00,106.00,70.00,1.00,-1,-1,-1
70,362,765.00,331.00,15.00,13.00,1.00,-1,-1,-1
70,363,583.00,242.00,26.00,20.00,1.00,-1,-1,-1
70,364,1710.00,984.00,17.00,112.00,1.00,-1,-1,-1
70,365,1063.00,218.00,19.00,13.00,1.00,-1,-1,-1
70,373,781.00,340.00,64.00,31.00,1.00,-1,-1,-1
70,390,1701.00,895.00,9.00,29.00,1.00,-1,-1,-1
70,397,1.00,0.00,40.00,7.00,1.00,-1,-1,-1
70,400,572.00,0.00,42.00,7.00,1.00,-1,-1,-1
70,401,73.00,0.00,33.00,6.00,1.00,-1,-1,-1
70,402,156.00,0.00,52.00,7.00,1.00,-1,-1,-1
70,403,1229.00,305.00,78.00,26.00,1.00,-1,-1,-1
70,412,160.00,833.00,11.00,16.00,1.00,-1,-1,-1
70,415,191.00,721.00,23.00,21.00,1.00,-1,-1,-1
71,5,914.00,925.00,47.00,34.00,1.00,-1,-1,-1
71,9,1019.00,926.00,43.00,30.00,1.00,-1,-1,-1
71,10,597.00,935.00,139.00,66.00,1.00,-1,-1,-1
71,11,698.00,307.00,605.00,128.00,1.00,-1,-1,-1
71,12,1353.00,489.00,170.00,115.00,1.00,-1,-1,-1
71,15,610.00,909.00,128.00,72.00,1.00,-1,-1,-1
71,18,1132.00,347.00,78.00,30.00,1.00,-1,-1,-1
71,21,745.00,332.00,38.00,45.00,1.00,-1,-1,-1
71,32,683.00,504.00,12.00,13.00,1.00,-1,-1,-1
71,34,848.00,338.00,13.00,42.00,1.00,-1,-1,-1
71,37,847.00,354.00,19.00,33.00,1.00,-1,-1,-1
71,38,1044.00,331.00,46.00,44.00,1.00,-1,-1,-1
71,40,884.00,357.00,29.00,25.00,1.00,-1,-1,-1
71,41,1435.00,418.00,25.00,44.00,1.00,-1,-1,-1
71,44,842.00,322.00,196.00,65.00,1.00,-1,-1,-1
71,45,278.00,1014.00,162.00,121.00,1.00,-1,-1,-1
71,48,868.00,265.00,23.00,61.00,1.00,-1,-1,-1
71,49,847.00,355.00,15.00,11.00,1.00,-1,-1,-1
71,50,889.00,355.00,13.00,19.00,1.00,-1,-1,-1
71,72,922.00,763.00,9.00,14.00,1.00,-1,-1,-1
71,76,1102.00,355.00,11.00,32.00,1.00,-1,-1,-1
71,77,1162.00,367.00,208.00,46.00,1.00,-1,-1,-1
71,93,353.00,1062.00,21.00,20.00,1.00,-1,-1,-1
71,100,1051.00,934.00,11.00,36.00,1.00,-1,-1,-1
71,112,1249.00,306.00,54.00,12.00,1.00,-1,-1,-1
71,113,1105.00,319.00,27.00,20.00,1.00,-1,-1,-1
71,114,1366.00,318.00,22.00,16.00,1.00,-1,-1,-1
71,126,1197.00,452.00,34.00,16.00,1.00,-1,-1,-1
71,129,934.00,915.00,29.00,21.00,1.00,-1,-1,-1
71,135,639.00,339.00,499.00,99.00,1.00,-1,-1,-1
71,139,948.00,901.00,21.00,16.00,1.00,-1,-1,-1
71,141,1719.00,997.00,10.00,25.00,1.00,-1,-1,-1
71,142,1312.00,510.00,52.00,14.00,1.00,-1,-1,-1
71,147,1709.00,949.00,18.00,51.00,1.00,-1,-1,-1
71,148,951.00,917.00,40.00,25.00,1.00,-1,-1,-1
71,149,424.00,910.00,22.00,105.00,1.00,-1,-1,-1
71,153,1696.00,876.00,11.00,41.00,1.00,-1,-1,-1
71,158,712.00,1018.00,722.00,103.00,1.00,-1,-1,-1
71,160,284.00,940.00,17.00,123.00,1.00,-1,-1,-1
71,166,823.00,388.00,75.00,45.00,1.00,-1,-1,-1
71,174,895.00,354.00,39.00,42.00,1.00,-1,-1,-1
71,179,248.00,768.00,19.00,25.00,1.00,-1,-1,-1
71,186,783.00,971.00,17.00,8.00,1.00,-1,-1,-1
71,193,1157.00,967.00,41.00,65.00,1.00,-1,-1,-1
71,194,1204.00,982.00,47.00,7.00,1.00,-1,-1,-1
71,201,678.00,974.00,11.00,12.00,1.00,-1,-1,-1
71,212,1110.00,313.00,44.00,27.00,1.00,-1,-1,-1
71,216,810.00,1058.00,18.00,26.00,1.00,-1,-1,-1
71,218,444.00,933.00,1030.00,110.00,1.00,-1,-1,-1
71,219,1357.00,394.00,33.00,37.00,1.00,-1,-1,-1
71,221,168.00,479.00,14.00,44.00,1.00,-1,-1,-1
71,222,213.00,887.00,41.00,33.00,1.00,-1,-1,-1
71,225,277.00,905.00,30.00,49.00,1.00,-1,-1,-1
71,226,219.00,953.00,85.00,73.00,1.00,-1,-1,-1
71,228,73.00,1039.00,20.00,79.00,1.00,-1,-1,-1
71,243,89.00,500.00,7.00,49.00,1.00,-1,-1,-1
71,244,1123.00,313.00,194.00,67.00,1.00,-1,-1,-1
71,246,156.00,1061.00,17.00,22.00,1.00,-1,-1,-1
71,254,827.00,387.00,65.00,44.00,1.00,-1,-1,-1
71,256,256.00,1005.00,19.00,30.00,1.00,-1,-1,-1
71,257,1106.00,188.00,29.00,22.00,1.00,-1,-1,-1
71,259,76.00,1068.00,17.00,22.00,1.00,-1,-1,-1
71,270,204.00,726.00,11.00,13.00,1.00,-1,-1,-1
71,271,1710.00,1044.00,13.00,82.00,1.00,-1,-1,-1
71,273,136.00,1064.00,55.00,16.00,1.00,-1,-1,-1
71,278,1060.00,331.00,42.00,19.00,1.00,-1,-1,-1
71,280,241.00,971.00,24.00,14.00,1.00,-1,-1,-1
71,284,29.00,638.00,29.00,36.00,1.00,-1,-1,-1
71,290,830.00,45.00,23.00,9.00,1.00,-1,-1,-1
71,296,845.00,355.00,25.00,32.00,1.00,-1,-1,-1
71,299,1215.00,422.00,19.00,14.00,1.00,-1,-1,-1
71,301,187.00,42.00,24.00,218.00,1.00,-1,-1,-1
71,305,988.00,229.00,13.00,15.00,1.00,-1,-1,-1
71,306,560.00,397.00,12.00,14.00,1.00,-1,-1,-1
71,307,1258.00,185.00,9.00,17.00,1.00,-1,-1,-1
71,309,694.00,250.00,20.00,24.00,1.00,-1,-1,-1
71,312,667.00,330.00,20.00,16.00,1.00,-1,-1,-1
71,316,708.00,699.00,13.00,15.00,1.00,-1,-1,-1
71,318,878.00,1046.00,23.00,34.00,1.00,-1,-1,-1
71,325,717.00,354.00,100.00,33.00,1.00,-1,-1,-1
71,332,284.00,114.00,8.00,16.00,1.00,-1,-1,-1
71,333,126.00,834.00,43.00,34.00,1.00,-1,-1,-1
71,345,18.00,720.00,11.00,33.00,1.00,-1,-1,-1
71,350,822.00,35.00,14.00,20.00,1.00,-1,-1,-1
71,352,1169.00,604.00,10.00,31.00,1.00,-1,-1,-1
71,354,1161.00,401.00,16.00,13.00,1.00,-1,-1,-1
71,356,0.00,546.00,82.00,313.00,1.00,-1,-1,-1
71,360,1284.00,302.00,106.00,70.00,1.00,-1,-1,-1
71,361,137.00,834.00,268.00,223.00,1.00,-1,-1,-1
71,362,764.00,331.00,15.00,13.00,1.00,-1,-1,-1
71,363,587.00,247.00,19.00,18.00,1.00,-1,-1,-1
71,364,1710.00,988.00,17.00,112.00,1.00,-1,-1,-1
71,365,1059.00,217.00,25.00,18.00,1.00,-1,-1,-1
71,373,777.00,338.00,64.00,31.00,1.00,-1,-1,-1
71,379,0.00,539.00,23.00,32.00,1.00,-1,-1,-1
71,382,868.00,151.00,41.00,40.00,1.00,-1,-1,-1
71,387,486.00,70.00,15.00,26.00,1.00,-1,-1,-1
71,388,1253.00,115.00,17.00,35.00,1.00,-1,-1,-1
71,389,574.00,168.00,16.00,16.00,1.00,-1,-1,-1
71,390,1701.00,899.00,9.00,29.00,1.00,-1,-1,-1
71,397,2.00,0.00,40.00,7.00,1.00,-1,-1,-1
71,400,572.00,0.00,42.00,7.00,1.00,-1,-1,-1
71,401,71.00,0.00,33.00,6.00,1.00,-1,-1,-1
71,402,156.00,0.00,52.00,7.00,1.00,-1,-1,-1
71,403,1231.00,317.00,78.00,26.00,1.00,-1,-1,-1
71,412,160.00,836.00,11.00,16.00,1.00,-1,-1,-1
71,415,191.00,724.00,23.00,21.00,1.00,-1,-1,-1
72,5,913.00,928.00,47.00,34.00,1.00,-1,-1,-1
72,9,1019.00,930.00,43.00,30.00,1.00,-1,-1,-1
72,10,597.00,935.00,139.00,66.00,1.00,-1,-1,-1
72,11,685.00,317.00,465.00,108.00,1.00,-1,-1,-1
72,12,1353.00,492.00,170.00,115.00,1.00,-1,-1,-1
72,15,610.00,909.00,128.00,72.00,1.00,-1,-1,-1
72,18,1132.00,351.00,78.00,30.00,1.00,-1,-1,-1
72,21,689.00,320.00,38.00,45.00,1.00,-1,-1,-1
72,32,683.00,509.00,12.00,13.00,1.00,-1,-1,-1
72,34,845.00,332.00,13.00,42.00,1.00,-1,-1,-1
72,37,839.00,348.00,19.00,33.00,1.00,-1,-1,-1
72,38,1042.00,330.00,46.00,44.00,1.00,-1,-1,-1
72,40,880.00,351.00,29.00,25.00,1.00,-1,-1,-1
72,41,1435.00,422.00,25.00,44.00,1.00,-1,-1,-1
72,44,840.00,319.00,196.00,65.00,1.00,-1,-1,-1
72,45,275.00,1014.00,162.00,121.00,1.00,-1,-1,-1
72,48,868.00,269.00,23.00,61.00,1.00,-1,-1,-1
72,49,845.00,348.00,15.00,11.00,1.00,-1,-1,-1
72,50,885.00,349.00,13.00,19.00,1.00,-1,-1,-1
72,72,921.00,766.00,9.00,14.00,1.00,-1,-1,-1
72,76,1093.00,355.00,11.00,32.00,1.00,-1,-1,-1
72,77,1162.00,371.00,208.00,46.00,1.00,-1,-1,-1
72,93,348.00,1062.00,21.00,20.00,1.00,-1,-1,-1
72,100,1051.00,934.00,11.00,36.00,1.00,-1,-1,-1
72,112,1260.00,321.00,54.00,12.00,1.00,-1,-1,-1
72,113,1097.00,321.00,27.00,20.00,1.00,-1,-1,-1
72,114,1367.00,322.00,22.00,16.00,1.00,-1,-1,-1
72,126,1197.00,456.00,34.00,16.00,1.00,-1,-1,-1
72,129,934.00,919.00,29.00,21.00,1.00,-1,-1,-1
72,135,627.00,332.00,499.00,99.00,1.00,-1,-1,-1
72,139,948.00,905.00,21.00,16.00,1.00,-1,-1,-1
72,141,1719.00,1001.00,10.00,25.00,1.00,-1,-1,-1
72,142,1312.00,514.00,52.00,14.00,1.00,-1,-1,-1
72,147,1709.00,953.00,18.00,51.00,1.00,-1,-1,-1
72,148,951.00,921.00,40.00,25.00,1.00,-1,-1,-1
72,149,424.00,914.00,22.00,105.00,1.00,-1,-1,-1
72,153,1696.00,880.00,11.00,41.00,1.00,-1,-1,-1
72,158,712.00,1018.00,722.00,103.00,1.00,-1,-1,-1
72,160,284.00,944.00,17.00,123.00,1.00,-1,-1,-1
72,166,805.00,384.00,75.00,45.00,1.00,-1,-1,-1
72,174,884.00,347.00,39.00,42.00,1.00,-1,-1,-1
72,179,247.00,772.00,19.00,25.00,1.00,-1,-1,-1
72,186,784.00,971.00,17.00,8.00,1.00,-1,-1,-1
72,193,1157.00,967.00,41.00,65.00,1.00,-1,-1,-1
72,194,1204.00,982.00,47.00,7.00,1.00,-1,-1,-1
72,201,678.00,974.00,11.00,12.00,1.00,-1,-1,-1
72,212,1101.00,315.00,44.00,27.00,1.00,-1,-1,-1
72,216,812.00,1058.00,18.00,26.00,1.00,-1,-1,-1
72,218,445.00,936.00,1030.00,106.00,1.00,-1,-1,-1
72,219,1357.00,398.00,33.00,37.00,1.00,-1,-1,-1
72,221,168.00,483.00,14.00,44.00,1.00,-1,-1,-1
72,222,213.00,891.00,41.00,33.00,1.00,-1,-1,-1
72,225,277.00,909.00,30.00,49.00,1.00,-1,-1,-1
72,226,219.00,957.00,85.00,73.00,1.00,-1,-1,-1
72,228,73.00,1039.00,20.00,79.00,1.00,-1,-1,-1
72,243,89.00,504.00,7.00,49.00,1.00,-1,-1,-1
72,244,1123.00,317.00,194.00,67.00,1.00,-1,-1,-1
72,246,159.00,1061.00,17.00,22.00,1.00,-1,-1,-1
72,254,823.00,365.00,65.00,44.00,1.00,-1,-1,-1
72,256,256.00,1009.00,19.00,30.00,1.00,-1,-1,-1
72,257,1106.00,192.00,29.00,22.00,1.00,-1,-1,-1
72,259,76.00,1068.00,17.00,22.00,1.00,-1,-1,-1
72,270,204.00,730.00,11.00,13.00,1.00,-1,-1,-1
72,271,1710.00,1044.00,13.00,82.00,1.00,-1,-1,-1
72,273,137.00,1064.00,55.00,16.00,1.00,-1,-1,-1
72,278,1053.00,331.00,42.00,19.00,1.00,-1,-1,-1
72,280,241.00,975.00,24.00,14.00,1.00,-1,-1,-1
72,284,28.00,642.00,29.00,36.00,1.00,-1,-1,-1
72,290,831.00,49.00,23.00,9.00,1.00,-1,-1,-1
72,296,838.00,348.00,25.00,32.00,1.00,-1,-1,-1
72,299,1215.00,425.00,19.00,14.00,1.00,-1,-1,-1
72,301,187.00,45.00,24.00,218.00,1.00,-1,-1,-1
72,305,988.00,232.00,13.00,15.00,1.00,-1,-1,-1
72,306,560.00,401.00,12.00,14.00,1.00,-1,-1,-1
72,307,1257.00,188.00,9.00,17.00,1.00,-1,-1,-1
72,309,693.00,253.00,20.00,24.00,1.00,-1,-1,-1
72,312,667.00,334.00,20.00,16.00,1.00,-1,-1,-1
72,316,708.00,702.00,13.00,15.00,1.00,-1,-1,-1
72,318,878.00,1049.00,23.00,34.00,1.00,-1,-1,-1
72,325,707.00,345.00,100.00,33.00,1.00,-1,-1,-1
72,332,284.00,117.00,8.00,16.00,1.00,-1,-1,-1
72,333,126.00,838.00,43.00,34.00,1.00,-1,-1,-1
72,345,18.00,724.00,11.00,33.00,1.00,-1,-1,-1
72,350,822.00,38.00,14.00,20.00,1.00,-1,-1,-1
72,352,1169.00,608.00,10.00,31.00,1.00,-1,-1,-1
72,354,1161.00,405.00,16.00,13.00,1.00,-1,-1,-1
72,356,0.00,549.00,82.00,313.00,1.00,-1,-1,-1
72,360,1284.00,306.00,106.00,70.00,1.00,-1,-1,-1
72,361,136.00,837.00,268.00,223.00,1.00,-1,-1,-1
72,362,764.00,333.00,15.00,13.00,1.00,-1,-1,-1
72,363,587.00,250.00,19.00,18.00,1.00,-1,-1,-1
72,364,1710.00,992.00,17.00,112.00,1.00,-1,-1,-1
72,365,1059.00,221.00,25.00,18.00,1.00,-1,-1,-1
72,373,763.00,330.00,64.00,31.00,1.00,-1,-1,-1
72,379,0.00,542.00,23.00,32.00,1.00,-1,-1,-1
72,382,867.00,154.00,41.00,40.00,1.00,-1,-1,-1
72,387,485.00,73.00,15.00,26.00,1.00,-1,-1,-1
72,388,1252.00,118.00,17.00,35.00,1.00,-1,-1,-1
72,389,574.00,171.00,16.00,16.00,1.00,-1,-1,-1
72,390,1701.00,903.00,9.00,29.00,1.00,-1,-1,-1
72,397,2.00,0.00,40.00,7.00,1.00,-1,-1,-1
72,400,571.00,0.00,42.00,7.00,1.00,-1,-1,-1
72,401,72.00,0.00,33.00,6.00,1.00,-1,-1,-1
72,402,157.00,0.00,52.00,7.00,1.00,-1,-1,-1
72,403,1233.00,327.00,78.00,26.00,1.00,-1,-1,-1
72,412,160.00,840.00,11.00,16.00,1.00,-1,-1,-1
72,415,191.00,728.00,23.00,21.00,1.00,-1,-1,-1
73,5,914.00,933.00,47.00,34.00,1.00,-1,-1,-1
73,9,1019.00,934.00,43.00,30.00,1.00,-1,-1,-1
73,10,597.00,935.00,139.00,66.00,1.00,-1,-1,-1
73,11,693.00,323.00,442.00,91.00,1.00,-1,-1,-1
73,12,1353.00,497.00,170.00,115.00,1.00,-1,-1,-1
73,15,610.00,909.00,128.00,72.00,1.00,-1,-1,-1
73,18,1132.00,355.00,78.00,30.00,1.00,-1,-1,-1
73,21,689.00,317.00,38.00,45.00,1.00,-1,-1,-1
73,32,683.00,513.00,12.00,13.00,1.00,-1,-1,-1
73,34,849.00,325.00,13.00,42.00,1.00,-1,-1,-1
73,37,831.00,342.00,19.00,33.00,1.00,-1,-1,-1
73,38,1042.00,330.00,46.00,44.00,1.00,-1,-1,-1
73,40,877.00,346.00,29.00,25.00,1.00,-1,-1,-1
73,41,1435.00,426.00,25.00,44.00,1.00,-1,-1,-1
73,44,838.00,313.00,196.00,65.00,1.00,-1,-1,-1
73,45,267.00,1014.00,162.00,121.00,1.00,-1,-1,-1
73,48,868.00,273.00,23.00,61.00,1.00,-1,-1,-1
73,49,848.00,342.00,15.00,11.00,1.00,-1,-1,-1
73,50,881.00,344.00,13.00,19.00,1.00,-1,-1,-1
73,72,921.00,771.00,9.00,14.00,1.00,-1,-1,-1
73,76,1084.00,353.00,11.00,32.00,1.00,-1,-1,-1
73,77,1162.00,375.00,208.00,46.00,1.00,-1,-1,-1
73,93,341.00,1062.00,21.00,20.00,1.00,-1,-1,-1
73,100,1051.00,934.00,11.00,36.00,1.00,-1,-1,-1
73,112,1260.00,325.00,54.00,12.00,1.00,-1,-1,-1
73,113,1091.00,323.00,27.00,20.00,1.00,-1,-1,-1
73,114,1367.00,326.00,22.00,16.00,1.00,-1,-1,-1
73,126,1196.00,459.00,34.00,16.00,1.00,-1,-1,-1
73,129,934.00,923.00,29.00,21.00,1.00,-1,-1,-1
73,135,617.00,324.00,499.00,99.00,1.00,-1,-1,-1
73,139,948.00,909.00,21.00,16.00,1.00,-1,-1,-1
73,141,1719.00,1006.00,10.00,25.00,1.00,-1,-1,-1
73,142,1312.00,519.00,52.00,14.00,1.00,-1,-1,-1
73,147,1709.00,957.00,18.00,51.00,1.00,-1,-1,-1
73,148,951.00,925.00,40.00,25.00,1.00,-1,-1,-1
73,149,424.00,919.00,22.00,105.00,1.00,-1,-1,-1
73,153,1696.00,884.00,11.00,41.00,1.00,-1,-1,-1
73,158,711.00,1018.00,722.00,103.00,1.00,-1,-1,-1
73,160,284.00,949.00,17.00,123.00,1.00,-1,-1,-1
73,166,801.00,373.00,75.00,45.00,1.00,-1,-1,-1
73,174,873.00,341.00,39.00,42.00,1.00,-1,-1,-1
73,179,248.00,776.00,19.00,25.00,1.00,-1,-1,-1
73,186,784.00,971.00,17.00,8.00,1.00,-1,-1,-1
73,193,1157.00,967.00,41.00,65.00,1.00,-1,-1,-1
73,194,1204.00,982.00,47.00,7.00,1.00,-1,-1,-1
73,201,678.00,974.00,11.00,12.00,1.00,-1,-1,-1
73,212,1092.00,319.00,44.00,27.00,1.00,-1,-1,-1
73,216,815.00,1058.00,18.00,26.00,1.00,-1,-1,-1
73,218,445.00,934.00,1030.00,112.00,1.00,-1,-1,-1
73,219,1357.00,402.00,33.00,37.00,1.00,-1,-1,-1
73,221,168.00,487.00,14.00,44.00,1.00,-1,-1,-1
73,222,213.00,896.00,41.00,33.00,1.00,-1,-1,-1
73,225,277.00,913.00,30.00,49.00,1.00,-1,-1,-1
73,226,219.00,961.00,85.00,73.00,1.00,-1,-1,-1
73,228,73.00,1039.00,20.00,79.00,1.00,-1,-1,-1
73,243,89.00,508.00,7.00,49.00,1.00,-1,-1,-1
73,244,1127.00,329.00,194.00,67.00,1.00,-1,-1,-1
73,246,163.00,1061.00,17.00,22.00,1.00,-1,-1,-1
73,254,815.00,362.00,65.00,44.00,1.00,-1,-1,-1
73,256,256.00,1013.00,19.00,30.00,1.00,-1,-1,-1
73,257,1105.00,196.00,29.00,22.00,1.00,-1,-1,-1
73,259,76.00,1068.00,17.00,22.00,1.00,-1,-1,-1
73,270,204.00,734.00,11.00,13.00,1.00,-1,-1,-1
73,271,1709.00,1044.00,13.00,82.00,1.00,-1,-1,-1
73,273,140.00,1064.00,55.00,16.00,1.00,-1,-1,-1
73,278,1053.00,331.00,42.00,19.00,1.00,-1,-1,-1
73,280,241.00,980.00,24.00,14.00,1.00,-1,-1,-1
73,284,29.00,646.00,29.00,36.00,1.00,-1,-1,-1
73,290,831.00,54.00,23.00,9.00,1.00,-1,-1,-1
73,296,828.00,342.00,25.00,32.00,1.00,-1,-1,-1
73,299,1215.00,430.00,19.00,14.00,1.00,-1,-1,-1
73,301,187.00,49.00,24.00,218.00,1.00,-1,-1,-1
73,305,988.00,237.00,13.00,15.00,1.00,-1,-1,-1
73,306,560.00,406.00,12.00,14.00,1.00,-1,-1,-1
73,307,1258.00,193.00,9.00,17.00,1.00,-1,-1,-1
73,309,694.00,257.00,20.00,24.00,1.00,-1,-1,-1
73,312,667.00,340.00,20.00,16.00,1.00,-1,-1,-1
73,316,708.00,707.00,13.00,15.00,1.00,-1,-1,-1
73,318,878.00,1054.00,23.00,34.00,1.00,-1,-1,-1
73,325,697.00,339.00,100.00,33.00,1.00,-1,-1,-1
73,332,283.00,121.00,8.00,16.00,1.00,-1,-1,-1
73,333,126.00,843.00,43.00,34.00,1.00,-1,-1,-1
73,345,18.00,729.00,11.00,33.00,1.00,-1,-1,-1
73,350,822.00,43.00,14.00,20.00,1.00,-1,-1,-1
73,352,1169.00,612.00,10.00,31.00,1.00,-1,-1,-1
73,354,1161.00,410.00,16.00,13.00,1.00,-1,-1,-1
73,356,0.00,554.00,82.00,313.00,1.00,-1,-1,-1
73,360,1284.00,310.00,106.00,70.00,1.00,-1,-1,-1
73,361,136.00,842.00,268.00,223.00,1.00,-1,-1,-1
73,362,763.00,334.00,15.00,13.00,1.00,-1,-1,-1
73,363,587.00,255.00,19.00,18.00,1.00,-1,-1,-1
73,364,1710.00,996.00,17.00,112.00,1.00,-1,-1,-1
73,365,1059.00,225.00,25.00,18.00,1.00,-1,-1,-1
73,373,766.00,330.00,64.00,31.00,1.00,-1,-1,-1
73,379,0.00,547.00,23.00,32.00,1.00,-1,-1,-1
73,382,867.00,159.00,41.00,40.00,1.00,-1,-1,-1
73,387,486.00,78.00,15.00,26.00,1.00,-1,-1,-1
73,388,1252.00,123.00,17.00,35.00,1.00,-1,-1,-1
73,389,574.00,175.00,16.00,16.00,1.00,-1,-1,-1
73,390,1701.00,908.00,9.00,29.00,1.00,-1,-1,-1
73,397,3.00,0.00,40.00,7.00,1.00,-1,-1,-1
73,400,571.00,0.00,42.00,7.00,1.00,-1,-1,-1
73,401,72.00,0.00,33.00,6.00,1.00,-1,-1,-1
73,402,157.00,0.00,52.00,7.00,1.00,-1,-1,-1
73,403,1214.00,310.00,78.00,26.00,1.00,-1,-1,-1
73,412,160.00,845.00,11.00,16.00,1.00,-1,-1,-1
73,415,191.00,733.00,23.00,21.00,1.00,-1,-1,-1
74,5,931.00,976.00,47.00,34.00,1.00,-1,-1,-1
74,9,1018.00,940.00,43.00,30.00,1.00,-1,-1,-1
74,10,597.00,935.00,139.00,66.00,1.00,-1,-1,-1
74,11,660.00,327.00,472.00,100.00,1.00,-1,-1,-1
74,12,1353.00,502.00,170.00,115.00,1.00,-1,-1,-1
74,15,609.00,909.00,128.00,72.00,1.00,-1,-1,-1
74,18,1132.00,361.00,78.00,30.00,1.00,-1,-1,-1
74,21,688.00,313.00,38.00,45.00,1.00,-1,-1,-1
74,32,683.00,518.00,12.00,13.00,1.00,-1,-1,-1
74,34,842.00,320.00,13.00,42.00,1.00,-1,-1,-1
74,37,821.00,337.00,19.00,33.00,1.00,-1,-1,-1
74,38,1039.00,330.00,46.00,44.00,1.00,-1,-1,-1
74,40,868.00,342.00,29.00,25.00,1.00,-1,-1,-1
74,41,1436.00,432.00,25.00,44.00,1.00,-1,-1,-1
74,44,840.00,308.00,196.00,65.00,1.00,-1,-1,-1
74,45,267.00,1014.00,162.00,121.00,1.00,-1,-1,-1
74,48,868.00,279.00,23.00,61.00,1.00,-1,-1,-1
74,49,842.00,337.00,15.00,11.00,1.00,-1,-1,-1
74,50,876.00,339.00,13.00,19.00,1.00,-1,-1,-1
74,72,921.00,776.00,9.00,14.00,1.00,-1,-1,-1
74,76,1076.00,354.00,11.00,32.00,1.00,-1,-1,-1
74,77,1162.00,380.00,208.00,46.00,1.00,-1,-1,-1
74,93,335.00,1062.00,21.00,20.00,1.00,-1,-1,-1
74,100,1051.00,933.00,11.00,36.00,1.00,-1,-1,-1
74,112,1260.00,330.00,54.00,12.00,1.00,-1,-1,-1
74,113,1084.00,326.00,27.00,20.00,1.00,-1,-1,-1
74,114,1367.00,331.00,22.00,16.00,1.00,-1,-1,-1
74,126,1196.00,465.00,34.00,16.00,1.00,-1,-1,-1
74,129,934.00,928.00,29.00,21.00,1.00,-1,-1,-1
74,135,607.00,319.00,499.00,99.00,1.00,-1,-1,-1
74,139,948.00,914.00,21.00,16.00,1.00,-1,-1,-1
74,141,1719.00,1011.00,10.00,25.00,1.00,-1,-1,-1
74,142,1312.00,524.00,52.00,14.00,1.00,-1,-1,-1
74,147,1709.00,963.00,18.00,51.00,1.00,-1,-1,-1
74,148,951.00,930.00,40.00,25.00,1.00,-1,-1,-1
74,149,424.00,924.00,22.00,105.00,1.00,-1,-1,-1
74,153,1696.00,889.00,11.00,41.00,1.00,-1,-1,-1
74,158,710.00,1018.00,722.00,103.00,1.00,-1,-1,-1
74,160,284.00,954.00,17.00,123.00,1.00,-1,-1,-1
74,166,784.00,373.00,75.00,45.00,1.00,-1,-1,-1
74,174,863.00,336.00,39.00,42.00,1.00,-1,-1,-1
74,179,248.00,782.00,19.00,25.00,1.00,-1,-1,-1
74,186,784.00,971.00,17.00,8.00,1.00,-1,-1,-1
74,193,1157.00,967.00,41.00,65.00,1.00,-1,-1,-1
74,194,1204.00,982.00,47.00,7.00,1.00,-1,-1,-1
74,201,678.00,974.00,11.00,12.00,1.00,-1,-1,-1
74,212,1084.00,324.00,44.00,27.00,1.00,-1,-1,-1
74,216,818.00,1058.00,18.00,26.00,1.00,-1,-1,-1
74,218,445.00,934.00,1030.00,112.00,1.00,-1,-1,-1
74,219,1357.00,408.00,33.00,37.00,1.00,-1,-1,-1
74,221,168.00,493.00,14.00,44.00,1.00,-1,-1,-1
74,222,213.00,901.00,41.00,33.00,1.00,-1,-1,-1
74,225,277.00,918.00,30.00,49.00,1.00,-1,-1,-1
74,226,219.00,967.00,85.00,73.00,1.00,-1,-1,-1
74,228,73.00,1039.00,20.00,79.00,1.00,-1,-1,-1
74,243,88.00,513.00,7.00,49.00,1.00,-1,-1,-1
74,244,1131.00,340.00,194.00,67.00,1.00,-1,-1,-1
74,246,167.00,1068.00,17.00,22.00,1.00,-1,-1,-1
74,254,805.00,356.00,65.00,44.00,1.00,-1,-1,-1
74,256,256.00,1019.00,19.00,30.00,1.00,-1,-1,-1
74,257,1105.00,201.00,29.00,22.00,1.00,-1,-1,-1
74,259,76.00,1068.00,17.00,22.00,1.00,-1,-1,-1
74,270,204.00,740.00,11.00,13.00,1.00,-1,-1,-1
74,271,1708.00,1044.00,13.00,82.00,1.00,-1,-1,-1
74,273,146.00,1072.00,55.00,16.00,1.00,-1,-1,-1
74,278,1046.00,333.00,42.00,19.00,1.00,-1,-1,-1
74,280,241.00,985.00,24.00,14.00,1.00,-1,-1,-1
74,284,29.00,651.00,29.00,36.00,1.00,-1,-1,-1
74,290,830.00,58.00,23.00,9.00,1.00,-1,-1,-1
74,296,819.00,337.00,25.00,32.00,1.00,-1,-1,-1
74,299,1215.00,435.00,19.00,14.00,1.00,-1,-1,-1
74,301,187.00,56.00,24.00,218.00,1.00,-1,-1,-1
74,305,988.00,242.00,13.00,15.00,1.00,-1,-1,-1
74,306,560.00,411.00,12.00,14.00,1.00,-1,-1,-1
74,307,1258.00,198.00,9.00,17.00,1.00,-1,-1,-1
74,309,693.00,263.00,20.00,24.00,1.00,-1,-1,-1
74,312,666.00,345.00,20.00,16.00,1.00,-1,-1,-1
74,316,708.00,712.00,13.00,15.00,1.00,-1,-1,-1
74,318,884.00,1054.00,23.00,34.00,1.00,-1,-1,-1
74,325,705.00,335.00,100.00,33.00,1.00,-1,-1,-1
74,332,284.00,126.00,8.00,16.00,1.00,-1,-1,-1
74,333,126.00,848.00,43.00,34.00,1.00,-1,-1,-1
74,345,18.00,734.00,11.00,33.00,1.00,-1,-1,-1
74,350,822.00,48.00,14.00,20.00,1.00,-1,-1,-1
74,352,1169.00,617.00,10.00,31.00,1.00,-1,-1,-1
74,354,1161.00,414.00,16.00,13.00,1.00,-1,-1,-1
74,356,0.00,559.00,82.00,313.00,1.00,-1,-1,-1
74,360,1284.00,316.00,106.00,70.00,1.00,-1,-1,-1
74,361,136.00,847.00,268.00,223.00,1.00,-1,-1,-1
74,362,762.00,335.00,15.00,13.00,1.00,-1,-1,-1
74,363,587.00,260.00,19.00,18.00,1.00,-1,-1,-1
74,364,1710.00,1001.00,17.00,112.00,1.00,-1,-1,-1
74,365,1059.00,230.00,25.00,18.00,1.00,-1,-1,-1
74,373,756.00,326.00,64.00,31.00,1.00,-1,-1,-1
74,379,0.00,552.00,23.00,32.00,1.00,-1,-1,-1
74,382,867.00,164.00,41.00,40.00,1.00,-1,-1,-1
74,387,486.00,83.00,15.00,26.00,1.00,-1,-1,-1
74,388,1253.00,128.00,17.00,35.00,1.00,-1,-1,-1
74,389,574.00,180.00,16.00,16.00,1.00,-1,-1,-1
74,390,1701.00,913.00,9.00,29.00,1.00,-1,-1,-1
74,397,3.00,0.00,40.00,7.00,1.00,-1,-1,-1
74,400,570.00,0.00,42.00,7.00,1.00,-1,-1,-1
74,401,73.00,0.00,33.00,6.00,1.00,-1,-1,-1
74,402,157.00,0.00,52.00,7.00,1.00,-1,-1,-1
74,403,1214.00,315.00,78.00,26.00,1.00,-1,-1,-1
74,412,160.00,850.00,11.00,16.00,1.00,-1,-1,-1
74,415,191.00,738.00,23.00,21.00,1.00,-1,-1,-1
75,5,931.00,976.00,47.00,34.00,1.00,-1,-1,-1
75,9,1018.00,940.00,43.00,30.00,1.00,-1,-1,-1
75,10,597.00,935.00,139.00,66.00,1.00,-1,-1,-1
75,11,659.00,327.00,472.00,100.00,1.00,-1,-1,-1
75,12,1353.00,502.00,170.00,115.00,1.00,-1,-1,-1
75,15,609.00,909.00,128.00,72.00,1.00,-1,-1,-1
75,18,1132.00,361.00,78.00,30.00,1.00,-1,-1,-1
75,21,688.00,313.00,38.00,45.00,1.00,-1,-1,-1
75,32,683.00,518.00,12.00,13.00,1.00,-1,-1,-1
75,34,842.00,320.00,13.00,42.00,1.00,-1,-1,-1
75,37,821.00,337.00,19.00,33.00,1.00,-1,-1,-1
75,38,1039.00,330.00,46.00,44.00,1.00,-1,-1,-1
75,40,868.00,342.00,29.00,25.00,1.00,-1,-1,-1
75,41,1436.00,432.00,25.00,44.00,1.00,-1,-1,-1
75,44,840.00,308.00,196.00,65.00,1.00,-1,-1,-1
75,45,267.00,1014.00,162.00,121.00,1.00,-1,-1,-1
75,48,868.00,278.00,23.00,61.00,1.00,-1,-1,-1
75,49,842.00,337.00,15.00,11.00,1.00,-1,-1,-1
75,50,876.00,339.00,13.00,19.00,1.00,-1,-1,-1
75,72,921.00,776.00,9.00,14.00,1.00,-1,-1,-1
75,76,1076.00,354.00,11.00,32.00,1.00,-1,-1,-1
75,77,1162.00,380.00,208.00,46.00,1.00,-1,-1,-1
75,93,335.00,1062.00,21.00,20.00,1.00,-1,-1,-1
75,100,1051.00,933.00,11.00,36.00,1.00,-1,-1,-1
75,112,1260.00,330.00,54.00,12.00,1.00,-1,-1,-1
75,113,1084.00,326.00,27.00,20.00,1.00,-1,-1,-1
75,114,1367.00,331.00,22.00,16.00,1.00,-1,-1,-1
75,126,1196.00,465.00,34.00,16.00,1.00,-1,-1,-1
75,129,934.00,928.00,29.00,21.00,1.00,-1,-1,-1
75,135,607.00,318.00,499.00,99.00,1.00,-1,-1,-1
75,139,948.00,914.00,21.00,16.00,1.00,-1,-1,-1
75,141,1719.00,1011.00,10.00,25.00,1.00,-1,-1,-1
75,142,1312.00,524.00,52.00,14.00,1.00,-1,-1,-1
75,147,1709.00,963.00,18.00,51.00,1.00,-1,-1,-1
75,148,951.00,930.00,40.00,25.00,1.00,-1,-1,-1
75,149,424.00,924.00,22.00,105.00,1.00,-1,-1,-1
75,153,1696.00,889.00,11.00,41.00,1.00,-1,-1,-1
75,158,710.00,1018.00,722.00,103.00,1.00,-1,-1,-1
75,160,284.00,954.00,17.00,123.00,1.00,-1,-1,-1
75,166,784.00,373.00,75.00,45.00,1.00,-1,-1,-1
75,174,864.00,336.00,39.00,42.00,1.00,-1,-1,-1
75,179,248.00,782.00,19.00,25.00,1.00,-1,-1,-1
75,186,784.00,971.00,17.00,8.00,1.00,-1,-1,-1
75,193,1157.00,967.00,41.00,65.00,1.00,-1,-1,-1
75,194,1204.00,982.00,47.00,7.00,1.00,-1,-1,-1
75,201,678.00,974.00,11.00,12.00,1.00,-1,-1,-1
75,212,1084.00,324.00,44.00,27.00,1.00,-1,-1,-1
75,216,818.00,1058.00,18.00,26.00,1.00,-1,-1,-1
75,218,445.00,934.00,1030.00,112.00,1.00,-1,-1,-1
75,219,1357.00,408.00,33.00,37.00,1.00,-1,-1,-1
75,221,168.00,492.00,14.00,44.00,1.00,-1,-1,-1
75,222,213.00,901.00,41.00,33.00,1.00,-1,-1,-1
75,225,277.00,918.00,30.00,49.00,1.00,-1,-1,-1
75,226,219.00,967.00,85.00,73.00,1.00,-1,-1,-1
75,228,73.00,1039.00,20.00,79.00,1.00,-1,-1,-1
75,243,89.00,513.00,7.00,49.00,1.00,-1,-1,-1
75,244,1131.00,340.00,194.00,67.00,1.00,-1,-1,-1
75,246,167.00,1068.00,17.00,22.00,1.00,-1,-1,-1
75,254,805.00,356.00,65.00,44.00,1.00,-1,-1,-1
75,256,256.00,1019.00,19.00,30.00,1.00,-1,-1,-1
75,257,1105.00,201.00,29.00,22.00,1.00,-1,-1,-1
75,259,76.00,1068.00,17.00,22.00,1.00,-1,-1,-1
75,270,204.00,740.00,11.00,13.00,1.00,-1,-1,-1
75,271,1708.00,1044.00,13.00,82.00,1.00,-1,-1,-1
75,273,146.00,1072.00,55.00,16.00,1.00,-1,-1,-1
75,278,1046.00,333.00,42.00,19.00,1.00,-1,-1,-1
75,280,241.00,985.00,24.00,14.00,1.00,-1,-1,-1
75,284,29.00,651.00,29.00,36.00,1.00,-1,-1,-1
75,290,831.00,59.00,23.00,9.00,1.00,-1,-1,-1
75,296,819.00,337.00,25.00,32.00,1.00,-1,-1,-1
75,299,1215.00,435.00,19.00,14.00,1.00,-1,-1,-1
75,301,187.00,56.00,24.00,218.00,1.00,-1,-1,-1
75,305,988.00,242.00,13.00,15.00,1.00,-1,-1,-1
75,306,560.00,411.00,12.00,14.00,1.00,-1,-1,-1
75,307,1258.00,198.00,9.00,17.00,1.00,-1,-1,-1
75,309,693.00,263.00,20.00,24.00,1.00,-1,-1,-1
75,312,666.00,345.00,20.00,16.00,1.00,-1,-1,-1
75,316,708.00,713.00,13.00,15.00,1.00,-1,-1,-1
75,318,884.00,1054.00,23.00,34.00,1.00,-1,-1,-1
75,325,705.00,335.00,100.00,33.00,1.00,-1,-1,-1
75,332,284.00,126.00,8.00,16.00,1.00,-1,-1,-1
75,333,126.00,848.00,43.00,34.00,1.00,-1,-1,-1
75,345,18.00,734.00,11.00,33.00,1.00,-1,-1,-1
75,350,822.00,48.00,14.00,20.00,1.00,-1,-1,-1
75,352,1169.00,617.00,10.00,31.00,1.00,-1,-1,-1
75,354,1161.00,414.00,16.00,13.00,1.00,-1,-1,-1
75,356,0.00,559.00,82.00,313.00,1.00,-1,-1,-1
75,360,1284.00,316.00,106.00,70.00,1.00,-1,-1,-1
75,361,136.00,847.00,268.00,223.00,1.00,-1,-1,-1
75,362,762.00,335.00,15.00,13.00,1.00,-1,-1,-1
75,363,587.00,260.00,19.00,18.00,1.00,-1,-1,-1
75,364,1710.00,1001.00,17.00,112.00,1.00,-1,-1,-1
75,365,1059.00,230.00,25.00,18.00,1.00,-1,-1,-1
75,373,756.00,326.00,64.00,31.00,1.00,-1,-1,-1
75,379,0.00,552.00,23.00,32.00,1.00,-1,-1,-1
75,382,867.00,164.00,41.00,40.00,1.00,-1,-1,-1
75,387,486.00,83.00,15.00,26.00,1.00,-1,-1,-1
75,388,1253.00,128.00,17.00,35.00,1.00,-1,-1,-1
75,389,574.00,180.00,16.00,16.00,1.00,-1,-1,-1
75,390,1701.00,913.00,9.00,29.00,1.00,-1,-1,-1
75,397,3.00,0.00,40.00,7.00,1.00,-1,-1,-1
75,400,570.00,0.00,42.00,7.00,1.00,-1,-1,-1
75,401,73.00,0.00,33.00,6.00,1.00,-1,-1,-1
75,402,157.00,0.00,52.00,7.00,1.00,-1,-1,-1
75,403,1214.00,315.00,78.00,26.00,1.00,-1,-1,-1
75,412,160.00,850.00,11.00,16.00,1.00,-1,-1,-1
75,415,191.00,738.00,23.00,21.00,1.00,-1,-1,-1
75,434,842.00,65.00,20.00,7.00,1.00,-1,-1,-1
76,5,931.00,976.00,47.00,34.00,1.00,-1,-1,-1
76,9,1014.00,942.00,43.00,30.00,1.00,-1,-1,-1
76,10,597.00,935.00,139.00,66.00,1.00,-1,-1,-1
76,11,661.00,333.00,462.00,88.00,1.00,-1,-1,-1
76,12,1353.00,508.00,170.00,115.00,1.00,-1,-1,-1
76,15,609.00,909.00,128.00,72.00,1.00,-1,-1,-1
76,18,1132.00,367.00,78.00,30.00,1.00,-1,-1,-1
76,21,688.00,307.00,38.00,45.00,1.00,-1,-1,-1
76,32,683.00,524.00,12.00,13.00,1.00,-1,-1,-1
76,34,835.00,316.00,13.00,42.00,1.00,-1,-1,-1
76,37,812.00,334.00,19.00,33.00,1.00,-1,-1,-1
76,38,1038.00,333.00,46.00,44.00,1.00,-1,-1,-1
76,40,859.00,338.00,29.00,25.00,1.00,-1,-1,-1
76,41,1436.00,437.00,25.00,44.00,1.00,-1,-1,-1
76,44,839.00,304.00,196.00,65.00,1.00,-1,-1,-1
76,45,267.00,1014.00,162.00,121.00,1.00,-1,-1,-1
76,48,868.00,284.00,23.00,61.00,1.00,-1,-1,-1
76,49,839.00,333.00,15.00,11.00,1.00,-1,-1,-1
76,50,872.00,335.00,13.00,19.00,1.00,-1,-1,-1
76,72,921.00,782.00,9.00,14.00,1.00,-1,-1,-1
76,76,1065.00,356.00,11.00,32.00,1.00,-1,-1,-1
76,77,1162.00,385.00,208.00,46.00,1.00,-1,-1,-1
76,93,335.00,1062.00,21.00,20.00,1.00,-1,-1,-1
76,100,1051.00,933.00,11.00,36.00,1.00,-1,-1,-1
76,112,1260.00,336.00,54.00,12.00,1.00,-1,-1,-1
76,113,1082.00,330.00,27.00,20.00,1.00,-1,-1,-1
76,114,1367.00,337.00,22.00,16.00,1.00,-1,-1,-1
76,126,1197.00,471.00,34.00,16.00,1.00,-1,-1,-1
76,129,934.00,934.00,29.00,21.00,1.00,-1,-1,-1
76,135,597.00,314.00,499.00,99.00,1.00,-1,-1,-1
76,139,948.00,920.00,21.00,16.00,1.00,-1,-1,-1
76,141,1719.00,1017.00,10.00,25.00,1.00,-1,-1,-1
76,142,1312.00,530.00,52.00,14.00,1.00,-1,-1,-1
76,147,1709.00,968.00,18.00,51.00,1.00,-1,-1,-1
76,148,952.00,937.00,40.00,25.00,1.00,-1,-1,-1
76,149,424.00,930.00,22.00,105.00,1.00,-1,-1,-1
76,153,1696.00,895.00,11.00,41.00,1.00,-1,-1,-1
76,158,708.00,1018.00,722.00,103.00,1.00,-1,-1,-1
76,160,284.00,960.00,17.00,123.00,1.00,-1,-1,-1
76,166,783.00,362.00,75.00,45.00,1.00,-1,-1,-1
76,174,853.00,332.00,39.00,42.00,1.00,-1,-1,-1
76,179,248.00,788.00,19.00,25.00,1.00,-1,-1,-1
76,186,784.00,971.00,17.00,8.00,1.00,-1,-1,-1
76,193,1157.00,967.00,41.00,65.00,1.00,-1,-1,-1
76,194,1204.00,982.00,47.00,7.00,1.00,-1,-1,-1
76,201,678.00,974.00,11.00,12.00,1.00,-1,-1,-1
76,212,1077.00,330.00,44.00,27.00,1.00,-1,-1,-1
76,216,821.00,1058.00,18.00,26.00,1.00,-1,-1,-1
76,218,445.00,934.00,1030.00,111.00,1.00,-1,-1,-1
76,219,1357.00,414.00,33.00,37.00,1.00,-1,-1,-1
76,221,168.00,497.00,14.00,44.00,1.00,-1,-1,-1
76,222,213.00,907.00,41.00,33.00,1.00,-1,-1,-1
76,225,277.00,924.00,30.00,49.00,1.00,-1,-1,-1
76,226,219.00,973.00,85.00,73.00,1.00,-1,-1,-1
76,228,52.00,1024.00,20.00,79.00,1.00,-1,-1,-1
76,243,89.00,519.00,7.00,49.00,1.00,-1,-1,-1
76,244,1111.00,349.00,194.00,67.00,1.00,-1,-1,-1
76,246,167.00,1068.00,17.00,22.00,1.00,-1,-1,-1
76,254,795.00,352.00,65.00,44.00,1.00,-1,-1,-1
76,256,256.00,1025.00,19.00,30.00,1.00,-1,-1,-1
76,257,1105.00,207.00,29.00,22.00,1.00,-1,-1,-1
76,259,76.00,1068.00,17.00,22.00,1.00,-1,-1,-1
76,270,204.00,746.00,11.00,13.00,1.00,-1,-1,-1
76,271,1708.00,1044.00,13.00,82.00,1.00,-1,-1,-1
76,273,146.00,1072.00,55.00,16.00,1.00,-1,-1,-1
76,278,1039.00,336.00,42.00,19.00,1.00,-1,-1,-1
76,280,241.00,991.00,24.00,14.00,1.00,-1,-1,-1
76,284,29.00,657.00,29.00,36.00,1.00,-1,-1,-1
76,290,831.00,64.00,23.00,9.00,1.00,-1,-1,-1
76,296,810.00,334.00,25.00,32.00,1.00,-1,-1,-1
76,299,1215.00,441.00,19.00,14.00,1.00,-1,-1,-1
76,301,187.00,63.00,24.00,218.00,1.00,-1,-1,-1
76,305,988.00,247.00,13.00,15.00,1.00,-1,-1,-1
76,306,560.00,416.00,12.00,14.00,1.00,-1,-1,-1
76,307,1258.00,203.00,9.00,17.00,1.00,-1,-1,-1
76,309,694.00,268.00,20.00,24.00,1.00,-1,-1,-1
76,312,665.00,348.00,20.00,16.00,1.00,-1,-1,-1
76,316,708.00,718.00,13.00,15.00,1.00,-1,-1,-1
76,318,894.00,1054.00,23.00,34.00,1.00,-1,-1,-1
76,325,708.00,332.00,100.00,33.00,1.00,-1,-1,-1
76,332,284.00,132.00,8.00,16.00,1.00,-1,-1,-1
76,333,126.00,854.00,43.00,34.00,1.00,-1,-1,-1
76,345,18.00,739.00,11.00,33.00,1.00,-1,-1,-1
76,350,822.00,53.00,14.00,20.00,1.00,-1,-1,-1
76,352,1169.00,623.00,10.00,31.00,1.00,-1,-1,-1
76,354,1161.00,420.00,16.00,13.00,1.00,-1,-1,-1
76,356,0.00,564.00,82.00,313.00,1.00,-1,-1,-1
76,360,1285.00,321.00,106.00,70.00,1.00,-1,-1,-1
76,361,136.00,853.00,268.00,223.00,1.00,-1,-1,-1
76,362,761.00,334.00,15.00,13.00,1.00,-1,-1,-1
76,363,587.00,265.00,19.00,18.00,1.00,-1,-1,-1
76,364,1711.00,1007.00,17.00,112.00,1.00,-1,-1,-1
76,365,1059.00,236.00,25.00,18.00,1.00,-1,-1,-1
76,373,749.00,323.00,64.00,31.00,1.00,-1,-1,-1
76,379,0.00,558.00,23.00,32.00,1.00,-1,-1,-1
76,382,867.00,169.00,41.00,40.00,1.00,-1,-1,-1
76,387,486.00,88.00,15.00,26.00,1.00,-1,-1,-1
76,388,1253.00,133.00,17.00,35.00,1.00,-1,-1,-1
76,389,573.00,186.00,16.00,16.00,1.00,-1,-1,-1
76,390,1701.00,919.00,9.00,29.00,1.00,-1,-1,-1
76,397,2.00,0.00,40.00,7.00,1.00,-1,-1,-1
76,400,570.00,0.00,42.00,7.00,1.00,-1,-1,-1
76,401,73.00,0.00,33.00,6.00,1.00,-1,-1,-1
76,402,157.00,0.00,52.00,7.00,1.00,-1,-1,-1
76,403,1214.00,321.00,78.00,26.00,1.00,-1,-1,-1
76,412,160.00,856.00,11.00,16.00,1.00,-1,-1,-1
76,415,191.00,744.00,23.00,21.00,1.00,-1,-1,-1
76,434,842.00,70.00,20.00,7.00,1.00,-1,-1,-1
77,5,931.00,976.00,47.00,34.00,1.00,-1,-1,-1
77,9,1009.00,946.00,43.00,30.00,1.00,-1,-1,-1
77,10,597.00,935.00,139.00,66.00,1.00,-1,-1,-1
77,11,767.00,345.00,270.00,63.00,1.00,-1,-1,-1
77,12,1353.00,514.00,170.00,115.00,1.00,-1,-1,-1
77,15,608.00,909.00,128.00,72.00,1.00,-1,-1,-1
77,18,1132.00,372.00,78.00,30.00,1.00,-1,-1,-1
77,21,689.00,303.00,38.00,45.00,1.00,-1,-1,-1
77,32,683.00,530.00,12.00,13.00,1.00,-1,-1,-1
77,34,827.00,313.00,13.00,42.00,1.00,-1,-1,-1
77,37,803.00,330.00,19.00,33.00,1.00,-1,-1,-1
77,38,1030.00,336.00,46.00,44.00,1.00,-1,-1,-1
77,40,848.00,334.00,29.00,25.00,1.00,-1,-1,-1
77,41,1436.00,443.00,25.00,44.00,1.00,-1,-1,-1
77,44,841.00,301.00,196.00,65.00,1.00,-1,-1,-1
77,45,267.00,1014.00,162.00,121.00,1.00,-1,-1,-1
77,48,868.00,291.00,23.00,61.00,1.00,-1,-1,-1
77,49,830.00,330.00,15.00,11.00,1.00,-1,-1,-1
77,50,868.00,332.00,13.00,19.00,1.00,-1,-1,-1
77,72,921.00,788.00,9.00,14.00,1.00,-1,-1,-1
77,76,1056.00,360.00,11.00,32.00,1.00,-1,-1,-1
77,77,1162.00,392.00,208.00,46.00,1.00,-1,-1,-1
77,93,335.00,1062.00,21.00,20.00,1.00,-1,-1,-1
77,100,1051.00,933.00,11.00,36.00,1.00,-1,-1,-1
77,112,1260.00,342.00,54.00,12.00,1.00,-1,-1,-1
77,113,1078.00,336.00,27.00,20.00,1.00,-1,-1,-1
77,114,1367.00,343.00,22.00,16.00,1.00,-1,-1,-1
77,126,1197.00,477.00,34.00,16.00,1.00,-1,-1,-1
77,129,935.00,940.00,29.00,21.00,1.00,-1,-1,-1
77,135,587.00,310.00,499.00,99.00,1.00,-1,-1,-1
77,139,948.00,927.00,21.00,16.00,1.00,-1,-1,-1
77,141,1719.00,1024.00,10.00,25.00,1.00,-1,-1,-1
77,142,1312.00,536.00,52.00,14.00,1.00,-1,-1,-1
77,147,1709.00,975.00,18.00,51.00,1.00,-1,-1,-1
77,148,952.00,943.00,40.00,25.00,1.00,-1,-1,-1
77,149,424.00,936.00,22.00,105.00,1.00,-1,-1,-1
77,153,1696.00,901.00,11.00,41.00,1.00,-1,-1,-1
77,158,705.00,1018.00,722.00,103.00,1.00,-1,-1,-1
77,160,284.00,966.00,17.00,123.00,1.00,-1,-1,-1
77,166,771.00,362.00,75.00,45.00,1.00,-1,-1,-1
77,174,842.00,328.00,39.00,42.00,1.00,-1,-1,-1
77,179,248.00,794.00,19.00,25.00,1.00,-1,-1,-1
77,186,784.00,971.00,17.00,8.00,1.00,-1,-1,-1
77,193,1157.00,967.00,41.00,65.00,1.00,-1,-1,-1
77,194,1204.00,982.00,47.00,7.00,1.00,-1,-1,-1
77,201,678.00,974.00,11.00,12.00,1.00,-1,-1,-1
77,212,1071.00,336.00,44.00,27.00,1.00,-1,-1,-1
77,216,826.00,1058.00,18.00,26.00,1.00,-1,-1,-1
77,218,445.00,934.00,1030.00,114.00,1.00,-1,-1,-1
77,219,1357.00,420.00,33.00,37.00,1.00,-1,-1,-1
77,221,168.00,504.00,14.00,44.00,1.00,-1,-1,-1
77,222,213.00,913.00,41.00,33.00,1.00,-1,-1,-1
77,225,277.00,930.00,30.00,49.00,1.00,-1,-1,-1
77,226,219.00,979.00,85.00,73.00,1.00,-1,-1,-1
77,228,39.00,1035.00,20.00,79.00,1.00,-1,-1,-1
77,243,89.00,525.00,7.00,49.00,1.00,-1,-1,-1
77,244,1107.00,369.00,194.00,67.00,1.00,-1,-1,-1
77,246,167.00,1068.00,17.00,22.00,1.00,-1,-1,-1
77,254,785.00,348.00,65.00,44.00,1.00,-1,-1,-1
77,256,256.00,1031.00,19.00,30.00,1.00,-1,-1,-1
77,257,1105.00,213.00,29.00,22.00,1.00,-1,-1,-1
77,259,76.00,1068.00,17.00,22.00,1.00,-1,-1,-1
77,270,204.00,752.00,11.00,13.00,1.00,-1,-1,-1
77,271,1709.00,1043.00,13.00,82.00,1.00,-1,-1,-1
77,273,146.00,1072.00,55.00,16.00,1.00,-1,-1,-1
77,278,1032.00,340.00,42.00,19.00,1.00,-1,-1,-1
77,280,241.00,997.00,24.00,14.00,1.00,-1,-1,-1
77,284,29.00,663.00,29.00,36.00,1.00,-1,-1,-1
77,290,831.00,70.00,23.00,9.00,1.00,-1,-1,-1
77,296,800.00,331.00,25.00,32.00,1.00,-1,-1,-1
77,299,1215.00,447.00,19.00,14.00,1.00,-1,-1,-1
77,301,187.00,68.00,24.00,218.00,1.00,-1,-1,-1
77,305,988.00,254.00,13.00,15.00,1.00,-1,-1,-1
77,306,560.00,423.00,12.00,14.00,1.00,-1,-1,-1
77,307,1258.00,209.00,9.00,17.00,1.00,-1,-1,-1
77,309,694.00,275.00,20.00,24.00,1.00,-1,-1,-1
77,312,665.00,354.00,20.00,16.00,1.00,-1,-1,-1
77,316,708.00,724.00,13.00,15.00,1.00,-1,-1,-1
77,318,901.00,1054.00,23.00,34.00,1.00,-1,-1,-1
77,325,709.00,330.00,100.00,33.00,1.00,-1,-1,-1
77,332,284.00,138.00,8.00,16.00,1.00,-1,-1,-1
77,333,126.00,860.00,43.00,34.00,1.00,-1,-1,-1
77,345,18.00,746.00,11.00,33.00,1.00,-1,-1,-1
77,350,822.00,59.00,14.00,20.00,1.00,-1,-1,-1
77,352,1169.00,629.00,10.00,31.00,1.00,-1,-1,-1
77,354,1162.00,426.00,16.00,13.00,1.00,-1,-1,-1
77,356,0.00,571.00,82.00,313.00,1.00,-1,-1,-1
77,360,1284.00,327.00,106.00,70.00,1.00,-1,-1,-1
77,361,136.00,860.00,268.00,223.00,1.00,-1,-1,-1
77,362,761.00,331.00,15.00,13.00,1.00,-1,-1,-1
77,363,587.00,272.00,19.00,18.00,1.00,-1,-1,-1
77,364,1711.00,1007.00,17.00,112.00,1.00,-1,-1,-1
77,365,1059.00,242.00,25.00,18.00,1.00,-1,-1,-1
77,373,744.00,319.00,64.00,31.00,1.00,-1,-1,-1
77,379,0.00,564.00,23.00,32.00,1.00,-1,-1,-1
77,382,867.00,176.00,41.00,40.00,1.00,-1,-1,-1
77,387,486.00,94.00,15.00,26.00,1.00,-1,-1,-1
77,388,1253.00,140.00,17.00,35.00,1.00,-1,-1,-1
77,389,574.00,192.00,16.00,16.00,1.00,-1,-1,-1
77,390,1701.00,925.00,9.00,29.00,1.00,-1,-1,-1
77,397,2.00,0.00,40.00,7.00,1.00,-1,-1,-1
77,400,568.00,0.00,42.00,7.00,1.00,-1,-1,-1
77,401,68.00,0.00,33.00,6.00,1.00,-1,-1,-1
77,402,168.00,0.00,52.00,7.00,1.00,-1,-1,-1
77,403,1214.00,327.00,78.00,26.00,1.00,-1,-1,-1
77,412,160.00,862.00,11.00,16.00,1.00,-1,-1,-1
77,415,191.00,750.00,23.00,21.00,1.00,-1,-1,-1
77,434,842.00,76.00,20.00,7.00,1.00,-1,-1,-1
78,5,931.00,976.00,47.00,34.00,1.00,-1,-1,-1
78,9,1010.00,954.00,43.00,30.00,1.00,-1,-1,-1
78,10,597.00,935.00,139.00,66.00,1.00,-1,-1,-1
78,11,755.00,345.00,129.00,61.00,1.00,-1,-1,-1
78,12,1353.00,521.00,170.00,115.00,1.00,-1,-1,-1
78,15,608.00,909.00,128.00,72.00,1.00,-1,-1,-1
78,18,1125.00,380.00,78.00,30.00,1.00,-1,-1,-1
78,21,689.00,303.00,38.00,45.00,1.00,-1,-1,-1
78,32,683.00,537.00,12.00,13.00,1.00,-1,-1,-1
78,34,818.00,311.00,13.00,42.00,1.00,-1,-1,-1
78,37,792.00,327.00,19.00,33.00,1.00,-1,-1,-1
78,38,1023.00,341.00,46.00,44.00,1.00,-1,-1,-1
78,40,839.00,332.00,29.00,25.00,1.00,-1,-1,-1
78,41,1436.00,450.00,25.00,44.00,1.00,-1,-1,-1
78,44,838.00,299.00,196.00,65.00,1.00,-1,-1,-1
78,45,267.00,1014.00,162.00,121.00,1.00,-1,-1,-1
78,48,829.00,325.00,23.00,61.00,1.00,-1,-1,-1
78,49,821.00,328.00,15.00,11.00,1.00,-1,-1,-1
78,50,862.00,329.00,13.00,19.00,1.00,-1,-1,-1
78,72,921.00,795.00,9.00,14.00,1.00,-1,-1,-1
78,76,1048.00,365.00,11.00,32.00,1.00,-1,-1,-1
78,77,1162.00,398.00,208.00,46.00,1.00,-1,-1,-1
78,93,335.00,1062.00,21.00,20.00,1.00,-1,-1,-1
78,100,1051.00,933.00,11.00,36.00,1.00,-1,-1,-1
78,112,1260.00,349.00,54.00,12.00,1.00,-1,-1,-1
78,113,1074.00,344.00,27.00,20.00,1.00,-1,-1,-1
78,114,1367.00,350.00,22.00,16.00,1.00,-1,-1,-1
78,126,1197.00,484.00,34.00,16.00,1.00,-1,-1,-1
78,129,933.00,949.00,29.00,21.00,1.00,-1,-1,-1
78,135,577.00,308.00,499.00,99.00,1.00,-1,-1,-1
78,139,948.00,933.00,21.00,16.00,1.00,-1,-1,-1
78,141,1719.00,1030.00,10.00,25.00,1.00,-1,-1,-1
78,142,1312.00,543.00,52.00,14.00,1.00,-1,-1,-1
78,147,1709.00,981.00,18.00,51.00,1.00,-1,-1,-1
78,148,952.00,943.00,40.00,25.00,1.00,-1,-1,-1
78,149,424.00,943.00,22.00,105.00,1.00,-1,-1,-1
78,153,1696.00,908.00,11.00,41.00,1.00,-1,-1,-1
78,158,696.00,1018.00,722.00,103.00,1.00,-1,-1,-1
78,160,284.00,973.00,17.00,123.00,1.00,-1,-1,-1
78,166,759.00,361.00,75.00,45.00,1.00,-1,-1,-1
78,174,833.00,326.00,39.00,42.00,1.00,-1,-1,-1
78,179,248.00,800.00,19.00,25.00,1.00,-1,-1,-1
78,186,784.00,971.00,17.00,8.00,1.00,-1,-1,-1
78,193,1157.00,967.00,41.00,65.00,1.00,-1,-1,-1
78,194,1204.00,982.00,47.00,7.00,1.00,-1,-1,-1
78,201,678.00,974.00,11.00,12.00,1.00,-1,-1,-1
78,212,1066.00,344.00,44.00,27.00,1.00,-1,-1,-1
78,216,829.00,1058.00,18.00,26.00,1.00,-1,-1,-1
78,218,445.00,934.00,1030.00,113.00,1.00,-1,-1,-1
78,219,1357.00,426.00,33.00,37.00,1.00,-1,-1,-1
78,221,168.00,510.00,14.00,44.00,1.00,-1,-1,-1
78,222,213.00,920.00,41.00,33.00,1.00,-1,-1,-1
78,225,277.00,937.00,30.00,49.00,1.00,-1,-1,-1
78,226,219.00,985.00,85.00,73.00,1.00,-1,-1,-1
78,228,39.00,1035.00,20.00,79.00,1.00,-1,-1,-1
78,243,89.00,531.00,7.00,49.00,1.00,-1,-1,-1
78,244,1110.00,383.00,194.00,67.00,1.00,-1,-1,-1
78,246,131.00,1069.00,17.00,22.00,1.00,-1,-1,-1
78,254,775.00,346.00,65.00,44.00,1.00,-1,-1,-1
78,256,256.00,1037.00,19.00,30.00,1.00,-1,-1,-1
78,257,1105.00,219.00,29.00,22.00,1.00,-1,-1,-1
78,259,70.00,1058.00,17.00,22.00,1.00,-1,-1,-1
78,270,204.00,758.00,11.00,13.00,1.00,-1,-1,-1
78,271,1710.00,1043.00,13.00,82.00,1.00,-1,-1,-1
78,273,146.00,1072.00,55.00,16.00,1.00,-1,-1,-1
78,278,1025.00,345.00,42.00,19.00,1.00,-1,-1,-1
78,280,241.00,1003.00,24.00,14.00,1.00,-1,-1,-1
78,284,29.00,670.00,29.00,36.00,1.00,-1,-1,-1
78,290,831.00,77.00,23.00,9.00,1.00,-1,-1,-1
78,296,790.00,328.00,25.00,32.00,1.00,-1,-1,-1
78,299,1215.00,454.00,19.00,14.00,1.00,-1,-1,-1
78,301,187.00,74.00,24.00,218.00,1.00,-1,-1,-1
78,305,988.00,260.00,13.00,15.00,1.00,-1,-1,-1
78,306,560.00,429.00,12.00,14.00,1.00,-1,-1,-1
78,307,1258.00,216.00,9.00,17.00,1.00,-1,-1,-1
78,309,694.00,281.00,20.00,24.00,1.00,-1,-1,-1
78,312,666.00,360.00,20.00,16.00,1.00,-1,-1,-1
78,316,708.00,731.00,13.00,15.00,1.00,-1,-1,-1
78,318,907.00,1054.00,23.00,34.00,1.00,-1,-1,-1
78,325,730.00,329.00,100.00,33.00,1.00,-1,-1,-1
78,332,284.00,145.00,8.00,16.00,1.00,-1,-1,-1
78,333,126.00,867.00,43.00,34.00,1.00,-1,-1,-1
78,345,18.00,752.00,11.00,33.00,1.00,-1,-1,-1
78,350,822.00,66.00,14.00,20.00,1.00,-1,-1,-1
78,352,1169.00,636.00,10.00,31.00,1.00,-1,-1,-1
78,354,1162.00,433.00,16.00,13.00,1.00,-1,-1,-1
78,356,0.00,577.00,82.00,313.00,1.00,-1,-1,-1
78,360,1285.00,334.00,106.00,70.00,1.00,-1,-1,-1
78,361,136.00,866.00,268.00,223.00,1.00,-1,-1,-1
78,362,754.00,327.00,15.00,13.00,1.00,-1,-1,-1
78,363,587.00,278.00,19.00,18.00,1.00,-1,-1,-1
78,364,1711.00,1007.00,17.00,112.00,1.00,-1,-1,-1
78,365,1059.00,249.00,25.00,18.00,1.00,-1,-1,-1
78,373,743.00,316.00,64.00,31.00,1.00,-1,-1,-1
78,379,0.00,571.00,23.00,32.00,1.00,-1,-1,-1
78,382,867.00,182.00,41.00,40.00,1.00,-1,-1,-1
78,387,486.00,101.00,15.00,26.00,1.00,-1,-1,-1
78,388,1253.00,146.00,17.00,35.00,1.00,-1,-1,-1
78,389,574.00,199.00,16.00,16.00,1.00,-1,-1,-1
78,390,1701.00,932.00,9.00,29.00,1.00,-1,-1,-1
78,397,1.00,0.00,40.00,7.00,1.00,-1,-1,-1
78,400,566.00,0.00,42.00,7.00,1.00,-1,-1,-1
78,401,68.00,0.00,33.00,6.00,1.00,-1,-1,-1
78,402,168.00,0.00,52.00,7.00,1.00,-1,-1,-1
78,403,1214.00,333.00,78.00,26.00,1.00,-1,-1,-1
78,412,160.00,869.00,11.00,16.00,1.00,-1,-1,-1
78,415,191.00,757.00,23.00,21.00,1.00,-1,-1,-1
78,434,842.00,83.00,20.00,7.00,1.00,-1,-1,-1
79,5,932.00,976.00,47.00,34.00,1.00,-1,-1,-1
79,9,1013.00,963.00,43.00,30.00,1.00,-1,-1,-1
79,10,597.00,935.00,139.00,66.00,1.00,-1,-1,-1
79,11,713.00,337.00,165.00,70.00,1.00,-1,-1,-1
79,12,1353.00,527.00,170.00,115.00,1.00,-1,-1,-1
79,15,607.00,910.00,128.00,72.00,1.00,-1,-1,-1
79,18,1127.00,387.00,78.00,30.00,1.00,-1,-1,-1
79,21,689.00,302.00,38.00,45.00,1.00,-1,-1,-1
79,32,683.00,543.00,12.00,13.00,1.00,-1,-1,-1
79,34,817.00,310.00,13.00,42.00,1.00,-1,-1,-1
79,37,782.00,325.00,19.00,33.00,1.00,-1,-1,-1
79,38,1016.00,347.00,46.00,44.00,1.00,-1,-1,-1
79,40,829.00,330.00,29.00,25.00,1.00,-1,-1,-1
79,41,1436.00,456.00,25.00,44.00,1.00,-1,-1,-1
79,44,837.00,302.00,196.00,65.00,1.00,-1,-1,-1
79,45,281.00,1014.00,162.00,121.00,1.00,-1,-1,-1
79,48,819.00,323.00,23.00,61.00,1.00,-1,-1,-1
79,49,820.00,327.00,15.00,11.00,1.00,-1,-1,-1
79,50,859.00,326.00,13.00,19.00,1.00,-1,-1,-1
79,72,921.00,801.00,9.00,14.00,1.00,-1,-1,-1
79,76,1042.00,371.00,11.00,32.00,1.00,-1,-1,-1
79,77,1162.00,405.00,208.00,46.00,1.00,-1,-1,-1
79,93,348.00,1062.00,21.00,20.00,1.00,-1,-1,-1
79,100,1051.00,933.00,11.00,36.00,1.00,-1,-1,-1
79,112,1260.00,355.00,54.00,12.00,1.00,-1,-1,-1
79,113,1067.00,352.00,27.00,20.00,1.00,-1,-1,-1
79,114,1367.00,356.00,22.00,16.00,1.00,-1,-1,-1
79,126,1197.00,490.00,34.00,16.00,1.00,-1,-1,-1
79,129,933.00,949.00,29.00,21.00,1.00,-1,-1,-1
79,135,567.00,306.00,499.00,99.00,1.00,-1,-1,-1
79,139,948.00,940.00,21.00,16.00,1.00,-1,-1,-1
79,141,1719.00,1036.00,10.00,25.00,1.00,-1,-1,-1
79,142,1312.00,549.00,52.00,14.00,1.00,-1,-1,-1
79,147,1709.00,988.00,18.00,51.00,1.00,-1,-1,-1
79,148,952.00,949.00,40.00,25.00,1.00,-1,-1,-1
79,149,424.00,949.00,22.00,105.00,1.00,-1,-1,-1
79,153,1696.00,914.00,11.00,41.00,1.00,-1,-1,-1
79,158,690.00,1018.00,722.00,103.00,1.00,-1,-1,-1
79,160,284.00,979.00,17.00,123.00,1.00,-1,-1,-1
79,166,749.00,357.00,75.00,45.00,1.00,-1,-1,-1
79,174,823.00,324.00,39.00,42.00,1.00,-1,-1,-1
79,179,247.00,807.00,19.00,25.00,1.00,-1,-1,-1
79,186,783.00,971.00,17.00,8.00,1.00,-1,-1,-1
79,193,1157.00,967.00,41.00,65.00,1.00,-1,-1,-1
79,194,1204.00,982.00,47.00,7.00,1.00,-1,-1,-1
79,201,678.00,974.00,11.00,12.00,1.00,-1,-1,-1
79,212,1060.00,351.00,44.00,27.00,1.00,-1,-1,-1
79,216,834.00,1058.00,18.00,26.00,1.00,-1,-1,-1
79,218,445.00,933.00,1030.00,112.00,1.00,-1,-1,-1
79,219,1357.00,433.00,33.00,37.00,1.00,-1,-1,-1
79,221,168.00,517.00,14.00,44.00,1.00,-1,-1,-1
79,222,213.00,926.00,41.00,33.00,1.00,-1,-1,-1
79,225,277.00,943.00,30.00,49.00,1.00,-1,-1,-1
79,226,219.00,992.00,85.00,73.00,1.00,-1,-1,-1
79,228,39.00,1035.00,20.00,79.00,1.00,-1,-1,-1
79,243,89.00,538.00,7.00,49.00,1.00,-1,-1,-1
79,244,1107.00,389.00,194.00,67.00,1.00,-1,-1,-1
79,246,131.00,1069.00,17.00,22.00,1.00,-1,-1,-1
79,254,765.00,342.00,65.00,44.00,1.00,-1,-1,-1
79,256,256.00,1044.00,19.00,30.00,1.00,-1,-1,-1
79,257,1105.00,226.00,29.00,22.00,1.00,-1,-1,-1
79,259,59.00,1069.00,17.00,22.00,1.00,-1,-1,-1
79,270,204.00,765.00,11.00,13.00,1.00,-1,-1,-1
79,271,1710.00,1044.00,13.00,82.00,1.00,-1,-1,-1
79,273,146.00,1072.00,55.00,16.00,1.00,-1,-1,-1
79,278,1017.00,350.00,42.00,19.00,1.00,-1,-1,-1
79,280,241.00,1010.00,24.00,14.00,1.00,-1,-1,-1
79,284,29.00,676.00,29.00,36.00,1.00,-1,-1,-1
79,290,831.00,83.00,23.00,9.00,1.00,-1,-1,-1
79,296,779.00,325.00,25.00,32.00,1.00,-1,-1,-1
79,299,1215.00,460.00,19.00,14.00,1.00,-1,-1,-1
79,301,187.00,77.00,24.00,218.00,1.00,-1,-1,-1
79,305,988.00,267.00,13.00,15.00,1.00,-1,-1,-1
79,306,560.00,435.00,12.00,14.00,1.00,-1,-1,-1
79,307,1258.00,222.00,9.00,17.00,1.00,-1,-1,-1
79,309,694.00,288.00,20.00,24.00,1.00,-1,-1,-1
79,312,666.00,366.00,20.00,16.00,1.00,-1,-1,-1
79,316,708.00,737.00,13.00,15.00,1.00,-1,-1,-1
79,318,912.00,1054.00,23.00,34.00,1.00,-1,-1,-1
79,325,729.00,326.00,100.00,33.00,1.00,-1,-1,-1
79,332,284.00,152.00,8.00,16.00,1.00,-1,-1,-1
79,333,126.00,873.00,43.00,34.00,1.00,-1,-1,-1
79,345,18.00,759.00,11.00,33.00,1.00,-1,-1,-1
79,350,822.00,73.00,14.00,20.00,1.00,-1,-1,-1
79,352,1169.00,642.00,10.00,31.00,1.00,-1,-1,-1
79,354,1162.00,439.00,16.00,13.00,1.00,-1,-1,-1
79,356,0.00,584.00,82.00,313.00,1.00,-1,-1,-1
79,360,1285.00,340.00,106.00,70.00,1.00,-1,-1,-1
79,361,136.00,872.00,268.00,223.00,1.00,-1,-1,-1
79,362,753.00,327.00,15.00,13.00,1.00,-1,-1,-1
79,363,587.00,285.00,19.00,18.00,1.00,-1,-1,-1
79,364,1709.00,1028.00,17.00,112.00,1.00,-1,-1,-1
79,365,1059.00,255.00,25.00,18.00,1.00,-1,-1,-1
79,373,741.00,317.00,64.00,31.00,1.00,-1,-1,-1
79,379,0.00,577.00,23.00,32.00,1.00,-1,-1,-1
79,382,868.00,188.00,41.00,40.00,1.00,-1,-1,-1
79,387,486.00,108.00,15.00,26.00,1.00,-1,-1,-1
79,388,1253.00,152.00,17.00,35.00,1.00,-1,-1,-1
79,389,574.00,205.00,16.00,16.00,1.00,-1,-1,-1
79,390,1701.00,938.00,9.00,29.00,1.00,-1,-1,-1
79,397,0.00,0.00,40.00,7.00,1.00,-1,-1,-1
79,400,565.00,0.00,42.00,7.00,1.00,-1,-1,-1
79,401,68.00,0.00,33.00,6.00,1.00,-1,-1,-1
79,402,168.00,0.00,52.00,7.00,1.00,-1,-1,-1
79,403,1214.00,340.00,78.00,26.00,1.00,-1,-1,-1
79,412,160.00,875.00,11.00,16.00,1.00,-1,-1,-1
79,415,191.00,763.00,23.00,21.00,1.00,-1,-1,-1
79,434,842.00,89.00,20.00,7.00,1.00,-1,-1,-1
80,5,932.00,976.00,47.00,34.00,1.00,-1,-1,-1
80,9,1012.00,963.00,43.00,30.00,1.00,-1,-1,-1
80,10,597.00,935.00,139.00,66.00,1.00,-1,-1,-1
80,11,690.00,330.00,185.00,79.00,1.00,-1,-1,-1
80,12,1353.00,534.00,170.00,115.00,1.00,-1,-1,-1
80,15,606.00,911.00,128.00,72.00,1.00,-1,-1,-1
80,18,1125.00,394.00,78.00,30.00,1.00,-1,-1,-1
80,21,678.00,291.00,38.00,45.00,1.00,-1,-1,-1
80,32,683.00,549.00,12.00,13.00,1.00,-1,-1,-1
80,34,814.00,308.00,13.00,42.00,1.00,-1,-1,-1
80,37,774.00,322.00,19.00,33.00,1.00,-1,-1,-1
80,38,1009.00,352.00,46.00,44.00,1.00,-1,-1,-1
80,40,820.00,328.00,29.00,25.00,1.00,-1,-1,-1
80,41,1436.00,463.00,25.00,44.00,1.00,-1,-1,-1
80,44,836.00,300.00,196.00,65.00,1.00,-1,-1,-1
80,45,276.00,1014.00,162.00,121.00,1.00,-1,-1,-1
80,48,810.00,321.00,23.00,61.00,1.00,-1,-1,-1
80,49,816.00,325.00,15.00,11.00,1.00,-1,-1,-1
80,50,856.00,324.00,13.00,19.00,1.00,-1,-1,-1
80,72,921.00,807.00,9.00,14.00,1.00,-1,-1,-1
80,76,1036.00,379.00,11.00,32.00,1.00,-1,-1,-1
80,77,1162.00,411.00,208.00,46.00,1.00,-1,-1,-1
80,93,343.00,1062.00,21.00,20.00,1.00,-1,-1,-1
80,100,1051.00,933.00,11.00,36.00,1.00,-1,-1,-1
80,112,1260.00,361.00,54.00,12.00,1.00,-1,-1,-1
80,113,1062.00,360.00,27.00,20.00,1.00,-1,-1,-1
80,114,1367.00,362.00,22.00,16.00,1.00,-1,-1,-1
80,126,1197.00,496.00,34.00,16.00,1.00,-1,-1,-1
80,129,933.00,949.00,29.00,21.00,1.00,-1,-1,-1
80,135,558.00,304.00,499.00,99.00,1.00,-1,-1,-1
80,139,948.00,945.00,21.00,16.00,1.00,-1,-1,-1
80,141,1719.00,1042.00,10.00,25.00,1.00,-1,-1,-1
80,142,1312.00,556.00,52.00,14.00,1.00,-1,-1,-1
80,147,1709.00,994.00,18.00,51.00,1.00,-1,-1,-1
80,148,952.00,952.00,40.00,25.00,1.00,-1,-1,-1
80,149,424.00,955.00,22.00,105.00,1.00,-1,-1,-1
80,153,1696.00,920.00,11.00,41.00,1.00,-1,-1,-1
80,158,685.00,1018.00,722.00,103.00,1.00,-1,-1,-1
80,160,284.00,985.00,17.00,123.00,1.00,-1,-1,-1
80,166,738.00,356.00,75.00,45.00,1.00,-1,-1,-1
80,174,814.00,322.00,39.00,42.00,1.00,-1,-1,-1
80,179,247.00,813.00,19.00,25.00,1.00,-1,-1,-1
80,186,783.00,971.00,17.00,8.00,1.00,-1,-1,-1
80,193,1157.00,967.00,41.00,65.00,1.00,-1,-1,-1
80,194,1204.00,982.00,47.00,7.00,1.00,-1,-1,-1
80,201,678.00,974.00,11.00,12.00,1.00,-1,-1,-1
80,212,1053.00,360.00,44.00,27.00,1.00,-1,-1,-1
80,216,838.00,1058.00,18.00,26.00,1.00,-1,-1,-1
80,218,445.00,934.00,1030.00,111.00,1.00,-1,-1,-1
80,219,1357.00,439.00,33.00,37.00,1.00,-1,-1,-1
80,221,168.00,523.00,14.00,44.00,1.00,-1,-1,-1
80,222,213.00,932.00,41.00,33.00,1.00,-1,-1,-1
80,225,277.00,949.00,30.00,49.00,1.00,-1,-1,-1
80,226,219.00,998.00,85.00,73.00,1.00,-1,-1,-1
80,228,39.00,1035.00,20.00,79.00,1.00,-1,-1,-1
80,243,89.00,544.00,7.00,49.00,1.00,-1,-1,-1
80,244,1103.00,395.00,194.00,67.00,1.00,-1,-1,-1
80,246,131.00,1069.00,17.00,22.00,1.00,-1,-1,-1
80,254,755.00,340.00,65.00,44.00,1.00,-1,-1,-1
80,256,256.00,1049.00,19.00,30.00,1.00,-1,-1,-1
80,257,1105.00,232.00,29.00,22.00,1.00,-1,-1,-1
80,259,59.00,1069.00,17.00,22.00,1.00,-1,-1,-1
80,270,204.00,771.00,11.00,13.00,1.00,-1,-1,-1
80,271,1711.00,1044.00,13.00,82.00,1.00,-1,-1,-1
80,273,146.00,1072.00,55.00,16.00,1.00,-1,-1,-1
80,278,1010.00,355.00,42.00,19.00,1.00,-1,-1,-1
80,280,240.00,1016.00,24.00,14.00,1.00,-1,-1,-1
80,284,29.00,683.00,29.00,36.00,1.00,-1,-1,-1
80,290,831.00,90.00,23.00,9.00,1.00,-1,-1,-1
80,296,771.00,323.00,25.00,32.00,1.00,-1,-1,-1
80,299,1215.00,466.00,19.00,14.00,1.00,-1,-1,-1
80,301,188.00,86.00,24.00,218.00,1.00,-1,-1,-1
80,305,988.00,273.00,13.00,15.00,1.00,-1,-1,-1
80,306,560.00,442.00,12.00,14.00,1.00,-1,-1,-1
80,307,1258.00,229.00,9.00,17.00,1.00,-1,-1,-1
80,309,694.00,294.00,20.00,24.00,1.00,-1,-1,-1
80,312,666.00,373.00,20.00,16.00,1.00,-1,-1,-1
80,316,708.00,743.00,13.00,15.00,1.00,-1,-1,-1
80,318,916.00,1054.00,23.00,34.00,1.00,-1,-1,-1
80,325,722.00,323.00,100.00,33.00,1.00,-1,-1,-1
80,332,284.00,157.00,8.00,16.00,1.00,-1,-1,-1
80,333,126.00,879.00,43.00,34.00,1.00,-1,-1,-1
80,345,18.00,765.00,11.00,33.00,1.00,-1,-1,-1
80,350,822.00,79.00,14.00,20.00,1.00,-1,-1,-1
80,352,1169.00,648.00,10.00,31.00,1.00,-1,-1,-1
80,354,1162.00,445.00,16.00,13.00,1.00,-1,-1,-1
80,356,0.00,590.00,82.00,313.00,1.00,-1,-1,-1
80,360,1285.00,347.00,106.00,70.00,1.00,-1,-1,-1
80,361,136.00,878.00,268.00,223.00,1.00,-1,-1,-1
80,362,743.00,323.00,15.00,13.00,1.00,-1,-1,-1
80,363,587.00,291.00,19.00,18.00,1.00,-1,-1,-1
80,364,1710.00,1028.00,17.00,112.00,1.00,-1,-1,-1
80,365,1059.00,261.00,25.00,18.00,1.00,-1,-1,-1
80,373,716.00,311.00,64.00,31.00,1.00,-1,-1,-1
80,379,0.00,583.00,23.00,32.00,1.00,-1,-1,-1
80,382,868.00,195.00,41.00,40.00,1.00,-1,-1,-1
80,387,486.00,114.00,15.00,26.00,1.00,-1,-1,-1
80,388,1253.00,159.00,17.00,35.00,1.00,-1,-1,-1
80,389,574.00,211.00,16.00,16.00,1.00,-1,-1,-1
80,390,1701.00,944.00,9.00,29.00,1.00,-1,-1,-1
80,397,0.00,0.00,40.00,7.00,1.00,-1,-1,-1
80,400,558.00,0.00,42.00,7.00,1.00,-1,-1,-1
80,401,67.00,0.00,33.00,6.00,1.00,-1,-1,-1
80,402,167.00,0.00,52.00,7.00,1.00,-1,-1,-1
80,403,1214.00,346.00,78.00,26.00,1.00,-1,-1,-1
80,412,160.00,881.00,11.00,16.00,1.00,-1,-1,-1
80,415,191.00,769.00,23.00,21.00,1.00,-1,-1,-1
80,434,842.00,95.00,20.00,7.00,1.00,-1,-1,-1
81,5,932.00,976.00,47.00,34.00,1.00,-1,-1,-1
81,9,1012.00,963.00,43.00,30.00,1.00,-1,-1,-1
81,10,597.00,935.00,139.00,66.00,1.00,-1,-1,-1
81,11,690.00,330.00,185.00,79.00,1.00,-1,-1,-1
81,12,1353.00,534.00,170.00,115.00,1.00,-1,-1,-1
81,15,606.00,911.00,128.00,72.00,1.00,-1,-1,-1
81,18,1125.00,394.00,78.00,30.00,1.00,-1,-1,-1
81,21,678.00,291.00,38.00,45.00,1.00,-1,-1,-1
81,32,683.00,549.00,12.00,13.00,1.00,-1,-1,-1
81,34,814.00,308.00,13.00,42.00,1.00,-1,-1,-1
81,37,774.00,322.00,19.00,33.00,1.00,-1,-1,-1
81,38,1009.00,352.00,46.00,44.00,1.00,-1,-1,-1
81,40,820.00,328.00,29.00,25.00,1.00,-1,-1,-1
81,41,1436.00,463.00,25.00,44.00,1.00,-1,-1,-1
81,44,836.00,300.00,196.00,65.00,1.00,-1,-1,-1
81,45,276.00,1014.00,162.00,121.00,1.00,-1,-1,-1
81,48,810.00,321.00,23.00,61.00,1.00,-1,-1,-1
81,49,816.00,325.00,15.00,11.00,1.00,-1,-1,-1
81,50,856.00,324.00,13.00,19.00,1.00,-1,-1,-1
81,72,921.00,807.00,9.00,14.00,1.00,-1,-1,-1
81,76,1036.00,379.00,11.00,32.00,1.00,-1,-1,-1
81,77,1162.00,411.00,208.00,46.00,1.00,-1,-1,-1
81,93,343.00,1062.00,21.00,20.00,1.00,-1,-1,-1
81,100,1051.00,933.00,11.00,36.00,1.00,-1,-1,-1
81,112,1260.00,361.00,54.00,12.00,1.00,-1,-1,-1
81,113,1062.00,360.00,27.00,20.00,1.00,-1,-1,-1
81,114,1367.00,362.00,22.00,16.00,1.00,-1,-1,-1
81,126,1197.00,496.00,34.00,16.00,1.00,-1,-1,-1
81,129,933.00,949.00,29.00,21.00,1.00,-1,-1,-1
81,135,558.00,304.00,499.00,99.00,1.00,-1,-1,-1
81,139,948.00,945.00,21.00,16.00,1.00,-1,-1,-1
81,141,1719.00,1042.00,10.00,25.00,1.00,-1,-1,-1
81,142,1312.00,556.00,52.00,14.00,1.00,-1,-1,-1
81,147,1709.00,994.00,18.00,51.00,1.00,-1,-1,-1
81,148,952.00,952.00,40.00,25.00,1.00,-1,-1,-1
81,149,424.00,955.00,22.00,105.00,1.00,-1,-1,-1
81,153,1696.00,920.00,11.00,41.00,1.00,-1,-1,-1
81,158,685.00,1018.00,722.00,103.00,1.00,-1,-1,-1
81,160,284.00,985.00,17.00,123.00,1.00,-1,-1,-1
81,166,738.00,356.00,75.00,45.00,1.00,-1,-1,-1
81,174,814.00,322.00,39.00,42.00,1.00,-1,-1,-1
81,179,247.00,813.00,19.00,25.00,1.00,-1,-1,-1
81,186,783.00,971.00,17.00,8.00,1.00,-1,-1,-1
81,193,1157.00,967.00,41.00,65.00,1.00,-1,-1,-1
81,194,1204.00,982.00,47.00,7.00,1.00,-1,-1,-1
81,201,678.00,974.00,11.00,12.00,1.00,-1,-1,-1
81,212,1053.00,360.00,44.00,27.00,1.00,-1,-1,-1
81,216,838.00,1058.00,18.00,26.00,1.00,-1,-1,-1
81,218,445.00,934.00,1030.00,111.00,1.00,-1,-1,-1
81,219,1357.00,439.00,33.00,37.00,1.00,-1,-1,-1
81,221,168.00,523.00,14.00,44.00,1.00,-1,-1,-1
81,222,213.00,932.00,41.00,33.00,1.00,-1,-1,-1
81,225,277.00,949.00,30.00,49.00,1.00,-1,-1,-1
81,226,219.00,998.00,85.00,73.00,1.00,-1,-1,-1
81,228,39.00,1035.00,20.00,79.00,1.00,-1,-1,-1
81,243,89.00,544.00,7.00,49.00,1.00,-1,-1,-1
81,244,1103.00,395.00,194.00,67.00,1.00,-1,-1,-1
81,246,131.00,1069.00,17.00,22.00,1.00,-1,-1,-1
81,254,755.00,340.00,65.00,44.00,1.00,-1,-1,-1
81,256,256.00,1049.00,19.00,30.00,1.00,-1,-1,-1
81,257,1105.00,232.00,29.00,22.00,1.00,-1,-1,-1
81,259,59.00,1069.00,17.00,22.00,1.00,-1,-1,-1
81,270,204.00,771.00,11.00,13.00,1.00,-1,-1,-1
81,271,1711.00,1044.00,13.00,82.00,1.00,-1,-1,-1
81,278,1010.00,355.00,42.00,19.00,1.00,-1,-1,-1
81,280,240.00,1016.00,24.00,14.00,1.00,-1,-1,-1
81,284,29.00,683.00,29.00,36.00,1.00,-1,-1,-1
81,290,831.00,90.00,23.00,9.00,1.00,-1,-1,-1
81,296,771.00,323.00,25.00,32.00,1.00,-1,-1,-1
81,299,1215.00,466.00,19.00,14.00,1.00,-1,-1,-1
81,301,188.00,86.00,24.00,218.00,1.00,-1,-1,-1
81,305,988.00,273.00,13.00,15.00,1.00,-1,-1,-1
81,306,560.00,442.00,12.00,14.00,1.00,-1,-1,-1
81,307,1258.00,229.00,9.00,17.00,1.00,-1,-1,-1
81,309,694.00,294.00,20.00,24.00,1.00,-1,-1,-1
81,312,666.00,372.00,20.00,16.00,1.00,-1,-1,-1
81,316,708.00,743.00,13.00,15.00,1.00,-1,-1,-1
81,318,916.00,1054.00,23.00,34.00,1.00,-1,-1,-1
81,325,722.00,323.00,100.00,33.00,1.00,-1,-1,-1
81,332,284.00,157.00,8.00,16.00,1.00,-1,-1,-1
81,333,126.00,879.00,43.00,34.00,1.00,-1,-1,-1
81,345,18.00,765.00,11.00,33.00,1.00,-1,-1,-1
81,350,822.00,79.00,14.00,20.00,1.00,-1,-1,-1
81,352,1169.00,648.00,10.00,31.00,1.00,-1,-1,-1
81,354,1162.00,445.00,16.00,13.00,1.00,-1,-1,-1
81,356,0.00,590.00,82.00,313.00,1.00,-1,-1,-1
81,360,1285.00,347.00,106.00,70.00,1.00,-1,-1,-1
81,361,136.00,879.00,268.00,223.00,1.00,-1,-1,-1
81,362,743.00,323.00,15.00,13.00,1.00,-1,-1,-1
81,363,587.00,291.00,19.00,18.00,1.00,-1,-1,-1
81,364,1710.00,1028.00,17.00,112.00,1.00,-1,-1,-1
81,365,1059.00,261.00,25.00,18.00,1.00,-1,-1,-1
81,373,716.00,311.00,64.00,31.00,1.00,-1,-1,-1
81,379,0.00,583.00,23.00,32.00,1.00,-1,-1,-1
81,382,868.00,194.00,41.00,40.00,1.00,-1,-1,-1
81,387,486.00,114.00,15.00,26.00,1.00,-1,-1,-1
81,388,1253.00,159.00,17.00,35.00,1.00,-1,-1,-1
81,389,574.00,211.00,16.00,16.00,1.00,-1,-1,-1
81,390,1701.00,944.00,9.00,29.00,1.00,-1,-1,-1
81,397,0.00,0.00,40.00,7.00,1.00,-1,-1,-1
81,400,558.00,0.00,42.00,7.00,1.00,-1,-1,-1
81,401,66.00,0.00,33.00,6.00,1.00,-1,-1,-1
81,402,167.00,0.00,52.00,7.00,1.00,-1,-1,-1
81,403,1214.00,346.00,78.00,26.00,1.00,-1,-1,-1
81,412,160.00,881.00,11.00,16.00,1.00,-1,-1,-1
81,415,191.00,769.00,23.00,21.00,1.00,-1,-1,-1
81,434,842.00,95.00,20.00,7.00,1.00,-1,-1,-1
82,5,932.00,976.00,47.00,34.00,1.00,-1,-1,-1
82,9,1012.00,963.00,43.00,30.00,1.00,-1,-1,-1
82,10,597.00,935.00,139.00,66.00,1.00,-1,-1,-1
82,11,681.00,327.00,218.00,86.00,1.00,-1,-1,-1
82,12,1353.00,539.00,170.00,115.00,1.00,-1,-1,-1
82,15,606.00,913.00,128.00,72.00,1.00,-1,-1,-1
82,18,1125.00,400.00,78.00,30.00,1.00,-1,-1,-1
82,21,666.00,306.00,38.00,45.00,1.00,-1,-1,-1
82,32,683.00,555.00,12.00,13.00,1.00,-1,-1,-1
82,34,813.00,307.00,13.00,42.00,1.00,-1,-1,-1
82,37,765.00,319.00,19.00,33.00,1.00,-1,-1,-1
82,38,1002.00,357.00,46.00,44.00,1.00,-1,-1,-1
82,40,811.00,326.00,29.00,25.00,1.00,-1,-1,-1
82,41,1436.00,469.00,25.00,44.00,1.00,-1,-1,-1
82,44,830.00,299.00,196.00,65.00,1.00,-1,-1,-1
82,45,272.00,1014.00,162.00,121.00,1.00,-1,-1,-1
82,48,804.00,318.00,23.00,61.00,1.00,-1,-1,-1
82,49,815.00,324.00,15.00,11.00,1.00,-1,-1,-1
82,50,854.00,322.00,13.00,19.00,1.00,-1,-1,-1
82,72,921.00,813.00,9.00,14.00,1.00,-1,-1,-1
82,76,1032.00,387.00,11.00,32.00,1.00,-1,-1,-1
82,77,1162.00,417.00,208.00,46.00,1.00,-1,-1,-1
82,93,340.00,1062.00,21.00,20.00,1.00,-1,-1,-1
82,100,1051.00,933.00,11.00,36.00,1.00,-1,-1,-1
82,112,1259.00,367.00,54.00,12.00,1.00,-1,-1,-1
82,113,1059.00,368.00,27.00,20.00,1.00,-1,-1,-1
82,114,1367.00,368.00,22.00,16.00,1.00,-1,-1,-1
82,126,1197.00,502.00,34.00,16.00,1.00,-1,-1,-1
82,129,933.00,949.00,29.00,21.00,1.00,-1,-1,-1
82,135,549.00,301.00,499.00,99.00,1.00,-1,-1,-1
82,139,948.00,946.00,21.00,16.00,1.00,-1,-1,-1
82,141,1719.00,1048.00,10.00,25.00,1.00,-1,-1,-1
82,142,1312.00,561.00,52.00,14.00,1.00,-1,-1,-1
82,147,1709.00,999.00,18.00,51.00,1.00,-1,-1,-1
82,148,952.00,957.00,40.00,25.00,1.00,-1,-1,-1
82,149,424.00,961.00,22.00,105.00,1.00,-1,-1,-1
82,153,1696.00,926.00,11.00,41.00,1.00,-1,-1,-1
82,158,681.00,1018.00,722.00,103.00,1.00,-1,-1,-1
82,160,284.00,991.00,17.00,123.00,1.00,-1,-1,-1
82,166,724.00,356.00,75.00,45.00,1.00,-1,-1,-1
82,174,805.00,320.00,39.00,42.00,1.00,-1,-1,-1
82,179,247.00,818.00,19.00,25.00,1.00,-1,-1,-1
82,186,783.00,971.00,17.00,8.00,1.00,-1,-1,-1
82,193,1157.00,967.00,41.00,65.00,1.00,-1,-1,-1
82,194,1204.00,982.00,47.00,7.00,1.00,-1,-1,-1
82,201,678.00,974.00,11.00,12.00,1.00,-1,-1,-1
82,212,1048.00,368.00,44.00,27.00,1.00,-1,-1,-1
82,216,842.00,1058.00,18.00,26.00,1.00,-1,-1,-1
82,218,445.00,934.00,1030.00,112.00,1.00,-1,-1,-1
82,219,1357.00,445.00,33.00,37.00,1.00,-1,-1,-1
82,221,168.00,529.00,14.00,44.00,1.00,-1,-1,-1
82,222,213.00,938.00,41.00,33.00,1.00,-1,-1,-1
82,225,277.00,955.00,30.00,49.00,1.00,-1,-1,-1
82,226,219.00,1004.00,85.00,73.00,1.00,-1,-1,-1
82,228,39.00,1035.00,20.00,79.00,1.00,-1,-1,-1
82,243,89.00,550.00,7.00,49.00,1.00,-1,-1,-1
82,244,1102.00,400.00,194.00,67.00,1.00,-1,-1,-1
82,246,139.00,1068.00,17.00,22.00,1.00,-1,-1,-1
82,254,746.00,338.00,65.00,44.00,1.00,-1,-1,-1
82,256,256.00,1055.00,19.00,30.00,1.00,-1,-1,-1
82,257,1106.00,238.00,29.00,22.00,1.00,-1,-1,-1
82,259,59.00,1069.00,17.00,22.00,1.00,-1,-1,-1
82,270,204.00,776.00,11.00,13.00,1.00,-1,-1,-1
82,271,1710.00,1044.00,13.00,82.00,1.00,-1,-1,-1
82,278,1004.00,361.00,42.00,19.00,1.00,-1,-1,-1
82,280,240.00,1022.00,24.00,14.00,1.00,-1,-1,-1
82,284,29.00,688.00,29.00,36.00,1.00,-1,-1,-1
82,290,831.00,96.00,23.00,9.00,1.00,-1,-1,-1
82,296,762.00,319.00,25.00,32.00,1.00,-1,-1,-1
82,299,1215.00,472.00,19.00,14.00,1.00,-1,-1,-1
82,301,188.00,91.00,24.00,218.00,1.00,-1,-1,-1
82,305,988.00,279.00,13.00,15.00,1.00,-1,-1,-1
82,306,560.00,448.00,12.00,14.00,1.00,-1,-1,-1
82,307,1258.00,235.00,9.00,17.00,1.00,-1,-1,-1
82,309,694.00,300.00,20.00,24.00,1.00,-1,-1,-1
82,312,666.00,378.00,20.00,16.00,1.00,-1,-1,-1
82,316,708.00,749.00,13.00,15.00,1.00,-1,-1,-1
82,318,920.00,1054.00,23.00,34.00,1.00,-1,-1,-1
82,325,713.00,319.00,100.00,33.00,1.00,-1,-1,-1
82,332,284.00,163.00,8.00,16.00,1.00,-1,-1,-1
82,333,126.00,885.00,43.00,34.00,1.00,-1,-1,-1
82,345,18.00,771.00,11.00,33.00,1.00,-1,-1,-1
82,350,822.00,85.00,14.00,20.00,1.00,-1,-1,-1
82,352,1169.00,654.00,10.00,31.00,1.00,-1,-1,-1
82,354,1162.00,451.00,16.00,13.00,1.00,-1,-1,-1
82,356,0.00,596.00,82.00,313.00,1.00,-1,-1,-1
82,360,1285.00,352.00,106.00,70.00,1.00,-1,-1,-1
82,361,136.00,884.00,268.00,223.00,1.00,-1,-1,-1
82,362,728.00,316.00,15.00,13.00,1.00,-1,-1,-1
82,363,588.00,297.00,19.00,18.00,1.00,-1,-1,-1
82,364,1711.00,1028.00,17.00,112.00,1.00,-1,-1,-1
82,365,1059.00,267.00,25.00,18.00,1.00,-1,-1,-1
82,373,718.00,309.00,64.00,31.00,1.00,-1,-1,-1
82,379,0.00,589.00,23.00,32.00,1.00,-1,-1,-1
82,382,868.00,201.00,41.00,40.00,1.00,-1,-1,-1
82,387,486.00,120.00,15.00,26.00,1.00,-1,-1,-1
82,388,1253.00,165.00,17.00,35.00,1.00,-1,-1,-1
82,389,574.00,217.00,16.00,16.00,1.00,-1,-1,-1
82,390,1701.00,950.00,9.00,29.00,1.00,-1,-1,-1
82,397,-1.00,0.00,40.00,7.00,1.00,-1,-1,-1
82,400,558.00,0.00,42.00,7.00,1.00,-1,-1,-1
82,401,65.00,0.00,33.00,6.00,1.00,-1,-1,-1
82,402,167.00,0.00,52.00,7.00,1.00,-1,-1,-1
82,403,1214.00,352.00,78.00,26.00,1.00,-1,-1,-1
82,412,160.00,887.00,11.00,16.00,1.00,-1,-1,-1
82,415,191.00,775.00,23.00,21.00,1.00,-1,-1,-1
82,434,842.00,101.00,20.00,7.00,1.00,-1,-1,-1
83,5,932.00,976.00,47.00,34.00,1.00,-1,-1,-1
83,6,954.00,965.00,18.00,22.00,1.00,-1,-1,-1
83,9,1012.00,963.00,43.00,30.00,1.00,-1,-1,-1
83,10,597.00,935.00,139.00,66.00,1.00,-1,-1,-1
83,11,672.00,325.00,218.00,86.00,1.00,-1,-1,-1
83,12,1353.00,545.00,170.00,115.00,1.00,-1,-1,-1
83,15,606.00,913.00,128.00,72.00,1.00,-1,-1,-1
83,18,1126.00,405.00,78.00,30.00,1.00,-1,-1,-1
83,21,663.00,301.00,38.00,45.00,1.00,-1,-1,-1
83,32,683.00,560.00,12.00,13.00,1.00,-1,-1,-1
83,34,803.00,304.00,13.00,42.00,1.00,-1,-1,-1
83,37,757.00,315.00,19.00,33.00,1.00,-1,-1,-1
83,38,997.00,363.00,46.00,44.00,1.00,-1,-1,-1
83,40,803.00,323.00,29.00,25.00,1.00,-1,-1,-1
83,41,1436.00,474.00,25.00,44.00,1.00,-1,-1,-1
83,44,840.00,306.00,196.00,65.00,1.00,-1,-1,-1
83,45,272.00,1014.00,162.00,121.00,1.00,-1,-1,-1
83,48,795.00,316.00,23.00,61.00,1.00,-1,-1,-1
83,49,805.00,321.00,15.00,11.00,1.00,-1,-1,-1
83,50,852.00,320.00,13.00,19.00,1.00,-1,-1,-1
83,54,788.00,668.00,19.00,40.00,1.00,-1,-1,-1
83,72,922.00,818.00,11.00,15.00,1.00,-1,-1,-1
83,76,1026.00,394.00,11.00,32.00,1.00,-1,-1,-1
83,77,1162.00,422.00,208.00,46.00,1.00,-1,-1,-1
83,93,340.00,1062.00,21.00,20.00,1.00,-1,-1,-1
83,100,1051.00,933.00,11.00,36.00,1.00,-1,-1,-1
83,112,1260.00,373.00,54.00,12.00,1.00,-1,-1,-1
83,113,1054.00,374.00,27.00,20.00,1.00,-1,-1,-1
83,114,1367.00,373.00,22.00,16.00,1.00,-1,-1,-1
83,126,1197.00,507.00,34.00,16.00,1.00,-1,-1,-1
83,129,933.00,949.00,29.00,21.00,1.00,-1,-1,-1
83,135,541.00,299.00,499.00,99.00,1.00,-1,-1,-1
83,139,948.00,946.00,21.00,16.00,1.00,-1,-1,-1
83,141,1720.00,1053.00,10.00,25.00,1.00,-1,-1,-1
83,142,1312.00,566.00,52.00,14.00,1.00,-1,-1,-1
83,147,1709.00,1005.00,18.00,51.00,1.00,-1,-1,-1
83,148,952.00,963.00,40.00,25.00,1.00,-1,-1,-1
83,149,424.00,966.00,22.00,105.00,1.00,-1,-1,-1
83,153,1696.00,932.00,11.00,41.00,1.00,-1,-1,-1
83,158,676.00,1018.00,722.00,103.00,1.00,-1,-1,-1
83,160,284.00,996.00,17.00,123.00,1.00,-1,-1,-1
83,166,713.00,356.00,75.00,45.00,1.00,-1,-1,-1
83,174,797.00,317.00,39.00,42.00,1.00,-1,-1,-1
83,179,247.00,824.00,19.00,25.00,1.00,-1,-1,-1
83,186,783.00,971.00,17.00,8.00,1.00,-1,-1,-1
83,193,1157.00,967.00,41.00,65.00,1.00,-1,-1,-1
83,194,1204.00,982.00,47.00,7.00,1.00,-1,-1,-1
83,201,678.00,974.00,11.00,12.00,1.00,-1,-1,-1
83,212,1046.00,374.00,44.00,27.00,1.00,-1,-1,-1
83,216,846.00,1058.00,18.00,26.00,1.00,-1,-1,-1
83,218,445.00,934.00,1030.00,112.00,1.00,-1,-1,-1
83,219,1357.00,450.00,33.00,37.00,1.00,-1,-1,-1
83,221,168.00,534.00,14.00,44.00,1.00,-1,-1,-1
83,222,213.00,943.00,41.00,33.00,1.00,-1,-1,-1
83,225,277.00,961.00,30.00,49.00,1.00,-1,-1,-1
83,226,219.00,1009.00,85.00,73.00,1.00,-1,-1,-1
83,243,89.00,555.00,7.00,49.00,1.00,-1,-1,-1
83,244,1102.00,402.00,194.00,67.00,1.00,-1,-1,-1
83,246,130.00,1068.00,17.00,22.00,1.00,-1,-1,-1
83,254,736.00,335.00,65.00,44.00,1.00,-1,-1,-1
83,256,256.00,1064.00,19.00,30.00,1.00,-1,-1,-1
83,257,1106.00,243.00,29.00,22.00,1.00,-1,-1,-1
83,259,54.00,1070.00,17.00,22.00,1.00,-1,-1,-1
83,262,905.00,323.00,190.00,90.00,1.00,-1,-1,-1
83,270,204.00,782.00,11.00,13.00,1.00,-1,-1,-1
83,271,1711.00,1044.00,13.00,82.00,1.00,-1,-1,-1
83,278,998.00,367.00,42.00,19.00,1.00,-1,-1,-1
83,280,240.00,1027.00,24.00,14.00,1.00,-1,-1,-1
83,284,29.00,694.00,29.00,36.00,1.00,-1,-1,-1
83,290,831.00,101.00,23.00,9.00,1.00,-1,-1,-1
83,296,754.00,316.00,25.00,32.00,1.00,-1,-1,-1
83,299,1215.00,477.00,19.00,14.00,1.00,-1,-1,-1
83,301,188.00,96.00,24.00,218.00,1.00,-1,-1,-1
83,305,988.00,284.00,13.00,15.00,1.00,-1,-1,-1
83,306,560.00,453.00,12.00,14.00,1.00,-1,-1,-1
83,307,1258.00,240.00,9.00,17.00,1.00,-1,-1,-1
83,309,700.00,302.00,20.00,24.00,1.00,-1,-1,-1
83,312,666.00,383.00,20.00,16.00,1.00,-1,-1,-1
83,316,708.00,753.00,18.00,15.00,1.00,-1,-1,-1
83,318,923.00,1052.00,18.00,28.00,1.00,-1,-1,-1
83,325,704.00,316.00,100.00,33.00,1.00,-1,-1,-1
83,329,1674.00,866.00,19.00,37.00,1.00,-1,-1,-1
83,332,284.00,169.00,8.00,16.00,1.00,-1,-1,-1
83,333,126.00,890.00,43.00,34.00,1.00,-1,-1,-1
83,345,18.00,776.00,11.00,33.00,1.00,-1,-1,-1
83,350,822.00,90.00,14.00,20.00,1.00,-1,-1,-1
83,352,1166.00,657.00,14.00,34.00,1.00,-1,-1,-1
83,354,1162.00,457.00,16.00,13.00,1.00,-1,-1,-1
83,356,0.00,598.00,80.00,317.00,1.00,-1,-1,-1
83,360,1285.00,358.00,106.00,70.00,1.00,-1,-1,-1
83,361,136.00,887.00,271.00,193.00,1.00,-1,-1,-1
83,362,725.00,314.00,15.00,13.00,1.00,-1,-1,-1
83,363,587.00,302.00,19.00,18.00,1.00,-1,-1,-1
83,364,1711.00,1028.00,17.00,112.00,1.00,-1,-1,-1
83,365,1059.00,273.00,25.00,18.00,1.00,-1,-1,-1
83,373,716.00,307.00,64.00,31.00,1.00,-1,-1,-1
83,375,1222.00,633.00,13.00,31.00,1.00,-1,-1,-1
83,377,923.00,1052.00,17.00,28.00,1.00,-1,-1,-1
83,379,0.00,592.00,23.00,34.00,1.00,-1,-1,-1
83,382,868.00,206.00,41.00,40.00,1.00,-1,-1,-1
83,387,483.00,124.00,17.00,27.00,1.00,-1,-1,-1
83,388,1253.00,170.00,17.00,35.00,1.00,-1,-1,-1
83,389,574.00,223.00,16.00,16.00,1.00,-1,-1,-1
83,390,1701.00,956.00,9.00,29.00,1.00,-1,-1,-1
83,397,-1.00,0.00,40.00,7.00,1.00,-1,-1,-1
83,400,558.00,0.00,42.00,7.00,1.00,-1,-1,-1
83,401,64.00,0.00,33.00,6.00,1.00,-1,-1,-1
83,402,167.00,0.00,52.00,7.00,1.00,-1,-1,-1
83,403,1215.00,357.00,78.00,26.00,1.00,-1,-1,-1
83,412,160.00,892.00,11.00,16.00,1.00,-1,-1,-1
83,415,191.00,780.00,23.00,21.00,1.00,-1,-1,-1
83,423,1057.00,540.00,16.00,18.00,1.00,-1,-1,-1
83,426,789.00,537.00,61.00,42.00,1.00,-1,-1,-1
83,427,1169.00,585.00,16.00,37.00,1.00,-1,-1,-1
83,428,1101.00,602.00,31.00,28.00,1.00,-1,-1,-1
83,429,307.00,254.00,13.00,18.00,1.00,-1,-1,-1
83,434,842.00,107.00,20.00,7.00,1.00,-1,-1,-1
84,5,932.00,976.00,47.00,34.00,1.00,-1,-1,-1
84,6,952.00,971.00,18.00,22.00,1.00,-1,-1,-1
84,9,1012.00,963.00,43.00,30.00,1.00,-1,-1,-1
84,10,597.00,936.00,139.00,66.00,1.00,-1,-1,-1
84,11,681.00,317.00,233.00,119.00,1.00,-1,-1,-1
84,12,1353.00,550.00,170.00,115.00,1.00,-1,-1,-1
84,15,606.00,913.00,128.00,72.00,1.00,-1,-1,-1
84,18,1126.00,410.00,78.00,30.00,1.00,-1,-1,-1
84,21,663.00,297.00,38.00,45.00,1.00,-1,-1,-1
84,32,683.00,566.00,12.00,13.00,1.00,-1,-1,-1
84,34,800.00,302.00,13.00,42.00,1.00,-1,-1,-1
84,37,745.00,312.00,19.00,33.00,1.00,-1,-1,-1
84,38,991.00,371.00,46.00,44.00,1.00,-1,-1,-1
84,40,793.00,321.00,29.00,25.00,1.00,-1,-1,-1
84,41,1436.00,480.00,25.00,44.00,1.00,-1,-1,-1
84,44,843.00,304.00,196.00,65.00,1.00,-1,-1,-1
84,45,272.00,1014.00,162.00,121.00,1.00,-1,-1,-1
84,48,785.00,314.00,23.00,61.00,1.00,-1,-1,-1
84,49,794.00,318.00,15.00,11.00,1.00,-1,-1,-1
84,50,849.00,318.00,13.00,19.00,1.00,-1,-1,-1
84,54,788.00,673.00,19.00,40.00,1.00,-1,-1,-1
84,72,922.00,823.00,11.00,15.00,1.00,-1,-1,-1
84,76,1020.00,400.00,11.00,32.00,1.00,-1,-1,-1
84,77,1162.00,428.00,208.00,46.00,1.00,-1,-1,-1
84,93,340.00,1062.00,21.00,20.00,1.00,-1,-1,-1
84,100,1051.00,933.00,11.00,36.00,1.00,-1,-1,-1
84,112,1260.00,378.00,54.00,12.00,1.00,-1,-1,-1
84,113,1047.00,380.00,27.00,20.00,1.00,-1,-1,-1
84,114,1367.00,379.00,22.00,16.00,1.00,-1,-1,-1
84,126,1197.00,513.00,34.00,16.00,1.00,-1,-1,-1
84,129,933.00,949.00,29.00,21.00,1.00,-1,-1,-1
84,135,532.00,296.00,499.00,99.00,1.00,-1,-1,-1
84,139,948.00,946.00,21.00,16.00,1.00,-1,-1,-1
84,141,1720.00,1058.00,10.00,25.00,1.00,-1,-1,-1
84,142,1312.00,572.00,52.00,14.00,1.00,-1,-1,-1
84,147,1709.00,1010.00,18.00,51.00,1.00,-1,-1,-1
84,148,952.00,963.00,40.00,25.00,1.00,-1,-1,-1
84,149,424.00,971.00,22.00,105.00,1.00,-1,-1,-1
84,153,1696.00,937.00,11.00,41.00,1.00,-1,-1,-1
84,158,672.00,1018.00,722.00,103.00,1.00,-1,-1,-1
84,160,284.00,1002.00,17.00,123.00,1.00,-1,-1,-1
84,166,705.00,351.00,75.00,45.00,1.00,-1,-1,-1
84,174,788.00,315.00,39.00,42.00,1.00,-1,-1,-1
84,179,247.00,829.00,19.00,25.00,1.00,-1,-1,-1
84,186,783.00,971.00,17.00,8.00,1.00,-1,-1,-1
84,193,1157.00,967.00,41.00,65.00,1.00,-1,-1,-1
84,194,1204.00,982.00,47.00,7.00,1.00,-1,-1,-1
84,201,678.00,974.00,11.00,12.00,1.00,-1,-1,-1
84,212,1040.00,380.00,44.00,27.00,1.00,-1,-1,-1
84,216,849.00,1058.00,18.00,26.00,1.00,-1,-1,-1
84,218,445.00,934.00,1030.00,113.00,1.00,-1,-1,-1
84,219,1357.00,456.00,33.00,37.00,1.00,-1,-1,-1
84,221,168.00,540.00,14.00,44.00,1.00,-1,-1,-1
84,222,213.00,949.00,41.00,33.00,1.00,-1,-1,-1
84,225,277.00,966.00,30.00,49.00,1.00,-1,-1,-1
84,226,219.00,1014.00,85.00,73.00,1.00,-1,-1,-1
84,243,89.00,560.00,7.00,49.00,1.00,-1,-1,-1
84,244,1102.00,407.00,194.00,67.00,1.00,-1,-1,-1
84,246,130.00,1068.00,17.00,22.00,1.00,-1,-1,-1
84,254,725.00,331.00,65.00,44.00,1.00,-1,-1,-1
84,256,258.00,1064.00,19.00,30.00,1.00,-1,-1,-1
84,257,1106.00,249.00,29.00,22.00,1.00,-1,-1,-1
84,259,54.00,1070.00,17.00,22.00,1.00,-1,-1,-1
84,262,905.00,331.00,190.00,90.00,1.00,-1,-1,-1
84,270,204.00,787.00,11.00,13.00,1.00,-1,-1,-1
84,271,1712.00,1044.00,13.00,82.00,1.00,-1,-1,-1
84,278,992.00,374.00,42.00,19.00,1.00,-1,-1,-1
84,280,241.00,1032.00,24.00,14.00,1.00,-1,-1,-1
84,284,29.00,699.00,29.00,36.00,1.00,-1,-1,-1
84,290,831.00,107.00,23.00,9.00,1.00,-1,-1,-1
84,296,742.00,312.00,25.00,32.00,1.00,-1,-1,-1
84,299,1215.00,483.00,19.00,14.00,1.00,-1,-1,-1
84,301,188.00,102.00,24.00,218.00,1.00,-1,-1,-1
84,305,988.00,290.00,13.00,15.00,1.00,-1,-1,-1
84,306,560.00,458.00,12.00,14.00,1.00,-1,-1,-1
84,307,1258.00,245.00,9.00,17.00,1.00,-1,-1,-1
84,309,700.00,304.00,20.00,24.00,1.00,-1,-1,-1
84,312,666.00,389.00,20.00,16.00,1.00,-1,-1,-1
84,316,708.00,758.00,18.00,15.00,1.00,-1,-1,-1
84,318,925.00,1045.00,18.00,28.00,1.00,-1,-1,-1
84,325,690.00,312.00,100.00,33.00,1.00,-1,-1,-1
84,329,1673.00,871.00,19.00,37.00,1.00,-1,-1,-1
84,332,284.00,174.00,8.00,16.00,1.00,-1,-1,-1
84,333,126.00,896.00,43.00,34.00,1.00,-1,-1,-1
84,345,18.00,781.00,11.00,33.00,1.00,-1,-1,-1
84,350,822.00,96.00,14.00,20.00,1.00,-1,-1,-1
84,352,1165.00,662.00,14.00,34.00,1.00,-1,-1,-1
84,354,1162.00,462.00,16.00,13.00,1.00,-1,-1,-1
84,356,0.00,603.00,80.00,317.00,1.00,-1,-1,-1
84,360,1285.00,363.00,106.00,70.00,1.00,-1,-1,-1
84,361,136.00,892.00,271.00,193.00,1.00,-1,-1,-1
84,362,720.00,311.00,15.00,13.00,1.00,-1,-1,-1
84,363,587.00,307.00,19.00,18.00,1.00,-1,-1,-1
84,364,1711.00,1028.00,17.00,112.00,1.00,-1,-1,-1
84,365,1059.00,278.00,25.00,18.00,1.00,-1,-1,-1
84,373,712.00,305.00,64.00,31.00,1.00,-1,-1,-1
84,375,1222.00,638.00,13.00,31.00,1.00,-1,-1,-1
84,377,925.00,1045.00,17.00,28.00,1.00,-1,-1,-1
84,379,0.00,597.00,23.00,34.00,1.00,-1,-1,-1
84,382,868.00,212.00,41.00,40.00,1.00,-1,-1,-1
84,387,482.00,129.00,17.00,27.00,1.00,-1,-1,-1
84,388,1253.00,176.00,17.00,35.00,1.00,-1,-1,-1
84,389,574.00,228.00,16.00,16.00,1.00,-1,-1,-1
84,390,1701.00,961.00,9.00,29.00,1.00,-1,-1,-1
84,397,-2.00,0.00,40.00,7.00,1.00,-1,-1,-1
84,400,559.00,0.00,42.00,7.00,1.00,-1,-1,-1
84,401,60.00,0.00,33.00,6.00,1.00,-1,-1,-1
84,402,167.00,0.00,52.00,7.00,1.00,-1,-1,-1
84,403,1215.00,363.00,78.00,26.00,1.00,-1,-1,-1
84,412,160.00,898.00,11.00,16.00,1.00,-1,-1,-1
84,415,191.00,786.00,23.00,21.00,1.00,-1,-1,-1
84,423,1057.00,545.00,16.00,18.00,1.00,-1,-1,-1
84,426,789.00,542.00,61.00,42.00,1.00,-1,-1,-1
84,427,1169.00,590.00,16.00,37.00,1.00,-1,-1,-1
84,428,1101.00,607.00,31.00,28.00,1.00,-1,-1,-1
84,429,307.00,259.00,13.00,18.00,1.00,-1,-1,-1
84,434,842.00,112.00,20.00,7.00,1.00,-1,-1,-1
85,5,932.00,976.00,47.00,34.00,1.00,-1,-1,-1
85,6,952.00,972.00,18.00,22.00,1.00,-1,-1,-1
85,9,1012.00,963.00,43.00,30.00,1.00,-1,-1,-1
85,10,597.00,936.00,139.00,66.00,1.00,-1,-1,-1
85,11,686.00,316.00,201.00,107.00,1.00,-1,-1,-1
85,12,1354.00,555.00,170.00,115.00,1.00,-1,-1,-1
85,15,606.00,913.00,128.00,72.00,1.00,-1,-1,-1
85,18,1126.00,415.00,78.00,30.00,1.00,-1,-1,-1
85,21,663.00,296.00,38.00,45.00,1.00,-1,-1,-1
85,32,683.00,572.00,12.00,13.00,1.00,-1,-1,-1
85,34,790.00,300.00,13.00,42.00,1.00,-1,-1,-1
85,37,737.00,308.00,19.00,33.00,1.00,-1,-1,-1
85,38,986.00,377.00,46.00,44.00,1.00,-1,-1,-1
85,40,784.00,319.00,29.00,25.00,1.00,-1,-1,-1
85,41,1436.00,485.00,25.00,44.00,1.00,-1,-1,-1
85,44,835.00,302.00,196.00,65.00,1.00,-1,-1,-1
85,45,267.00,1014.00,162.00,121.00,1.00,-1,-1,-1
85,48,776.00,312.00,23.00,61.00,1.00,-1,-1,-1
85,49,787.00,316.00,15.00,11.00,1.00,-1,-1,-1
85,50,847.00,316.00,13.00,19.00,1.00,-1,-1,-1
85,54,788.00,678.00,19.00,40.00,1.00,-1,-1,-1
85,72,922.00,828.00,11.00,15.00,1.00,-1,-1,-1
85,76,1018.00,408.00,11.00,32.00,1.00,-1,-1,-1
85,77,1163.00,433.00,208.00,46.00,1.00,-1,-1,-1
85,93,334.00,1050.00,21.00,20.00,1.00,-1,-1,-1
85,100,1051.00,933.00,11.00,36.00,1.00,-1,-1,-1
85,112,1260.00,383.00,54.00,12.00,1.00,-1,-1,-1
85,113,1041.00,387.00,27.00,20.00,1.00,-1,-1,-1
85,114,1367.00,384.00,22.00,16.00,1.00,-1,-1,-1
85,126,1197.00,518.00,34.00,16.00,1.00,-1,-1,-1
85,129,933.00,949.00,29.00,21.00,1.00,-1,-1,-1
85,135,525.00,294.00,499.00,99.00,1.00,-1,-1,-1
85,139,948.00,946.00,21.00,16.00,1.00,-1,-1,-1
85,141,1722.00,1058.00,10.00,25.00,1.00,-1,-1,-1
85,142,1312.00,577.00,52.00,14.00,1.00,-1,-1,-1
85,147,1710.00,1015.00,18.00,51.00,1.00,-1,-1,-1
85,148,952.00,963.00,40.00,25.00,1.00,-1,-1,-1
85,149,424.00,977.00,22.00,105.00,1.00,-1,-1,-1
85,153,1697.00,941.00,11.00,41.00,1.00,-1,-1,-1
85,158,671.00,1018.00,722.00,103.00,1.00,-1,-1,-1
85,160,284.00,1007.00,17.00,123.00,1.00,-1,-1,-1
85,166,703.00,344.00,75.00,45.00,1.00,-1,-1,-1
85,174,779.00,313.00,39.00,42.00,1.00,-1,-1,-1
85,179,248.00,834.00,19.00,25.00,1.00,-1,-1,-1
85,186,783.00,971.00,17.00,8.00,1.00,-1,-1,-1
85,193,1157.00,967.00,41.00,65.00,1.00,-1,-1,-1
85,194,1204.00,982.00,47.00,7.00,1.00,-1,-1,-1
85,201,678.00,974.00,11.00,12.00,1.00,-1,-1,-1
85,212,1034.00,386.00,44.00,27.00,1.00,-1,-1,-1
85,216,852.00,1058.00,18.00,26.00,1.00,-1,-1,-1
85,218,445.00,934.00,1030.00,111.00,1.00,-1,-1,-1
85,219,1357.00,461.00,33.00,37.00,1.00,-1,-1,-1
85,221,168.00,545.00,14.00,44.00,1.00,-1,-1,-1
85,222,213.00,954.00,41.00,33.00,1.00,-1,-1,-1
85,225,277.00,971.00,30.00,49.00,1.00,-1,-1,-1
85,226,219.00,1020.00,85.00,73.00,1.00,-1,-1,-1
85,243,89.00,566.00,7.00,49.00,1.00,-1,-1,-1
85,244,1102.00,413.00,194.00,67.00,1.00,-1,-1,-1
85,246,130.00,1068.00,17.00,22.00,1.00,-1,-1,-1
85,254,718.00,328.00,65.00,44.00,1.00,-1,-1,-1
85,256,258.00,1064.00,19.00,30.00,1.00,-1,-1,-1
85,257,1106.00,254.00,29.00,22.00,1.00,-1,-1,-1
85,259,54.00,1070.00,17.00,22.00,1.00,-1,-1,-1
85,262,904.00,338.00,190.00,90.00,1.00,-1,-1,-1
85,270,204.00,793.00,11.00,13.00,1.00,-1,-1,-1
85,271,1714.00,1044.00,13.00,82.00,1.00,-1,-1,-1
85,278,991.00,383.00,42.00,19.00,1.00,-1,-1,-1
85,280,241.00,1038.00,24.00,14.00,1.00,-1,-1,-1
85,284,29.00,705.00,29.00,36.00,1.00,-1,-1,-1
85,290,831.00,112.00,23.00,9.00,1.00,-1,-1,-1
85,296,735.00,309.00,25.00,32.00,1.00,-1,-1,-1
85,299,1215.00,489.00,19.00,14.00,1.00,-1,-1,-1
85,301,188.00,107.00,24.00,218.00,1.00,-1,-1,-1
85,305,988.00,295.00,13.00,15.00,1.00,-1,-1,-1
85,306,561.00,464.00,12.00,14.00,1.00,-1,-1,-1
85,307,1258.00,251.00,9.00,17.00,1.00,-1,-1,-1
85,309,708.00,304.00,20.00,24.00,1.00,-1,-1,-1
85,312,666.00,394.00,20.00,16.00,1.00,-1,-1,-1
85,316,708.00,763.00,18.00,15.00,1.00,-1,-1,-1
85,318,926.00,1050.00,18.00,28.00,1.00,-1,-1,-1
85,325,687.00,309.00,100.00,33.00,1.00,-1,-1,-1
85,329,1674.00,876.00,19.00,37.00,1.00,-1,-1,-1
85,332,284.00,180.00,8.00,16.00,1.00,-1,-1,-1
85,333,126.00,901.00,43.00,34.00,1.00,-1,-1,-1
85,345,18.00,787.00,11.00,33.00,1.00,-1,-1,-1
85,350,822.00,101.00,14.00,20.00,1.00,-1,-1,-1
85,352,1166.00,667.00,14.00,34.00,1.00,-1,-1,-1
85,354,1162.00,468.00,16.00,13.00,1.00,-1,-1,-1
85,356,0.00,608.00,80.00,317.00,1.00,-1,-1,-1
85,360,1285.00,369.00,106.00,70.00,1.00,-1,-1,-1
85,361,136.00,897.00,271.00,193.00,1.00,-1,-1,-1
85,362,713.00,309.00,15.00,13.00,1.00,-1,-1,-1
85,363,587.00,312.00,19.00,18.00,1.00,-1,-1,-1
85,364,1714.00,1028.00,17.00,112.00,1.00,-1,-1,-1
85,365,1059.00,284.00,25.00,18.00,1.00,-1,-1,-1
85,373,702.00,301.00,64.00,31.00,1.00,-1,-1,-1
85,375,1222.00,643.00,13.00,31.00,1.00,-1,-1,-1
85,377,925.00,1051.00,17.00,28.00,1.00,-1,-1,-1
85,379,0.00,602.00,23.00,34.00,1.00,-1,-1,-1
85,382,868.00,217.00,41.00,40.00,1.00,-1,-1,-1
85,387,483.00,134.00,17.00,27.00,1.00,-1,-1,-1
85,388,1253.00,181.00,17.00,35.00,1.00,-1,-1,-1
85,389,574.00,234.00,16.00,16.00,1.00,-1,-1,-1
85,390,1702.00,967.00,9.00,29.00,1.00,-1,-1,-1
85,397,-3.00,0.00,40.00,7.00,1.00,-1,-1,-1
85,400,557.00,0.00,42.00,7.00,1.00,-1,-1,-1
85,401,60.00,0.00,33.00,6.00,1.00,-1,-1,-1
85,402,167.00,0.00,52.00,7.00,1.00,-1,-1,-1
85,403,1215.00,369.00,78.00,26.00,1.00,-1,-1,-1
85,412,160.00,903.00,11.00,16.00,1.00,-1,-1,-1
85,415,191.00,791.00,23.00,21.00,1.00,-1,-1,-1
85,423,1057.00,550.00,16.00,18.00,1.00,-1,-1,-1
85,426,789.00,547.00,61.00,42.00,1.00,-1,-1,-1
85,427,1169.00,595.00,16.00,37.00,1.00,-1,-1,-1
85,428,1101.00,612.00,31.00,28.00,1.00,-1,-1,-1
85,429,307.00,264.00,13.00,18.00,1.00,-1,-1,-1
85,434,842.00,118.00,20.00,7.00,1.00,-1,-1,-1
86,5,945.00,979.00,27.00,59.00,1.00,-1,-1,-1
86,6,953.00,972.00,18.00,22.00,1.00,-1,-1,-1
86,9,1012.00,963.00,43.00,30.00,1.00,-1,-1,-1
86,10,597.00,936.00,139.00,66.00,1.00,-1,-1,-1
86,11,683.00,316.00,201.00,107.00,1.00,-1,-1,-1
86,12,1354.00,561.00,170.00,115.00,1.00,-1,-1,-1
86,15,606.00,913.00,128.00,72.00,1.00,-1,-1,-1
86,18,1126.00,420.00,78.00,30.00,1.00,-1,-1,-1
86,21,663.00,296.00,38.00,45.00,1.00,-1,-1,-1
86,32,684.00,577.00,12.00,13.00,1.00,-1,-1,-1
86,34,782.00,297.00,13.00,42.00,1.00,-1,-1,-1
86,37,733.00,308.00,19.00,33.00,1.00,-1,-1,-1
86,38,981.00,383.00,46.00,44.00,1.00,-1,-1,-1
86,40,776.00,316.00,29.00,25.00,1.00,-1,-1,-1
86,41,1436.00,490.00,25.00,44.00,1.00,-1,-1,-1
86,44,828.00,300.00,196.00,65.00,1.00,-1,-1,-1
86,45,267.00,1014.00,162.00,121.00,1.00,-1,-1,-1
86,48,768.00,309.00,23.00,61.00,1.00,-1,-1,-1
86,49,780.00,313.00,15.00,11.00,1.00,-1,-1,-1
86,50,842.00,313.00,13.00,19.00,1.00,-1,-1,-1
86,54,794.00,697.00,13.00,23.00,1.00,-1,-1,-1
86,72,922.00,834.00,11.00,15.00,1.00,-1,-1,-1
86,73,1170.00,494.00,64.00,45.00,1.00,-1,-1,-1
86,76,1013.00,414.00,11.00,32.00,1.00,-1,-1,-1
86,77,1163.00,438.00,208.00,46.00,1.00,-1,-1,-1
86,93,335.00,1055.00,21.00,20.00,1.00,-1,-1,-1
86,100,1051.00,933.00,11.00,36.00,1.00,-1,-1,-1
86,112,1260.00,389.00,54.00,12.00,1.00,-1,-1,-1
86,113,1036.00,393.00,27.00,20.00,1.00,-1,-1,-1
86,114,1367.00,389.00,22.00,16.00,1.00,-1,-1,-1
86,126,1197.00,523.00,34.00,16.00,1.00,-1,-1,-1
86,129,933.00,949.00,29.00,21.00,1.00,-1,-1,-1
86,135,516.00,291.00,499.00,99.00,1.00,-1,-1,-1
86,139,948.00,946.00,21.00,16.00,1.00,-1,-1,-1
86,141,1722.00,1058.00,10.00,25.00,1.00,-1,-1,-1
86,142,1313.00,582.00,52.00,14.00,1.00,-1,-1,-1
86,147,1710.00,1020.00,18.00,51.00,1.00,-1,-1,-1
86,148,952.00,963.00,40.00,25.00,1.00,-1,-1,-1
86,149,425.00,982.00,22.00,105.00,1.00,-1,-1,-1
86,153,1697.00,946.00,11.00,41.00,1.00,-1,-1,-1
86,158,669.00,1018.00,722.00,103.00,1.00,-1,-1,-1
86,160,275.00,1017.00,17.00,123.00,1.00,-1,-1,-1
86,166,698.00,341.00,75.00,45.00,1.00,-1,-1,-1
86,174,770.00,310.00,39.00,42.00,1.00,-1,-1,-1
86,179,248.00,839.00,19.00,25.00,1.00,-1,-1,-1
86,186,783.00,971.00,17.00,8.00,1.00,-1,-1,-1
86,193,1157.00,967.00,41.00,65.00,1.00,-1,-1,-1
86,194,1204.00,982.00,47.00,7.00,1.00,-1,-1,-1
86,201,678.00,974.00,11.00,12.00,1.00,-1,-1,-1
86,212,1028.00,392.00,44.00,27.00,1.00,-1,-1,-1
86,216,856.00,1058.00,18.00,26.00,1.00,-1,-1,-1
86,218,445.00,934.00,1030.00,111.00,1.00,-1,-1,-1
86,219,1358.00,467.00,33.00,37.00,1.00,-1,-1,-1
86,221,168.00,551.00,14.00,44.00,1.00,-1,-1,-1
86,222,213.00,959.00,41.00,33.00,1.00,-1,-1,-1
86,225,277.00,976.00,30.00,49.00,1.00,-1,-1,-1
86,226,219.00,1025.00,85.00,73.00,1.00,-1,-1,-1
86,243,89.00,571.00,7.00,49.00,1.00,-1,-1,-1
86,244,1103.00,418.00,194.00,67.00,1.00,-1,-1,-1
86,246,119.00,1068.00,17.00,22.00,1.00,-1,-1,-1
86,254,760.00,308.00,65.00,44.00,1.00,-1,-1,-1
86,256,258.00,1064.00,19.00,30.00,1.00,-1,-1,-1
86,257,1106.00,259.00,29.00,22.00,1.00,-1,-1,-1
86,259,85.00,1058.00,17.00,22.00,1.00,-1,-1,-1
86,262,890.00,320.00,199.00,123.00,1.00,-1,-1,-1
86,270,205.00,798.00,11.00,13.00,1.00,-1,-1,-1
86,271,1717.00,1044.00,13.00,82.00,1.00,-1,-1,-1
86,278,987.00,389.00,42.00,19.00,1.00,-1,-1,-1
86,280,241.00,1043.00,24.00,14.00,1.00,-1,-1,-1
86,284,29.00,709.00,29.00,36.00,1.00,-1,-1,-1
86,290,832.00,117.00,23.00,9.00,1.00,-1,-1,-1
86,296,731.00,308.00,25.00,32.00,1.00,-1,-1,-1
86,299,1216.00,494.00,19.00,14.00,1.00,-1,-1,-1
86,301,188.00,112.00,24.00,218.00,1.00,-1,-1,-1
86,305,989.00,300.00,13.00,15.00,1.00,-1,-1,-1
86,306,565.00,468.00,10.00,15.00,1.00,-1,-1,-1
86,307,1259.00,254.00,10.00,20.00,1.00,-1,-1,-1
86,309,749.00,310.00,20.00,24.00,1.00,-1,-1,-1
86,312,666.00,400.00,20.00,16.00,1.00,-1,-1,-1
86,316,709.00,770.00,15.00,14.00,1.00,-1,-1,-1
86,318,926.00,1056.00,18.00,28.00,1.00,-1,-1,-1
86,325,682.00,308.00,100.00,33.00,1.00,-1,-1,-1
86,329,1674.00,881.00,19.00,37.00,1.00,-1,-1,-1
86,332,285.00,185.00,8.00,16.00,1.00,-1,-1,-1
86,333,126.00,906.00,43.00,34.00,1.00,-1,-1,-1
86,345,19.00,791.00,11.00,33.00,1.00,-1,-1,-1
86,350,822.00,106.00,14.00,20.00,1.00,-1,-1,-1
86,352,1167.00,674.00,13.00,33.00,1.00,-1,-1,-1
86,354,1162.00,473.00,16.00,13.00,1.00,-1,-1,-1
86,356,0.00,545.00,82.00,398.00,1.00,-1,-1,-1
86,360,1293.00,364.00,134.00,77.00,1.00,-1,-1,-1
86,361,197.00,969.00,147.00,111.00,1.00,-1,-1,-1
86,362,714.00,308.00,15.00,13.00,1.00,-1,-1,-1
86,363,588.00,318.00,19.00,18.00,1.00,-1,-1,-1
86,364,1716.00,1028.00,17.00,112.00,1.00,-1,-1,-1
86,365,1060.00,289.00,25.00,18.00,1.00,-1,-1,-1
86,373,694.00,298.00,64.00,31.00,1.00,-1,-1,-1
86,375,1222.00,635.00,14.00,45.00,1.00,-1,-1,-1
86,377,926.00,1056.00,17.00,28.00,1.00,-1,-1,-1
86,379,0.00,607.00,23.00,34.00,1.00,-1,-1,-1
86,382,868.00,222.00,41.00,40.00,1.00,-1,-1,-1
86,387,486.00,140.00,16.00,28.00,1.00,-1,-1,-1
86,388,1254.00,185.00,18.00,48.00,1.00,-1,-1,-1
86,389,575.00,239.00,16.00,15.00,1.00,-1,-1,-1
86,390,1702.00,972.00,9.00,29.00,1.00,-1,-1,-1
86,397,-3.00,0.00,40.00,7.00,1.00,-1,-1,-1
86,400,553.00,0.00,42.00,7.00,1.00,-1,-1,-1
86,401,60.00,0.00,33.00,6.00,1.00,-1,-1,-1
86,402,167.00,0.00,52.00,7.00,1.00,-1,-1,-1
86,403,1215.00,374.00,78.00,26.00,1.00,-1,-1,-1
86,412,160.00,908.00,11.00,16.00,1.00,-1,-1,-1
86,415,192.00,796.00,23.00,21.00,1.00,-1,-1,-1
86,423,1058.00,556.00,15.00,18.00,1.00,-1,-1,-1
86,426,790.00,552.00,61.00,45.00,1.00,-1,-1,-1
86,427,1169.00,602.00,16.00,36.00,1.00,-1,-1,-1
86,428,1102.00,618.00,30.00,29.00,1.00,-1,-1,-1
86,429,308.00,270.00,13.00,18.00,1.00,-1,-1,-1
86,434,843.00,123.00,20.00,7.00,1.00,-1,-1,-1
86,443,1178.00,0.00,141.00,138.00,1.00,-1,-1,-1
86,444,755.00,69.00,12.00,15.00,1.00,-1,-1,-1
86,445,693.00,38.00,12.00,14.00,1.00,-1,-1,-1
86,446,598.00,634.00,12.00,15.00,1.00,-1,-1,-1
86,447,950.00,821.00,11.00,14.00,1.00,-1,-1,-1
86,448,926.00,572.00,12.00,21.00,1.00,-1,-1,-1
86,450,1509.00,628.00,15.00,12.00,1.00,-1,-1,-1
86,451,644.00,52.00,36.00,15.00,1.00,-1,-1,-1
86,452,928.00,713.00,14.00,15.00,1.00,-1,-1,-1
86,453,783.00,43.00,39.00,28.00,1.00,-1,-1,-1
86,454,281.00,171.00,27.00,30.00,1.00,-1,-1,-1
86,455,1217.00,693.00,16.00,26.00,1.00,-1,-1,-1
86,456,856.00,40.00,22.00,9.00,1.00,-1,-1,-1
86,457,1529.00,767.00,18.00,16.00,1.00,-1,-1,-1
86,458,1192.00,285.00,109.00,52.00,1.00,-1,-1,-1
86,459,1515.00,827.00,150.00,41.00,1.00,-1,-1,-1
87,5,945.00,979.00,27.00,59.00,1.00,-1,-1,-1
87,6,953.00,972.00,18.00,22.00,1.00,-1,-1,-1
87,9,1012.00,963.00,43.00,30.00,1.00,-1,-1,-1
87,10,597.00,936.00,139.00,66.00,1.00,-1,-1,-1
87,11,683.00,316.00,201.00,107.00,1.00,-1,-1,-1
87,12,1354.00,561.00,170.00,115.00,1.00,-1,-1,-1
87,15,606.00,913.00,128.00,72.00,1.00,-1,-1,-1
87,18,1126.00,420.00,78.00,30.00,1.00,-1,-1,-1
87,21,663.00,296.00,38.00,45.00,1.00,-1,-1,-1
87,32,684.00,577.00,12.00,13.00,1.00,-1,-1,-1
87,34,782.00,297.00,13.00,42.00,1.00,-1,-1,-1
87,37,733.00,308.00,19.00,33.00,1.00,-1,-1,-1
87,38,981.00,383.00,46.00,44.00,1.00,-1,-1,-1
87,40,776.00,316.00,29.00,25.00,1.00,-1,-1,-1
87,41,1436.00,490.00,25.00,44.00,1.00,-1,-1,-1
87,44,828.00,300.00,196.00,65.00,1.00,-1,-1,-1
87,45,267.00,1014.00,162.00,121.00,1.00,-1,-1,-1
87,48,768.00,309.00,23.00,61.00,1.00,-1,-1,-1
87,49,780.00,313.00,15.00,11.00,1.00,-1,-1,-1
87,50,842.00,313.00,13.00,19.00,1.00,-1,-1,-1
87,54,793.00,697.00,13.00,23.00,1.00,-1,-1,-1
87,72,922.00,834.00,11.00,15.00,1.00,-1,-1,-1
87,73,1169.00,494.00,64.00,45.00,1.00,-1,-1,-1
87,76,1013.00,414.00,11.00,32.00,1.00,-1,-1,-1
87,77,1163.00,438.00,208.00,46.00,1.00,-1,-1,-1
87,93,335.00,1055.00,21.00,20.00,1.00,-1,-1,-1
87,100,1051.00,933.00,11.00,36.00,1.00,-1,-1,-1
87,112,1260.00,389.00,54.00,12.00,1.00,-1,-1,-1
87,113,1036.00,393.00,27.00,20.00,1.00,-1,-1,-1
87,114,1367.00,389.00,22.00,16.00,1.00,-1,-1,-1
87,126,1197.00,523.00,34.00,16.00,1.00,-1,-1,-1
87,129,933.00,949.00,29.00,21.00,1.00,-1,-1,-1
87,135,516.00,291.00,499.00,99.00,1.00,-1,-1,-1
87,139,948.00,946.00,21.00,16.00,1.00,-1,-1,-1
87,141,1722.00,1058.00,10.00,25.00,1.00,-1,-1,-1
87,142,1313.00,582.00,52.00,14.00,1.00,-1,-1,-1
87,147,1710.00,1021.00,18.00,51.00,1.00,-1,-1,-1
87,148,952.00,963.00,40.00,25.00,1.00,-1,-1,-1
87,149,425.00,982.00,22.00,105.00,1.00,-1,-1,-1
87,153,1697.00,946.00,11.00,41.00,1.00,-1,-1,-1
87,158,669.00,1018.00,722.00,103.00,1.00,-1,-1,-1
87,160,275.00,1017.00,17.00,123.00,1.00,-1,-1,-1
87,166,698.00,341.00,75.00,45.00,1.00,-1,-1,-1
87,174,770.00,310.00,39.00,42.00,1.00,-1,-1,-1
87,179,248.00,840.00,19.00,25.00,1.00,-1,-1,-1
87,186,783.00,971.00,17.00,8.00,1.00,-1,-1,-1
87,193,1157.00,967.00,41.00,65.00,1.00,-1,-1,-1
87,194,1204.00,982.00,47.00,7.00,1.00,-1,-1,-1
87,201,678.00,974.00,11.00,12.00,1.00,-1,-1,-1
87,212,1028.00,392.00,44.00,27.00,1.00,-1,-1,-1
87,216,856.00,1058.00,18.00,26.00,1.00,-1,-1,-1
87,218,445.00,934.00,1030.00,111.00,1.00,-1,-1,-1
87,219,1358.00,467.00,33.00,37.00,1.00,-1,-1,-1
87,221,168.00,551.00,14.00,44.00,1.00,-1,-1,-1
87,222,213.00,959.00,41.00,33.00,1.00,-1,-1,-1
87,225,277.00,976.00,30.00,49.00,1.00,-1,-1,-1
87,226,219.00,1025.00,85.00,73.00,1.00,-1,-1,-1
87,243,89.00,571.00,7.00,49.00,1.00,-1,-1,-1
87,244,1103.00,418.00,194.00,67.00,1.00,-1,-1,-1
87,246,119.00,1068.00,17.00,22.00,1.00,-1,-1,-1
87,254,760.00,308.00,65.00,44.00,1.00,-1,-1,-1
87,256,258.00,1064.00,19.00,30.00,1.00,-1,-1,-1
87,257,1106.00,259.00,29.00,22.00,1.00,-1,-1,-1
87,259,85.00,1057.00,17.00,22.00,1.00,-1,-1,-1
87,262,890.00,320.00,199.00,123.00,1.00,-1,-1,-1
87,270,205.00,797.00,11.00,13.00,1.00,-1,-1,-1
87,271,1717.00,1044.00,13.00,82.00,1.00,-1,-1,-1
87,278,987.00,389.00,42.00,19.00,1.00,-1,-1,-1
87,280,241.00,1043.00,24.00,14.00,1.00,-1,-1,-1
87,284,29.00,709.00,29.00,36.00,1.00,-1,-1,-1
87,290,832.00,117.00,23.00,9.00,1.00,-1,-1,-1
87,296,731.00,308.00,25.00,32.00,1.00,-1,-1,-1
87,299,1216.00,494.00,19.00,14.00,1.00,-1,-1,-1
87,301,188.00,112.00,24.00,218.00,1.00,-1,-1,-1
87,305,988.00,300.00,13.00,15.00,1.00,-1,-1,-1
87,306,564.00,468.00,10.00,15.00,1.00,-1,-1,-1
87,307,1259.00,254.00,10.00,20.00,1.00,-1,-1,-1
87,309,749.00,310.00,20.00,24.00,1.00,-1,-1,-1
87,312,666.00,400.00,20.00,16.00,1.00,-1,-1,-1
87,316,708.00,770.00,15.00,14.00,1.00,-1,-1,-1
87,318,926.00,1056.00,18.00,28.00,1.00,-1,-1,-1
87,325,682.00,308.00,100.00,33.00,1.00,-1,-1,-1
87,329,1674.00,881.00,19.00,37.00,1.00,-1,-1,-1
87,332,285.00,185.00,8.00,16.00,1.00,-1,-1,-1
87,333,126.00,906.00,43.00,34.00,1.00,-1,-1,-1
87,345,19.00,792.00,11.00,33.00,1.00,-1,-1,-1
87,350,822.00,106.00,14.00,20.00,1.00,-1,-1,-1
87,352,1166.00,674.00,13.00,33.00,1.00,-1,-1,-1
87,354,1162.00,473.00,16.00,13.00,1.00,-1,-1,-1
87,356,0.00,545.00,82.00,398.00,1.00,-1,-1,-1
87,360,1292.00,364.00,134.00,77.00,1.00,-1,-1,-1
87,361,197.00,968.00,147.00,111.00,1.00,-1,-1,-1
87,362,714.00,308.00,15.00,13.00,1.00,-1,-1,-1
87,363,588.00,318.00,19.00,18.00,1.00,-1,-1,-1
87,364,1716.00,1028.00,17.00,112.00,1.00,-1,-1,-1
87,365,1060.00,289.00,25.00,18.00,1.00,-1,-1,-1
87,373,694.00,298.00,64.00,31.00,1.00,-1,-1,-1
87,375,1221.00,635.00,14.00,45.00,1.00,-1,-1,-1
87,377,926.00,1056.00,17.00,28.00,1.00,-1,-1,-1
87,379,0.00,607.00,23.00,34.00,1.00,-1,-1,-1
87,382,868.00,222.00,41.00,40.00,1.00,-1,-1,-1
87,387,486.00,140.00,16.00,28.00,1.00,-1,-1,-1
87,388,1254.00,185.00,18.00,48.00,1.00,-1,-1,-1
87,389,575.00,239.00,16.00,15.00,1.00,-1,-1,-1
87,390,1702.00,972.00,9.00,29.00,1.00,-1,-1,-1
87,397,-3.00,0.00,40.00,7.00,1.00,-1,-1,-1
87,400,553.00,0.00,42.00,7.00,1.00,-1,-1,-1
87,401,59.00,0.00,33.00,6.00,1.00,-1,-1,-1
87,402,167.00,0.00,52.00,7.00,1.00,-1,-1,-1
87,403,1215.00,374.00,78.00,26.00,1.00,-1,-1,-1
87,412,160.00,908.00,11.00,16.00,1.00,-1,-1,-1
87,415,192.00,796.00,23.00,21.00,1.00,-1,-1,-1
87,423,1057.00,556.00,15.00,18.00,1.00,-1,-1,-1
87,426,789.00,552.00,61.00,45.00,1.00,-1,-1,-1
87,427,1168.00,602.00,16.00,36.00,1.00,-1,-1,-1
87,428,1102.00,617.00,30.00,29.00,1.00,-1,-1,-1
87,429,308.00,270.00,13.00,18.00,1.00,-1,-1,-1
87,434,843.00,123.00,20.00,7.00,1.00,-1,-1,-1
87,443,1178.00,0.00,141.00,138.00,1.00,-1,-1,-1
87,444,755.00,69.00,12.00,15.00,1.00,-1,-1,-1
87,445,693.00,38.00,12.00,14.00,1.00,-1,-1,-1
87,446,597.00,634.00,12.00,15.00,1.00,-1,-1,-1
87,447,950.00,821.00,11.00,14.00,1.00,-1,-1,-1
87,448,926.00,572.00,12.00,21.00,1.00,-1,-1,-1
87,450,1509.00,628.00,15.00,12.00,1.00,-1,-1,-1
87,451,644.00,52.00,36.00,15.00,1.00,-1,-1,-1
87,452,928.00,713.00,14.00,15.00,1.00,-1,-1,-1
87,453,783.00,43.00,39.00,28.00,1.00,-1,-1,-1
87,454,281.00,171.00,27.00,30.00,1.00,-1,-1,-1
87,455,1217.00,693.00,16.00,26.00,1.00,-1,-1,-1
87,456,856.00,40.00,22.00,9.00,1.00,-1,-1,-1
87,457,1529.00,767.00,18.00,16.00,1.00,-1,-1,-1
87,458,1192.00,284.00,109.00,52.00,1.00,-1,-1,-1
87,459,1515.00,827.00,150.00,41.00,1.00,-1,-1,-1
88,5,944.00,979.00,27.00,59.00,1.00,-1,-1,-1
88,6,953.00,972.00,18.00,22.00,1.00,-1,-1,-1
88,9,1012.00,963.00,43.00,30.00,1.00,-1,-1,-1
88,10,597.00,936.00,139.00,66.00,1.00,-1,-1,-1
88,11,673.00,309.00,283.00,122.00,1.00,-1,-1,-1
88,12,1354.00,565.00,170.00,115.00,1.00,-1,-1,-1
88,15,606.00,913.00,128.00,72.00,1.00,-1,-1,-1
88,18,1125.00,425.00,78.00,30.00,1.00,-1,-1,-1
88,21,662.00,293.00,38.00,45.00,1.00,-1,-1,-1
88,32,684.00,582.00,12.00,13.00,1.00,-1,-1,-1
88,34,775.00,294.00,13.00,42.00,1.00,-1,-1,-1
88,37,724.00,304.00,19.00,33.00,1.00,-1,-1,-1
88,38,976.00,389.00,46.00,44.00,1.00,-1,-1,-1
88,40,768.00,313.00,29.00,25.00,1.00,-1,-1,-1
88,41,1436.00,495.00,25.00,44.00,1.00,-1,-1,-1
88,44,820.00,298.00,196.00,65.00,1.00,-1,-1,-1
88,45,267.00,1014.00,162.00,121.00,1.00,-1,-1,-1
88,48,761.00,306.00,23.00,61.00,1.00,-1,-1,-1
88,49,772.00,310.00,15.00,11.00,1.00,-1,-1,-1
88,50,838.00,309.00,13.00,19.00,1.00,-1,-1,-1
88,54,793.00,701.00,13.00,23.00,1.00,-1,-1,-1
88,72,922.00,838.00,11.00,15.00,1.00,-1,-1,-1
88,73,1169.00,499.00,64.00,45.00,1.00,-1,-1,-1
88,76,1007.00,420.00,11.00,32.00,1.00,-1,-1,-1
88,77,1163.00,443.00,208.00,46.00,1.00,-1,-1,-1
88,93,335.00,1060.00,21.00,20.00,1.00,-1,-1,-1
88,100,1051.00,933.00,11.00,36.00,1.00,-1,-1,-1
88,112,1260.00,393.00,54.00,12.00,1.00,-1,-1,-1
88,113,1031.00,398.00,27.00,20.00,1.00,-1,-1,-1
88,114,1367.00,394.00,22.00,16.00,1.00,-1,-1,-1
88,116,989.00,401.00,87.00,29.00,1.00,-1,-1,-1
88,126,1197.00,528.00,34.00,16.00,1.00,-1,-1,-1
88,129,933.00,949.00,29.00,21.00,1.00,-1,-1,-1
88,135,509.00,288.00,499.00,99.00,1.00,-1,-1,-1
88,139,947.00,946.00,21.00,16.00,1.00,-1,-1,-1
88,141,1722.00,1058.00,10.00,25.00,1.00,-1,-1,-1
88,142,1313.00,587.00,52.00,14.00,1.00,-1,-1,-1
88,147,1710.00,1026.00,18.00,51.00,1.00,-1,-1,-1
88,148,952.00,963.00,40.00,25.00,1.00,-1,-1,-1
88,149,425.00,987.00,22.00,105.00,1.00,-1,-1,-1
88,153,1697.00,950.00,11.00,41.00,1.00,-1,-1,-1
88,158,663.00,1018.00,722.00,103.00,1.00,-1,-1,-1
88,160,275.00,1017.00,17.00,123.00,1.00,-1,-1,-1
88,166,691.00,338.00,75.00,45.00,1.00,-1,-1,-1
88,174,763.00,307.00,39.00,42.00,1.00,-1,-1,-1
88,179,248.00,844.00,19.00,25.00,1.00,-1,-1,-1
88,186,783.00,971.00,17.00,8.00,1.00,-1,-1,-1
88,193,1157.00,967.00,41.00,65.00,1.00,-1,-1,-1
88,194,1204.00,982.00,47.00,7.00,1.00,-1,-1,-1
88,201,678.00,974.00,11.00,12.00,1.00,-1,-1,-1
88,212,1023.00,398.00,44.00,27.00,1.00,-1,-1,-1
88,216,858.00,1058.00,18.00,26.00,1.00,-1,-1,-1
88,218,445.00,936.00,1030.00,107.00,1.00,-1,-1,-1
88,219,1358.00,471.00,33.00,37.00,1.00,-1,-1,-1
88,221,168.00,555.00,14.00,44.00,1.00,-1,-1,-1
88,222,213.00,964.00,41.00,33.00,1.00,-1,-1,-1
88,225,277.00,981.00,30.00,49.00,1.00,-1,-1,-1
88,226,219.00,1030.00,85.00,73.00,1.00,-1,-1,-1
88,243,89.00,576.00,7.00,49.00,1.00,-1,-1,-1
88,244,1103.00,423.00,194.00,67.00,1.00,-1,-1,-1
88,246,121.00,1068.00,17.00,22.00,1.00,-1,-1,-1
88,254,752.00,304.00,65.00,44.00,1.00,-1,-1,-1
88,256,258.00,1064.00,19.00,30.00,1.00,-1,-1,-1
88,257,1106.00,264.00,29.00,22.00,1.00,-1,-1,-1
88,259,88.00,1072.00,17.00,22.00,1.00,-1,-1,-1
88,262,890.00,326.00,199.00,123.00,1.00,-1,-1,-1
88,270,205.00,802.00,11.00,13.00,1.00,-1,-1,-1
88,271,1716.00,1044.00,13.00,82.00,1.00,-1,-1,-1
88,278,983.00,395.00,42.00,19.00,1.00,-1,-1,-1
88,280,241.00,1048.00,24.00,14.00,1.00,-1,-1,-1
88,284,29.00,714.00,29.00,36.00,1.00,-1,-1,-1
88,290,832.00,122.00,23.00,9.00,1.00,-1,-1,-1
88,296,723.00,305.00,25.00,32.00,1.00,-1,-1,-1
88,299,1216.00,498.00,19.00,14.00,1.00,-1,-1,-1
88,301,188.00,118.00,24.00,218.00,1.00,-1,-1,-1
88,305,989.00,305.00,13.00,15.00,1.00,-1,-1,-1
88,306,565.00,472.00,10.00,15.00,1.00,-1,-1,-1
88,307,1258.00,258.00,10.00,20.00,1.00,-1,-1,-1
88,309,742.00,307.00,20.00,24.00,1.00,-1,-1,-1
88,312,667.00,405.00,20.00,16.00,1.00,-1,-1,-1
88,316,708.00,774.00,15.00,14.00,1.00,-1,-1,-1
88,318,928.00,1056.00,18.00,28.00,1.00,-1,-1,-1
88,325,675.00,304.00,100.00,33.00,1.00,-1,-1,-1
88,329,1674.00,887.00,19.00,37.00,1.00,-1,-1,-1
88,332,285.00,189.00,8.00,16.00,1.00,-1,-1,-1
88,333,126.00,911.00,43.00,34.00,1.00,-1,-1,-1
88,345,19.00,796.00,11.00,33.00,1.00,-1,-1,-1
88,350,823.00,111.00,14.00,20.00,1.00,-1,-1,-1
88,352,1167.00,679.00,13.00,33.00,1.00,-1,-1,-1
88,354,1162.00,477.00,16.00,13.00,1.00,-1,-1,-1
88,356,0.00,549.00,82.00,398.00,1.00,-1,-1,-1
88,360,1293.00,368.00,134.00,77.00,1.00,-1,-1,-1
88,361,196.00,973.00,147.00,111.00,1.00,-1,-1,-1
88,362,719.00,305.00,15.00,13.00,1.00,-1,-1,-1
88,363,588.00,323.00,19.00,18.00,1.00,-1,-1,-1
88,364,1717.00,1028.00,17.00,112.00,1.00,-1,-1,-1
88,365,1060.00,294.00,25.00,18.00,1.00,-1,-1,-1
88,373,704.00,292.00,64.00,31.00,1.00,-1,-1,-1
88,375,1221.00,639.00,14.00,45.00,1.00,-1,-1,-1
88,377,928.00,1056.00,17.00,28.00,1.00,-1,-1,-1
88,379,0.00,612.00,23.00,34.00,1.00,-1,-1,-1
88,382,869.00,227.00,41.00,40.00,1.00,-1,-1,-1
88,387,486.00,145.00,16.00,28.00,1.00,-1,-1,-1
88,388,1254.00,189.00,18.00,48.00,1.00,-1,-1,-1
88,389,575.00,243.00,16.00,15.00,1.00,-1,-1,-1
88,390,1702.00,976.00,9.00,29.00,1.00,-1,-1,-1
88,397,-4.00,0.00,40.00,7.00,1.00,-1,-1,-1
88,400,550.00,0.00,42.00,7.00,1.00,-1,-1,-1
88,401,58.00,0.00,33.00,6.00,1.00,-1,-1,-1
88,402,167.00,0.00,52.00,7.00,1.00,-1,-1,-1
88,403,1215.00,379.00,78.00,26.00,1.00,-1,-1,-1
88,412,160.00,912.00,11.00,16.00,1.00,-1,-1,-1
88,415,192.00,801.00,23.00,21.00,1.00,-1,-1,-1
88,423,1057.00,560.00,15.00,18.00,1.00,-1,-1,-1
88,426,790.00,556.00,61.00,45.00,1.00,-1,-1,-1
88,427,1168.00,607.00,16.00,36.00,1.00,-1,-1,-1
88,428,1102.00,622.00,30.00,29.00,1.00,-1,-1,-1
88,429,307.00,274.00,13.00,18.00,1.00,-1,-1,-1
88,434,843.00,128.00,20.00,7.00,1.00,-1,-1,-1
88,443,1205.00,14.00,141.00,138.00,1.00,-1,-1,-1
88,444,754.00,74.00,12.00,15.00,1.00,-1,-1,-1
88,445,692.00,42.00,12.00,14.00,1.00,-1,-1,-1
88,446,597.00,638.00,12.00,15.00,1.00,-1,-1,-1
88,447,949.00,825.00,11.00,14.00,1.00,-1,-1,-1
88,448,925.00,576.00,12.00,21.00,1.00,-1,-1,-1
88,450,1509.00,632.00,15.00,12.00,1.00,-1,-1,-1
88,451,644.00,56.00,36.00,15.00,1.00,-1,-1,-1
88,452,927.00,717.00,14.00,15.00,1.00,-1,-1,-1
88,453,783.00,47.00,39.00,28.00,1.00,-1,-1,-1
88,454,281.00,175.00,27.00,30.00,1.00,-1,-1,-1
88,455,1217.00,698.00,16.00,26.00,1.00,-1,-1,-1
88,456,855.00,44.00,22.00,9.00,1.00,-1,-1,-1
88,457,1528.00,771.00,18.00,16.00,1.00,-1,-1,-1
88,458,1191.00,289.00,109.00,52.00,1.00,-1,-1,-1
88,459,1515.00,831.00,150.00,41.00,1.00,-1,-1,-1
88,461,575.00,291.00,73.00,31.00,1.00,-1,-1,-1
89,5,944.00,979.00,27.00,59.00,1.00,-1,-1,-1
89,6,953.00,972.00,18.00,22.00,1.00,-1,-1,-1
89,9,1012.00,963.00,43.00,30.00,1.00,-1,-1,-1
89,10,597.00,936.00,139.00,66.00,1.00,-1,-1,-1
89,11,672.00,307.00,273.00,132.00,1.00,-1,-1,-1
89,12,1354.00,570.00,170.00,115.00,1.00,-1,-1,-1
89,15,606.00,914.00,128.00,72.00,1.00,-1,-1,-1
89,18,1125.00,429.00,78.00,30.00,1.00,-1,-1,-1
89,21,661.00,290.00,38.00,45.00,1.00,-1,-1,-1
89,32,684.00,586.00,12.00,13.00,1.00,-1,-1,-1
89,34,770.00,291.00,13.00,42.00,1.00,-1,-1,-1
89,37,719.00,301.00,19.00,33.00,1.00,-1,-1,-1
89,38,972.00,396.00,46.00,44.00,1.00,-1,-1,-1
89,40,760.00,310.00,29.00,25.00,1.00,-1,-1,-1
89,41,1436.00,500.00,25.00,44.00,1.00,-1,-1,-1
89,44,812.00,295.00,196.00,65.00,1.00,-1,-1,-1
89,45,267.00,1014.00,162.00,121.00,1.00,-1,-1,-1
89,48,753.00,302.00,23.00,61.00,1.00,-1,-1,-1
89,49,767.00,307.00,15.00,11.00,1.00,-1,-1,-1
89,50,837.00,307.00,13.00,19.00,1.00,-1,-1,-1
89,54,793.00,706.00,13.00,23.00,1.00,-1,-1,-1
89,72,921.00,843.00,11.00,15.00,1.00,-1,-1,-1
89,73,1169.00,503.00,64.00,45.00,1.00,-1,-1,-1
89,76,1005.00,426.00,11.00,32.00,1.00,-1,-1,-1
89,77,1163.00,448.00,208.00,46.00,1.00,-1,-1,-1
89,93,336.00,1067.00,21.00,20.00,1.00,-1,-1,-1
89,100,1051.00,933.00,11.00,36.00,1.00,-1,-1,-1
89,112,1260.00,398.00,54.00,12.00,1.00,-1,-1,-1
89,113,1028.00,404.00,27.00,20.00,1.00,-1,-1,-1
89,114,1367.00,399.00,22.00,16.00,1.00,-1,-1,-1
89,116,997.00,410.00,71.00,27.00,1.00,-1,-1,-1
89,126,1197.00,533.00,34.00,16.00,1.00,-1,-1,-1
89,129,933.00,949.00,29.00,21.00,1.00,-1,-1,-1
89,135,500.00,285.00,499.00,99.00,1.00,-1,-1,-1
89,139,947.00,947.00,21.00,16.00,1.00,-1,-1,-1
89,141,1722.00,1058.00,10.00,25.00,1.00,-1,-1,-1
89,142,1313.00,592.00,52.00,14.00,1.00,-1,-1,-1
89,147,1710.00,1031.00,18.00,51.00,1.00,-1,-1,-1
89,148,952.00,963.00,40.00,25.00,1.00,-1,-1,-1
89,149,425.00,992.00,22.00,105.00,1.00,-1,-1,-1
89,153,1697.00,955.00,11.00,41.00,1.00,-1,-1,-1
89,158,660.00,1018.00,722.00,103.00,1.00,-1,-1,-1
89,160,275.00,1017.00,17.00,123.00,1.00,-1,-1,-1
89,166,684.00,335.00,75.00,45.00,1.00,-1,-1,-1
89,174,755.00,304.00,39.00,42.00,1.00,-1,-1,-1
89,179,248.00,849.00,19.00,25.00,1.00,-1,-1,-1
89,186,783.00,971.00,17.00,8.00,1.00,-1,-1,-1
89,193,1157.00,967.00,41.00,65.00,1.00,-1,-1,-1
89,194,1204.00,982.00,47.00,7.00,1.00,-1,-1,-1
89,201,678.00,974.00,11.00,12.00,1.00,-1,-1,-1
89,212,1017.00,403.00,44.00,27.00,1.00,-1,-1,-1
89,216,863.00,1058.00,18.00,26.00,1.00,-1,-1,-1
89,218,445.00,934.00,1030.00,111.00,1.00,-1,-1,-1
89,219,1358.00,476.00,33.00,37.00,1.00,-1,-1,-1
89,221,169.00,559.00,14.00,44.00,1.00,-1,-1,-1
89,222,213.00,968.00,41.00,33.00,1.00,-1,-1,-1
89,225,277.00,986.00,30.00,49.00,1.00,-1,-1,-1
89,226,219.00,1034.00,85.00,73.00,1.00,-1,-1,-1
89,243,89.00,580.00,7.00,49.00,1.00,-1,-1,-1
89,244,1103.00,427.00,194.00,67.00,1.00,-1,-1,-1
89,246,129.00,1068.00,17.00,22.00,1.00,-1,-1,-1
89,254,744.00,301.00,65.00,44.00,1.00,-1,-1,-1
89,256,258.00,1064.00,19.00,30.00,1.00,-1,-1,-1
89,257,1106.00,269.00,29.00,22.00,1.00,-1,-1,-1
89,259,88.00,1072.00,17.00,22.00,1.00,-1,-1,-1
89,262,891.00,333.00,199.00,123.00,1.00,-1,-1,-1
89,270,205.00,807.00,11.00,13.00,1.00,-1,-1,-1
89,271,1716.00,1044.00,13.00,82.00,1.00,-1,-1,-1
89,278,979.00,402.00,42.00,19.00,1.00,-1,-1,-1
89,280,241.00,1052.00,24.00,14.00,1.00,-1,-1,-1
89,284,29.00,719.00,29.00,36.00,1.00,-1,-1,-1
89,290,832.00,127.00,23.00,9.00,1.00,-1,-1,-1
89,296,716.00,302.00,25.00,32.00,1.00,-1,-1,-1
89,299,1216.00,503.00,19.00,14.00,1.00,-1,-1,-1
89,301,188.00,122.00,24.00,218.00,1.00,-1,-1,-1
89,305,989.00,310.00,13.00,15.00,1.00,-1,-1,-1
89,306,564.00,477.00,10.00,15.00,1.00,-1,-1,-1
89,307,1259.00,263.00,10.00,20.00,1.00,-1,-1,-1
89,309,731.00,304.00,20.00,24.00,1.00,-1,-1,-1
89,312,666.00,409.00,20.00,16.00,1.00,-1,-1,-1
89,316,708.00,779.00,15.00,14.00,1.00,-1,-1,-1
89,318,930.00,1056.00,18.00,28.00,1.00,-1,-1,-1
89,325,669.00,301.00,100.00,33.00,1.00,-1,-1,-1
89,329,1674.00,891.00,19.00,37.00,1.00,-1,-1,-1
89,332,285.00,195.00,8.00,16.00,1.00,-1,-1,-1
89,333,126.00,915.00,43.00,34.00,1.00,-1,-1,-1
89,345,19.00,801.00,11.00,33.00,1.00,-1,-1,-1
89,350,823.00,116.00,14.00,20.00,1.00,-1,-1,-1
89,352,1167.00,683.00,13.00,33.00,1.00,-1,-1,-1
89,354,1162.00,482.00,16.00,13.00,1.00,-1,-1,-1
89,356,0.00,554.00,82.00,398.00,1.00,-1,-1,-1
89,360,1292.00,373.00,134.00,77.00,1.00,-1,-1,-1
89,361,196.00,978.00,147.00,111.00,1.00,-1,-1,-1
89,362,717.00,305.00,15.00,13.00,1.00,-1,-1,-1
89,363,588.00,327.00,19.00,18.00,1.00,-1,-1,-1
89,364,1716.00,1028.00,17.00,112.00,1.00,-1,-1,-1
89,365,1060.00,298.00,25.00,18.00,1.00,-1,-1,-1
89,373,701.00,294.00,64.00,31.00,1.00,-1,-1,-1
89,375,1222.00,644.00,14.00,45.00,1.00,-1,-1,-1
89,377,930.00,1056.00,17.00,28.00,1.00,-1,-1,-1
89,379,0.00,617.00,23.00,34.00,1.00,-1,-1,-1
89,382,868.00,232.00,41.00,40.00,1.00,-1,-1,-1
89,387,486.00,150.00,16.00,28.00,1.00,-1,-1,-1
89,388,1254.00,194.00,18.00,48.00,1.00,-1,-1,-1
89,389,574.00,248.00,16.00,15.00,1.00,-1,-1,-1
89,390,1702.00,981.00,9.00,29.00,1.00,-1,-1,-1
89,397,-6.00,0.00,40.00,7.00,1.00,-1,-1,-1
89,400,546.00,0.00,42.00,7.00,1.00,-1,-1,-1
89,401,59.00,0.00,33.00,6.00,1.00,-1,-1,-1
89,402,166.00,0.00,52.00,7.00,1.00,-1,-1,-1
89,403,1215.00,383.00,78.00,26.00,1.00,-1,-1,-1
89,412,160.00,917.00,11.00,16.00,1.00,-1,-1,-1
89,415,192.00,806.00,23.00,21.00,1.00,-1,-1,-1
89,423,1057.00,565.00,15.00,18.00,1.00,-1,-1,-1
89,426,790.00,561.00,61.00,45.00,1.00,-1,-1,-1
89,427,1168.00,611.00,16.00,36.00,1.00,-1,-1,-1
89,428,1102.00,627.00,30.00,29.00,1.00,-1,-1,-1
89,429,307.00,279.00,13.00,18.00,1.00,-1,-1,-1
89,434,843.00,132.00,20.00,7.00,1.00,-1,-1,-1
89,443,1233.00,29.00,141.00,138.00,1.00,-1,-1,-1
89,444,754.00,78.00,12.00,15.00,1.00,-1,-1,-1
89,445,693.00,47.00,12.00,14.00,1.00,-1,-1,-1
89,446,598.00,643.00,12.00,15.00,1.00,-1,-1,-1
89,447,949.00,830.00,11.00,14.00,1.00,-1,-1,-1
89,448,925.00,581.00,12.00,21.00,1.00,-1,-1,-1
89,450,1509.00,637.00,15.00,12.00,1.00,-1,-1,-1
89,451,644.00,61.00,36.00,15.00,1.00,-1,-1,-1
89,452,927.00,722.00,14.00,15.00,1.00,-1,-1,-1
89,453,783.00,53.00,39.00,28.00,1.00,-1,-1,-1
89,454,281.00,181.00,27.00,30.00,1.00,-1,-1,-1
89,455,1217.00,702.00,16.00,26.00,1.00,-1,-1,-1
89,456,855.00,49.00,22.00,9.00,1.00,-1,-1,-1
89,457,1528.00,776.00,18.00,16.00,1.00,-1,-1,-1
89,458,1192.00,294.00,109.00,52.00,1.00,-1,-1,-1
89,459,1514.00,836.00,150.00,41.00,1.00,-1,-1,-1
89,461,574.00,285.00,66.00,32.00,1.00,-1,-1,-1
90,5,945.00,983.00,27.00,59.00,1.00,-1,-1,-1
90,6,955.00,985.00,18.00,22.00,1.00,-1,-1,-1
90,9,1017.00,979.00,43.00,30.00,1.00,-1,-1,-1
90,10,600.00,955.00,139.00,66.00,1.00,-1,-1,-1
90,11,679.00,303.00,278.00,181.00,1.00,-1,-1,-1
90,12,1354.00,575.00,170.00,115.00,1.00,-1,-1,-1
90,15,618.00,947.00,128.00,72.00,1.00,-1,-1,-1
90,18,1125.00,434.00,78.00,30.00,1.00,-1,-1,-1
90,21,658.00,287.00,38.00,45.00,1.00,-1,-1,-1
90,32,684.00,591.00,12.00,13.00,1.00,-1,-1,-1
90,34,766.00,288.00,13.00,42.00,1.00,-1,-1,-1
90,37,712.00,298.00,19.00,33.00,1.00,-1,-1,-1
90,38,967.00,403.00,46.00,44.00,1.00,-1,-1,-1
90,40,753.00,307.00,29.00,25.00,1.00,-1,-1,-1
90,41,1436.00,504.00,25.00,44.00,1.00,-1,-1,-1
90,44,804.00,294.00,196.00,65.00,1.00,-1,-1,-1
90,45,259.00,1014.00,162.00,121.00,1.00,-1,-1,-1
90,48,746.00,299.00,23.00,61.00,1.00,-1,-1,-1
90,49,761.00,305.00,15.00,11.00,1.00,-1,-1,-1
90,50,831.00,306.00,13.00,19.00,1.00,-1,-1,-1
90,54,793.00,711.00,13.00,23.00,1.00,-1,-1,-1
90,72,921.00,848.00,11.00,15.00,1.00,-1,-1,-1
90,73,1169.00,508.00,64.00,45.00,1.00,-1,-1,-1
90,76,1003.00,431.00,11.00,32.00,1.00,-1,-1,-1
90,77,1163.00,452.00,208.00,46.00,1.00,-1,-1,-1
90,93,336.00,1067.00,21.00,20.00,1.00,-1,-1,-1
90,100,1050.00,945.00,11.00,36.00,1.00,-1,-1,-1
90,112,1260.00,403.00,54.00,12.00,1.00,-1,-1,-1
90,113,1023.00,410.00,27.00,20.00,1.00,-1,-1,-1
90,114,1367.00,404.00,22.00,16.00,1.00,-1,-1,-1
90,116,992.00,415.00,71.00,27.00,1.00,-1,-1,-1
90,126,1197.00,538.00,34.00,16.00,1.00,-1,-1,-1
90,129,932.00,960.00,29.00,21.00,1.00,-1,-1,-1
90,135,493.00,282.00,499.00,99.00,1.00,-1,-1,-1
90,139,947.00,952.00,21.00,16.00,1.00,-1,-1,-1
90,141,1722.00,1058.00,10.00,25.00,1.00,-1,-1,-1
90,142,1313.00,597.00,52.00,14.00,1.00,-1,-1,-1
90,147,1710.00,1034.00,18.00,51.00,1.00,-1,-1,-1
90,148,968.00,968.00,40.00,25.00,1.00,-1,-1,-1
90,149,425.00,996.00,22.00,105.00,1.00,-1,-1,-1
90,153,1697.00,960.00,11.00,41.00,1.00,-1,-1,-1
90,158,658.00,1018.00,722.00,103.00,1.00,-1,-1,-1
90,160,275.00,1017.00,17.00,123.00,1.00,-1,-1,-1
90,166,671.00,331.00,75.00,45.00,1.00,-1,-1,-1
90,174,747.00,301.00,39.00,42.00,1.00,-1,-1,-1
90,179,248.00,854.00,19.00,25.00,1.00,-1,-1,-1
90,186,773.00,987.00,17.00,8.00,1.00,-1,-1,-1
90,193,1159.00,965.00,41.00,65.00,1.00,-1,-1,-1
90,194,1193.00,981.00,47.00,7.00,1.00,-1,-1,-1
90,201,681.00,976.00,11.00,12.00,1.00,-1,-1,-1
90,212,1012.00,409.00,44.00,27.00,1.00,-1,-1,-1
90,216,869.00,1058.00,18.00,26.00,1.00,-1,-1,-1
90,218,445.00,941.00,1030.00,104.00,1.00,-1,-1,-1
90,219,1358.00,481.00,33.00,37.00,1.00,-1,-1,-1
90,221,169.00,565.00,14.00,44.00,1.00,-1,-1,-1
90,222,213.00,973.00,41.00,33.00,1.00,-1,-1,-1
90,225,277.00,990.00,30.00,49.00,1.00,-1,-1,-1
90,226,221.00,1042.00,85.00,73.00,1.00,-1,-1,-1
90,243,89.00,585.00,7.00,49.00,1.00,-1,-1,-1
90,244,1103.00,432.00,194.00,67.00,1.00,-1,-1,-1
90,246,133.00,1068.00,17.00,22.00,1.00,-1,-1,-1
90,254,736.00,299.00,65.00,44.00,1.00,-1,-1,-1
90,257,1106.00,274.00,29.00,22.00,1.00,-1,-1,-1
90,259,88.00,1072.00,17.00,22.00,1.00,-1,-1,-1
90,262,891.00,338.00,199.00,123.00,1.00,-1,-1,-1
90,270,205.00,812.00,11.00,13.00,1.00,-1,-1,-1
90,271,1716.00,1044.00,13.00,82.00,1.00,-1,-1,-1
90,278,974.00,408.00,42.00,19.00,1.00,-1,-1,-1
90,280,241.00,1057.00,24.00,14.00,1.00,-1,-1,-1
90,284,29.00,724.00,29.00,36.00,1.00,-1,-1,-1
90,290,832.00,131.00,23.00,9.00,1.00,-1,-1,-1
90,296,710.00,299.00,25.00,32.00,1.00,-1,-1,-1
90,299,1216.00,508.00,19.00,14.00,1.00,-1,-1,-1
90,301,188.00,127.00,24.00,218.00,1.00,-1,-1,-1
90,305,989.00,315.00,13.00,15.00,1.00,-1,-1,-1
90,306,564.00,482.00,10.00,15.00,1.00,-1,-1,-1
90,307,1258.00,268.00,10.00,20.00,1.00,-1,-1,-1
90,309,725.00,301.00,20.00,24.00,1.00,-1,-1,-1
90,312,666.00,414.00,20.00,16.00,1.00,-1,-1,-1
90,316,708.00,784.00,15.00,14.00,1.00,-1,-1,-1
90,318,933.00,1056.00,18.00,28.00,1.00,-1,-1,-1
90,325,662.00,297.00,100.00,33.00,1.00,-1,-1,-1
90,329,1674.00,896.00,19.00,37.00,1.00,-1,-1,-1
90,332,285.00,199.00,8.00,16.00,1.00,-1,-1,-1
90,333,126.00,920.00,43.00,34.00,1.00,-1,-1,-1
90,345,19.00,806.00,11.00,33.00,1.00,-1,-1,-1
90,350,823.00,121.00,14.00,20.00,1.00,-1,-1,-1
90,352,1167.00,688.00,13.00,33.00,1.00,-1,-1,-1
90,354,1162.00,487.00,16.00,13.00,1.00,-1,-1,-1
90,356,0.00,559.00,82.00,398.00,1.00,-1,-1,-1
90,360,1292.00,378.00,134.00,77.00,1.00,-1,-1,-1
90,361,196.00,983.00,147.00,111.00,1.00,-1,-1,-1
90,362,711.00,302.00,15.00,13.00,1.00,-1,-1,-1
90,363,588.00,332.00,19.00,18.00,1.00,-1,-1,-1
90,364,1715.00,1028.00,17.00,112.00,1.00,-1,-1,-1
90,365,1060.00,303.00,25.00,18.00,1.00,-1,-1,-1
90,373,697.00,292.00,64.00,31.00,1.00,-1,-1,-1
90,375,1221.00,649.00,14.00,45.00,1.00,-1,-1,-1
90,377,933.00,1056.00,17.00,28.00,1.00,-1,-1,-1
90,379,0.00,622.00,23.00,34.00,1.00,-1,-1,-1
90,382,868.00,237.00,41.00,40.00,1.00,-1,-1,-1
90,387,485.00,154.00,16.00,28.00,1.00,-1,-1,-1
90,388,1253.00,199.00,18.00,48.00,1.00,-1,-1,-1
90,389,574.00,253.00,16.00,15.00,1.00,-1,-1,-1
90,390,1702.00,986.00,9.00,29.00,1.00,-1,-1,-1
90,397,-6.00,0.00,40.00,7.00,1.00,-1,-1,-1
90,400,546.00,0.00,42.00,7.00,1.00,-1,-1,-1
90,401,60.00,0.00,33.00,6.00,1.00,-1,-1,-1
90,402,166.00,0.00,52.00,7.00,1.00,-1,-1,-1
90,403,1215.00,388.00,78.00,26.00,1.00,-1,-1,-1
90,412,160.00,922.00,11.00,16.00,1.00,-1,-1,-1
90,415,192.00,811.00,23.00,21.00,1.00,-1,-1,-1
90,423,1057.00,570.00,15.00,18.00,1.00,-1,-1,-1
90,426,790.00,566.00,61.00,45.00,1.00,-1,-1,-1
90,427,1168.00,616.00,16.00,36.00,1.00,-1,-1,-1
90,428,1101.00,632.00,30.00,29.00,1.00,-1,-1,-1
90,429,307.00,284.00,13.00,18.00,1.00,-1,-1,-1
90,434,843.00,137.00,20.00,7.00,1.00,-1,-1,-1
90,443,1311.00,0.00,93.00,184.00,1.00,-1,-1,-1
90,444,754.00,83.00,12.00,15.00,1.00,-1,-1,-1
90,445,693.00,52.00,12.00,14.00,1.00,-1,-1,-1
90,446,597.00,648.00,12.00,15.00,1.00,-1,-1,-1
90,447,949.00,835.00,11.00,14.00,1.00,-1,-1,-1
90,448,925.00,586.00,12.00,21.00,1.00,-1,-1,-1
90,450,1509.00,642.00,15.00,12.00,1.00,-1,-1,-1
90,451,644.00,66.00,36.00,15.00,1.00,-1,-1,-1
90,452,928.00,727.00,14.00,15.00,1.00,-1,-1,-1
90,453,783.00,57.00,39.00,28.00,1.00,-1,-1,-1
90,454,281.00,185.00,27.00,30.00,1.00,-1,-1,-1
90,455,1216.00,707.00,16.00,26.00,1.00,-1,-1,-1
90,456,855.00,54.00,22.00,9.00,1.00,-1,-1,-1
90,457,1528.00,781.00,18.00,16.00,1.00,-1,-1,-1
90,458,1191.00,299.00,109.00,52.00,1.00,-1,-1,-1
90,459,1514.00,841.00,150.00,41.00,1.00,-1,-1,-1
90,461,571.00,280.00,37.00,27.00,1.00,-1,-1,-1
91,5,945.00,987.00,27.00,59.00,1.00,-1,-1,-1
91,6,955.00,990.00,18.00,22.00,1.00,-1,-1,-1
91,9,1016.00,983.00,43.00,30.00,1.00,-1,-1,-1
91,10,600.00,959.00,139.00,66.00,1.00,-1,-1,-1
91,11,674.00,302.00,248.00,102.00,1.00,-1,-1,-1
91,12,1354.00,580.00,170.00,115.00,1.00,-1,-1,-1
91,15,618.00,952.00,128.00,72.00,1.00,-1,-1,-1
91,18,1125.00,439.00,78.00,30.00,1.00,-1,-1,-1
91,21,658.00,283.00,38.00,45.00,1.00,-1,-1,-1
91,32,683.00,596.00,12.00,13.00,1.00,-1,-1,-1
91,34,760.00,286.00,13.00,42.00,1.00,-1,-1,-1
91,37,706.00,294.00,19.00,33.00,1.00,-1,-1,-1
91,38,963.00,410.00,46.00,44.00,1.00,-1,-1,-1
91,40,746.00,304.00,29.00,25.00,1.00,-1,-1,-1
91,41,1436.00,509.00,25.00,44.00,1.00,-1,-1,-1
91,44,798.00,292.00,196.00,65.00,1.00,-1,-1,-1
91,45,259.00,1014.00,162.00,121.00,1.00,-1,-1,-1
91,48,739.00,297.00,23.00,61.00,1.00,-1,-1,-1
91,49,755.00,302.00,15.00,11.00,1.00,-1,-1,-1
91,50,825.00,304.00,13.00,19.00,1.00,-1,-1,-1
91,54,793.00,716.00,13.00,23.00,1.00,-1,-1,-1
91,72,921.00,853.00,11.00,15.00,1.00,-1,-1,-1
91,73,1169.00,513.00,64.00,45.00,1.00,-1,-1,-1
91,76,1002.00,436.00,11.00,32.00,1.00,-1,-1,-1
91,77,1163.00,457.00,208.00,46.00,1.00,-1,-1,-1
91,93,336.00,1067.00,21.00,20.00,1.00,-1,-1,-1
91,100,1050.00,951.00,11.00,36.00,1.00,-1,-1,-1
91,112,1260.00,407.00,54.00,12.00,1.00,-1,-1,-1
91,113,1018.00,416.00,27.00,20.00,1.00,-1,-1,-1
91,114,1367.00,409.00,22.00,16.00,1.00,-1,-1,-1
91,116,986.00,421.00,71.00,27.00,1.00,-1,-1,-1
91,126,1197.00,543.00,34.00,16.00,1.00,-1,-1,-1
91,129,932.00,964.00,29.00,21.00,1.00,-1,-1,-1
91,135,486.00,278.00,499.00,99.00,1.00,-1,-1,-1
91,139,947.00,957.00,21.00,16.00,1.00,-1,-1,-1
91,142,1313.00,602.00,52.00,14.00,1.00,-1,-1,-1
91,147,1710.00,1040.00,18.00,51.00,1.00,-1,-1,-1
91,148,968.00,973.00,40.00,25.00,1.00,-1,-1,-1
91,149,424.00,1001.00,22.00,105.00,1.00,-1,-1,-1
91,153,1697.00,964.00,11.00,41.00,1.00,-1,-1,-1
91,158,654.00,1018.00,722.00,103.00,1.00,-1,-1,-1
91,160,284.00,1013.00,17.00,123.00,1.00,-1,-1,-1
91,166,676.00,324.00,75.00,45.00,1.00,-1,-1,-1
91,174,740.00,299.00,39.00,42.00,1.00,-1,-1,-1
91,179,248.00,859.00,19.00,25.00,1.00,-1,-1,-1
91,186,773.00,991.00,17.00,8.00,1.00,-1,-1,-1
91,193,1159.00,970.00,41.00,65.00,1.00,-1,-1,-1
91,194,1193.00,981.00,47.00,7.00,1.00,-1,-1,-1
91,201,681.00,980.00,11.00,12.00,1.00,-1,-1,-1
91,212,1006.00,416.00,44.00,27.00,1.00,-1,-1,-1
91,216,872.00,1058.00,18.00,26.00,1.00,-1,-1,-1
91,218,444.00,945.00,1030.00,104.00,1.00,-1,-1,-1
91,219,1358.00,485.00,33.00,37.00,1.00,-1,-1,-1
91,221,168.00,570.00,14.00,44.00,1.00,-1,-1,-1
91,222,213.00,978.00,41.00,33.00,1.00,-1,-1,-1
91,225,277.00,995.00,30.00,49.00,1.00,-1,-1,-1
91,226,221.00,1042.00,85.00,73.00,1.00,-1,-1,-1
91,243,89.00,590.00,7.00,49.00,1.00,-1,-1,-1
91,244,1103.00,437.00,194.00,67.00,1.00,-1,-1,-1
91,246,130.00,1068.00,17.00,22.00,1.00,-1,-1,-1
91,254,729.00,296.00,65.00,44.00,1.00,-1,-1,-1
91,257,1106.00,279.00,29.00,22.00,1.00,-1,-1,-1
91,259,88.00,1072.00,17.00,22.00,1.00,-1,-1,-1
91,262,890.00,342.00,199.00,123.00,1.00,-1,-1,-1
91,270,204.00,817.00,11.00,13.00,1.00,-1,-1,-1
91,271,1716.00,1044.00,13.00,82.00,1.00,-1,-1,-1
91,278,970.00,414.00,42.00,19.00,1.00,-1,-1,-1
91,280,241.00,1062.00,24.00,14.00,1.00,-1,-1,-1
91,284,29.00,728.00,29.00,36.00,1.00,-1,-1,-1
91,290,832.00,136.00,23.00,9.00,1.00,-1,-1,-1
91,296,703.00,294.00,25.00,32.00,1.00,-1,-1,-1
91,299,1215.00,513.00,19.00,14.00,1.00,-1,-1,-1
91,301,188.00,130.00,24.00,218.00,1.00,-1,-1,-1
91,305,988.00,319.00,13.00,15.00,1.00,-1,-1,-1
91,306,564.00,487.00,10.00,15.00,1.00,-1,-1,-1
91,307,1258.00,273.00,10.00,20.00,1.00,-1,-1,-1
91,309,717.00,298.00,20.00,24.00,1.00,-1,-1,-1
91,312,666.00,419.00,20.00,16.00,1.00,-1,-1,-1
91,316,708.00,789.00,15.00,14.00,1.00,-1,-1,-1
91,318,936.00,1056.00,18.00,28.00,1.00,-1,-1,-1
91,325,656.00,292.00,100.00,33.00,1.00,-1,-1,-1
91,329,1674.00,901.00,19.00,37.00,1.00,-1,-1,-1
91,332,285.00,204.00,8.00,16.00,1.00,-1,-1,-1
91,333,126.00,925.00,43.00,34.00,1.00,-1,-1,-1
91,345,18.00,811.00,11.00,33.00,1.00,-1,-1,-1
91,350,822.00,125.00,14.00,20.00,1.00,-1,-1,-1
91,352,1166.00,693.00,13.00,33.00,1.00,-1,-1,-1
91,354,1162.00,492.00,16.00,13.00,1.00,-1,-1,-1
91,356,0.00,563.00,82.00,398.00,1.00,-1,-1,-1
91,360,1292.00,383.00,134.00,77.00,1.00,-1,-1,-1
91,361,196.00,988.00,147.00,111.00,1.00,-1,-1,-1
91,362,710.00,300.00,15.00,13.00,1.00,-1,-1,-1
91,363,587.00,337.00,19.00,18.00,1.00,-1,-1,-1
91,364,1714.00,1028.00,17.00,112.00,1.00,-1,-1,-1
91,365,1059.00,308.00,25.00,18.00,1.00,-1,-1,-1
91,373,695.00,289.00,64.00,31.00,1.00,-1,-1,-1
91,375,1221.00,654.00,14.00,45.00,1.00,-1,-1,-1
91,377,936.00,1056.00,17.00,28.00,1.00,-1,-1,-1
91,379,0.00,626.00,23.00,34.00,1.00,-1,-1,-1
91,382,868.00,241.00,41.00,40.00,1.00,-1,-1,-1
91,387,485.00,159.00,16.00,28.00,1.00,-1,-1,-1
91,388,1253.00,204.00,18.00,48.00,1.00,-1,-1,-1
91,389,573.00,258.00,16.00,15.00,1.00,-1,-1,-1
91,390,1702.00,991.00,9.00,29.00,1.00,-1,-1,-1
91,397,-11.00,0.00,40.00,7.00,1.00,-1,-1,-1
91,400,627.00,0.00,42.00,7.00,1.00,-1,-1,-1
91,401,60.00,0.00,33.00,6.00,1.00,-1,-1,-1
91,402,165.00,0.00,52.00,7.00,1.00,-1,-1,-1
91,403,1215.00,393.00,78.00,26.00,1.00,-1,-1,-1
91,412,160.00,927.00,11.00,16.00,1.00,-1,-1,-1
91,415,192.00,815.00,23.00,21.00,1.00,-1,-1,-1
91,423,1057.00,575.00,15.00,18.00,1.00,-1,-1,-1
91,426,789.00,570.00,61.00,45.00,1.00,-1,-1,-1
91,427,1168.00,621.00,16.00,36.00,1.00,-1,-1,-1
91,428,1101.00,637.00,30.00,29.00,1.00,-1,-1,-1
91,429,307.00,289.00,13.00,18.00,1.00,-1,-1,-1
91,434,842.00,142.00,20.00,7.00,1.00,-1,-1,-1
91,443,1340.00,14.00,93.00,184.00,1.00,-1,-1,-1
91,444,754.00,88.00,12.00,15.00,1.00,-1,-1,-1
91,445,692.00,57.00,12.00,14.00,1.00,-1,-1,-1
91,446,597.00,653.00,12.00,15.00,1.00,-1,-1,-1
91,447,949.00,839.00,11.00,14.00,1.00,-1,-1,-1
91,448,925.00,590.00,12.00,21.00,1.00,-1,-1,-1
91,450,1509.00,647.00,15.00,12.00,1.00,-1,-1,-1
91,451,644.00,71.00,36.00,15.00,1.00,-1,-1,-1
91,452,928.00,732.00,14.00,15.00,1.00,-1,-1,-1
91,453,782.00,62.00,39.00,28.00,1.00,-1,-1,-1
91,454,281.00,190.00,27.00,30.00,1.00,-1,-1,-1
91,455,1216.00,712.00,16.00,26.00,1.00,-1,-1,-1
91,456,855.00,59.00,22.00,9.00,1.00,-1,-1,-1
91,457,1528.00,786.00,18.00,16.00,1.00,-1,-1,-1
91,458,1191.00,304.00,109.00,52.00,1.00,-1,-1,-1
91,459,1514.00,845.00,150.00,41.00,1.00,-1,-1,-1
91,461,566.00,273.00,37.00,27.00,1.00,-1,-1,-1
92,5,945.00,992.00,27.00,59.00,1.00,-1,-1,-1
92,6,954.00,995.00,18.00,22.00,1.00,-1,-1,-1
92,9,1016.00,989.00,43.00,30.00,1.00,-1,-1,-1
92,10,599.00,964.00,139.00,66.00,1.00,-1,-1,-1
92,11,674.00,299.00,310.00,221.00,1.00,-1,-1,-1
92,12,1354.00,585.00,170.00,115.00,1.00,-1,-1,-1
92,15,618.00,957.00,128.00,72.00,1.00,-1,-1,-1
92,18,1125.00,444.00,78.00,30.00,1.00,-1,-1,-1
92,21,658.00,281.00,38.00,45.00,1.00,-1,-1,-1
92,32,683.00,601.00,12.00,13.00,1.00,-1,-1,-1
92,34,754.00,284.00,13.00,42.00,1.00,-1,-1,-1
92,37,699.00,290.00,19.00,33.00,1.00,-1,-1,-1
92,38,959.00,416.00,46.00,44.00,1.00,-1,-1,-1
92,40,739.00,302.00,29.00,25.00,1.00,-1,-1,-1
92,41,1436.00,514.00,25.00,44.00,1.00,-1,-1,-1
92,44,794.00,291.00,196.00,65.00,1.00,-1,-1,-1
92,45,259.00,1014.00,162.00,121.00,1.00,-1,-1,-1
92,48,731.00,295.00,23.00,61.00,1.00,-1,-1,-1
92,49,749.00,300.00,15.00,11.00,1.00,-1,-1,-1
92,50,820.00,302.00,13.00,19.00,1.00,-1,-1,-1
92,54,793.00,721.00,13.00,23.00,1.00,-1,-1,-1
92,72,921.00,858.00,11.00,15.00,1.00,-1,-1,-1
92,73,1169.00,518.00,64.00,45.00,1.00,-1,-1,-1
92,76,1000.00,442.00,11.00,32.00,1.00,-1,-1,-1
92,77,1163.00,462.00,208.00,46.00,1.00,-1,-1,-1
92,93,336.00,1067.00,21.00,20.00,1.00,-1,-1,-1
92,100,1050.00,956.00,11.00,36.00,1.00,-1,-1,-1
92,112,1260.00,413.00,54.00,12.00,1.00,-1,-1,-1
92,113,1012.00,422.00,27.00,20.00,1.00,-1,-1,-1
92,114,1367.00,414.00,22.00,16.00,1.00,-1,-1,-1
92,116,972.00,426.00,155.00,28.00,1.00,-1,-1,-1
92,126,1197.00,548.00,34.00,16.00,1.00,-1,-1,-1
92,129,932.00,969.00,29.00,21.00,1.00,-1,-1,-1
92,135,479.00,275.00,499.00,99.00,1.00,-1,-1,-1
92,139,947.00,962.00,21.00,16.00,1.00,-1,-1,-1
92,142,1312.00,606.00,52.00,14.00,1.00,-1,-1,-1
92,147,1707.00,1039.00,18.00,51.00,1.00,-1,-1,-1
92,148,968.00,978.00,40.00,25.00,1.00,-1,-1,-1
92,149,424.00,1007.00,22.00,105.00,1.00,-1,-1,-1
92,153,1696.00,969.00,11.00,41.00,1.00,-1,-1,-1
92,158,650.00,1018.00,722.00,103.00,1.00,-1,-1,-1
92,160,284.00,1013.00,17.00,123.00,1.00,-1,-1,-1
92,166,659.00,319.00,75.00,45.00,1.00,-1,-1,-1
92,174,733.00,296.00,39.00,42.00,1.00,-1,-1,-1
92,179,247.00,864.00,19.00,25.00,1.00,-1,-1,-1
92,186,773.00,996.00,17.00,8.00,1.00,-1,-1,-1
92,193,1159.00,975.00,41.00,65.00,1.00,-1,-1,-1
92,194,1193.00,981.00,47.00,7.00,1.00,-1,-1,-1
92,201,681.00,986.00,11.00,12.00,1.00,-1,-1,-1
92,212,1000.00,422.00,44.00,27.00,1.00,-1,-1,-1
92,216,876.00,1058.00,18.00,26.00,1.00,-1,-1,-1
92,218,444.00,950.00,1030.00,104.00,1.00,-1,-1,-1
92,219,1358.00,490.00,33.00,37.00,1.00,-1,-1,-1
92,221,168.00,575.00,14.00,44.00,1.00,-1,-1,-1
92,222,213.00,983.00,41.00,33.00,1.00,-1,-1,-1
92,225,277.00,1000.00,30.00,49.00,1.00,-1,-1,-1
92,226,221.00,1042.00,85.00,73.00,1.00,-1,-1,-1
92,243,89.00,595.00,7.00,49.00,1.00,-1,-1,-1
92,244,1103.00,442.00,194.00,67.00,1.00,-1,-1,-1
92,246,141.00,1068.00,17.00,22.00,1.00,-1,-1,-1
92,254,722.00,294.00,65.00,44.00,1.00,-1,-1,-1
92,257,1106.00,284.00,29.00,22.00,1.00,-1,-1,-1
92,259,103.00,1072.00,17.00,22.00,1.00,-1,-1,-1
92,262,890.00,348.00,199.00,123.00,1.00,-1,-1,-1
92,270,204.00,822.00,11.00,13.00,1.00,-1,-1,-1
92,271,1716.00,1044.00,13.00,82.00,1.00,-1,-1,-1
92,278,965.00,421.00,42.00,19.00,1.00,-1,-1,-1
92,280,242.00,1066.00,24.00,14.00,1.00,-1,-1,-1
92,284,29.00,733.00,29.00,36.00,1.00,-1,-1,-1
92,290,832.00,141.00,23.00,9.00,1.00,-1,-1,-1
92,296,697.00,291.00,25.00,32.00,1.00,-1,-1,-1
92,299,1215.00,518.00,19.00,14.00,1.00,-1,-1,-1
92,301,188.00,137.00,24.00,218.00,1.00,-1,-1,-1
92,305,988.00,324.00,13.00,15.00,1.00,-1,-1,-1
92,306,564.00,492.00,10.00,15.00,1.00,-1,-1,-1
92,307,1258.00,278.00,10.00,20.00,1.00,-1,-1,-1
92,309,712.00,295.00,20.00,24.00,1.00,-1,-1,-1
92,312,666.00,424.00,20.00,16.00,1.00,-1,-1,-1
92,316,708.00,794.00,15.00,14.00,1.00,-1,-1,-1
92,318,938.00,1056.00,18.00,28.00,1.00,-1,-1,-1
92,325,649.00,289.00,100.00,33.00,1.00,-1,-1,-1
92,329,1674.00,906.00,19.00,37.00,1.00,-1,-1,-1
92,332,285.00,209.00,8.00,16.00,1.00,-1,-1,-1
92,333,126.00,930.00,43.00,34.00,1.00,-1,-1,-1
92,345,18.00,816.00,11.00,33.00,1.00,-1,-1,-1
92,350,822.00,131.00,14.00,20.00,1.00,-1,-1,-1
92,352,1166.00,698.00,13.00,33.00,1.00,-1,-1,-1
92,354,1162.00,497.00,16.00,13.00,1.00,-1,-1,-1
92,356,0.00,568.00,82.00,398.00,1.00,-1,-1,-1
92,360,1292.00,388.00,134.00,77.00,1.00,-1,-1,-1
92,361,196.00,993.00,147.00,111.00,1.00,-1,-1,-1
92,362,706.00,296.00,15.00,13.00,1.00,-1,-1,-1
92,363,587.00,342.00,19.00,18.00,1.00,-1,-1,-1
92,364,1712.00,1028.00,17.00,112.00,1.00,-1,-1,-1
92,365,1059.00,313.00,25.00,18.00,1.00,-1,-1,-1
92,373,693.00,286.00,64.00,31.00,1.00,-1,-1,-1
92,375,1221.00,659.00,14.00,45.00,1.00,-1,-1,-1
92,377,938.00,1056.00,17.00,28.00,1.00,-1,-1,-1
92,379,0.00,631.00,23.00,34.00,1.00,-1,-1,-1
92,382,868.00,246.00,41.00,40.00,1.00,-1,-1,-1
92,387,485.00,164.00,16.00,28.00,1.00,-1,-1,-1
92,388,1253.00,209.00,18.00,48.00,1.00,-1,-1,-1
92,389,572.00,263.00,16.00,15.00,1.00,-1,-1,-1
92,390,1702.00,997.00,9.00,29.00,1.00,-1,-1,-1
92,397,-11.00,0.00,40.00,7.00,1.00,-1,-1,-1
92,400,623.00,0.00,42.00,7.00,1.00,-1,-1,-1
92,401,61.00,0.00,33.00,6.00,1.00,-1,-1,-1
92,402,164.00,0.00,52.00,7.00,1.00,-1,-1,-1
92,403,1215.00,398.00,78.00,26.00,1.00,-1,-1,-1
92,412,160.00,932.00,11.00,16.00,1.00,-1,-1,-1
92,415,191.00,820.00,23.00,21.00,1.00,-1,-1,-1
92,423,1057.00,580.00,15.00,18.00,1.00,-1,-1,-1
92,426,789.00,576.00,61.00,45.00,1.00,-1,-1,-1
92,427,1168.00,626.00,16.00,36.00,1.00,-1,-1,-1
92,428,1101.00,641.00,30.00,29.00,1.00,-1,-1,-1
92,429,307.00,294.00,13.00,18.00,1.00,-1,-1,-1
92,434,842.00,147.00,20.00,7.00,1.00,-1,-1,-1
92,443,1319.00,0.00,136.00,211.00,1.00,-1,-1,-1
92,444,754.00,93.00,12.00,15.00,1.00,-1,-1,-1
92,445,692.00,62.00,12.00,14.00,1.00,-1,-1,-1
92,446,597.00,658.00,12.00,15.00,1.00,-1,-1,-1
92,447,949.00,845.00,11.00,14.00,1.00,-1,-1,-1
92,448,925.00,595.00,12.00,21.00,1.00,-1,-1,-1
92,450,1508.00,652.00,15.00,12.00,1.00,-1,-1,-1
92,451,643.00,76.00,36.00,15.00,1.00,-1,-1,-1
92,452,927.00,737.00,14.00,15.00,1.00,-1,-1,-1
92,453,782.00,67.00,39.00,28.00,1.00,-1,-1,-1
92,454,280.00,195.00,27.00,30.00,1.00,-1,-1,-1
92,455,1216.00,717.00,16.00,26.00,1.00,-1,-1,-1
92,456,855.00,64.00,22.00,9.00,1.00,-1,-1,-1
92,457,1528.00,791.00,18.00,16.00,1.00,-1,-1,-1
92,458,1191.00,309.00,109.00,52.00,1.00,-1,-1,-1
92,459,1514.00,851.00,150.00,41.00,1.00,-1,-1,-1
92,461,559.00,267.00,37.00,27.00,1.00,-1,-1,-1
93,5,945.00,992.00,27.00,59.00,1.00,-1,-1,-1
93,6,954.00,995.00,18.00,22.00,1.00,-1,-1,-1
93,9,1016.00,989.00,43.00,30.00,1.00,-1,-1,-1
93,10,599.00,964.00,139.00,66.00,1.00,-1,-1,-1
93,11,674.00,299.00,310.00,221.00,1.00,-1,-1,-1
93,12,1354.00,585.00,170.00,115.00,1.00,-1,-1,-1
93,15,618.00,957.00,128.00,72.00,1.00,-1,-1,-1
93,18,1125.00,444.00,78.00,30.00,1.00,-1,-1,-1
93,21,658.00,281.00,38.00,45.00,1.00,-1,-1,-1
93,32,683.00,601.00,12.00,13.00,1.00,-1,-1,-1
93,34,754.00,284.00,13.00,42.00,1.00,-1,-1,-1
93,37,699.00,290.00,19.00,33.00,1.00,-1,-1,-1
93,38,959.00,416.00,46.00,44.00,1.00,-1,-1,-1
93,40,739.00,302.00,29.00,25.00,1.00,-1,-1,-1
93,41,1436.00,514.00,25.00,44.00,1.00,-1,-1,-1
93,44,794.00,291.00,196.00,65.00,1.00,-1,-1,-1
93,45,259.00,1014.00,162.00,121.00,1.00,-1,-1,-1
93,48,731.00,295.00,23.00,61.00,1.00,-1,-1,-1
93,49,749.00,300.00,15.00,11.00,1.00,-1,-1,-1
93,50,820.00,302.00,13.00,19.00,1.00,-1,-1,-1
93,54,793.00,721.00,13.00,23.00,1.00,-1,-1,-1
93,72,921.00,858.00,11.00,15.00,1.00,-1,-1,-1
93,73,1169.00,518.00,64.00,45.00,1.00,-1,-1,-1
93,76,1000.00,442.00,11.00,32.00,1.00,-1,-1,-1
93,77,1163.00,462.00,208.00,46.00,1.00,-1,-1,-1
93,93,336.00,1067.00,21.00,20.00,1.00,-1,-1,-1
93,100,1050.00,956.00,11.00,36.00,1.00,-1,-1,-1
93,112,1260.00,413.00,54.00,12.00,1.00,-1,-1,-1
93,113,1012.00,422.00,27.00,20.00,1.00,-1,-1,-1
93,114,1367.00,414.00,22.00,16.00,1.00,-1,-1,-1
93,116,972.00,426.00,155.00,28.00,1.00,-1,-1,-1
93,126,1197.00,548.00,34.00,16.00,1.00,-1,-1,-1
93,129,932.00,969.00,29.00,21.00,1.00,-1,-1,-1
93,135,479.00,275.00,499.00,99.00,1.00,-1,-1,-1
93,139,947.00,962.00,21.00,16.00,1.00,-1,-1,-1
93,142,1312.00,606.00,52.00,14.00,1.00,-1,-1,-1
93,147,1707.00,1039.00,18.00,51.00,1.00,-1,-1,-1
93,148,968.00,978.00,40.00,25.00,1.00,-1,-1,-1
93,149,424.00,1007.00,22.00,105.00,1.00,-1,-1,-1
93,153,1696.00,969.00,11.00,41.00,1.00,-1,-1,-1
93,158,650.00,1018.00,722.00,103.00,1.00,-1,-1,-1
93,160,284.00,1013.00,17.00,123.00,1.00,-1,-1,-1
93,166,659.00,319.00,75.00,45.00,1.00,-1,-1,-1
93,174,733.00,296.00,39.00,42.00,1.00,-1,-1,-1
93,179,247.00,864.00,19.00,25.00,1.00,-1,-1,-1
93,186,773.00,996.00,17.00,8.00,1.00,-1,-1,-1
93,193,1159.00,975.00,41.00,65.00,1.00,-1,-1,-1
93,194,1193.00,981.00,47.00,7.00,1.00,-1,-1,-1
93,201,681.00,986.00,11.00,12.00,1.00,-1,-1,-1
93,212,1000.00,422.00,44.00,27.00,1.00,-1,-1,-1
93,216,876.00,1058.00,18.00,26.00,1.00,-1,-1,-1
93,218,444.00,950.00,1030.00,104.00,1.00,-1,-1,-1
93,219,1358.00,490.00,33.00,37.00,1.00,-1,-1,-1
93,221,168.00,575.00,14.00,44.00,1.00,-1,-1,-1
93,222,213.00,983.00,41.00,33.00,1.00,-1,-1,-1
93,225,277.00,1001.00,30.00,49.00,1.00,-1,-1,-1
93,226,221.00,1042.00,85.00,73.00,1.00,-1,-1,-1
93,243,89.00,595.00,7.00,49.00,1.00,-1,-1,-1
93,244,1103.00,442.00,194.00,67.00,1.00,-1,-1,-1
93,246,141.00,1068.00,17.00,22.00,1.00,-1,-1,-1
93,254,722.00,294.00,65.00,44.00,1.00,-1,-1,-1
93,257,1106.00,284.00,29.00,22.00,1.00,-1,-1,-1
93,259,103.00,1072.00,17.00,22.00,1.00,-1,-1,-1
93,262,890.00,348.00,199.00,123.00,1.00,-1,-1,-1
93,270,204.00,822.00,11.00,13.00,1.00,-1,-1,-1
93,271,1716.00,1044.00,13.00,82.00,1.00,-1,-1,-1
93,278,965.00,421.00,42.00,19.00,1.00,-1,-1,-1
93,280,242.00,1066.00,24.00,14.00,1.00,-1,-1,-1
93,284,29.00,733.00,29.00,36.00,1.00,-1,-1,-1
93,290,832.00,141.00,23.00,9.00,1.00,-1,-1,-1
93,296,697.00,291.00,25.00,32.00,1.00,-1,-1,-1
93,299,1215.00,518.00,19.00,14.00,1.00,-1,-1,-1
93,301,188.00,137.00,24.00,218.00,1.00,-1,-1,-1
93,305,988.00,324.00,13.00,15.00,1.00,-1,-1,-1
93,306,564.00,492.00,10.00,15.00,1.00,-1,-1,-1
93,307,1258.00,278.00,10.00,20.00,1.00,-1,-1,-1
93,309,712.00,295.00,20.00,24.00,1.00,-1,-1,-1
93,312,666.00,424.00,20.00,16.00,1.00,-1,-1,-1
93,316,708.00,794.00,15.00,14.00,1.00,-1,-1,-1
93,318,938.00,1056.00,18.00,28.00,1.00,-1,-1,-1
93,325,649.00,289.00,100.00,33.00,1.00,-1,-1,-1
93,329,1674.00,906.00,19.00,37.00,1.00,-1,-1,-1
93,332,285.00,209.00,8.00,16.00,1.00,-1,-1,-1
93,333,126.00,930.00,43.00,34.00,1.00,-1,-1,-1
93,345,18.00,816.00,11.00,33.00,1.00,-1,-1,-1
93,350,822.00,131.00,14.00,20.00,1.00,-1,-1,-1
93,352,1166.00,698.00,13.00,33.00,1.00,-1,-1,-1
93,354,1162.00,497.00,16.00,13.00,1.00,-1,-1,-1
93,356,0.00,568.00,82.00,398.00,1.00,-1,-1,-1
93,360,1292.00,388.00,134.00,77.00,1.00,-1,-1,-1
93,361,196.00,993.00,147.00,111.00,1.00,-1,-1,-1
93,362,706.00,296.00,15.00,13.00,1.00,-1,-1,-1
93,363,587.00,342.00,19.00,18.00,1.00,-1,-1,-1
93,364,1712.00,1028.00,17.00,112.00,1.00,-1,-1,-1
93,365,1059.00,313.00,25.00,18.00,1.00,-1,-1,-1
93,373,693.00,286.00,64.00,31.00,1.00,-1,-1,-1
93,375,1221.00,659.00,14.00,45.00,1.00,-1,-1,-1
93,377,938.00,1056.00,17.00,28.00,1.00,-1,-1,-1
93,379,0.00,631.00,23.00,34.00,1.00,-1,-1,-1
93,382,868.00,246.00,41.00,40.00,1.00,-1,-1,-1
93,387,485.00,164.00,16.00,28.00,1.00,-1,-1,-1
93,388,1253.00,209.00,18.00,48.00,1.00,-1,-1,-1
93,389,572.00,263.00,16.00,15.00,1.00,-1,-1,-1
93,390,1702.00,997.00,9.00,29.00,1.00,-1,-1,-1
93,397,-11.00,0.00,40.00,7.00,1.00,-1,-1,-1
93,400,623.00,0.00,42.00,7.00,1.00,-1,-1,-1
93,401,61.00,0.00,33.00,6.00,1.00,-1,-1,-1
93,402,164.00,0.00,52.00,7.00,1.00,-1,-1,-1
93,403,1215.00,398.00,78.00,26.00,1.00,-1,-1,-1
93,412,160.00,932.00,11.00,16.00,1.00,-1,-1,-1
93,415,191.00,820.00,23.00,21.00,1.00,-1,-1,-1
93,423,1057.00,580.00,15.00,18.00,1.00,-1,-1,-1
93,426,789.00,576.00,61.00,45.00,1.00,-1,-1,-1
93,427,1168.00,626.00,16.00,36.00,1.00,-1,-1,-1
93,428,1101.00,641.00,30.00,29.00,1.00,-1,-1,-1
93,429,307.00,294.00,13.00,18.00,1.00,-1,-1,-1
93,434,842.00,147.00,20.00,7.00,1.00,-1,-1,-1
93,443,1319.00,0.00,136.00,211.00,1.00,-1,-1,-1
93,444,754.00,93.00,12.00,15.00,1.00,-1,-1,-1
93,445,692.00,62.00,12.00,14.00,1.00,-1,-1,-1
93,446,597.00,658.00,12.00,15.00,1.00,-1,-1,-1
93,447,949.00,845.00,11.00,14.00,1.00,-1,-1,-1
93,448,925.00,595.00,12.00,21.00,1.00,-1,-1,-1
93,450,1508.00,651.00,15.00,12.00,1.00,-1,-1,-1
93,451,643.00,76.00,36.00,15.00,1.00,-1,-1,-1
93,452,927.00,737.00,14.00,15.00,1.00,-1,-1,-1
93,453,782.00,67.00,39.00,28.00,1.00,-1,-1,-1
93,454,281.00,195.00,27.00,30.00,1.00,-1,-1,-1
93,455,1216.00,717.00,16.00,26.00,1.00,-1,-1,-1
93,456,855.00,64.00,22.00,9.00,1.00,-1,-1,-1
93,457,1528.00,791.00,18.00,16.00,1.00,-1,-1,-1
93,458,1191.00,309.00,109.00,52.00,1.00,-1,-1,-1
93,459,1514.00,851.00,150.00,41.00,1.00,-1,-1,-1
93,461,559.00,267.00,37.00,27.00,1.00,-1,-1,-1
94,5,945.00,997.00,27.00,59.00,1.00,-1,-1,-1
94,6,954.00,1000.00,18.00,22.00,1.00,-1,-1,-1
94,9,1016.00,994.00,43.00,30.00,1.00,-1,-1,-1
94,10,599.00,969.00,139.00,66.00,1.00,-1,-1,-1
94,11,668.00,296.00,335.00,243.00,1.00,-1,-1,-1
94,12,1354.00,590.00,170.00,115.00,1.00,-1,-1,-1
94,15,618.00,962.00,128.00,72.00,1.00,-1,-1,-1
94,18,1125.00,449.00,78.00,30.00,1.00,-1,-1,-1
94,21,656.00,278.00,38.00,45.00,1.00,-1,-1,-1
94,32,683.00,606.00,12.00,13.00,1.00,-1,-1,-1
94,34,748.00,281.00,13.00,42.00,1.00,-1,-1,-1
94,37,693.00,287.00,19.00,33.00,1.00,-1,-1,-1
94,38,954.00,422.00,46.00,44.00,1.00,-1,-1,-1
94,40,732.00,300.00,29.00,25.00,1.00,-1,-1,-1
94,41,1436.00,519.00,25.00,44.00,1.00,-1,-1,-1
94,44,789.00,291.00,196.00,65.00,1.00,-1,-1,-1
94,45,259.00,1014.00,162.00,121.00,1.00,-1,-1,-1
94,48,725.00,291.00,23.00,61.00,1.00,-1,-1,-1
94,49,744.00,298.00,15.00,11.00,1.00,-1,-1,-1
94,50,815.00,302.00,13.00,19.00,1.00,-1,-1,-1
94,54,793.00,726.00,13.00,23.00,1.00,-1,-1,-1
94,72,921.00,863.00,11.00,15.00,1.00,-1,-1,-1
94,73,1169.00,523.00,64.00,45.00,1.00,-1,-1,-1
94,76,998.00,448.00,11.00,32.00,1.00,-1,-1,-1
94,77,1163.00,467.00,208.00,46.00,1.00,-1,-1,-1
94,93,325.00,1056.00,21.00,20.00,1.00,-1,-1,-1
94,100,1050.00,960.00,11.00,36.00,1.00,-1,-1,-1
94,112,1260.00,418.00,54.00,12.00,1.00,-1,-1,-1
94,113,1008.00,428.00,27.00,20.00,1.00,-1,-1,-1
94,114,1367.00,419.00,22.00,16.00,1.00,-1,-1,-1
94,116,982.00,434.00,118.00,23.00,1.00,-1,-1,-1
94,126,1197.00,553.00,34.00,16.00,1.00,-1,-1,-1
94,129,932.00,974.00,29.00,21.00,1.00,-1,-1,-1
94,135,473.00,273.00,499.00,99.00,1.00,-1,-1,-1
94,139,947.00,967.00,21.00,16.00,1.00,-1,-1,-1
94,142,1312.00,611.00,52.00,14.00,1.00,-1,-1,-1
94,147,1707.00,1044.00,18.00,51.00,1.00,-1,-1,-1
94,148,968.00,982.00,40.00,25.00,1.00,-1,-1,-1
94,149,424.00,1011.00,22.00,105.00,1.00,-1,-1,-1
94,153,1696.00,973.00,11.00,41.00,1.00,-1,-1,-1
94,158,648.00,1018.00,722.00,103.00,1.00,-1,-1,-1
94,160,284.00,1013.00,17.00,123.00,1.00,-1,-1,-1
94,166,653.00,315.00,75.00,45.00,1.00,-1,-1,-1
94,174,727.00,294.00,39.00,42.00,1.00,-1,-1,-1
94,179,247.00,869.00,19.00,25.00,1.00,-1,-1,-1
94,186,773.00,1001.00,17.00,8.00,1.00,-1,-1,-1
94,193,1159.00,979.00,41.00,65.00,1.00,-1,-1,-1
94,194,1193.00,981.00,47.00,7.00,1.00,-1,-1,-1
94,201,681.00,990.00,11.00,12.00,1.00,-1,-1,-1
94,212,996.00,428.00,44.00,27.00,1.00,-1,-1,-1
94,216,879.00,1058.00,18.00,26.00,1.00,-1,-1,-1
94,218,444.00,955.00,1030.00,104.00,1.00,-1,-1,-1
94,219,1357.00,495.00,33.00,37.00,1.00,-1,-1,-1
94,221,168.00,580.00,14.00,44.00,1.00,-1,-1,-1
94,222,213.00,988.00,41.00,33.00,1.00,-1,-1,-1
94,225,276.00,1005.00,30.00,49.00,1.00,-1,-1,-1
94,226,221.00,1042.00,85.00,73.00,1.00,-1,-1,-1
94,243,89.00,600.00,7.00,49.00,1.00,-1,-1,-1
94,244,1103.00,447.00,194.00,67.00,1.00,-1,-1,-1
94,246,141.00,1068.00,17.00,22.00,1.00,-1,-1,-1
94,254,716.00,291.00,65.00,44.00,1.00,-1,-1,-1
94,257,1105.00,289.00,29.00,22.00,1.00,-1,-1,-1
94,259,104.00,1072.00,17.00,22.00,1.00,-1,-1,-1
94,262,890.00,353.00,199.00,123.00,1.00,-1,-1,-1
94,270,204.00,827.00,11.00,13.00,1.00,-1,-1,-1
94,278,960.00,427.00,42.00,19.00,1.00,-1,-1,-1
94,280,231.00,1073.00,24.00,14.00,1.00,-1,-1,-1
94,284,29.00,738.00,29.00,36.00,1.00,-1,-1,-1
94,290,832.00,146.00,23.00,9.00,1.00,-1,-1,-1
94,296,691.00,287.00,25.00,32.00,1.00,-1,-1,-1
94,299,1215.00,523.00,19.00,14.00,1.00,-1,-1,-1
94,301,188.00,142.00,24.00,218.00,1.00,-1,-1,-1
94,305,988.00,329.00,13.00,15.00,1.00,-1,-1,-1
94,306,564.00,497.00,10.00,15.00,1.00,-1,-1,-1
94,307,1258.00,283.00,10.00,20.00,1.00,-1,-1,-1
94,309,706.00,291.00,20.00,24.00,1.00,-1,-1,-1
94,312,666.00,429.00,20.00,16.00,1.00,-1,-1,-1
94,316,708.00,799.00,15.00,14.00,1.00,-1,-1,-1
94,318,940.00,1056.00,18.00,28.00,1.00,-1,-1,-1
94,325,643.00,285.00,100.00,33.00,1.00,-1,-1,-1
94,329,1674.00,912.00,19.00,37.00,1.00,-1,-1,-1
94,332,284.00,214.00,8.00,16.00,1.00,-1,-1,-1
94,333,126.00,935.00,43.00,34.00,1.00,-1,-1,-1
94,345,18.00,821.00,11.00,33.00,1.00,-1,-1,-1
94,350,822.00,136.00,14.00,20.00,1.00,-1,-1,-1
94,352,1166.00,703.00,13.00,33.00,1.00,-1,-1,-1
94,354,1162.00,502.00,16.00,13.00,1.00,-1,-1,-1
94,356,0.00,573.00,82.00,398.00,1.00,-1,-1,-1
94,360,1292.00,393.00,134.00,77.00,1.00,-1,-1,-1
94,361,196.00,998.00,147.00,111.00,1.00,-1,-1,-1
94,362,701.00,293.00,15.00,13.00,1.00,-1,-1,-1
94,363,587.00,347.00,19.00,18.00,1.00,-1,-1,-1
94,364,1710.00,1028.00,17.00,112.00,1.00,-1,-1,-1
94,365,1059.00,318.00,25.00,18.00,1.00,-1,-1,-1
94,373,688.00,283.00,64.00,31.00,1.00,-1,-1,-1
94,375,1221.00,664.00,14.00,45.00,1.00,-1,-1,-1
94,377,940.00,1056.00,17.00,28.00,1.00,-1,-1,-1
94,379,0.00,636.00,23.00,34.00,1.00,-1,-1,-1
94,382,868.00,251.00,41.00,40.00,1.00,-1,-1,-1
94,387,485.00,169.00,16.00,28.00,1.00,-1,-1,-1
94,388,1253.00,214.00,18.00,48.00,1.00,-1,-1,-1
94,389,571.00,265.00,16.00,15.00,1.00,-1,-1,-1
94,390,1702.00,1002.00,9.00,29.00,1.00,-1,-1,-1
94,397,-10.00,0.00,40.00,7.00,1.00,-1,-1,-1
94,400,618.00,0.00,42.00,7.00,1.00,-1,-1,-1
94,401,61.00,0.00,33.00,6.00,1.00,-1,-1,-1
94,402,164.00,0.00,52.00,7.00,1.00,-1,-1,-1
94,403,1215.00,403.00,78.00,26.00,1.00,-1,-1,-1
94,412,160.00,937.00,11.00,16.00,1.00,-1,-1,-1
94,415,191.00,825.00,23.00,21.00,1.00,-1,-1,-1
94,423,1057.00,584.00,15.00,18.00,1.00,-1,-1,-1
94,426,789.00,581.00,61.00,45.00,1.00,-1,-1,-1
94,427,1168.00,631.00,16.00,36.00,1.00,-1,-1,-1
94,428,1101.00,646.00,30.00,29.00,1.00,-1,-1,-1
94,429,307.00,299.00,13.00,18.00,1.00,-1,-1,-1
94,434,842.00,152.00,20.00,7.00,1.00,-1,-1,-1
94,443,1351.00,0.00,130.00,226.00,1.00,-1,-1,-1
94,444,754.00,98.00,12.00,15.00,1.00,-1,-1,-1
94,445,692.00,67.00,12.00,14.00,1.00,-1,-1,-1
94,446,597.00,663.00,12.00,15.00,1.00,-1,-1,-1
94,447,949.00,850.00,11.00,14.00,1.00,-1,-1,-1
94,448,925.00,600.00,12.00,21.00,1.00,-1,-1,-1
94,450,1508.00,657.00,15.00,12.00,1.00,-1,-1,-1
94,451,643.00,81.00,36.00,15.00,1.00,-1,-1,-1
94,452,927.00,742.00,14.00,15.00,1.00,-1,-1,-1
94,453,782.00,72.00,39.00,28.00,1.00,-1,-1,-1
94,454,280.00,200.00,27.00,30.00,1.00,-1,-1,-1
94,455,1216.00,722.00,16.00,26.00,1.00,-1,-1,-1
94,456,855.00,69.00,22.00,9.00,1.00,-1,-1,-1
94,457,1528.00,796.00,18.00,16.00,1.00,-1,-1,-1
94,458,1191.00,314.00,109.00,52.00,1.00,-1,-1,-1
94,459,1514.00,856.00,150.00,41.00,1.00,-1,-1,-1
94,461,553.00,264.00,37.00,27.00,1.00,-1,-1,-1
95,5,945.00,1002.00,27.00,59.00,1.00,-1,-1,-1
95,6,954.00,1005.00,18.00,22.00,1.00,-1,-1,-1
95,9,1016.00,999.00,43.00,30.00,1.00,-1,-1,-1
95,10,599.00,974.00,139.00,66.00,1.00,-1,-1,-1
95,11,665.00,294.00,335.00,243.00,1.00,-1,-1,-1
95,12,1353.00,595.00,170.00,115.00,1.00,-1,-1,-1
95,15,617.00,967.00,128.00,72.00,1.00,-1,-1,-1
95,18,1124.00,454.00,78.00,30.00,1.00,-1,-1,-1
95,21,652.00,276.00,38.00,45.00,1.00,-1,-1,-1
95,32,683.00,610.00,12.00,13.00,1.00,-1,-1,-1
95,34,747.00,279.00,13.00,42.00,1.00,-1,-1,-1
95,37,687.00,284.00,19.00,33.00,1.00,-1,-1,-1
95,38,950.00,428.00,46.00,44.00,1.00,-1,-1,-1
95,40,726.00,297.00,29.00,25.00,1.00,-1,-1,-1
95,41,1435.00,524.00,25.00,44.00,1.00,-1,-1,-1
95,44,665.00,293.00,232.00,51.00,1.00,-1,-1,-1
95,45,259.00,1014.00,162.00,121.00,1.00,-1,-1,-1
95,48,718.00,288.00,23.00,61.00,1.00,-1,-1,-1
95,49,739.00,296.00,15.00,11.00,1.00,-1,-1,-1
95,50,809.00,301.00,13.00,19.00,1.00,-1,-1,-1
95,54,793.00,731.00,13.00,23.00,1.00,-1,-1,-1
95,72,921.00,868.00,11.00,15.00,1.00,-1,-1,-1
95,73,1169.00,528.00,64.00,45.00,1.00,-1,-1,-1
95,76,996.00,453.00,11.00,32.00,1.00,-1,-1,-1
95,77,1162.00,472.00,208.00,46.00,1.00,-1,-1,-1
95,93,325.00,1061.00,21.00,20.00,1.00,-1,-1,-1
95,100,1049.00,966.00,11.00,36.00,1.00,-1,-1,-1
95,112,1259.00,423.00,54.00,12.00,1.00,-1,-1,-1
95,113,1003.00,435.00,27.00,20.00,1.00,-1,-1,-1
95,114,1366.00,424.00,22.00,16.00,1.00,-1,-1,-1
95,116,978.00,440.00,118.00,23.00,1.00,-1,-1,-1
95,126,1197.00,558.00,34.00,16.00,1.00,-1,-1,-1
95,129,932.00,980.00,29.00,21.00,1.00,-1,-1,-1
95,135,468.00,270.00,499.00,99.00,1.00,-1,-1,-1
95,139,946.00,973.00,21.00,16.00,1.00,-1,-1,-1
95,142,1312.00,616.00,52.00,14.00,1.00,-1,-1,-1
95,147,1705.00,1043.00,18.00,51.00,1.00,-1,-1,-1
95,148,968.00,988.00,40.00,25.00,1.00,-1,-1,-1
95,149,424.00,1017.00,22.00,105.00,1.00,-1,-1,-1
95,153,1696.00,977.00,11.00,41.00,1.00,-1,-1,-1
95,158,645.00,1018.00,722.00,103.00,1.00,-1,-1,-1
95,160,284.00,1013.00,17.00,123.00,1.00,-1,-1,-1
95,166,650.00,309.00,75.00,45.00,1.00,-1,-1,-1
95,174,721.00,291.00,39.00,42.00,1.00,-1,-1,-1
95,179,247.00,874.00,19.00,25.00,1.00,-1,-1,-1
95,186,772.00,1006.00,17.00,8.00,1.00,-1,-1,-1
95,193,1159.00,984.00,41.00,65.00,1.00,-1,-1,-1
95,194,1193.00,981.00,47.00,7.00,1.00,-1,-1,-1
95,201,680.00,995.00,11.00,12.00,1.00,-1,-1,-1
95,212,991.00,435.00,44.00,27.00,1.00,-1,-1,-1
95,216,883.00,1058.00,18.00,26.00,1.00,-1,-1,-1
95,218,444.00,960.00,1030.00,104.00,1.00,-1,-1,-1
95,219,1357.00,500.00,33.00,37.00,1.00,-1,-1,-1
95,221,168.00,585.00,14.00,44.00,1.00,-1,-1,-1
95,222,212.00,993.00,41.00,33.00,1.00,-1,-1,-1
95,225,276.00,1010.00,30.00,49.00,1.00,-1,-1,-1
95,226,221.00,1042.00,85.00,73.00,1.00,-1,-1,-1
95,243,89.00,605.00,7.00,49.00,1.00,-1,-1,-1
95,244,1102.00,452.00,194.00,67.00,1.00,-1,-1,-1
95,246,148.00,1068.00,17.00,22.00,1.00,-1,-1,-1
95,254,710.00,289.00,65.00,44.00,1.00,-1,-1,-1
95,257,1105.00,294.00,29.00,22.00,1.00,-1,-1,-1
95,259,100.00,1072.00,17.00,22.00,1.00,-1,-1,-1
95,262,890.00,358.00,199.00,123.00,1.00,-1,-1,-1
95,270,204.00,832.00,11.00,13.00,1.00,-1,-1,-1
95,278,957.00,432.00,42.00,19.00,1.00,-1,-1,-1
95,280,231.00,1073.00,24.00,14.00,1.00,-1,-1,-1
95,284,28.00,743.00,29.00,36.00,1.00,-1,-1,-1
95,290,831.00,151.00,23.00,9.00,1.00,-1,-1,-1
95,296,685.00,284.00,25.00,32.00,1.00,-1,-1,-1
95,299,1215.00,528.00,19.00,14.00,1.00,-1,-1,-1
95,301,188.00,147.00,24.00,218.00,1.00,-1,-1,-1
95,305,987.00,334.00,13.00,15.00,1.00,-1,-1,-1
95,306,564.00,502.00,10.00,15.00,1.00,-1,-1,-1
95,307,1258.00,288.00,10.00,20.00,1.00,-1,-1,-1
95,309,701.00,289.00,20.00,24.00,1.00,-1,-1,-1
95,312,666.00,434.00,20.00,16.00,1.00,-1,-1,-1
95,316,708.00,804.00,15.00,14.00,1.00,-1,-1,-1
95,318,942.00,1056.00,18.00,28.00,1.00,-1,-1,-1
95,325,638.00,283.00,100.00,33.00,1.00,-1,-1,-1
95,329,1674.00,917.00,19.00,37.00,1.00,-1,-1,-1
95,332,284.00,219.00,8.00,16.00,1.00,-1,-1,-1
95,333,125.00,940.00,43.00,34.00,1.00,-1,-1,-1
95,345,18.00,825.00,11.00,33.00,1.00,-1,-1,-1
95,350,822.00,141.00,14.00,20.00,1.00,-1,-1,-1
95,352,1166.00,708.00,13.00,33.00,1.00,-1,-1,-1
95,354,1161.00,507.00,16.00,13.00,1.00,-1,-1,-1
95,356,-1.00,578.00,82.00,398.00,1.00,-1,-1,-1
95,360,1292.00,398.00,134.00,77.00,1.00,-1,-1,-1
95,361,195.00,1003.00,147.00,111.00,1.00,-1,-1,-1
95,362,697.00,291.00,15.00,13.00,1.00,-1,-1,-1
95,363,587.00,352.00,19.00,18.00,1.00,-1,-1,-1
95,364,1707.00,1028.00,17.00,112.00,1.00,-1,-1,-1
95,365,1059.00,323.00,25.00,18.00,1.00,-1,-1,-1
95,373,686.00,281.00,64.00,31.00,1.00,-1,-1,-1
95,375,1221.00,669.00,14.00,45.00,1.00,-1,-1,-1
95,377,942.00,1056.00,17.00,28.00,1.00,-1,-1,-1
95,379,0.00,641.00,23.00,34.00,1.00,-1,-1,-1
95,382,868.00,256.00,41.00,40.00,1.00,-1,-1,-1
95,387,484.00,174.00,16.00,28.00,1.00,-1,-1,-1
95,388,1253.00,219.00,18.00,48.00,1.00,-1,-1,-1
95,389,567.00,262.00,16.00,15.00,1.00,-1,-1,-1
95,390,1701.00,1006.00,9.00,29.00,1.00,-1,-1,-1
95,397,-10.00,0.00,40.00,7.00,1.00,-1,-1,-1
95,400,618.00,0.00,42.00,7.00,1.00,-1,-1,-1
95,401,62.00,0.00,33.00,6.00,1.00,-1,-1,-1
95,402,163.00,0.00,52.00,7.00,1.00,-1,-1,-1
95,403,1215.00,408.00,78.00,26.00,1.00,-1,-1,-1
95,412,159.00,942.00,11.00,16.00,1.00,-1,-1,-1
95,415,191.00,830.00,23.00,21.00,1.00,-1,-1,-1
95,423,1057.00,589.00,15.00,18.00,1.00,-1,-1,-1
95,426,789.00,585.00,61.00,45.00,1.00,-1,-1,-1
95,427,1168.00,636.00,16.00,36.00,1.00,-1,-1,-1
95,428,1100.00,651.00,30.00,29.00,1.00,-1,-1,-1
95,429,307.00,304.00,13.00,18.00,1.00,-1,-1,-1
95,434,842.00,157.00,20.00,7.00,1.00,-1,-1,-1
95,443,1410.00,0.00,98.00,240.00,1.00,-1,-1,-1
95,444,754.00,103.00,12.00,15.00,1.00,-1,-1,-1
95,445,692.00,72.00,12.00,14.00,1.00,-1,-1,-1
95,446,597.00,667.00,12.00,15.00,1.00,-1,-1,-1
95,447,949.00,855.00,11.00,14.00,1.00,-1,-1,-1
95,448,925.00,605.00,12.00,21.00,1.00,-1,-1,-1
95,450,1508.00,662.00,15.00,12.00,1.00,-1,-1,-1
95,451,643.00,86.00,36.00,15.00,1.00,-1,-1,-1
95,452,927.00,747.00,14.00,15.00,1.00,-1,-1,-1
95,453,782.00,77.00,39.00,28.00,1.00,-1,-1,-1
95,454,280.00,205.00,27.00,30.00,1.00,-1,-1,-1
95,455,1216.00,727.00,16.00,26.00,1.00,-1,-1,-1
95,456,854.00,74.00,22.00,9.00,1.00,-1,-1,-1
95,457,1527.00,800.00,18.00,16.00,1.00,-1,-1,-1
95,458,1191.00,319.00,109.00,52.00,1.00,-1,-1,-1
95,459,1514.00,861.00,150.00,41.00,1.00,-1,-1,-1
95,461,548.00,262.00,37.00,27.00,1.00,-1,-1,-1
96,5,943.00,1007.00,27.00,59.00,1.00,-1,-1,-1
96,6,953.00,1010.00,18.00,22.00,1.00,-1,-1,-1
96,9,1014.00,1004.00,43.00,30.00,1.00,-1,-1,-1
96,10,598.00,978.00,139.00,66.00,1.00,-1,-1,-1
96,11,670.00,298.00,335.00,243.00,1.00,-1,-1,-1
96,12,1353.00,600.00,170.00,115.00,1.00,-1,-1,-1
96,15,616.00,971.00,128.00,72.00,1.00,-1,-1,-1
96,18,1123.00,459.00,78.00,30.00,1.00,-1,-1,-1
96,21,647.00,274.00,38.00,45.00,1.00,-1,-1,-1
96,32,682.00,615.00,12.00,13.00,1.00,-1,-1,-1
96,34,740.00,277.00,13.00,42.00,1.00,-1,-1,-1
96,37,681.00,281.00,19.00,33.00,1.00,-1,-1,-1
96,38,946.00,434.00,46.00,44.00,1.00,-1,-1,-1
96,40,719.00,295.00,29.00,25.00,1.00,-1,-1,-1
96,41,1435.00,529.00,25.00,44.00,1.00,-1,-1,-1
96,44,658.00,292.00,231.00,49.00,1.00,-1,-1,-1
96,45,244.00,1010.00,162.00,121.00,1.00,-1,-1,-1
96,48,711.00,285.00,23.00,61.00,1.00,-1,-1,-1
96,49,732.00,294.00,15.00,11.00,1.00,-1,-1,-1
96,50,803.00,299.00,13.00,19.00,1.00,-1,-1,-1
96,54,792.00,735.00,13.00,23.00,1.00,-1,-1,-1
96,72,919.00,873.00,11.00,15.00,1.00,-1,-1,-1
96,73,1168.00,533.00,64.00,45.00,1.00,-1,-1,-1
96,76,992.00,458.00,11.00,32.00,1.00,-1,-1,-1
96,77,1161.00,477.00,208.00,46.00,1.00,-1,-1,-1
96,93,322.00,1070.00,21.00,20.00,1.00,-1,-1,-1
96,100,1048.00,970.00,11.00,36.00,1.00,-1,-1,-1
96,112,1258.00,427.00,54.00,12.00,1.00,-1,-1,-1
96,113,1000.00,441.00,27.00,20.00,1.00,-1,-1,-1
96,114,1366.00,429.00,22.00,16.00,1.00,-1,-1,-1
96,116,972.00,446.00,118.00,23.00,1.00,-1,-1,-1
96,126,1195.00,563.00,34.00,16.00,1.00,-1,-1,-1
96,129,931.00,984.00,29.00,21.00,1.00,-1,-1,-1
96,135,460.00,267.00,499.00,99.00,1.00,-1,-1,-1
96,139,945.00,977.00,21.00,16.00,1.00,-1,-1,-1
96,142,1311.00,621.00,52.00,14.00,1.00,-1,-1,-1
96,147,1703.00,1043.00,18.00,51.00,1.00,-1,-1,-1
96,148,966.00,992.00,40.00,25.00,1.00,-1,-1,-1
96,149,421.00,1017.00,22.00,105.00,1.00,-1,-1,-1
96,153,1695.00,983.00,11.00,41.00,1.00,-1,-1,-1
96,158,642.00,1018.00,722.00,103.00,1.00,-1,-1,-1
96,160,284.00,1013.00,17.00,123.00,1.00,-1,-1,-1
96,166,645.00,305.00,75.00,45.00,1.00,-1,-1,-1
96,174,713.00,289.00,39.00,42.00,1.00,-1,-1,-1
96,179,246.00,878.00,19.00,25.00,1.00,-1,-1,-1
96,186,771.00,1011.00,17.00,8.00,1.00,-1,-1,-1
96,193,1158.00,989.00,41.00,65.00,1.00,-1,-1,-1
96,201,679.00,1000.00,11.00,12.00,1.00,-1,-1,-1
96,212,986.00,441.00,44.00,27.00,1.00,-1,-1,-1
96,216,887.00,1058.00,18.00,26.00,1.00,-1,-1,-1
96,218,443.00,965.00,1030.00,104.00,1.00,-1,-1,-1
96,219,1356.00,505.00,33.00,37.00,1.00,-1,-1,-1
96,221,167.00,589.00,14.00,44.00,1.00,-1,-1,-1
96,222,211.00,998.00,41.00,33.00,1.00,-1,-1,-1
96,225,275.00,1015.00,30.00,49.00,1.00,-1,-1,-1
96,243,88.00,610.00,7.00,49.00,1.00,-1,-1,-1
96,244,1101.00,457.00,194.00,67.00,1.00,-1,-1,-1
96,246,182.00,1068.00,17.00,22.00,1.00,-1,-1,-1
96,254,703.00,287.00,65.00,44.00,1.00,-1,-1,-1
96,257,1104.00,298.00,29.00,22.00,1.00,-1,-1,-1
96,259,100.00,1072.00,17.00,22.00,1.00,-1,-1,-1
96,262,889.00,362.00,199.00,123.00,1.00,-1,-1,-1
96,270,200.00,834.00,26.00,18.00,1.00,-1,-1,-1
96,278,953.00,438.00,42.00,19.00,1.00,-1,-1,-1
96,280,231.00,1073.00,24.00,14.00,1.00,-1,-1,-1
96,284,27.00,748.00,29.00,36.00,1.00,-1,-1,-1
96,290,831.00,156.00,23.00,9.00,1.00,-1,-1,-1
96,296,679.00,281.00,25.00,32.00,1.00,-1,-1,-1
96,299,1214.00,532.00,19.00,14.00,1.00,-1,-1,-1
96,301,187.00,153.00,24.00,218.00,1.00,-1,-1,-1
96,305,987.00,339.00,13.00,15.00,1.00,-1,-1,-1
96,306,563.00,506.00,10.00,15.00,1.00,-1,-1,-1
96,307,1257.00,293.00,10.00,20.00,1.00,-1,-1,-1
96,309,695.00,286.00,20.00,24.00,1.00,-1,-1,-1
96,312,665.00,439.00,20.00,16.00,1.00,-1,-1,-1
96,316,706.00,809.00,15.00,14.00,1.00,-1,-1,-1
96,318,944.00,1056.00,18.00,28.00,1.00,-1,-1,-1
96,325,632.00,280.00,100.00,33.00,1.00,-1,-1,-1
96,329,1673.00,923.00,19.00,37.00,1.00,-1,-1,-1
96,332,283.00,224.00,8.00,16.00,1.00,-1,-1,-1
96,333,124.00,945.00,43.00,34.00,1.00,-1,-1,-1
96,345,17.00,830.00,11.00,33.00,1.00,-1,-1,-1
96,350,821.00,145.00,14.00,20.00,1.00,-1,-1,-1
96,352,1165.00,712.00,13.00,33.00,1.00,-1,-1,-1
96,354,1161.00,512.00,16.00,13.00,1.00,-1,-1,-1
96,356,-2.00,583.00,82.00,398.00,1.00,-1,-1,-1
96,360,1291.00,403.00,134.00,77.00,1.00,-1,-1,-1
96,361,194.00,1007.00,147.00,111.00,1.00,-1,-1,-1
96,362,693.00,288.00,15.00,13.00,1.00,-1,-1,-1
96,363,586.00,357.00,19.00,18.00,1.00,-1,-1,-1
96,364,1705.00,1028.00,17.00,112.00,1.00,-1,-1,-1
96,365,1058.00,327.00,25.00,18.00,1.00,-1,-1,-1
96,373,682.00,279.00,64.00,31.00,1.00,-1,-1,-1
96,375,1220.00,674.00,14.00,45.00,1.00,-1,-1,-1
96,377,944.00,1056.00,17.00,28.00,1.00,-1,-1,-1
96,379,-1.00,646.00,23.00,34.00,1.00,-1,-1,-1
96,382,867.00,261.00,41.00,40.00,1.00,-1,-1,-1
96,387,484.00,179.00,16.00,28.00,1.00,-1,-1,-1
96,388,1252.00,224.00,18.00,48.00,1.00,-1,-1,-1
96,389,564.00,257.00,16.00,15.00,1.00,-1,-1,-1
96,390,1700.00,1011.00,9.00,29.00,1.00,-1,-1,-1
96,397,-10.00,0.00,40.00,7.00,1.00,-1,-1,-1
96,400,618.00,0.00,42.00,7.00,1.00,-1,-1,-1
96,401,62.00,0.00,33.00,6.00,1.00,-1,-1,-1
96,402,163.00,0.00,52.00,7.00,1.00,-1,-1,-1
96,403,1214.00,413.00,78.00,26.00,1.00,-1,-1,-1
96,405,0.00,746.00,35.00,30.00,1.00,-1,-1,-1
96,412,156.00,949.00,14.00,15.00,1.00,-1,-1,-1
96,415,189.00,835.00,23.00,21.00,1.00,-1,-1,-1
96,423,1056.00,594.00,15.00,18.00,1.00,-1,-1,-1
96,426,788.00,590.00,61.00,45.00,1.00,-1,-1,-1
96,427,1167.00,641.00,16.00,36.00,1.00,-1,-1,-1
96,428,1099.00,656.00,30.00,29.00,1.00,-1,-1,-1
96,429,306.00,309.00,13.00,18.00,1.00,-1,-1,-1
96,434,841.00,161.00,20.00,7.00,1.00,-1,-1,-1
96,443,1371.00,0.00,212.00,325.00,1.00,-1,-1,-1
96,444,753.00,108.00,12.00,15.00,1.00,-1,-1,-1
96,445,691.00,76.00,12.00,14.00,1.00,-1,-1,-1
96,446,596.00,672.00,12.00,15.00,1.00,-1,-1,-1
96,447,948.00,860.00,11.00,14.00,1.00,-1,-1,-1
96,448,923.00,610.00,12.00,21.00,1.00,-1,-1,-1
96,450,1507.00,667.00,15.00,12.00,1.00,-1,-1,-1
96,451,642.00,90.00,36.00,15.00,1.00,-1,-1,-1
96,452,926.00,752.00,14.00,15.00,1.00,-1,-1,-1
96,453,781.00,82.00,39.00,28.00,1.00,-1,-1,-1
96,454,279.00,210.00,27.00,30.00,1.00,-1,-1,-1
96,455,1215.00,732.00,16.00,26.00,1.00,-1,-1,-1
96,456,854.00,79.00,22.00,9.00,1.00,-1,-1,-1
96,457,1526.00,805.00,18.00,16.00,1.00,-1,-1,-1
96,458,1190.00,324.00,109.00,52.00,1.00,-1,-1,-1
96,459,1514.00,866.00,150.00,41.00,1.00,-1,-1,-1
96,461,543.00,256.00,37.00,27.00,1.00,-1,-1,-1
96,476,694.00,312.00,193.00,27.00,1.00,-1,-1,-1
97,5,943.00,1012.00,27.00,59.00,1.00,-1,-1,-1
97,6,952.00,1015.00,18.00,22.00,1.00,-1,-1,-1
97,9,1014.00,1009.00,43.00,30.00,1.00,-1,-1,-1
97,10,596.00,984.00,139.00,66.00,1.00,-1,-1,-1
97,11,797.00,373.00,226.00,183.00,1.00,-1,-1,-1
97,12,1352.00,605.00,170.00,115.00,1.00,-1,-1,-1
97,15,615.00,976.00,128.00,72.00,1.00,-1,-1,-1
97,18,1122.00,463.00,78.00,30.00,1.00,-1,-1,-1
97,21,642.00,272.00,38.00,45.00,1.00,-1,-1,-1
97,32,681.00,620.00,12.00,13.00,1.00,-1,-1,-1
97,34,735.00,275.00,13.00,42.00,1.00,-1,-1,-1
97,37,676.00,279.00,19.00,33.00,1.00,-1,-1,-1
97,38,942.00,441.00,46.00,44.00,1.00,-1,-1,-1
97,40,713.00,292.00,29.00,25.00,1.00,-1,-1,-1
97,41,1434.00,534.00,25.00,44.00,1.00,-1,-1,-1
97,44,652.00,289.00,231.00,49.00,1.00,-1,-1,-1
97,45,244.00,1010.00,162.00,121.00,1.00,-1,-1,-1
97,48,705.00,283.00,23.00,61.00,1.00,-1,-1,-1
97,49,727.00,291.00,15.00,11.00,1.00,-1,-1,-1
97,50,797.00,297.00,13.00,19.00,1.00,-1,-1,-1
97,54,791.00,740.00,13.00,23.00,1.00,-1,-1,-1
97,72,919.00,877.00,11.00,15.00,1.00,-1,-1,-1
97,73,1167.00,538.00,64.00,45.00,1.00,-1,-1,-1
97,76,992.00,462.00,11.00,32.00,1.00,-1,-1,-1
97,77,1160.00,482.00,208.00,46.00,1.00,-1,-1,-1
97,93,322.00,1070.00,21.00,20.00,1.00,-1,-1,-1
97,100,1047.00,975.00,11.00,36.00,1.00,-1,-1,-1
97,112,1257.00,432.00,54.00,12.00,1.00,-1,-1,-1
97,113,997.00,447.00,27.00,20.00,1.00,-1,-1,-1
97,114,1365.00,434.00,22.00,16.00,1.00,-1,-1,-1
97,116,968.00,452.00,118.00,23.00,1.00,-1,-1,-1
97,126,1195.00,567.00,34.00,16.00,1.00,-1,-1,-1
97,129,930.00,990.00,29.00,21.00,1.00,-1,-1,-1
97,135,454.00,265.00,499.00,99.00,1.00,-1,-1,-1
97,139,944.00,983.00,21.00,16.00,1.00,-1,-1,-1
97,142,1310.00,626.00,52.00,14.00,1.00,-1,-1,-1
97,147,1699.00,1032.00,18.00,51.00,1.00,-1,-1,-1
97,148,966.00,998.00,40.00,25.00,1.00,-1,-1,-1
97,149,417.00,1017.00,22.00,105.00,1.00,-1,-1,-1
97,153,1694.00,987.00,11.00,41.00,1.00,-1,-1,-1
97,158,642.00,1018.00,722.00,103.00,1.00,-1,-1,-1
97,166,638.00,302.00,75.00,45.00,1.00,-1,-1,-1
97,174,707.00,287.00,39.00,42.00,1.00,-1,-1,-1
97,179,245.00,884.00,19.00,25.00,1.00,-1,-1,-1
97,186,771.00,1016.00,17.00,8.00,1.00,-1,-1,-1
97,193,1157.00,994.00,41.00,65.00,1.00,-1,-1,-1
97,201,678.00,1005.00,11.00,12.00,1.00,-1,-1,-1
97,212,981.00,447.00,44.00,27.00,1.00,-1,-1,-1
97,216,892.00,1058.00,18.00,26.00,1.00,-1,-1,-1
97,218,442.00,970.00,1030.00,104.00,1.00,-1,-1,-1
97,219,1355.00,510.00,33.00,37.00,1.00,-1,-1,-1
97,221,166.00,593.00,14.00,44.00,1.00,-1,-1,-1
97,222,211.00,1003.00,41.00,33.00,1.00,-1,-1,-1
97,225,274.00,1020.00,30.00,49.00,1.00,-1,-1,-1
97,243,87.00,615.00,7.00,49.00,1.00,-1,-1,-1
97,244,1101.00,462.00,194.00,67.00,1.00,-1,-1,-1
97,246,182.00,1068.00,17.00,22.00,1.00,-1,-1,-1
97,254,696.00,284.00,65.00,44.00,1.00,-1,-1,-1
97,257,1104.00,303.00,29.00,22.00,1.00,-1,-1,-1
97,259,100.00,1072.00,17.00,22.00,1.00,-1,-1,-1
97,262,888.00,367.00,199.00,123.00,1.00,-1,-1,-1
97,270,199.00,838.00,26.00,18.00,1.00,-1,-1,-1
97,278,948.00,445.00,42.00,19.00,1.00,-1,-1,-1
97,280,231.00,1073.00,24.00,14.00,1.00,-1,-1,-1
97,284,27.00,753.00,29.00,36.00,1.00,-1,-1,-1
97,290,829.00,161.00,23.00,9.00,1.00,-1,-1,-1
97,296,673.00,279.00,25.00,32.00,1.00,-1,-1,-1
97,299,1213.00,537.00,19.00,14.00,1.00,-1,-1,-1
97,301,186.00,156.00,24.00,218.00,1.00,-1,-1,-1
97,305,986.00,344.00,13.00,15.00,1.00,-1,-1,-1
97,306,562.00,511.00,10.00,15.00,1.00,-1,-1,-1
97,307,1256.00,297.00,10.00,20.00,1.00,-1,-1,-1
97,309,691.00,284.00,20.00,24.00,1.00,-1,-1,-1
97,312,664.00,444.00,20.00,16.00,1.00,-1,-1,-1
97,316,706.00,814.00,15.00,14.00,1.00,-1,-1,-1
97,318,947.00,1056.00,18.00,28.00,1.00,-1,-1,-1
97,325,626.00,278.00,100.00,33.00,1.00,-1,-1,-1
97,329,1672.00,926.00,19.00,37.00,1.00,-1,-1,-1
97,332,282.00,229.00,8.00,16.00,1.00,-1,-1,-1
97,333,123.00,950.00,43.00,34.00,1.00,-1,-1,-1
97,345,16.00,835.00,11.00,33.00,1.00,-1,-1,-1
97,350,820.00,150.00,14.00,20.00,1.00,-1,-1,-1
97,352,1164.00,717.00,13.00,33.00,1.00,-1,-1,-1
97,354,1160.00,517.00,16.00,13.00,1.00,-1,-1,-1
97,356,-3.00,588.00,82.00,398.00,1.00,-1,-1,-1
97,360,1290.00,408.00,134.00,77.00,1.00,-1,-1,-1
97,361,194.00,1013.00,147.00,111.00,1.00,-1,-1,-1
97,362,688.00,286.00,15.00,13.00,1.00,-1,-1,-1
97,363,585.00,362.00,19.00,18.00,1.00,-1,-1,-1
97,364,1704.00,1028.00,17.00,112.00,1.00,-1,-1,-1
97,365,1057.00,333.00,25.00,18.00,1.00,-1,-1,-1
97,373,680.00,278.00,64.00,31.00,1.00,-1,-1,-1
97,375,1219.00,678.00,14.00,45.00,1.00,-1,-1,-1
97,377,945.00,1061.00,17.00,28.00,1.00,-1,-1,-1
97,379,-2.00,651.00,23.00,34.00,1.00,-1,-1,-1
97,382,866.00,266.00,41.00,40.00,1.00,-1,-1,-1
97,387,483.00,184.00,16.00,28.00,1.00,-1,-1,-1
97,388,1251.00,228.00,18.00,48.00,1.00,-1,-1,-1
97,389,560.00,251.00,16.00,15.00,1.00,-1,-1,-1
97,390,1700.00,1016.00,9.00,29.00,1.00,-1,-1,-1
97,397,-10.00,0.00,40.00,7.00,1.00,-1,-1,-1
97,400,618.00,0.00,42.00,7.00,1.00,-1,-1,-1
97,401,62.00,0.00,33.00,6.00,1.00,-1,-1,-1
97,402,163.00,0.00,52.00,7.00,1.00,-1,-1,-1
97,403,1213.00,418.00,78.00,26.00,1.00,-1,-1,-1
97,405,0.00,751.00,35.00,30.00,1.00,-1,-1,-1
97,412,155.00,954.00,14.00,15.00,1.00,-1,-1,-1
97,415,189.00,839.00,23.00,21.00,1.00,-1,-1,-1
97,423,1055.00,599.00,15.00,18.00,1.00,-1,-1,-1
97,426,787.00,595.00,61.00,45.00,1.00,-1,-1,-1
97,427,1166.00,646.00,16.00,36.00,1.00,-1,-1,-1
97,428,1098.00,661.00,30.00,29.00,1.00,-1,-1,-1
97,429,305.00,313.00,13.00,18.00,1.00,-1,-1,-1
97,434,840.00,166.00,20.00,7.00,1.00,-1,-1,-1
97,443,1402.00,16.00,212.00,325.00,1.00,-1,-1,-1
97,444,752.00,112.00,12.00,15.00,1.00,-1,-1,-1
97,445,690.00,81.00,12.00,14.00,1.00,-1,-1,-1
97,446,595.00,677.00,12.00,15.00,1.00,-1,-1,-1
97,447,947.00,865.00,11.00,14.00,1.00,-1,-1,-1
97,448,923.00,615.00,12.00,21.00,1.00,-1,-1,-1
97,450,1506.00,672.00,15.00,12.00,1.00,-1,-1,-1
97,451,641.00,96.00,36.00,15.00,1.00,-1,-1,-1
97,452,925.00,757.00,14.00,15.00,1.00,-1,-1,-1
97,453,781.00,86.00,39.00,28.00,1.00,-1,-1,-1
97,454,278.00,215.00,27.00,30.00,1.00,-1,-1,-1
97,455,1214.00,737.00,16.00,26.00,1.00,-1,-1,-1
97,456,853.00,84.00,22.00,9.00,1.00,-1,-1,-1
97,457,1525.00,810.00,18.00,16.00,1.00,-1,-1,-1
97,458,1189.00,328.00,109.00,52.00,1.00,-1,-1,-1
97,459,1512.00,871.00,150.00,41.00,1.00,-1,-1,-1
97,461,539.00,250.00,37.00,27.00,1.00,-1,-1,-1
97,476,707.00,308.00,193.00,27.00,1.00,-1,-1,-1
98,5,943.00,1018.00,27.00,59.00,1.00,-1,-1,-1
98,6,952.00,1021.00,18.00,22.00,1.00,-1,-1,-1
98,9,1014.00,1014.00,43.00,30.00,1.00,-1,-1,-1
98,10,1019.00,859.00,139.00,66.00,1.00,-1,-1,-1
98,11,789.00,366.00,233.00,195.00,1.00,-1,-1,-1
98,12,1351.00,611.00,170.00,115.00,1.00,-1,-1,-1
98,15,649.00,1012.00,128.00,72.00,1.00,-1,-1,-1
98,18,1122.00,469.00,78.00,30.00,1.00,-1,-1,-1
98,21,639.00,269.00,38.00,45.00,1.00,-1,-1,-1
98,32,681.00,626.00,12.00,13.00,1.00,-1,-1,-1
98,34,729.00,274.00,13.00,42.00,1.00,-1,-1,-1
98,37,671.00,276.00,19.00,33.00,1.00,-1,-1,-1
98,38,938.00,447.00,46.00,44.00,1.00,-1,-1,-1
98,40,707.00,291.00,29.00,25.00,1.00,-1,-1,-1
98,41,1433.00,540.00,25.00,44.00,1.00,-1,-1,-1
98,44,659.00,293.00,214.00,46.00,1.00,-1,-1,-1
98,45,244.00,1010.00,162.00,121.00,1.00,-1,-1,-1
98,48,700.00,281.00,23.00,61.00,1.00,-1,-1,-1
98,49,721.00,290.00,15.00,11.00,1.00,-1,-1,-1
98,50,788.00,297.00,13.00,19.00,1.00,-1,-1,-1
98,54,791.00,746.00,13.00,23.00,1.00,-1,-1,-1
98,72,918.00,883.00,11.00,15.00,1.00,-1,-1,-1
98,73,1166.00,543.00,64.00,45.00,1.00,-1,-1,-1
98,76,987.00,470.00,11.00,32.00,1.00,-1,-1,-1
98,77,1160.00,487.00,208.00,46.00,1.00,-1,-1,-1
98,93,322.00,1070.00,21.00,20.00,1.00,-1,-1,-1
98,100,1036.00,810.00,11.00,36.00,1.00,-1,-1,-1
98,112,1257.00,438.00,54.00,12.00,1.00,-1,-1,-1
98,113,993.00,454.00,27.00,20.00,1.00,-1,-1,-1
98,114,1364.00,439.00,22.00,16.00,1.00,-1,-1,-1
98,116,964.00,459.00,118.00,23.00,1.00,-1,-1,-1
98,126,1194.00,573.00,34.00,16.00,1.00,-1,-1,-1
98,129,941.00,966.00,29.00,21.00,1.00,-1,-1,-1
98,135,448.00,263.00,499.00,99.00,1.00,-1,-1,-1
98,139,955.00,980.00,21.00,16.00,1.00,-1,-1,-1
98,142,1310.00,631.00,52.00,14.00,1.00,-1,-1,-1
98,147,1711.00,1050.00,18.00,51.00,1.00,-1,-1,-1
98,148,966.00,998.00,40.00,25.00,1.00,-1,-1,-1
98,149,414.00,1017.00,22.00,105.00,1.00,-1,-1,-1
98,153,1694.00,993.00,11.00,41.00,1.00,-1,-1,-1
98,158,789.00,1025.00,722.00,103.00,1.00,-1,-1,-1
98,166,633.00,299.00,75.00,45.00,1.00,-1,-1,-1
98,174,701.00,285.00,39.00,42.00,1.00,-1,-1,-1
98,179,245.00,889.00,19.00,25.00,1.00,-1,-1,-1
98,186,770.00,1022.00,17.00,8.00,1.00,-1,-1,-1
98,193,1156.00,999.00,41.00,65.00,1.00,-1,-1,-1
98,201,681.00,1023.00,11.00,12.00,1.00,-1,-1,-1
98,212,978.00,454.00,44.00,27.00,1.00,-1,-1,-1
98,216,897.00,1058.00,18.00,26.00,1.00,-1,-1,-1
98,218,442.00,976.00,1030.00,104.00,1.00,-1,-1,-1
98,219,1355.00,516.00,33.00,37.00,1.00,-1,-1,-1
98,221,166.00,599.00,14.00,44.00,1.00,-1,-1,-1
98,222,210.00,1008.00,41.00,33.00,1.00,-1,-1,-1
98,225,274.00,1026.00,30.00,49.00,1.00,-1,-1,-1
98,243,87.00,620.00,7.00,49.00,1.00,-1,-1,-1
98,244,1100.00,467.00,194.00,67.00,1.00,-1,-1,-1
98,246,182.00,1068.00,17.00,22.00,1.00,-1,-1,-1
98,254,690.00,282.00,65.00,44.00,1.00,-1,-1,-1
98,257,1103.00,309.00,29.00,22.00,1.00,-1,-1,-1
98,259,91.00,1072.00,17.00,22.00,1.00,-1,-1,-1
98,262,888.00,373.00,199.00,123.00,1.00,-1,-1,-1
98,270,198.00,844.00,26.00,18.00,1.00,-1,-1,-1
98,278,945.00,451.00,42.00,19.00,1.00,-1,-1,-1
98,280,231.00,1073.00,24.00,14.00,1.00,-1,-1,-1
98,284,26.00,758.00,29.00,36.00,1.00,-1,-1,-1
98,290,830.00,166.00,23.00,9.00,1.00,-1,-1,-1
98,296,668.00,277.00,25.00,32.00,1.00,-1,-1,-1
98,299,1212.00,543.00,19.00,14.00,1.00,-1,-1,-1
98,301,185.00,161.00,24.00,218.00,1.00,-1,-1,-1
98,305,985.00,350.00,13.00,15.00,1.00,-1,-1,-1
98,306,562.00,517.00,10.00,15.00,1.00,-1,-1,-1
98,307,1256.00,303.00,10.00,20.00,1.00,-1,-1,-1
98,309,686.00,282.00,20.00,24.00,1.00,-1,-1,-1
98,312,664.00,449.00,20.00,16.00,1.00,-1,-1,-1
98,316,705.00,819.00,15.00,14.00,1.00,-1,-1,-1
98,318,949.00,1064.00,18.00,28.00,1.00,-1,-1,-1
98,325,622.00,275.00,100.00,33.00,1.00,-1,-1,-1
98,329,1672.00,932.00,19.00,37.00,1.00,-1,-1,-1
98,332,282.00,234.00,8.00,16.00,1.00,-1,-1,-1
98,333,123.00,955.00,43.00,34.00,1.00,-1,-1,-1
98,345,16.00,841.00,11.00,33.00,1.00,-1,-1,-1
98,350,820.00,156.00,14.00,20.00,1.00,-1,-1,-1
98,352,1164.00,723.00,13.00,33.00,1.00,-1,-1,-1
98,354,1159.00,523.00,16.00,13.00,1.00,-1,-1,-1
98,356,-3.00,593.00,82.00,398.00,1.00,-1,-1,-1
98,360,1290.00,413.00,134.00,77.00,1.00,-1,-1,-1
98,361,194.00,1019.00,147.00,111.00,1.00,-1,-1,-1
98,362,684.00,284.00,15.00,13.00,1.00,-1,-1,-1
98,363,585.00,367.00,19.00,18.00,1.00,-1,-1,-1
98,364,1704.00,1028.00,17.00,112.00,1.00,-1,-1,-1
98,365,1057.00,338.00,25.00,18.00,1.00,-1,-1,-1
98,373,674.00,276.00,64.00,31.00,1.00,-1,-1,-1
98,375,1219.00,684.00,14.00,45.00,1.00,-1,-1,-1
98,377,945.00,1061.00,17.00,28.00,1.00,-1,-1,-1
98,379,-2.00,656.00,23.00,34.00,1.00,-1,-1,-1
98,382,866.00,271.00,41.00,40.00,1.00,-1,-1,-1
98,387,482.00,189.00,16.00,28.00,1.00,-1,-1,-1
98,388,1251.00,234.00,18.00,48.00,1.00,-1,-1,-1
98,389,573.00,248.00,16.00,15.00,1.00,-1,-1,-1
98,390,1699.00,1021.00,9.00,29.00,1.00,-1,-1,-1
98,397,-10.00,0.00,40.00,7.00,1.00,-1,-1,-1
98,400,620.00,0.00,42.00,7.00,1.00,-1,-1,-1
98,401,62.00,0.00,33.00,6.00,1.00,-1,-1,-1
98,402,163.00,0.00,52.00,7.00,1.00,-1,-1,-1
98,403,1212.00,424.00,78.00,26.00,1.00,-1,-1,-1
98,405,0.00,756.00,35.00,30.00,1.00,-1,-1,-1
98,406,6.00,855.00,21.00,13.00,1.00,-1,-1,-1
98,412,155.00,959.00,14.00,15.00,1.00,-1,-1,-1
98,415,188.00,845.00,23.00,21.00,1.00,-1,-1,-1
98,423,1054.00,605.00,15.00,18.00,1.00,-1,-1,-1
98,426,787.00,601.00,61.00,45.00,1.00,-1,-1,-1
98,427,1165.00,651.00,16.00,36.00,1.00,-1,-1,-1
98,428,1098.00,667.00,30.00,29.00,1.00,-1,-1,-1
98,429,305.00,319.00,13.00,18.00,1.00,-1,-1,-1
98,434,840.00,172.00,20.00,7.00,1.00,-1,-1,-1
98,443,1436.00,34.00,212.00,325.00,1.00,-1,-1,-1
98,444,752.00,118.00,12.00,15.00,1.00,-1,-1,-1
98,445,690.00,87.00,12.00,14.00,1.00,-1,-1,-1
98,446,594.00,683.00,12.00,15.00,1.00,-1,-1,-1
98,447,947.00,870.00,11.00,14.00,1.00,-1,-1,-1
98,448,922.00,621.00,12.00,21.00,1.00,-1,-1,-1
98,450,1506.00,677.00,15.00,12.00,1.00,-1,-1,-1
98,451,641.00,101.00,36.00,15.00,1.00,-1,-1,-1
98,452,925.00,762.00,14.00,15.00,1.00,-1,-1,-1
98,453,780.00,92.00,39.00,28.00,1.00,-1,-1,-1
98,454,278.00,220.00,27.00,30.00,1.00,-1,-1,-1
98,455,1214.00,742.00,16.00,26.00,1.00,-1,-1,-1
98,456,853.00,89.00,22.00,9.00,1.00,-1,-1,-1
98,457,1525.00,816.00,18.00,16.00,1.00,-1,-1,-1
98,458,1189.00,334.00,109.00,52.00,1.00,-1,-1,-1
98,459,1511.00,876.00,150.00,41.00,1.00,-1,-1,-1
98,461,536.00,245.00,37.00,27.00,1.00,-1,-1,-1
98,474,1634.00,1025.00,52.00,31.00,1.00,-1,-1,-1
98,476,699.00,307.00,193.00,27.00,1.00,-1,-1,-1
98,482,1522.00,200.00,83.00,93.00,1.00,-1,-1,-1
99,5,943.00,1018.00,27.00,59.00,1.00,-1,-1,-1
99,6,952.00,1021.00,18.00,22.00,1.00,-1,-1,-1
99,9,1014.00,1014.00,43.00,30.00,1.00,-1,-1,-1
99,10,1019.00,859.00,139.00,66.00,1.00,-1,-1,-1
99,11,789.00,366.00,233.00,195.00,1.00,-1,-1,-1
99,12,1351.00,611.00,170.00,115.00,1.00,-1,-1,-1
99,15,649.00,1012.00,128.00,72.00,1.00,-1,-1,-1
99,18,1122.00,469.00,78.00,30.00,1.00,-1,-1,-1
99,21,639.00,269.00,38.00,45.00,1.00,-1,-1,-1
99,32,681.00,626.00,12.00,13.00,1.00,-1,-1,-1
99,34,729.00,274.00,13.00,42.00,1.00,-1,-1,-1
99,37,671.00,276.00,19.00,33.00,1.00,-1,-1,-1
99,38,938.00,447.00,46.00,44.00,1.00,-1,-1,-1
99,40,707.00,291.00,29.00,25.00,1.00,-1,-1,-1
99,41,1433.00,540.00,25.00,44.00,1.00,-1,-1,-1
99,44,659.00,293.00,214.00,46.00,1.00,-1,-1,-1
99,45,244.00,1010.00,162.00,121.00,1.00,-1,-1,-1
99,48,700.00,281.00,23.00,61.00,1.00,-1,-1,-1
99,49,721.00,290.00,15.00,11.00,1.00,-1,-1,-1
99,50,788.00,297.00,13.00,19.00,1.00,-1,-1,-1
99,54,791.00,746.00,13.00,23.00,1.00,-1,-1,-1
99,72,918.00,883.00,11.00,15.00,1.00,-1,-1,-1
99,73,1166.00,543.00,64.00,45.00,1.00,-1,-1,-1
99,76,987.00,470.00,11.00,32.00,1.00,-1,-1,-1
99,77,1160.00,487.00,208.00,46.00,1.00,-1,-1,-1
99,93,322.00,1070.00,21.00,20.00,1.00,-1,-1,-1
99,100,1036.00,810.00,11.00,36.00,1.00,-1,-1,-1
99,112,1257.00,438.00,54.00,12.00,1.00,-1,-1,-1
99,113,993.00,454.00,27.00,20.00,1.00,-1,-1,-1
99,114,1364.00,439.00,22.00,16.00,1.00,-1,-1,-1
99,116,964.00,459.00,118.00,23.00,1.00,-1,-1,-1
99,126,1194.00,573.00,34.00,16.00,1.00,-1,-1,-1
99,129,941.00,966.00,29.00,21.00,1.00,-1,-1,-1
99,135,448.00,263.00,499.00,99.00,1.00,-1,-1,-1
99,139,955.00,980.00,21.00,16.00,1.00,-1,-1,-1
99,142,1310.00,631.00,52.00,14.00,1.00,-1,-1,-1
99,147,1711.00,1050.00,18.00,51.00,1.00,-1,-1,-1
99,148,966.00,998.00,40.00,25.00,1.00,-1,-1,-1
99,149,414.00,1017.00,22.00,105.00,1.00,-1,-1,-1
99,153,1694.00,993.00,11.00,41.00,1.00,-1,-1,-1
99,158,789.00,1025.00,722.00,103.00,1.00,-1,-1,-1
99,166,633.00,299.00,75.00,45.00,1.00,-1,-1,-1
99,174,701.00,285.00,39.00,42.00,1.00,-1,-1,-1
99,179,245.00,889.00,19.00,25.00,1.00,-1,-1,-1
99,186,770.00,1022.00,17.00,8.00,1.00,-1,-1,-1
99,193,1156.00,999.00,41.00,65.00,1.00,-1,-1,-1
99,201,681.00,1023.00,11.00,12.00,1.00,-1,-1,-1
99,212,978.00,454.00,44.00,27.00,1.00,-1,-1,-1
99,216,897.00,1058.00,18.00,26.00,1.00,-1,-1,-1
99,218,442.00,976.00,1030.00,104.00,1.00,-1,-1,-1
99,219,1355.00,516.00,33.00,37.00,1.00,-1,-1,-1
99,221,166.00,599.00,14.00,44.00,1.00,-1,-1,-1
99,222,210.00,1008.00,41.00,33.00,1.00,-1,-1,-1
99,225,274.00,1026.00,30.00,49.00,1.00,-1,-1,-1
99,243,87.00,620.00,7.00,49.00,1.00,-1,-1,-1
99,244,1100.00,467.00,194.00,67.00,1.00,-1,-1,-1
99,246,182.00,1068.00,17.00,22.00,1.00,-1,-1,-1
99,254,690.00,282.00,65.00,44.00,1.00,-1,-1,-1
99,257,1103.00,309.00,29.00,22.00,1.00,-1,-1,-1
99,259,90.00,1072.00,17.00,22.00,1.00,-1,-1,-1
99,262,888.00,373.00,199.00,123.00,1.00,-1,-1,-1
99,270,198.00,844.00,26.00,18.00,1.00,-1,-1,-1
99,278,945.00,451.00,42.00,19.00,1.00,-1,-1,-1
99,280,231.00,1073.00,24.00,14.00,1.00,-1,-1,-1
99,284,26.00,758.00,29.00,36.00,1.00,-1,-1,-1
99,290,830.00,166.00,23.00,9.00,1.00,-1,-1,-1
99,296,668.00,277.00,25.00,32.00,1.00,-1,-1,-1
99,299,1212.00,543.00,19.00,14.00,1.00,-1,-1,-1
99,301,185.00,161.00,24.00,218.00,1.00,-1,-1,-1
99,305,985.00,350.00,13.00,15.00,1.00,-1,-1,-1
99,306,562.00,517.00,10.00,15.00,1.00,-1,-1,-1
99,307,1256.00,303.00,10.00,20.00,1.00,-1,-1,-1
99,309,686.00,282.00,20.00,24.00,1.00,-1,-1,-1
99,312,664.00,449.00,20.00,16.00,1.00,-1,-1,-1
99,316,705.00,819.00,15.00,14.00,1.00,-1,-1,-1
99,318,949.00,1064.00,18.00,28.00,1.00,-1,-1,-1
99,325,622.00,275.00,100.00,33.00,1.00,-1,-1,-1
99,329,1672.00,932.00,19.00,37.00,1.00,-1,-1,-1
99,332,282.00,234.00,8.00,16.00,1.00,-1,-1,-1
99,333,123.00,955.00,43.00,34.00,1.00,-1,-1,-1
99,345,15.00,841.00,11.00,33.00,1.00,-1,-1,-1
99,350,820.00,156.00,14.00,20.00,1.00,-1,-1,-1
99,352,1164.00,723.00,13.00,33.00,1.00,-1,-1,-1
99,354,1159.00,523.00,16.00,13.00,1.00,-1,-1,-1
99,356,-3.00,593.00,82.00,398.00,1.00,-1,-1,-1
99,360,1290.00,413.00,134.00,77.00,1.00,-1,-1,-1
99,361,194.00,1019.00,147.00,111.00,1.00,-1,-1,-1
99,362,684.00,284.00,15.00,13.00,1.00,-1,-1,-1
99,363,585.00,367.00,19.00,18.00,1.00,-1,-1,-1
99,364,1704.00,1028.00,17.00,112.00,1.00,-1,-1,-1
99,365,1057.00,338.00,25.00,18.00,1.00,-1,-1,-1
99,373,674.00,276.00,64.00,31.00,1.00,-1,-1,-1
99,375,1219.00,684.00,14.00,45.00,1.00,-1,-1,-1
99,377,945.00,1061.00,17.00,28.00,1.00,-1,-1,-1
99,379,-2.00,656.00,23.00,34.00,1.00,-1,-1,-1
99,382,866.00,271.00,41.00,40.00,1.00,-1,-1,-1
99,387,482.00,189.00,16.00,28.00,1.00,-1,-1,-1
99,388,1251.00,234.00,18.00,48.00,1.00,-1,-1,-1
99,389,573.00,248.00,16.00,15.00,1.00,-1,-1,-1
99,390,1699.00,1021.00,9.00,29.00,1.00,-1,-1,-1
99,397,-10.00,0.00,40.00,7.00,1.00,-1,-1,-1
99,400,620.00,0.00,42.00,7.00,1.00,-1,-1,-1
99,401,61.00,0.00,33.00,6.00,1.00,-1,-1,-1
99,402,163.00,0.00,52.00,7.00,1.00,-1,-1,-1
99,403,1212.00,424.00,78.00,26.00,1.00,-1,-1,-1
99,405,0.00,756.00,35.00,30.00,1.00,-1,-1,-1
99,406,5.00,854.00,21.00,13.00,1.00,-1,-1,-1
99,412,155.00,959.00,14.00,15.00,1.00,-1,-1,-1
99,415,188.00,845.00,23.00,21.00,1.00,-1,-1,-1
99,423,1054.00,605.00,15.00,18.00,1.00,-1,-1,-1
99,426,787.00,601.00,61.00,45.00,1.00,-1,-1,-1
99,427,1165.00,651.00,16.00,36.00,1.00,-1,-1,-1
99,428,1098.00,667.00,30.00,29.00,1.00,-1,-1,-1
99,429,305.00,319.00,13.00,18.00,1.00,-1,-1,-1
99,434,840.00,172.00,20.00,7.00,1.00,-1,-1,-1
99,443,1436.00,34.00,212.00,325.00,1.00,-1,-1,-1
99,444,752.00,118.00,12.00,15.00,1.00,-1,-1,-1
99,445,690.00,87.00,12.00,14.00,1.00,-1,-1,-1
99,446,594.00,683.00,12.00,15.00,1.00,-1,-1,-1
99,447,946.00,870.00,11.00,14.00,1.00,-1,-1,-1
99,448,922.00,621.00,12.00,21.00,1.00,-1,-1,-1
99,450,1506.00,677.00,15.00,12.00,1.00,-1,-1,-1
99,451,641.00,101.00,36.00,15.00,1.00,-1,-1,-1
99,452,925.00,762.00,14.00,15.00,1.00,-1,-1,-1
99,453,780.00,92.00,39.00,28.00,1.00,-1,-1,-1
99,454,278.00,220.00,27.00,30.00,1.00,-1,-1,-1
99,455,1213.00,742.00,16.00,26.00,1.00,-1,-1,-1
99,456,853.00,89.00,22.00,9.00,1.00,-1,-1,-1
99,457,1525.00,816.00,18.00,16.00,1.00,-1,-1,-1
99,458,1189.00,334.00,109.00,52.00,1.00,-1,-1,-1
99,459,1511.00,876.00,150.00,41.00,1.00,-1,-1,-1
99,461,536.00,245.00,37.00,27.00,1.00,-1,-1,-1
99,474,1633.00,1024.00,52.00,31.00,1.00,-1,-1,-1
99,476,699.00,307.00,193.00,27.00,1.00,-1,-1,-1
99,482,1522.00,200.00,83.00,93.00,1.00,-1,-1,-1
100,5,942.00,1023.00,27.00,59.00,1.00,-1,-1,-1
100,6,952.00,1027.00,18.00,22.00,1.00,-1,-1,-1
100,9,1013.00,1017.00,43.00,30.00,1.00,-1,-1,-1
100,10,1018.00,865.00,139.00,66.00,1.00,-1,-1,-1
100,11,803.00,375.00,227.00,188.00,1.00,-1,-1,-1
100,12,1351.00,616.00,170.00,115.00,1.00,-1,-1,-1
100,15,648.00,1018.00,128.00,72.00,1.00,-1,-1,-1
100,18,1122.00,475.00,78.00,30.00,1.00,-1,-1,-1
100,21,636.00,268.00,38.00,45.00,1.00,-1,-1,-1
100,32,680.00,631.00,12.00,13.00,1.00,-1,-1,-1
100,34,724.00,273.00,13.00,42.00,1.00,-1,-1,-1
100,37,667.00,274.00,19.00,33.00,1.00,-1,-1,-1
100,38,935.00,453.00,46.00,44.00,1.00,-1,-1,-1
100,40,702.00,290.00,29.00,25.00,1.00,-1,-1,-1
100,41,1433.00,545.00,25.00,44.00,1.00,-1,-1,-1
100,44,658.00,287.00,203.00,53.00,1.00,-1,-1,-1
100,45,244.00,1010.00,162.00,121.00,1.00,-1,-1,-1
100,48,695.00,280.00,23.00,61.00,1.00,-1,-1,-1
100,49,715.00,289.00,15.00,11.00,1.00,-1,-1,-1
100,50,782.00,299.00,13.00,19.00,1.00,-1,-1,-1
100,54,790.00,751.00,13.00,23.00,1.00,-1,-1,-1
100,72,918.00,889.00,11.00,15.00,1.00,-1,-1,-1
100,73,1166.00,549.00,64.00,45.00,1.00,-1,-1,-1
100,76,984.00,477.00,11.00,32.00,1.00,-1,-1,-1
100,77,1160.00,493.00,208.00,46.00,1.00,-1,-1,-1
100,93,322.00,1070.00,21.00,20.00,1.00,-1,-1,-1
100,100,1035.00,816.00,11.00,36.00,1.00,-1,-1,-1
100,112,1257.00,444.00,54.00,12.00,1.00,-1,-1,-1
100,113,990.00,461.00,27.00,20.00,1.00,-1,-1,-1
100,114,1364.00,445.00,22.00,16.00,1.00,-1,-1,-1
100,116,961.00,466.00,118.00,23.00,1.00,-1,-1,-1
100,126,1194.00,579.00,34.00,16.00,1.00,-1,-1,-1
100,129,941.00,966.00,29.00,21.00,1.00,-1,-1,-1
100,135,443.00,261.00,499.00,99.00,1.00,-1,-1,-1
100,139,955.00,980.00,21.00,16.00,1.00,-1,-1,-1
100,142,1310.00,637.00,52.00,14.00,1.00,-1,-1,-1
100,147,1723.00,1050.00,18.00,51.00,1.00,-1,-1,-1
100,148,966.00,998.00,40.00,25.00,1.00,-1,-1,-1
100,149,412.00,1016.00,22.00,105.00,1.00,-1,-1,-1
100,153,1694.00,1000.00,11.00,41.00,1.00,-1,-1,-1
100,158,795.00,1025.00,722.00,103.00,1.00,-1,-1,-1
100,166,628.00,296.00,75.00,45.00,1.00,-1,-1,-1
100,174,696.00,284.00,39.00,42.00,1.00,-1,-1,-1
100,179,244.00,895.00,19.00,25.00,1.00,-1,-1,-1
100,186,770.00,1027.00,17.00,8.00,1.00,-1,-1,-1
100,193,1156.00,1005.00,41.00,65.00,1.00,-1,-1,-1
100,201,684.00,1022.00,11.00,12.00,1.00,-1,-1,-1
100,212,976.00,461.00,44.00,27.00,1.00,-1,-1,-1
100,216,903.00,1058.00,18.00,26.00,1.00,-1,-1,-1
100,218,442.00,982.00,1030.00,104.00,1.00,-1,-1,-1
100,219,1355.00,521.00,33.00,37.00,1.00,-1,-1,-1
100,221,165.00,605.00,14.00,44.00,1.00,-1,-1,-1
100,222,210.00,1014.00,41.00,33.00,1.00,-1,-1,-1
100,225,273.00,1031.00,30.00,49.00,1.00,-1,-1,-1
100,243,86.00,626.00,7.00,49.00,1.00,-1,-1,-1
100,244,1100.00,473.00,194.00,67.00,1.00,-1,-1,-1
100,246,182.00,1068.00,17.00,22.00,1.00,-1,-1,-1
100,254,685.00,282.00,65.00,44.00,1.00,-1,-1,-1
100,257,1103.00,315.00,29.00,22.00,1.00,-1,-1,-1
100,259,90.00,1072.00,17.00,22.00,1.00,-1,-1,-1
100,262,887.00,378.00,199.00,123.00,1.00,-1,-1,-1
100,270,198.00,850.00,26.00,18.00,1.00,-1,-1,-1
100,278,942.00,458.00,42.00,19.00,1.00,-1,-1,-1
100,284,26.00,764.00,29.00,36.00,1.00,-1,-1,-1
100,290,829.00,172.00,23.00,9.00,1.00,-1,-1,-1
100,296,665.00,275.00,25.00,32.00,1.00,-1,-1,-1
100,299,1212.00,549.00,19.00,14.00,1.00,-1,-1,-1
100,301,185.00,166.00,24.00,218.00,1.00,-1,-1,-1
100,305,985.00,356.00,13.00,15.00,1.00,-1,-1,-1
100,306,561.00,523.00,10.00,15.00,1.00,-1,-1,-1
100,307,1255.00,309.00,10.00,20.00,1.00,-1,-1,-1
100,309,682.00,279.00,20.00,24.00,1.00,-1,-1,-1
100,312,663.00,455.00,20.00,16.00,1.00,-1,-1,-1
100,316,705.00,825.00,15.00,14.00,1.00,-1,-1,-1
100,318,949.00,1064.00,18.00,28.00,1.00,-1,-1,-1
100,325,619.00,273.00,100.00,33.00,1.00,-1,-1,-1
100,329,1671.00,939.00,19.00,37.00,1.00,-1,-1,-1
100,332,282.00,239.00,8.00,16.00,1.00,-1,-1,-1
100,333,123.00,961.00,43.00,34.00,1.00,-1,-1,-1
100,345,15.00,847.00,11.00,33.00,1.00,-1,-1,-1
100,350,820.00,162.00,14.00,20.00,1.00,-1,-1,-1
100,352,1163.00,729.00,13.00,33.00,1.00,-1,-1,-1
100,354,1159.00,528.00,16.00,13.00,1.00,-1,-1,-1
100,356,-3.00,599.00,82.00,398.00,1.00,-1,-1,-1
100,360,1289.00,419.00,134.00,77.00,1.00,-1,-1,-1
100,361,194.00,1019.00,147.00,111.00,1.00,-1,-1,-1
100,362,679.00,282.00,15.00,13.00,1.00,-1,-1,-1
100,363,585.00,373.00,19.00,18.00,1.00,-1,-1,-1
100,364,1704.00,1028.00,17.00,112.00,1.00,-1,-1,-1
100,365,1056.00,344.00,25.00,18.00,1.00,-1,-1,-1
100,373,673.00,275.00,64.00,31.00,1.00,-1,-1,-1
100,375,1218.00,690.00,14.00,45.00,1.00,-1,-1,-1
100,377,945.00,1061.00,17.00,28.00,1.00,-1,-1,-1
100,379,-2.00,662.00,23.00,34.00,1.00,-1,-1,-1
100,382,865.00,277.00,41.00,40.00,1.00,-1,-1,-1
100,387,482.00,195.00,16.00,28.00,1.00,-1,-1,-1
100,388,1250.00,240.00,18.00,48.00,1.00,-1,-1,-1
100,389,573.00,242.00,16.00,15.00,1.00,-1,-1,-1
100,390,1698.00,1019.00,9.00,29.00,1.00,-1,-1,-1
100,397,-11.00,0.00,40.00,7.00,1.00,-1,-1,-1
100,400,622.00,0.00,42.00,7.00,1.00,-1,-1,-1
100,401,59.00,0.00,33.00,6.00,1.00,-1,-1,-1
100,402,165.00,0.00,52.00,7.00,1.00,-1,-1,-1
100,403,1212.00,429.00,78.00,26.00,1.00,-1,-1,-1
100,405,-1.00,762.00,35.00,30.00,1.00,-1,-1,-1
100,406,5.00,860.00,21.00,13.00,1.00,-1,-1,-1
100,412,154.00,965.00,14.00,15.00,1.00,-1,-1,-1
100,415,188.00,851.00,23.00,21.00,1.00,-1,-1,-1
100,423,1054.00,611.00,15.00,18.00,1.00,-1,-1,-1
100,426,786.00,607.00,61.00,45.00,1.00,-1,-1,-1
100,427,1165.00,657.00,16.00,36.00,1.00,-1,-1,-1
100,428,1098.00,672.00,30.00,29.00,1.00,-1,-1,-1
100,429,304.00,324.00,13.00,18.00,1.00,-1,-1,-1
100,434,839.00,178.00,20.00,7.00,1.00,-1,-1,-1
100,443,1471.00,10.00,205.00,362.00,1.00,-1,-1,-1
100,444,751.00,124.00,12.00,15.00,1.00,-1,-1,-1
100,445,690.00,93.00,12.00,14.00,1.00,-1,-1,-1
100,446,594.00,688.00,12.00,15.00,1.00,-1,-1,-1
100,447,946.00,876.00,11.00,14.00,1.00,-1,-1,-1
100,448,922.00,626.00,12.00,21.00,1.00,-1,-1,-1
100,450,1506.00,683.00,15.00,12.00,1.00,-1,-1,-1
100,451,641.00,107.00,36.00,15.00,1.00,-1,-1,-1
100,452,924.00,768.00,14.00,15.00,1.00,-1,-1,-1
100,453,780.00,98.00,39.00,28.00,1.00,-1,-1,-1
100,454,278.00,225.00,27.00,30.00,1.00,-1,-1,-1
100,455,1213.00,748.00,16.00,26.00,1.00,-1,-1,-1
100,456,853.00,95.00,22.00,9.00,1.00,-1,-1,-1
100,457,1525.00,822.00,18.00,16.00,1.00,-1,-1,-1
100,458,1188.00,340.00,109.00,52.00,1.00,-1,-1,-1
100,459,1510.00,882.00,150.00,41.00,1.00,-1,-1,-1
100,461,533.00,239.00,37.00,27.00,1.00,-1,-1,-1
100,470,1031.00,470.00,82.00,22.00,1.00,-1,-1,-1
100,474,1643.00,1010.00,48.00,38.00,1.00,-1,-1,-1
100,476,693.00,308.00,193.00,27.00,1.00,-1,-1,-1
100,481,1643.00,1010.00,48.00,38.00,1.00,-1,-1,-1
100,482,1555.00,218.00,83.00,93.00,1.00,-1,-1,-1
101,5,941.00,1029.00,27.00,59.00,1.00,-1,-1,-1
101,6,950.00,1032.00,18.00,22.00,1.00,-1,-1,-1
101,9,1012.00,1024.00,43.00,30.00,1.00,-1,-1,-1
101,10,1018.00,870.00,139.00,66.00,1.00,-1,-1,-1
101,11,810.00,376.00,241.00,197.00,1.00,-1,-1,-1
101,12,1350.00,622.00,170.00,115.00,1.00,-1,-1,-1
101,15,648.00,1024.00,128.00,72.00,1.00,-1,-1,-1
101,18,1121.00,481.00,78.00,30.00,1.00,-1,-1,-1
101,21,633.00,265.00,38.00,45.00,1.00,-1,-1,-1
101,32,680.00,637.00,12.00,13.00,1.00,-1,-1,-1
101,34,720.00,274.00,13.00,42.00,1.00,-1,-1,-1
101,37,663.00,272.00,19.00,33.00,1.00,-1,-1,-1
101,38,932.00,460.00,46.00,44.00,1.00,-1,-1,-1
101,40,697.00,289.00,29.00,25.00,1.00,-1,-1,-1
101,41,1432.00,551.00,25.00,44.00,1.00,-1,-1,-1
101,44,651.00,286.00,203.00,53.00,1.00,-1,-1,-1
101,45,263.00,1010.00,162.00,121.00,1.00,-1,-1,-1
101,48,690.00,280.00,23.00,61.00,1.00,-1,-1,-1
101,49,712.00,289.00,15.00,11.00,1.00,-1,-1,-1
101,50,776.00,301.00,13.00,19.00,1.00,-1,-1,-1
101,54,789.00,757.00,13.00,23.00,1.00,-1,-1,-1
101,72,917.00,894.00,11.00,15.00,1.00,-1,-1,-1
101,73,1166.00,555.00,64.00,45.00,1.00,-1,-1,-1
101,76,978.00,485.00,11.00,32.00,1.00,-1,-1,-1
101,77,1159.00,499.00,208.00,46.00,1.00,-1,-1,-1
101,93,307.00,1070.00,21.00,20.00,1.00,-1,-1,-1
101,99,1641.00,976.00,46.00,70.00,1.00,-1,-1,-1
101,100,1034.00,823.00,11.00,36.00,1.00,-1,-1,-1
101,112,1256.00,449.00,54.00,12.00,1.00,-1,-1,-1
101,113,988.00,468.00,27.00,20.00,1.00,-1,-1,-1
101,114,1364.00,451.00,22.00,16.00,1.00,-1,-1,-1
101,116,957.00,473.00,118.00,23.00,1.00,-1,-1,-1
101,126,1194.00,584.00,34.00,16.00,1.00,-1,-1,-1
101,129,941.00,966.00,29.00,21.00,1.00,-1,-1,-1
101,135,438.00,260.00,499.00,99.00,1.00,-1,-1,-1
101,139,955.00,980.00,21.00,16.00,1.00,-1,-1,-1
101,142,1309.00,643.00,52.00,14.00,1.00,-1,-1,-1
101,147,1732.00,1050.00,18.00,51.00,1.00,-1,-1,-1
101,148,963.00,1021.00,40.00,25.00,1.00,-1,-1,-1
101,149,410.00,1020.00,22.00,105.00,1.00,-1,-1,-1
101,153,1692.00,1001.00,11.00,41.00,1.00,-1,-1,-1
101,158,795.00,1025.00,722.00,103.00,1.00,-1,-1,-1
101,166,622.00,293.00,75.00,45.00,1.00,-1,-1,-1
101,174,691.00,284.00,39.00,42.00,1.00,-1,-1,-1
101,179,244.00,901.00,19.00,25.00,1.00,-1,-1,-1
101,186,769.00,1034.00,17.00,8.00,1.00,-1,-1,-1
101,193,1155.00,1010.00,41.00,65.00,1.00,-1,-1,-1
101,201,684.00,1022.00,11.00,12.00,1.00,-1,-1,-1
101,212,972.00,468.00,44.00,27.00,1.00,-1,-1,-1
101,216,909.00,1058.00,18.00,26.00,1.00,-1,-1,-1
101,218,441.00,987.00,1030.00,104.00,1.00,-1,-1,-1
101,219,1354.00,527.00,33.00,37.00,1.00,-1,-1,-1
101,221,164.00,611.00,14.00,44.00,1.00,-1,-1,-1
101,222,209.00,1020.00,41.00,33.00,1.00,-1,-1,-1
101,225,272.00,1037.00,30.00,49.00,1.00,-1,-1,-1
101,243,86.00,632.00,7.00,49.00,1.00,-1,-1,-1
101,244,1099.00,479.00,194.00,67.00,1.00,-1,-1,-1
101,246,163.00,1030.00,17.00,22.00,1.00,-1,-1,-1
101,254,680.00,281.00,65.00,44.00,1.00,-1,-1,-1
101,257,1102.00,321.00,29.00,22.00,1.00,-1,-1,-1
101,259,90.00,1072.00,17.00,22.00,1.00,-1,-1,-1
101,262,887.00,384.00,199.00,123.00,1.00,-1,-1,-1
101,270,197.00,856.00,26.00,18.00,1.00,-1,-1,-1
101,278,939.00,464.00,42.00,19.00,1.00,-1,-1,-1
101,284,25.00,770.00,29.00,36.00,1.00,-1,-1,-1
101,290,828.00,178.00,23.00,9.00,1.00,-1,-1,-1
101,296,661.00,273.00,25.00,32.00,1.00,-1,-1,-1
101,299,1212.00,554.00,19.00,14.00,1.00,-1,-1,-1
101,301,184.00,174.00,24.00,218.00,1.00,-1,-1,-1
101,305,985.00,361.00,13.00,15.00,1.00,-1,-1,-1
101,306,560.00,529.00,10.00,15.00,1.00,-1,-1,-1
101,307,1255.00,314.00,10.00,20.00,1.00,-1,-1,-1
101,309,677.00,278.00,20.00,24.00,1.00,-1,-1,-1
101,312,663.00,460.00,20.00,16.00,1.00,-1,-1,-1
101,316,704.00,831.00,15.00,14.00,1.00,-1,-1,-1
101,318,949.00,1064.00,18.00,28.00,1.00,-1,-1,-1
101,325,616.00,271.00,100.00,33.00,1.00,-1,-1,-1
101,326,14.00,918.00,25.00,22.00,1.00,-1,-1,-1
101,329,1670.00,943.00,19.00,37.00,1.00,-1,-1,-1
101,332,281.00,245.00,8.00,16.00,1.00,-1,-1,-1
101,333,122.00,966.00,43.00,34.00,1.00,-1,-1,-1
101,345,15.00,852.00,11.00,33.00,1.00,-1,-1,-1
101,350,819.00,167.00,14.00,20.00,1.00,-1,-1,-1
101,352,1163.00,735.00,13.00,33.00,1.00,-1,-1,-1
101,354,1158.00,534.00,16.00,13.00,1.00,-1,-1,-1
101,356,-4.00,605.00,82.00,398.00,1.00,-1,-1,-1
101,360,1289.00,425.00,134.00,77.00,1.00,-1,-1,-1
101,361,194.00,1019.00,147.00,111.00,1.00,-1,-1,-1
101,362,676.00,281.00,15.00,13.00,1.00,-1,-1,-1
101,363,584.00,379.00,19.00,18.00,1.00,-1,-1,-1
101,364,1704.00,1028.00,17.00,112.00,1.00,-1,-1,-1
101,365,1056.00,349.00,25.00,18.00,1.00,-1,-1,-1
101,373,669.00,274.00,64.00,31.00,1.00,-1,-1,-1
101,375,1218.00,696.00,14.00,45.00,1.00,-1,-1,-1
101,377,945.00,1061.00,17.00,28.00,1.00,-1,-1,-1
101,379,-3.00,668.00,23.00,34.00,1.00,-1,-1,-1
101,382,865.00,283.00,41.00,40.00,1.00,-1,-1,-1
101,387,482.00,201.00,16.00,28.00,1.00,-1,-1,-1
101,388,1250.00,245.00,18.00,48.00,1.00,-1,-1,-1
101,389,571.00,236.00,16.00,15.00,1.00,-1,-1,-1
101,390,1695.00,1006.00,9.00,29.00,1.00,-1,-1,-1
101,397,-10.00,0.00,40.00,7.00,1.00,-1,-1,-1
101,400,622.00,0.00,42.00,7.00,1.00,-1,-1,-1
101,401,58.00,0.00,33.00,6.00,1.00,-1,-1,-1
101,402,165.00,0.00,52.00,7.00,1.00,-1,-1,-1
101,403,1211.00,435.00,78.00,26.00,1.00,-1,-1,-1
101,405,-2.00,768.00,35.00,30.00,1.00,-1,-1,-1
101,406,4.00,866.00,21.00,13.00,1.00,-1,-1,-1
101,412,153.00,971.00,14.00,15.00,1.00,-1,-1,-1
101,415,187.00,857.00,23.00,21.00,1.00,-1,-1,-1
101,423,1053.00,617.00,15.00,18.00,1.00,-1,-1,-1
101,426,785.00,612.00,61.00,45.00,1.00,-1,-1,-1
101,427,1165.00,663.00,16.00,36.00,1.00,-1,-1,-1
101,428,1097.00,678.00,30.00,29.00,1.00,-1,-1,-1
101,429,303.00,330.00,13.00,18.00,1.00,-1,-1,-1
101,434,838.00,183.00,20.00,7.00,1.00,-1,-1,-1
101,443,1506.00,29.00,203.00,359.00,1.00,-1,-1,-1
101,444,751.00,129.00,12.00,15.00,1.00,-1,-1,-1
101,445,689.00,99.00,12.00,14.00,1.00,-1,-1,-1
101,446,593.00,695.00,12.00,15.00,1.00,-1,-1,-1
101,447,945.00,882.00,11.00,14.00,1.00,-1,-1,-1
101,448,921.00,632.00,12.00,21.00,1.00,-1,-1,-1
101,450,1504.00,689.00,15.00,12.00,1.00,-1,-1,-1
101,451,640.00,113.00,36.00,15.00,1.00,-1,-1,-1
101,452,924.00,774.00,14.00,15.00,1.00,-1,-1,-1
101,453,778.00,104.00,39.00,28.00,1.00,-1,-1,-1
101,454,277.00,231.00,27.00,30.00,1.00,-1,-1,-1
101,455,1213.00,754.00,16.00,26.00,1.00,-1,-1,-1
101,456,852.00,101.00,22.00,9.00,1.00,-1,-1,-1
101,457,1524.00,827.00,18.00,16.00,1.00,-1,-1,-1
101,458,1187.00,345.00,109.00,52.00,1.00,-1,-1,-1
101,459,1510.00,888.00,150.00,41.00,1.00,-1,-1,-1
101,461,532.00,232.00,37.00,27.00,1.00,-1,-1,-1
101,470,1030.00,476.00,82.00,22.00,1.00,-1,-1,-1
101,474,1647.00,1003.00,48.00,38.00,1.00,-1,-1,-1
101,476,686.00,310.00,193.00,27.00,1.00,-1,-1,-1
101,481,1647.00,1003.00,48.00,38.00,1.00,-1,-1,-1
101,482,1588.00,236.00,83.00,93.00,1.00,-1,-1,-1
102,5,940.00,1035.00,27.00,59.00,1.00,-1,-1,-1
102,6,949.00,1038.00,18.00,22.00,1.00,-1,-1,-1
102,9,1011.00,1029.00,43.00,30.00,1.00,-1,-1,-1
102,10,1016.00,876.00,139.00,66.00,1.00,-1,-1,-1
102,11,864.00,433.00,193.00,148.00,1.00,-1,-1,-1
102,12,1349.00,628.00,170.00,115.00,1.00,-1,-1,-1
102,15,647.00,1030.00,128.00,72.00,1.00,-1,-1,-1
102,18,1120.00,486.00,78.00,30.00,1.00,-1,-1,-1
102,21,630.00,262.00,38.00,45.00,1.00,-1,-1,-1
102,32,679.00,643.00,12.00,13.00,1.00,-1,-1,-1
102,34,716.00,274.00,13.00,42.00,1.00,-1,-1,-1
102,37,660.00,269.00,19.00,33.00,1.00,-1,-1,-1
102,38,925.00,478.00,46.00,44.00,1.00,-1,-1,-1
102,40,692.00,288.00,29.00,25.00,1.00,-1,-1,-1
102,41,1431.00,557.00,25.00,44.00,1.00,-1,-1,-1
102,44,647.00,278.00,197.00,71.00,1.00,-1,-1,-1
102,45,263.00,1010.00,162.00,121.00,1.00,-1,-1,-1
102,48,683.00,284.00,23.00,61.00,1.00,-1,-1,-1
102,49,711.00,290.00,15.00,11.00,1.00,-1,-1,-1
102,50,772.00,303.00,13.00,19.00,1.00,-1,-1,-1
102,54,788.00,763.00,13.00,23.00,1.00,-1,-1,-1
102,72,916.00,900.00,11.00,15.00,1.00,-1,-1,-1
102,73,1164.00,561.00,64.00,45.00,1.00,-1,-1,-1
102,76,980.00,488.00,11.00,32.00,1.00,-1,-1,-1
102,77,1158.00,505.00,208.00,46.00,1.00,-1,-1,-1
102,93,307.00,1070.00,21.00,20.00,1.00,-1,-1,-1
102,99,1649.00,970.00,46.00,70.00,1.00,-1,-1,-1
102,100,1033.00,828.00,11.00,36.00,1.00,-1,-1,-1
102,112,1255.00,455.00,54.00,12.00,1.00,-1,-1,-1
102,113,983.00,475.00,27.00,20.00,1.00,-1,-1,-1
102,114,1363.00,456.00,22.00,16.00,1.00,-1,-1,-1
102,116,953.00,481.00,118.00,23.00,1.00,-1,-1,-1
102,126,1192.00,590.00,34.00,16.00,1.00,-1,-1,-1
102,129,941.00,966.00,29.00,21.00,1.00,-1,-1,-1
102,135,433.00,259.00,499.00,99.00,1.00,-1,-1,-1
102,139,955.00,980.00,21.00,16.00,1.00,-1,-1,-1
102,142,1308.00,649.00,52.00,14.00,1.00,-1,-1,-1
102,147,1741.00,1050.00,18.00,51.00,1.00,-1,-1,-1
102,148,963.00,1027.00,40.00,25.00,1.00,-1,-1,-1
102,149,408.00,1020.00,22.00,105.00,1.00,-1,-1,-1
102,153,1684.00,983.00,11.00,41.00,1.00,-1,-1,-1
102,158,795.00,1025.00,722.00,103.00,1.00,-1,-1,-1
102,166,613.00,288.00,75.00,45.00,1.00,-1,-1,-1
102,174,685.00,283.00,39.00,42.00,1.00,-1,-1,-1
102,179,242.00,906.00,19.00,25.00,1.00,-1,-1,-1
102,186,767.00,1039.00,17.00,8.00,1.00,-1,-1,-1
102,193,1154.00,1016.00,41.00,65.00,1.00,-1,-1,-1
102,201,681.00,1023.00,11.00,12.00,1.00,-1,-1,-1
102,212,968.00,475.00,44.00,27.00,1.00,-1,-1,-1
102,216,915.00,1058.00,18.00,26.00,1.00,-1,-1,-1
102,218,439.00,993.00,1030.00,104.00,1.00,-1,-1,-1
102,219,1353.00,533.00,33.00,37.00,1.00,-1,-1,-1
102,221,163.00,617.00,14.00,44.00,1.00,-1,-1,-1
102,222,207.00,1026.00,41.00,33.00,1.00,-1,-1,-1
102,225,271.00,1043.00,30.00,49.00,1.00,-1,-1,-1
102,243,84.00,638.00,7.00,49.00,1.00,-1,-1,-1
102,244,1098.00,485.00,194.00,67.00,1.00,-1,-1,-1
102,246,162.00,1036.00,17.00,22.00,1.00,-1,-1,-1
102,254,675.00,280.00,65.00,44.00,1.00,-1,-1,-1
102,257,1101.00,326.00,29.00,22.00,1.00,-1,-1,-1
102,259,82.00,1072.00,17.00,22.00,1.00,-1,-1,-1
102,262,885.00,390.00,199.00,123.00,1.00,-1,-1,-1
102,270,196.00,861.00,26.00,18.00,1.00,-1,-1,-1
102,278,934.00,474.00,42.00,19.00,1.00,-1,-1,-1
102,284,24.00,776.00,29.00,36.00,1.00,-1,-1,-1
102,290,828.00,184.00,23.00,9.00,1.00,-1,-1,-1
102,296,657.00,270.00,25.00,32.00,1.00,-1,-1,-1
102,299,1210.00,560.00,19.00,14.00,1.00,-1,-1,-1
102,301,185.00,190.00,24.00,218.00,1.00,-1,-1,-1
102,305,983.00,367.00,13.00,15.00,1.00,-1,-1,-1
102,306,560.00,534.00,10.00,15.00,1.00,-1,-1,-1
102,307,1254.00,321.00,10.00,20.00,1.00,-1,-1,-1
102,309,673.00,276.00,20.00,24.00,1.00,-1,-1,-1
102,312,662.00,466.00,20.00,16.00,1.00,-1,-1,-1
102,316,703.00,836.00,15.00,14.00,1.00,-1,-1,-1
102,318,949.00,1064.00,18.00,28.00,1.00,-1,-1,-1
102,325,613.00,268.00,100.00,33.00,1.00,-1,-1,-1
102,326,12.00,923.00,25.00,22.00,1.00,-1,-1,-1
102,329,1669.00,949.00,19.00,37.00,1.00,-1,-1,-1
102,332,280.00,251.00,8.00,16.00,1.00,-1,-1,-1
102,333,121.00,972.00,43.00,34.00,1.00,-1,-1,-1
102,345,13.00,858.00,11.00,33.00,1.00,-1,-1,-1
102,350,818.00,173.00,14.00,20.00,1.00,-1,-1,-1
102,352,1161.00,741.00,13.00,33.00,1.00,-1,-1,-1
102,354,1157.00,540.00,16.00,13.00,1.00,-1,-1,-1
102,356,-5.00,611.00,82.00,398.00,1.00,-1,-1,-1
102,360,1288.00,431.00,134.00,77.00,1.00,-1,-1,-1
102,361,194.00,1019.00,147.00,111.00,1.00,-1,-1,-1
102,362,673.00,279.00,15.00,13.00,1.00,-1,-1,-1
102,363,583.00,384.00,19.00,18.00,1.00,-1,-1,-1
102,364,1704.00,1028.00,17.00,112.00,1.00,-1,-1,-1
102,365,1055.00,356.00,25.00,18.00,1.00,-1,-1,-1
102,373,664.00,273.00,64.00,31.00,1.00,-1,-1,-1
102,375,1217.00,702.00,14.00,45.00,1.00,-1,-1,-1
102,377,945.00,1061.00,17.00,28.00,1.00,-1,-1,-1
102,379,-5.00,673.00,23.00,34.00,1.00,-1,-1,-1
102,382,863.00,289.00,41.00,40.00,1.00,-1,-1,-1
102,387,481.00,206.00,16.00,28.00,1.00,-1,-1,-1
102,388,1249.00,251.00,18.00,48.00,1.00,-1,-1,-1
102,389,572.00,229.00,16.00,15.00,1.00,-1,-1,-1
102,390,1687.00,988.00,9.00,29.00,1.00,-1,-1,-1
102,397,-10.00,0.00,40.00,7.00,1.00,-1,-1,-1
102,400,621.00,0.00,42.00,7.00,1.00,-1,-1,-1
102,401,54.00,0.00,33.00,6.00,1.00,-1,-1,-1
102,402,165.00,0.00,52.00,7.00,1.00,-1,-1,-1
102,403,1210.00,441.00,78.00,26.00,1.00,-1,-1,-1
102,405,-3.00,773.00,35.00,30.00,1.00,-1,-1,-1
102,406,3.00,872.00,21.00,13.00,1.00,-1,-1,-1
102,412,152.00,976.00,14.00,15.00,1.00,-1,-1,-1
102,415,186.00,863.00,23.00,21.00,1.00,-1,-1,-1
102,423,1052.00,622.00,15.00,18.00,1.00,-1,-1,-1
102,426,784.00,618.00,61.00,45.00,1.00,-1,-1,-1
102,427,1163.00,668.00,16.00,36.00,1.00,-1,-1,-1
102,428,1096.00,684.00,30.00,29.00,1.00,-1,-1,-1
102,429,303.00,336.00,13.00,18.00,1.00,-1,-1,-1
102,434,838.00,189.00,20.00,7.00,1.00,-1,-1,-1
102,443,1542.00,48.00,203.00,359.00,1.00,-1,-1,-1
102,444,750.00,135.00,12.00,15.00,1.00,-1,-1,-1
102,445,688.00,104.00,12.00,14.00,1.00,-1,-1,-1
102,446,592.00,700.00,12.00,15.00,1.00,-1,-1,-1
102,447,944.00,888.00,11.00,14.00,1.00,-1,-1,-1
102,448,920.00,638.00,12.00,21.00,1.00,-1,-1,-1
102,450,1504.00,695.00,15.00,12.00,1.00,-1,-1,-1
102,451,639.00,118.00,36.00,15.00,1.00,-1,-1,-1
102,452,922.00,779.00,14.00,15.00,1.00,-1,-1,-1
102,453,778.00,109.00,39.00,28.00,1.00,-1,-1,-1
102,454,276.00,237.00,27.00,30.00,1.00,-1,-1,-1
102,455,1211.00,760.00,16.00,26.00,1.00,-1,-1,-1
102,456,851.00,106.00,22.00,9.00,1.00,-1,-1,-1
102,457,1523.00,833.00,18.00,16.00,1.00,-1,-1,-1
102,458,1186.00,351.00,109.00,52.00,1.00,-1,-1,-1
102,459,1510.00,894.00,150.00,41.00,1.00,-1,-1,-1
102,461,538.00,228.00,43.00,36.00,1.00,-1,-1,-1
102,470,1026.00,482.00,82.00,22.00,1.00,-1,-1,-1
102,474,1652.00,997.00,48.00,38.00,1.00,-1,-1,-1
102,476,680.00,312.00,193.00,27.00,1.00,-1,-1,-1
102,481,1652.00,997.00,48.00,38.00,1.00,-1,-1,-1
102,482,1623.00,222.00,71.00,109.00,1.00,-1,-1,-1
103,5,939.00,1041.00,27.00,59.00,1.00,-1,-1,-1
103,6,947.00,1044.00,18.00,22.00,1.00,-1,-1,-1
103,9,1009.00,1035.00,43.00,30.00,1.00,-1,-1,-1
103,10,1014.00,882.00,139.00,66.00,1.00,-1,-1,-1
103,11,835.00,389.00,228.00,201.00,1.00,-1,-1,-1
103,12,1347.00,633.00,170.00,115.00,1.00,-1,-1,-1
103,15,649.00,1030.00,128.00,72.00,1.00,-1,-1,-1
103,18,1118.00,492.00,78.00,30.00,1.00,-1,-1,-1
103,21,627.00,259.00,38.00,45.00,1.00,-1,-1,-1
103,32,677.00,649.00,12.00,13.00,1.00,-1,-1,-1
103,34,713.00,274.00,13.00,42.00,1.00,-1,-1,-1
103,37,655.00,267.00,19.00,33.00,1.00,-1,-1,-1
103,38,928.00,482.00,46.00,44.00,1.00,-1,-1,-1
103,40,688.00,287.00,29.00,25.00,1.00,-1,-1,-1
103,41,1430.00,562.00,25.00,44.00,1.00,-1,-1,-1
103,44,541.00,217.00,303.00,137.00,1.00,-1,-1,-1
103,45,263.00,1010.00,162.00,121.00,1.00,-1,-1,-1
103,48,677.00,286.00,23.00,61.00,1.00,-1,-1,-1
103,49,707.00,290.00,15.00,11.00,1.00,-1,-1,-1
103,50,763.00,304.00,13.00,19.00,1.00,-1,-1,-1
103,54,786.00,769.00,13.00,23.00,1.00,-1,-1,-1
103,72,914.00,906.00,11.00,15.00,1.00,-1,-1,-1
103,73,1162.00,566.00,64.00,45.00,1.00,-1,-1,-1
103,76,983.00,491.00,11.00,32.00,1.00,-1,-1,-1
103,77,1156.00,511.00,208.00,46.00,1.00,-1,-1,-1
103,93,307.00,1070.00,21.00,20.00,1.00,-1,-1,-1
103,99,1674.00,946.00,46.00,70.00,1.00,-1,-1,-1
103,100,1031.00,834.00,11.00,36.00,1.00,-1,-1,-1
103,112,1253.00,461.00,54.00,12.00,1.00,-1,-1,-1
103,113,980.00,481.00,27.00,20.00,1.00,-1,-1,-1
103,114,1361.00,462.00,22.00,16.00,1.00,-1,-1,-1
103,116,951.00,487.00,118.00,23.00,1.00,-1,-1,-1
103,126,1190.00,596.00,34.00,16.00,1.00,-1,-1,-1
103,129,941.00,966.00,29.00,21.00,1.00,-1,-1,-1
103,135,428.00,259.00,499.00,99.00,1.00,-1,-1,-1
103,139,955.00,980.00,21.00,16.00,1.00,-1,-1,-1
103,142,1306.00,655.00,52.00,14.00,1.00,-1,-1,-1
103,147,1747.00,1050.00,18.00,51.00,1.00,-1,-1,-1
103,148,961.00,1033.00,40.00,25.00,1.00,-1,-1,-1
103,149,407.00,1019.00,22.00,105.00,1.00,-1,-1,-1
103,153,1673.00,962.00,11.00,41.00,1.00,-1,-1,-1
103,158,796.00,1025.00,722.00,103.00,1.00,-1,-1,-1
103,166,613.00,284.00,75.00,45.00,1.00,-1,-1,-1
103,174,680.00,283.00,39.00,42.00,1.00,-1,-1,-1
103,179,240.00,912.00,19.00,25.00,1.00,-1,-1,-1
103,186,766.00,1046.00,17.00,8.00,1.00,-1,-1,-1
103,193,1152.00,1023.00,41.00,65.00,1.00,-1,-1,-1
103,201,676.00,1025.00,11.00,12.00,1.00,-1,-1,-1
103,212,965.00,481.00,44.00,27.00,1.00,-1,-1,-1
103,216,915.00,1058.00,18.00,26.00,1.00,-1,-1,-1
103,218,437.00,999.00,1030.00,104.00,1.00,-1,-1,-1
103,219,1351.00,539.00,33.00,37.00,1.00,-1,-1,-1
103,221,161.00,623.00,14.00,44.00,1.00,-1,-1,-1
103,222,205.00,1032.00,41.00,33.00,1.00,-1,-1,-1
103,225,270.00,1049.00,30.00,49.00,1.00,-1,-1,-1
103,243,82.00,643.00,7.00,49.00,1.00,-1,-1,-1
103,244,1096.00,490.00,194.00,67.00,1.00,-1,-1,-1
103,246,160.00,1042.00,17.00,22.00,1.00,-1,-1,-1
103,254,671.00,280.00,65.00,44.00,1.00,-1,-1,-1
103,257,1099.00,332.00,29.00,22.00,1.00,-1,-1,-1
103,259,91.00,1072.00,17.00,22.00,1.00,-1,-1,-1
103,262,884.00,396.00,199.00,123.00,1.00,-1,-1,-1
103,270,194.00,867.00,26.00,18.00,1.00,-1,-1,-1
103,278,930.00,480.00,42.00,19.00,1.00,-1,-1,-1
103,284,22.00,782.00,29.00,36.00,1.00,-1,-1,-1
103,290,826.00,190.00,23.00,9.00,1.00,-1,-1,-1
103,296,653.00,267.00,25.00,32.00,1.00,-1,-1,-1
103,299,1208.00,566.00,19.00,14.00,1.00,-1,-1,-1
103,301,183.00,195.00,24.00,218.00,1.00,-1,-1,-1
103,305,982.00,373.00,13.00,15.00,1.00,-1,-1,-1
103,306,558.00,540.00,10.00,15.00,1.00,-1,-1,-1
103,307,1252.00,326.00,10.00,20.00,1.00,-1,-1,-1
103,309,669.00,275.00,20.00,24.00,1.00,-1,-1,-1
103,312,660.00,472.00,20.00,16.00,1.00,-1,-1,-1
103,316,701.00,842.00,15.00,14.00,1.00,-1,-1,-1
103,318,949.00,1064.00,18.00,28.00,1.00,-1,-1,-1
103,325,609.00,265.00,100.00,33.00,1.00,-1,-1,-1
103,326,11.00,929.00,25.00,22.00,1.00,-1,-1,-1
103,329,1667.00,954.00,19.00,37.00,1.00,-1,-1,-1
103,332,278.00,257.00,8.00,16.00,1.00,-1,-1,-1
103,333,119.00,978.00,43.00,34.00,1.00,-1,-1,-1
103,345,11.00,864.00,11.00,33.00,1.00,-1,-1,-1
103,350,816.00,179.00,14.00,20.00,1.00,-1,-1,-1
103,352,1160.00,747.00,13.00,33.00,1.00,-1,-1,-1
103,354,1155.00,545.00,16.00,13.00,1.00,-1,-1,-1
103,356,-7.00,617.00,82.00,398.00,1.00,-1,-1,-1
103,360,1286.00,436.00,134.00,77.00,1.00,-1,-1,-1
103,361,194.00,1019.00,147.00,111.00,1.00,-1,-1,-1
103,362,670.00,277.00,15.00,13.00,1.00,-1,-1,-1
103,363,581.00,390.00,19.00,18.00,1.00,-1,-1,-1
103,364,1692.00,1028.00,17.00,112.00,1.00,-1,-1,-1
103,365,1053.00,361.00,25.00,18.00,1.00,-1,-1,-1
103,373,661.00,272.00,64.00,31.00,1.00,-1,-1,-1
103,375,1214.00,707.00,14.00,45.00,1.00,-1,-1,-1
103,379,-6.00,679.00,23.00,34.00,1.00,-1,-1,-1
103,382,862.00,295.00,41.00,40.00,1.00,-1,-1,-1
103,387,479.00,212.00,16.00,28.00,1.00,-1,-1,-1
103,388,1247.00,257.00,18.00,48.00,1.00,-1,-1,-1
103,389,569.00,220.00,16.00,15.00,1.00,-1,-1,-1
103,390,1676.00,968.00,9.00,29.00,1.00,-1,-1,-1
103,397,-9.00,0.00,40.00,7.00,1.00,-1,-1,-1
103,400,618.00,0.00,42.00,7.00,1.00,-1,-1,-1
103,401,45.00,0.00,33.00,6.00,1.00,-1,-1,-1
103,402,161.00,0.00,52.00,7.00,1.00,-1,-1,-1
103,403,1208.00,446.00,78.00,26.00,1.00,-1,-1,-1
103,405,-5.00,779.00,35.00,30.00,1.00,-1,-1,-1
103,406,1.00,878.00,21.00,13.00,1.00,-1,-1,-1
103,412,150.00,982.00,14.00,15.00,1.00,-1,-1,-1
103,415,184.00,869.00,23.00,21.00,1.00,-1,-1,-1
103,423,1050.00,628.00,15.00,18.00,1.00,-1,-1,-1
103,426,782.00,624.00,61.00,45.00,1.00,-1,-1,-1
103,427,1161.00,674.00,16.00,36.00,1.00,-1,-1,-1
103,428,1094.00,690.00,30.00,29.00,1.00,-1,-1,-1
103,429,301.00,342.00,13.00,18.00,1.00,-1,-1,-1
103,434,836.00,195.00,20.00,7.00,1.00,-1,-1,-1
103,443,1574.00,68.00,211.00,355.00,1.00,-1,-1,-1
103,444,748.00,141.00,12.00,15.00,1.00,-1,-1,-1
103,445,686.00,110.00,12.00,14.00,1.00,-1,-1,-1
103,446,590.00,706.00,12.00,15.00,1.00,-1,-1,-1
103,447,942.00,894.00,11.00,14.00,1.00,-1,-1,-1
103,448,918.00,644.00,12.00,21.00,1.00,-1,-1,-1
103,450,1502.00,700.00,15.00,12.00,1.00,-1,-1,-1
103,451,637.00,124.00,36.00,15.00,1.00,-1,-1,-1
103,452,921.00,785.00,14.00,15.00,1.00,-1,-1,-1
103,453,776.00,115.00,39.00,28.00,1.00,-1,-1,-1
103,454,274.00,243.00,27.00,30.00,1.00,-1,-1,-1
103,455,1209.00,766.00,16.00,26.00,1.00,-1,-1,-1
103,456,849.00,112.00,22.00,9.00,1.00,-1,-1,-1
103,457,1521.00,839.00,18.00,16.00,1.00,-1,-1,-1
103,458,1185.00,357.00,109.00,52.00,1.00,-1,-1,-1
103,459,1509.00,900.00,150.00,41.00,1.00,-1,-1,-1
103,461,549.00,226.00,43.00,36.00,1.00,-1,-1,-1
103,470,1022.00,488.00,82.00,22.00,1.00,-1,-1,-1
103,474,1627.00,962.00,48.00,38.00,1.00,-1,-1,-1
103,476,674.00,313.00,193.00,27.00,1.00,-1,-1,-1
103,481,1627.00,962.00,48.00,38.00,1.00,-1,-1,-1
103,482,1657.00,240.00,71.00,109.00,1.00,-1,-1,-1
104,5,939.00,1041.00,27.00,59.00,1.00,-1,-1,-1
104,6,945.00,1050.00,18.00,22.00,1.00,-1,-1,-1
104,9,1007.00,1040.00,43.00,30.00,1.00,-1,-1,-1
104,10,1012.00,888.00,139.00,66.00,1.00,-1,-1,-1
104,11,831.00,395.00,228.00,201.00,1.00,-1,-1,-1
104,12,1345.00,639.00,170.00,115.00,1.00,-1,-1,-1
104,15,650.00,1034.00,128.00,72.00,1.00,-1,-1,-1
104,18,1116.00,498.00,78.00,30.00,1.00,-1,-1,-1
104,21,625.00,256.00,38.00,45.00,1.00,-1,-1,-1
104,32,674.00,655.00,12.00,13.00,1.00,-1,-1,-1
104,34,711.00,274.00,13.00,42.00,1.00,-1,-1,-1
104,37,652.00,264.00,19.00,33.00,1.00,-1,-1,-1
104,38,935.00,486.00,46.00,44.00,1.00,-1,-1,-1
104,40,685.00,287.00,29.00,25.00,1.00,-1,-1,-1
104,41,1427.00,568.00,25.00,44.00,1.00,-1,-1,-1
104,44,648.00,277.00,188.00,76.00,1.00,-1,-1,-1
104,45,253.00,1011.00,162.00,121.00,1.00,-1,-1,-1
104,48,672.00,286.00,23.00,61.00,1.00,-1,-1,-1
104,49,705.00,290.00,15.00,11.00,1.00,-1,-1,-1
104,50,761.00,306.00,13.00,19.00,1.00,-1,-1,-1
104,54,784.00,775.00,13.00,23.00,1.00,-1,-1,-1
104,72,912.00,912.00,11.00,15.00,1.00,-1,-1,-1
104,73,1160.00,572.00,64.00,45.00,1.00,-1,-1,-1
104,76,967.00,504.00,11.00,32.00,1.00,-1,-1,-1
104,77,1153.00,516.00,208.00,46.00,1.00,-1,-1,-1
104,93,307.00,1070.00,21.00,20.00,1.00,-1,-1,-1
104,99,1674.00,946.00,46.00,70.00,1.00,-1,-1,-1
104,100,1029.00,839.00,11.00,36.00,1.00,-1,-1,-1
104,112,1251.00,467.00,54.00,12.00,1.00,-1,-1,-1
104,113,974.00,487.00,27.00,20.00,1.00,-1,-1,-1
104,114,1358.00,468.00,22.00,16.00,1.00,-1,-1,-1
104,116,949.00,494.00,118.00,23.00,1.00,-1,-1,-1
104,126,1188.00,602.00,34.00,16.00,1.00,-1,-1,-1
104,129,941.00,966.00,29.00,21.00,1.00,-1,-1,-1
104,135,423.00,258.00,499.00,99.00,1.00,-1,-1,-1
104,139,955.00,980.00,21.00,16.00,1.00,-1,-1,-1
104,142,1304.00,661.00,52.00,14.00,1.00,-1,-1,-1
104,147,1751.00,1049.00,18.00,51.00,1.00,-1,-1,-1
104,148,959.00,1039.00,40.00,25.00,1.00,-1,-1,-1
104,149,405.00,1019.00,22.00,105.00,1.00,-1,-1,-1
104,153,1666.00,961.00,11.00,41.00,1.00,-1,-1,-1
104,158,796.00,1025.00,722.00,103.00,1.00,-1,-1,-1
104,166,607.00,279.00,75.00,45.00,1.00,-1,-1,-1
104,174,675.00,283.00,39.00,42.00,1.00,-1,-1,-1
104,179,238.00,918.00,19.00,25.00,1.00,-1,-1,-1
104,186,764.00,1051.00,17.00,8.00,1.00,-1,-1,-1
104,193,1149.00,1028.00,41.00,65.00,1.00,-1,-1,-1
104,201,674.00,1030.00,11.00,12.00,1.00,-1,-1,-1
104,212,960.00,488.00,44.00,27.00,1.00,-1,-1,-1
104,216,915.00,1058.00,18.00,26.00,1.00,-1,-1,-1
104,218,435.00,1005.00,1030.00,104.00,1.00,-1,-1,-1
104,219,1349.00,545.00,33.00,37.00,1.00,-1,-1,-1
104,221,159.00,629.00,14.00,44.00,1.00,-1,-1,-1
104,222,203.00,1037.00,41.00,33.00,1.00,-1,-1,-1
104,225,270.00,1049.00,30.00,49.00,1.00,-1,-1,-1
104,243,80.00,649.00,7.00,49.00,1.00,-1,-1,-1
104,244,1094.00,496.00,194.00,67.00,1.00,-1,-1,-1
104,246,157.00,1047.00,17.00,22.00,1.00,-1,-1,-1
104,254,667.00,279.00,65.00,44.00,1.00,-1,-1,-1
104,257,1097.00,338.00,29.00,22.00,1.00,-1,-1,-1
104,259,91.00,1072.00,17.00,22.00,1.00,-1,-1,-1
104,262,882.00,401.00,199.00,123.00,1.00,-1,-1,-1
104,270,192.00,873.00,26.00,18.00,1.00,-1,-1,-1
104,278,926.00,486.00,42.00,19.00,1.00,-1,-1,-1
104,284,20.00,787.00,29.00,36.00,1.00,-1,-1,-1
104,290,824.00,195.00,23.00,9.00,1.00,-1,-1,-1
104,296,650.00,265.00,25.00,32.00,1.00,-1,-1,-1
104,299,1206.00,572.00,19.00,14.00,1.00,-1,-1,-1
104,301,181.00,200.00,24.00,218.00,1.00,-1,-1,-1
104,305,980.00,379.00,13.00,15.00,1.00,-1,-1,-1
104,306,556.00,546.00,10.00,15.00,1.00,-1,-1,-1
104,307,1250.00,332.00,10.00,20.00,1.00,-1,-1,-1
104,309,666.00,273.00,20.00,24.00,1.00,-1,-1,-1
104,312,657.00,478.00,20.00,16.00,1.00,-1,-1,-1
104,316,699.00,848.00,15.00,14.00,1.00,-1,-1,-1
104,318,1028.00,1043.00,18.00,28.00,1.00,-1,-1,-1
104,325,606.00,262.00,100.00,33.00,1.00,-1,-1,-1
104,326,8.00,935.00,25.00,22.00,1.00,-1,-1,-1
104,329,1667.00,954.00,19.00,37.00,1.00,-1,-1,-1
104,332,276.00,263.00,8.00,16.00,1.00,-1,-1,-1
104,333,117.00,984.00,43.00,34.00,1.00,-1,-1,-1
104,345,9.00,870.00,11.00,33.00,1.00,-1,-1,-1
104,350,814.00,185.00,14.00,20.00,1.00,-1,-1,-1
104,352,1157.00,752.00,13.00,33.00,1.00,-1,-1,-1
104,354,1153.00,551.00,16.00,13.00,1.00,-1,-1,-1
104,356,-9.00,622.00,82.00,398.00,1.00,-1,-1,-1
104,360,1283.00,442.00,134.00,77.00,1.00,-1,-1,-1
104,361,194.00,1019.00,147.00,111.00,1.00,-1,-1,-1
104,362,667.00,276.00,15.00,13.00,1.00,-1,-1,-1
104,363,579.00,396.00,19.00,18.00,1.00,-1,-1,-1
104,364,1688.00,1028.00,17.00,112.00,1.00,-1,-1,-1
104,365,1051.00,367.00,25.00,18.00,1.00,-1,-1,-1
104,373,659.00,272.00,64.00,31.00,1.00,-1,-1,-1
104,375,1212.00,713.00,14.00,45.00,1.00,-1,-1,-1
104,379,-9.00,685.00,23.00,34.00,1.00,-1,-1,-1
104,382,860.00,300.00,41.00,40.00,1.00,-1,-1,-1
104,387,477.00,218.00,16.00,28.00,1.00,-1,-1,-1
104,388,1245.00,263.00,18.00,48.00,1.00,-1,-1,-1
104,389,568.00,215.00,16.00,15.00,1.00,-1,-1,-1
104,390,1669.00,966.00,9.00,29.00,1.00,-1,-1,-1
104,397,-9.00,0.00,40.00,7.00,1.00,-1,-1,-1
104,400,617.00,0.00,42.00,7.00,1.00,-1,-1,-1
104,401,42.00,0.00,33.00,6.00,1.00,-1,-1,-1
104,402,161.00,0.00,52.00,7.00,1.00,-1,-1,-1
104,403,1206.00,452.00,78.00,26.00,1.00,-1,-1,-1
104,405,-7.00,785.00,35.00,30.00,1.00,-1,-1,-1
104,406,0.00,883.00,21.00,13.00,1.00,-1,-1,-1
104,412,148.00,988.00,14.00,15.00,1.00,-1,-1,-1
104,415,182.00,874.00,23.00,21.00,1.00,-1,-1,-1
104,423,1048.00,634.00,15.00,18.00,1.00,-1,-1,-1
104,426,780.00,630.00,61.00,45.00,1.00,-1,-1,-1
104,427,1159.00,680.00,16.00,36.00,1.00,-1,-1,-1
104,428,1092.00,696.00,30.00,29.00,1.00,-1,-1,-1
104,429,299.00,348.00,13.00,18.00,1.00,-1,-1,-1
104,434,834.00,201.00,20.00,7.00,1.00,-1,-1,-1
104,443,1609.00,87.00,211.00,355.00,1.00,-1,-1,-1
104,444,746.00,147.00,12.00,15.00,1.00,-1,-1,-1
104,445,684.00,116.00,12.00,14.00,1.00,-1,-1,-1
104,446,588.00,712.00,12.00,15.00,1.00,-1,-1,-1
104,447,940.00,899.00,11.00,14.00,1.00,-1,-1,-1
104,448,916.00,649.00,12.00,21.00,1.00,-1,-1,-1
104,450,1499.00,706.00,15.00,12.00,1.00,-1,-1,-1
104,451,636.00,130.00,36.00,15.00,1.00,-1,-1,-1
104,452,918.00,791.00,14.00,15.00,1.00,-1,-1,-1
104,453,774.00,121.00,39.00,28.00,1.00,-1,-1,-1
104,454,272.00,249.00,27.00,30.00,1.00,-1,-1,-1
104,455,1207.00,771.00,16.00,26.00,1.00,-1,-1,-1
104,456,847.00,118.00,22.00,9.00,1.00,-1,-1,-1
104,457,1519.00,845.00,18.00,16.00,1.00,-1,-1,-1
104,458,1182.00,363.00,109.00,52.00,1.00,-1,-1,-1
104,459,1505.00,905.00,150.00,41.00,1.00,-1,-1,-1
104,461,549.00,221.00,43.00,36.00,1.00,-1,-1,-1
104,470,1020.00,493.00,82.00,22.00,1.00,-1,-1,-1
104,474,1637.00,966.00,48.00,38.00,1.00,-1,-1,-1
104,476,669.00,315.00,193.00,27.00,1.00,-1,-1,-1
104,481,1637.00,966.00,48.00,38.00,1.00,-1,-1,-1
104,482,1680.00,250.00,82.00,107.00,1.00,-1,-1,-1
105,5,939.00,1041.00,27.00,59.00,1.00,-1,-1,-1
105,6,945.00,1050.00,18.00,22.00,1.00,-1,-1,-1
105,9,1007.00,1040.00,43.00,30.00,1.00,-1,-1,-1
105,10,1012.00,888.00,139.00,66.00,1.00,-1,-1,-1
105,11,831.00,395.00,228.00,201.00,1.00,-1,-1,-1
105,12,1345.00,639.00,170.00,115.00,1.00,-1,-1,-1
105,15,650.00,1034.00,128.00,72.00,1.00,-1,-1,-1
105,18,1116.00,498.00,78.00,30.00,1.00,-1,-1,-1
105,21,625.00,256.00,38.00,45.00,1.00,-1,-1,-1
105,32,674.00,655.00,12.00,13.00,1.00,-1,-1,-1
105,34,711.00,274.00,13.00,42.00,1.00,-1,-1,-1
105,37,652.00,264.00,19.00,33.00,1.00,-1,-1,-1
105,38,935.00,486.00,46.00,44.00,1.00,-1,-1,-1
105,40,685.00,287.00,29.00,25.00,1.00,-1,-1,-1
105,41,1427.00,568.00,25.00,44.00,1.00,-1,-1,-1
105,44,648.00,277.00,188.00,76.00,1.00,-1,-1,-1
105,45,253.00,1011.00,162.00,121.00,1.00,-1,-1,-1
105,48,672.00,286.00,23.00,61.00,1.00,-1,-1,-1
105,49,705.00,290.00,15.00,11.00,1.00,-1,-1,-1
105,50,761.00,306.00,13.00,19.00,1.00,-1,-1,-1
105,54,784.00,775.00,13.00,23.00,1.00,-1,-1,-1
105,72,912.00,912.00,11.00,15.00,1.00,-1,-1,-1
105,73,1160.00,572.00,64.00,45.00,1.00,-1,-1,-1
105,76,967.00,504.00,11.00,32.00,1.00,-1,-1,-1
105,77,1153.00,516.00,208.00,46.00,1.00,-1,-1,-1
105,93,307.00,1070.00,21.00,20.00,1.00,-1,-1,-1
105,99,1674.00,946.00,46.00,70.00,1.00,-1,-1,-1
105,100,1029.00,839.00,11.00,36.00,1.00,-1,-1,-1
105,112,1251.00,467.00,54.00,12.00,1.00,-1,-1,-1
105,113,974.00,487.00,27.00,20.00,1.00,-1,-1,-1
105,114,1358.00,468.00,22.00,16.00,1.00,-1,-1,-1
105,116,949.00,494.00,118.00,23.00,1.00,-1,-1,-1
105,126,1188.00,602.00,34.00,16.00,1.00,-1,-1,-1
105,129,941.00,966.00,29.00,21.00,1.00,-1,-1,-1
105,135,423.00,258.00,499.00,99.00,1.00,-1,-1,-1
105,139,955.00,980.00,21.00,16.00,1.00,-1,-1,-1
105,142,1304.00,661.00,52.00,14.00,1.00,-1,-1,-1
105,147,1751.00,1049.00,18.00,51.00,1.00,-1,-1,-1
105,148,959.00,1039.00,40.00,25.00,1.00,-1,-1,-1
105,149,405.00,1019.00,22.00,105.00,1.00,-1,-1,-1
105,153,1666.00,961.00,11.00,41.00,1.00,-1,-1,-1
105,158,796.00,1025.00,722.00,103.00,1.00,-1,-1,-1
105,166,607.00,279.00,75.00,45.00,1.00,-1,-1,-1
105,174,675.00,283.00,39.00,42.00,1.00,-1,-1,-1
105,179,238.00,918.00,19.00,25.00,1.00,-1,-1,-1
105,186,764.00,1051.00,17.00,8.00,1.00,-1,-1,-1
105,193,1149.00,1028.00,41.00,65.00,1.00,-1,-1,-1
105,201,674.00,1030.00,11.00,12.00,1.00,-1,-1,-1
105,212,960.00,488.00,44.00,27.00,1.00,-1,-1,-1
105,216,915.00,1058.00,18.00,26.00,1.00,-1,-1,-1
105,218,435.00,1005.00,1030.00,104.00,1.00,-1,-1,-1
105,219,1349.00,545.00,33.00,37.00,1.00,-1,-1,-1
105,221,159.00,629.00,14.00,44.00,1.00,-1,-1,-1
105,222,203.00,1037.00,41.00,33.00,1.00,-1,-1,-1
105,225,270.00,1049.00,30.00,49.00,1.00,-1,-1,-1
105,243,80.00,649.00,7.00,49.00,1.00,-1,-1,-1
105,244,1094.00,496.00,194.00,67.00,1.00,-1,-1,-1
105,246,157.00,1047.00,17.00,22.00,1.00,-1,-1,-1
105,254,667.00,279.00,65.00,44.00,1.00,-1,-1,-1
105,257,1097.00,338.00,29.00,22.00,1.00,-1,-1,-1
105,259,91.00,1072.00,17.00,22.00,1.00,-1,-1,-1
105,262,882.00,401.00,199.00,123.00,1.00,-1,-1,-1
105,270,192.00,873.00,26.00,18.00,1.00,-1,-1,-1
105,278,926.00,486.00,42.00,19.00,1.00,-1,-1,-1
105,284,20.00,787.00,29.00,36.00,1.00,-1,-1,-1
105,290,824.00,195.00,23.00,9.00,1.00,-1,-1,-1
105,296,650.00,265.00,25.00,32.00,1.00,-1,-1,-1
105,299,1206.00,572.00,19.00,14.00,1.00,-1,-1,-1
105,301,181.00,200.00,24.00,218.00,1.00,-1,-1,-1
105,305,980.00,379.00,13.00,15.00,1.00,-1,-1,-1
105,306,556.00,546.00,10.00,15.00,1.00,-1,-1,-1
105,307,1250.00,332.00,10.00,20.00,1.00,-1,-1,-1
105,309,666.00,273.00,20.00,24.00,1.00,-1,-1,-1
105,312,657.00,478.00,20.00,16.00,1.00,-1,-1,-1
105,316,699.00,848.00,15.00,14.00,1.00,-1,-1,-1
105,318,1028.00,1043.00,18.00,28.00,1.00,-1,-1,-1
105,325,606.00,262.00,100.00,33.00,1.00,-1,-1,-1
105,326,8.00,935.00,25.00,22.00,1.00,-1,-1,-1
105,329,1667.00,954.00,19.00,37.00,1.00,-1,-1,-1
105,332,276.00,263.00,8.00,16.00,1.00,-1,-1,-1
105,333,117.00,984.00,43.00,34.00,1.00,-1,-1,-1
105,345,9.00,870.00,11.00,33.00,1.00,-1,-1,-1
105,350,814.00,185.00,14.00,20.00,1.00,-1,-1,-1
105,352,1157.00,752.00,13.00,33.00,1.00,-1,-1,-1
105,354,1153.00,551.00,16.00,13.00,1.00,-1,-1,-1
105,356,-9.00,622.00,82.00,398.00,1.00,-1,-1,-1
105,360,1283.00,442.00,134.00,77.00,1.00,-1,-1,-1
105,362,667.00,276.00,15.00,13.00,1.00,-1,-1,-1
105,363,579.00,396.00,19.00,18.00,1.00,-1,-1,-1
105,364,1688.00,1028.00,17.00,112.00,1.00,-1,-1,-1
105,365,1051.00,367.00,25.00,18.00,1.00,-1,-1,-1
105,373,659.00,272.00,64.00,31.00,1.00,-1,-1,-1
105,375,1212.00,713.00,14.00,45.00,1.00,-1,-1,-1
105,379,-9.00,685.00,23.00,34.00,1.00,-1,-1,-1
105,382,860.00,300.00,41.00,40.00,1.00,-1,-1,-1
105,387,477.00,218.00,16.00,28.00,1.00,-1,-1,-1
105,388,1245.00,263.00,18.00,48.00,1.00,-1,-1,-1
105,389,568.00,215.00,16.00,15.00,1.00,-1,-1,-1
105,390,1669.00,966.00,9.00,29.00,1.00,-1,-1,-1
105,397,-9.00,0.00,40.00,7.00,1.00,-1,-1,-1
105,400,617.00,0.00,42.00,7.00,1.00,-1,-1,-1
105,401,41.00,0.00,33.00,6.00,1.00,-1,-1,-1
105,402,161.00,0.00,52.00,7.00,1.00,-1,-1,-1
105,403,1206.00,452.00,78.00,26.00,1.00,-1,-1,-1
105,405,-7.00,785.00,35.00,30.00,1.00,-1,-1,-1
105,406,0.00,883.00,21.00,13.00,1.00,-1,-1,-1
105,412,148.00,988.00,14.00,15.00,1.00,-1,-1,-1
105,415,182.00,874.00,23.00,21.00,1.00,-1,-1,-1
105,423,1048.00,634.00,15.00,18.00,1.00,-1,-1,-1
105,426,780.00,630.00,61.00,45.00,1.00,-1,-1,-1
105,427,1159.00,680.00,16.00,36.00,1.00,-1,-1,-1
105,428,1092.00,696.00,30.00,29.00,1.00,-1,-1,-1
105,429,299.00,348.00,13.00,18.00,1.00,-1,-1,-1
105,434,834.00,201.00,20.00,7.00,1.00,-1,-1,-1
105,443,1609.00,87.00,211.00,355.00,1.00,-1,-1,-1
105,444,746.00,147.00,12.00,15.00,1.00,-1,-1,-1
105,445,684.00,116.00,12.00,14.00,1.00,-1,-1,-1
105,446,588.00,712.00,12.00,15.00,1.00,-1,-1,-1
105,447,940.00,899.00,11.00,14.00,1.00,-1,-1,-1
105,448,916.00,649.00,12.00,21.00,1.00,-1,-1,-1
105,450,1499.00,706.00,15.00,12.00,1.00,-1,-1,-1
105,451,636.00,130.00,36.00,15.00,1.00,-1,-1,-1
105,452,918.00,791.00,14.00,15.00,1.00,-1,-1,-1
105,453,774.00,121.00,39.00,28.00,1.00,-1,-1,-1
105,454,272.00,249.00,27.00,30.00,1.00,-1,-1,-1
105,455,1207.00,771.00,16.00,26.00,1.00,-1,-1,-1
105,456,847.00,118.00,22.00,9.00,1.00,-1,-1,-1
105,457,1519.00,845.00,18.00,16.00,1.00,-1,-1,-1
105,458,1182.00,363.00,109.00,52.00,1.00,-1,-1,-1
105,459,1505.00,905.00,150.00,41.00,1.00,-1,-1,-1
105,461,549.00,221.00,43.00,36.00,1.00,-1,-1,-1
105,470,1020.00,493.00,82.00,22.00,1.00,-1,-1,-1
105,474,1637.00,966.00,48.00,38.00,1.00,-1,-1,-1
105,476,669.00,315.00,193.00,27.00,1.00,-1,-1,-1
105,481,1637.00,966.00,48.00,38.00,1.00,-1,-1,-1
105,482,1680.00,250.00,82.00,107.00,1.00,-1,-1,-1
106,5,939.00,1041.00,27.00,59.00,1.00,-1,-1,-1
106,6,941.00,1055.00,18.00,22.00,1.00,-1,-1,-1
106,9,1004.00,1046.00,43.00,30.00,1.00,-1,-1,-1
106,10,1009.00,893.00,139.00,66.00,1.00,-1,-1,-1
106,11,865.00,406.00,218.00,208.00,1.00,-1,-1,-1
106,12,1342.00,645.00,170.00,115.00,1.00,-1,-1,-1
106,15,649.00,1034.00,128.00,72.00,1.00,-1,-1,-1
106,18,1113.00,504.00,78.00,30.00,1.00,-1,-1,-1
106,21,622.00,253.00,38.00,45.00,1.00,-1,-1,-1
106,32,671.00,661.00,12.00,13.00,1.00,-1,-1,-1
106,34,708.00,274.00,13.00,42.00,1.00,-1,-1,-1
106,37,648.00,261.00,19.00,33.00,1.00,-1,-1,-1
106,38,929.00,493.00,46.00,44.00,1.00,-1,-1,-1
106,40,681.00,286.00,29.00,25.00,1.00,-1,-1,-1
106,41,1424.00,574.00,25.00,44.00,1.00,-1,-1,-1
106,44,619.00,268.00,211.00,88.00,1.00,-1,-1,-1
106,45,250.00,1011.00,162.00,121.00,1.00,-1,-1,-1
106,48,667.00,285.00,23.00,61.00,1.00,-1,-1,-1
106,49,702.00,289.00,15.00,11.00,1.00,-1,-1,-1
106,50,755.00,307.00,13.00,19.00,1.00,-1,-1,-1
106,54,781.00,780.00,13.00,23.00,1.00,-1,-1,-1
106,72,909.00,918.00,11.00,15.00,1.00,-1,-1,-1
106,73,1157.00,578.00,64.00,45.00,1.00,-1,-1,-1
106,76,967.00,509.00,11.00,32.00,1.00,-1,-1,-1
106,77,1150.00,522.00,208.00,46.00,1.00,-1,-1,-1
106,93,296.00,1070.00,21.00,20.00,1.00,-1,-1,-1
106,99,1674.00,946.00,46.00,70.00,1.00,-1,-1,-1
106,100,1026.00,845.00,11.00,36.00,1.00,-1,-1,-1
106,112,1248.00,473.00,54.00,12.00,1.00,-1,-1,-1
106,113,970.00,493.00,27.00,20.00,1.00,-1,-1,-1
106,114,1355.00,474.00,22.00,16.00,1.00,-1,-1,-1
106,116,946.00,499.00,118.00,23.00,1.00,-1,-1,-1
106,126,1185.00,607.00,34.00,16.00,1.00,-1,-1,-1
106,129,941.00,966.00,29.00,21.00,1.00,-1,-1,-1
106,135,418.00,256.00,499.00,99.00,1.00,-1,-1,-1
106,139,955.00,980.00,21.00,16.00,1.00,-1,-1,-1
106,142,1301.00,666.00,52.00,14.00,1.00,-1,-1,-1
106,147,1756.00,1046.00,18.00,51.00,1.00,-1,-1,-1
106,148,956.00,1044.00,40.00,25.00,1.00,-1,-1,-1
106,149,402.00,1019.00,22.00,105.00,1.00,-1,-1,-1
106,153,1675.00,994.00,11.00,41.00,1.00,-1,-1,-1
106,158,793.00,1025.00,722.00,103.00,1.00,-1,-1,-1
106,166,602.00,276.00,75.00,45.00,1.00,-1,-1,-1
106,174,670.00,283.00,39.00,42.00,1.00,-1,-1,-1
106,179,235.00,924.00,19.00,25.00,1.00,-1,-1,-1
106,186,760.00,1056.00,17.00,8.00,1.00,-1,-1,-1
106,193,1146.00,1033.00,41.00,65.00,1.00,-1,-1,-1
106,201,671.00,1036.00,11.00,12.00,1.00,-1,-1,-1
106,212,961.00,494.00,44.00,27.00,1.00,-1,-1,-1
106,216,915.00,1058.00,18.00,26.00,1.00,-1,-1,-1
106,218,431.00,1011.00,1030.00,104.00,1.00,-1,-1,-1
106,219,1346.00,550.00,33.00,37.00,1.00,-1,-1,-1
106,221,156.00,634.00,14.00,44.00,1.00,-1,-1,-1
106,222,200.00,1043.00,41.00,33.00,1.00,-1,-1,-1
106,225,270.00,1049.00,30.00,49.00,1.00,-1,-1,-1
106,243,77.00,655.00,7.00,49.00,1.00,-1,-1,-1
106,244,1091.00,501.00,194.00,67.00,1.00,-1,-1,-1
106,246,154.00,1053.00,17.00,22.00,1.00,-1,-1,-1
106,254,663.00,279.00,65.00,44.00,1.00,-1,-1,-1
106,257,1094.00,344.00,29.00,22.00,1.00,-1,-1,-1
106,259,91.00,1072.00,17.00,22.00,1.00,-1,-1,-1
106,262,878.00,407.00,199.00,123.00,1.00,-1,-1,-1
106,270,189.00,879.00,26.00,18.00,1.00,-1,-1,-1
106,278,935.00,493.00,42.00,19.00,1.00,-1,-1,-1
106,284,17.00,793.00,29.00,36.00,1.00,-1,-1,-1
106,290,820.00,201.00,23.00,9.00,1.00,-1,-1,-1
106,296,646.00,262.00,25.00,32.00,1.00,-1,-1,-1
106,299,1203.00,577.00,19.00,14.00,1.00,-1,-1,-1
106,301,178.00,206.00,24.00,218.00,1.00,-1,-1,-1
106,305,976.00,384.00,13.00,15.00,1.00,-1,-1,-1
106,306,552.00,551.00,10.00,15.00,1.00,-1,-1,-1
106,307,1247.00,338.00,10.00,20.00,1.00,-1,-1,-1
106,309,662.00,271.00,20.00,24.00,1.00,-1,-1,-1
106,312,654.00,484.00,20.00,16.00,1.00,-1,-1,-1
106,316,695.00,854.00,15.00,14.00,1.00,-1,-1,-1
106,318,1025.00,1049.00,18.00,28.00,1.00,-1,-1,-1
106,325,602.00,259.00,100.00,33.00,1.00,-1,-1,-1
106,326,5.00,940.00,25.00,22.00,1.00,-1,-1,-1
106,329,1667.00,954.00,19.00,37.00,1.00,-1,-1,-1
106,332,273.00,269.00,8.00,16.00,1.00,-1,-1,-1
106,333,113.00,989.00,43.00,34.00,1.00,-1,-1,-1
106,345,6.00,875.00,11.00,33.00,1.00,-1,-1,-1
106,350,811.00,190.00,14.00,20.00,1.00,-1,-1,-1
106,352,1154.00,758.00,13.00,33.00,1.00,-1,-1,-1
106,354,1150.00,557.00,16.00,13.00,1.00,-1,-1,-1
106,356,-13.00,628.00,82.00,398.00,1.00,-1,-1,-1
106,360,1280.00,448.00,134.00,77.00,1.00,-1,-1,-1
106,362,664.00,274.00,15.00,13.00,1.00,-1,-1,-1
106,363,576.00,402.00,19.00,18.00,1.00,-1,-1,-1
106,364,1683.00,1028.00,17.00,112.00,1.00,-1,-1,-1
106,365,1048.00,373.00,25.00,18.00,1.00,-1,-1,-1
106,373,654.00,270.00,64.00,31.00,1.00,-1,-1,-1
106,375,1209.00,719.00,14.00,45.00,1.00,-1,-1,-1
106,379,-11.00,690.00,23.00,34.00,1.00,-1,-1,-1
106,382,856.00,306.00,41.00,40.00,1.00,-1,-1,-1
106,387,474.00,224.00,16.00,28.00,1.00,-1,-1,-1
106,388,1242.00,269.00,18.00,48.00,1.00,-1,-1,-1
106,389,564.00,208.00,16.00,15.00,1.00,-1,-1,-1
106,390,1680.00,1009.00,9.00,29.00,1.00,-1,-1,-1
106,397,-9.00,0.00,40.00,7.00,1.00,-1,-1,-1
106,400,615.00,0.00,42.00,7.00,1.00,-1,-1,-1
106,401,39.00,0.00,33.00,6.00,1.00,-1,-1,-1
106,402,161.00,0.00,52.00,7.00,1.00,-1,-1,-1
106,403,1203.00,458.00,78.00,26.00,1.00,-1,-1,-1
106,405,-10.00,790.00,35.00,30.00,1.00,-1,-1,-1
106,406,-4.00,889.00,21.00,13.00,1.00,-1,-1,-1
106,412,139.00,995.00,18.00,10.00,1.00,-1,-1,-1
106,415,178.00,880.00,23.00,21.00,1.00,-1,-1,-1
106,423,1045.00,639.00,15.00,18.00,1.00,-1,-1,-1
106,426,777.00,635.00,61.00,45.00,1.00,-1,-1,-1
106,427,1156.00,686.00,16.00,36.00,1.00,-1,-1,-1
106,428,1089.00,702.00,30.00,29.00,1.00,-1,-1,-1
106,429,296.00,353.00,13.00,18.00,1.00,-1,-1,-1
106,434,831.00,206.00,20.00,7.00,1.00,-1,-1,-1
106,443,1641.00,111.00,222.00,345.00,1.00,-1,-1,-1
106,444,743.00,153.00,12.00,15.00,1.00,-1,-1,-1
106,445,681.00,122.00,12.00,14.00,1.00,-1,-1,-1
106,446,585.00,718.00,12.00,15.00,1.00,-1,-1,-1
106,447,937.00,905.00,11.00,14.00,1.00,-1,-1,-1
106,448,913.00,655.00,12.00,21.00,1.00,-1,-1,-1
106,450,1496.00,712.00,15.00,12.00,1.00,-1,-1,-1
106,451,632.00,135.00,36.00,15.00,1.00,-1,-1,-1
106,452,915.00,797.00,14.00,15.00,1.00,-1,-1,-1
106,453,771.00,127.00,39.00,28.00,1.00,-1,-1,-1
106,454,269.00,254.00,27.00,30.00,1.00,-1,-1,-1
106,455,1204.00,777.00,16.00,26.00,1.00,-1,-1,-1
106,456,844.00,124.00,22.00,9.00,1.00,-1,-1,-1
106,457,1516.00,851.00,18.00,16.00,1.00,-1,-1,-1
106,458,1179.00,369.00,109.00,52.00,1.00,-1,-1,-1
106,459,1501.00,910.00,150.00,41.00,1.00,-1,-1,-1
106,461,547.00,216.00,43.00,36.00,1.00,-1,-1,-1
106,470,1016.00,499.00,82.00,22.00,1.00,-1,-1,-1
106,474,1638.00,957.00,48.00,38.00,1.00,-1,-1,-1
106,476,663.00,317.00,193.00,27.00,1.00,-1,-1,-1
106,481,1638.00,957.00,48.00,38.00,1.00,-1,-1,-1
106,482,1714.00,271.00,82.00,107.00,1.00,-1,-1,-1
107,5,961.00,1052.00,27.00,59.00,1.00,-1,-1,-1
107,6,941.00,1055.00,18.00,22.00,1.00,-1,-1,-1
107,9,1004.00,1046.00,43.00,30.00,1.00,-1,-1,-1
107,10,1004.00,899.00,139.00,66.00,1.00,-1,-1,-1
107,11,879.00,408.00,211.00,209.00,1.00,-1,-1,-1
107,12,1337.00,650.00,170.00,115.00,1.00,-1,-1,-1
107,15,647.00,1034.00,128.00,72.00,1.00,-1,-1,-1
107,18,1108.00,509.00,78.00,30.00,1.00,-1,-1,-1
107,21,618.00,250.00,38.00,45.00,1.00,-1,-1,-1
107,32,666.00,666.00,12.00,13.00,1.00,-1,-1,-1
107,34,704.00,272.00,13.00,42.00,1.00,-1,-1,-1
107,37,644.00,259.00,19.00,33.00,1.00,-1,-1,-1
107,38,923.00,499.00,46.00,44.00,1.00,-1,-1,-1
107,40,676.00,284.00,29.00,25.00,1.00,-1,-1,-1
107,41,1419.00,579.00,25.00,44.00,1.00,-1,-1,-1
107,44,617.00,263.00,205.00,94.00,1.00,-1,-1,-1
107,45,244.00,1011.00,162.00,121.00,1.00,-1,-1,-1
107,48,662.00,282.00,23.00,61.00,1.00,-1,-1,-1
107,49,697.00,287.00,15.00,11.00,1.00,-1,-1,-1
107,50,749.00,306.00,13.00,19.00,1.00,-1,-1,-1
107,54,776.00,786.00,13.00,23.00,1.00,-1,-1,-1
107,72,904.00,923.00,11.00,15.00,1.00,-1,-1,-1
107,73,1152.00,583.00,64.00,45.00,1.00,-1,-1,-1
107,76,974.00,517.00,11.00,32.00,1.00,-1,-1,-1
107,77,1146.00,528.00,208.00,46.00,1.00,-1,-1,-1
107,93,296.00,1070.00,21.00,20.00,1.00,-1,-1,-1
107,99,1674.00,946.00,46.00,70.00,1.00,-1,-1,-1
107,100,1021.00,850.00,11.00,36.00,1.00,-1,-1,-1
107,112,1243.00,478.00,54.00,12.00,1.00,-1,-1,-1
107,113,979.00,499.00,27.00,20.00,1.00,-1,-1,-1
107,114,1351.00,479.00,22.00,16.00,1.00,-1,-1,-1
107,116,948.00,504.00,118.00,23.00,1.00,-1,-1,-1
107,126,1180.00,613.00,34.00,16.00,1.00,-1,-1,-1
107,129,941.00,966.00,29.00,21.00,1.00,-1,-1,-1
107,135,413.00,254.00,499.00,99.00,1.00,-1,-1,-1
107,139,955.00,980.00,21.00,16.00,1.00,-1,-1,-1
107,142,1296.00,671.00,52.00,14.00,1.00,-1,-1,-1
107,147,1761.00,1041.00,18.00,51.00,1.00,-1,-1,-1
107,148,951.00,1049.00,40.00,25.00,1.00,-1,-1,-1
107,149,398.00,1019.00,22.00,105.00,1.00,-1,-1,-1
107,153,1670.00,999.00,11.00,41.00,1.00,-1,-1,-1
107,158,789.00,1025.00,722.00,103.00,1.00,-1,-1,-1
107,166,598.00,273.00,75.00,45.00,1.00,-1,-1,-1
107,174,665.00,281.00,39.00,42.00,1.00,-1,-1,-1
107,179,230.00,929.00,19.00,25.00,1.00,-1,-1,-1
107,186,756.00,1061.00,17.00,8.00,1.00,-1,-1,-1
107,193,1144.00,1036.00,41.00,65.00,1.00,-1,-1,-1
107,201,666.00,1041.00,11.00,12.00,1.00,-1,-1,-1
107,212,970.00,501.00,44.00,27.00,1.00,-1,-1,-1
107,216,915.00,1058.00,18.00,26.00,1.00,-1,-1,-1
107,218,426.00,1025.00,1030.00,104.00,1.00,-1,-1,-1
107,219,1341.00,555.00,33.00,37.00,1.00,-1,-1,-1
107,221,151.00,640.00,14.00,44.00,1.00,-1,-1,-1
107,222,195.00,1048.00,41.00,33.00,1.00,-1,-1,-1
107,223,276.00,1067.00,56.00,13.00,1.00,-1,-1,-1
107,225,270.00,1049.00,30.00,49.00,1.00,-1,-1,-1
107,234,106.00,957.00,42.00,72.00,1.00,-1,-1,-1
107,243,72.00,660.00,7.00,49.00,1.00,-1,-1,-1
107,244,1086.00,507.00,194.00,67.00,1.00,-1,-1,-1
107,246,148.00,1059.00,17.00,22.00,1.00,-1,-1,-1
107,254,658.00,277.00,65.00,44.00,1.00,-1,-1,-1
107,257,1090.00,349.00,29.00,22.00,1.00,-1,-1,-1
107,259,91.00,1072.00,17.00,22.00,1.00,-1,-1,-1
107,262,874.00,412.00,199.00,123.00,1.00,-1,-1,-1
107,270,183.00,888.00,15.00,14.00,1.00,-1,-1,-1
107,278,950.00,500.00,42.00,19.00,1.00,-1,-1,-1
107,284,12.00,798.00,29.00,36.00,1.00,-1,-1,-1
107,290,816.00,206.00,23.00,9.00,1.00,-1,-1,-1
107,296,642.00,260.00,25.00,32.00,1.00,-1,-1,-1
107,299,1198.00,583.00,19.00,14.00,1.00,-1,-1,-1
107,301,173.00,211.00,24.00,218.00,1.00,-1,-1,-1
107,305,972.00,390.00,13.00,15.00,1.00,-1,-1,-1
107,306,548.00,557.00,10.00,15.00,1.00,-1,-1,-1
107,307,1242.00,343.00,10.00,20.00,1.00,-1,-1,-1
107,309,657.00,269.00,20.00,24.00,1.00,-1,-1,-1
107,312,650.00,489.00,20.00,16.00,1.00,-1,-1,-1
107,316,691.00,859.00,15.00,14.00,1.00,-1,-1,-1
107,318,1020.00,1052.00,18.00,28.00,1.00,-1,-1,-1
107,325,598.00,257.00,100.00,33.00,1.00,-1,-1,-1
107,326,0.00,945.00,25.00,22.00,1.00,-1,-1,-1
107,329,1667.00,954.00,19.00,37.00,1.00,-1,-1,-1
107,332,269.00,274.00,8.00,16.00,1.00,-1,-1,-1
107,333,108.00,994.00,43.00,34.00,1.00,-1,-1,-1
107,337,178.00,986.00,35.00,32.00,1.00,-1,-1,-1
107,341,0.00,759.00,9.00,26.00,1.00,-1,-1,-1
107,345,0.00,886.00,13.00,26.00,1.00,-1,-1,-1
107,350,807.00,196.00,14.00,20.00,1.00,-1,-1,-1
107,352,1149.00,763.00,13.00,33.00,1.00,-1,-1,-1
107,354,1145.00,562.00,16.00,13.00,1.00,-1,-1,-1
107,356,-17.00,633.00,82.00,398.00,1.00,-1,-1,-1
107,360,1276.00,453.00,134.00,77.00,1.00,-1,-1,-1
107,362,659.00,271.00,15.00,13.00,1.00,-1,-1,-1
107,363,571.00,407.00,19.00,18.00,1.00,-1,-1,-1
107,364,1677.00,1028.00,17.00,112.00,1.00,-1,-1,-1
107,365,1043.00,378.00,25.00,18.00,1.00,-1,-1,-1
107,373,650.00,268.00,64.00,31.00,1.00,-1,-1,-1
107,375,1204.00,724.00,14.00,45.00,1.00,-1,-1,-1
107,379,-11.00,690.00,23.00,34.00,1.00,-1,-1,-1
107,382,852.00,311.00,41.00,40.00,1.00,-1,-1,-1
107,387,469.00,229.00,16.00,28.00,1.00,-1,-1,-1
107,388,1237.00,274.00,18.00,48.00,1.00,-1,-1,-1
107,389,557.00,200.00,16.00,15.00,1.00,-1,-1,-1
107,390,1675.00,1014.00,9.00,29.00,1.00,-1,-1,-1
107,397,-9.00,0.00,40.00,7.00,1.00,-1,-1,-1
107,400,597.00,0.00,42.00,7.00,1.00,-1,-1,-1
107,401,25.00,0.00,33.00,6.00,1.00,-1,-1,-1
107,402,156.00,0.00,52.00,7.00,1.00,-1,-1,-1
107,403,1199.00,464.00,78.00,26.00,1.00,-1,-1,-1
107,405,-15.00,795.00,35.00,30.00,1.00,-1,-1,-1
107,406,-9.00,894.00,21.00,13.00,1.00,-1,-1,-1
107,412,134.00,999.00,18.00,10.00,1.00,-1,-1,-1
107,415,174.00,885.00,23.00,21.00,1.00,-1,-1,-1
107,423,1040.00,644.00,15.00,18.00,1.00,-1,-1,-1
107,426,773.00,641.00,61.00,45.00,1.00,-1,-1,-1
107,427,1151.00,691.00,16.00,36.00,1.00,-1,-1,-1
107,428,1084.00,707.00,30.00,29.00,1.00,-1,-1,-1
107,429,291.00,359.00,13.00,18.00,1.00,-1,-1,-1
107,434,826.00,212.00,20.00,7.00,1.00,-1,-1,-1
107,443,1625.00,115.00,222.00,345.00,1.00,-1,-1,-1
107,444,739.00,158.00,12.00,15.00,1.00,-1,-1,-1
107,445,677.00,127.00,12.00,14.00,1.00,-1,-1,-1
107,446,580.00,723.00,12.00,15.00,1.00,-1,-1,-1
107,447,932.00,910.00,11.00,14.00,1.00,-1,-1,-1
107,448,908.00,660.00,12.00,21.00,1.00,-1,-1,-1
107,450,1492.00,717.00,15.00,12.00,1.00,-1,-1,-1
107,451,628.00,142.00,36.00,15.00,1.00,-1,-1,-1
107,452,911.00,802.00,14.00,15.00,1.00,-1,-1,-1
107,453,767.00,132.00,39.00,28.00,1.00,-1,-1,-1
107,454,265.00,260.00,27.00,30.00,1.00,-1,-1,-1
107,455,1199.00,782.00,16.00,26.00,1.00,-1,-1,-1
107,456,840.00,129.00,22.00,9.00,1.00,-1,-1,-1
107,457,1511.00,856.00,18.00,16.00,1.00,-1,-1,-1
107,458,1175.00,374.00,109.00,52.00,1.00,-1,-1,-1
107,459,1496.00,915.00,150.00,41.00,1.00,-1,-1,-1
107,461,544.00,212.00,43.00,36.00,1.00,-1,-1,-1
107,470,1006.00,503.00,82.00,22.00,1.00,-1,-1,-1
107,474,1634.00,958.00,48.00,38.00,1.00,-1,-1,-1
107,476,656.00,317.00,193.00,27.00,1.00,-1,-1,-1
107,481,1634.00,958.00,48.00,38.00,1.00,-1,-1,-1
107,482,1746.00,289.00,83.00,95.00,1.00,-1,-1,-1
107,483,1650.00,967.00,18.00,29.00,1.00,-1,-1,-1
108,5,961.00,1052.00,27.00,59.00,1.00,-1,-1,-1
108,6,941.00,1055.00,18.00,22.00,1.00,-1,-1,-1
108,9,1004.00,1046.00,43.00,30.00,1.00,-1,-1,-1
108,10,998.00,903.00,139.00,66.00,1.00,-1,-1,-1
108,11,884.00,416.00,209.00,204.00,1.00,-1,-1,-1
108,12,1331.00,654.00,170.00,115.00,1.00,-1,-1,-1
108,15,640.00,1034.00,128.00,72.00,1.00,-1,-1,-1
108,18,1102.00,513.00,78.00,30.00,1.00,-1,-1,-1
108,21,613.00,247.00,38.00,45.00,1.00,-1,-1,-1
108,32,660.00,670.00,12.00,13.00,1.00,-1,-1,-1
108,34,698.00,270.00,13.00,42.00,1.00,-1,-1,-1
108,37,640.00,256.00,19.00,33.00,1.00,-1,-1,-1
108,38,916.00,504.00,46.00,44.00,1.00,-1,-1,-1
108,40,671.00,282.00,29.00,25.00,1.00,-1,-1,-1
108,41,1413.00,583.00,25.00,44.00,1.00,-1,-1,-1
108,44,606.00,254.00,213.00,106.00,1.00,-1,-1,-1
108,45,237.00,1011.00,162.00,121.00,1.00,-1,-1,-1
108,48,657.00,279.00,23.00,61.00,1.00,-1,-1,-1
108,49,692.00,286.00,15.00,11.00,1.00,-1,-1,-1
108,50,738.00,303.00,13.00,19.00,1.00,-1,-1,-1
108,54,770.00,789.00,13.00,23.00,1.00,-1,-1,-1
108,72,898.00,927.00,11.00,15.00,1.00,-1,-1,-1
108,73,1146.00,588.00,64.00,45.00,1.00,-1,-1,-1
108,76,983.00,523.00,11.00,32.00,1.00,-1,-1,-1
108,77,1140.00,532.00,208.00,46.00,1.00,-1,-1,-1
108,93,296.00,1070.00,21.00,20.00,1.00,-1,-1,-1
108,99,1674.00,946.00,46.00,70.00,1.00,-1,-1,-1
108,100,1015.00,854.00,11.00,36.00,1.00,-1,-1,-1
108,112,1238.00,482.00,54.00,12.00,1.00,-1,-1,-1
108,113,974.00,503.00,27.00,20.00,1.00,-1,-1,-1
108,114,1345.00,483.00,22.00,16.00,1.00,-1,-1,-1
108,116,954.00,509.00,118.00,23.00,1.00,-1,-1,-1
108,126,1174.00,617.00,34.00,16.00,1.00,-1,-1,-1
108,129,941.00,966.00,29.00,21.00,1.00,-1,-1,-1
108,135,408.00,250.00,499.00,99.00,1.00,-1,-1,-1
108,139,955.00,980.00,21.00,16.00,1.00,-1,-1,-1
108,142,1290.00,675.00,52.00,14.00,1.00,-1,-1,-1
108,147,1765.00,1036.00,18.00,51.00,1.00,-1,-1,-1
108,148,951.00,1049.00,40.00,25.00,1.00,-1,-1,-1
108,149,393.00,1019.00,22.00,105.00,1.00,-1,-1,-1
108,153,1664.00,1002.00,11.00,41.00,1.00,-1,-1,-1
108,158,785.00,1025.00,722.00,103.00,1.00,-1,-1,-1
108,166,593.00,270.00,75.00,45.00,1.00,-1,-1,-1
108,174,659.00,279.00,39.00,42.00,1.00,-1,-1,-1
108,179,224.00,933.00,19.00,25.00,1.00,-1,-1,-1
108,186,749.00,1065.00,17.00,8.00,1.00,-1,-1,-1
108,193,1139.00,1037.00,41.00,65.00,1.00,-1,-1,-1
108,201,660.00,1045.00,11.00,12.00,1.00,-1,-1,-1
108,212,977.00,505.00,44.00,27.00,1.00,-1,-1,-1
108,218,426.00,1025.00,1030.00,104.00,1.00,-1,-1,-1
108,219,1335.00,560.00,33.00,37.00,1.00,-1,-1,-1
108,221,145.00,643.00,14.00,44.00,1.00,-1,-1,-1
108,222,189.00,1052.00,41.00,33.00,1.00,-1,-1,-1
108,223,269.00,1066.00,56.00,13.00,1.00,-1,-1,-1
108,225,270.00,1049.00,30.00,49.00,1.00,-1,-1,-1
108,234,99.00,961.00,42.00,72.00,1.00,-1,-1,-1
108,243,67.00,664.00,7.00,49.00,1.00,-1,-1,-1
108,244,1080.00,511.00,194.00,67.00,1.00,-1,-1,-1
108,246,137.00,1064.00,17.00,22.00,1.00,-1,-1,-1
108,254,653.00,275.00,65.00,44.00,1.00,-1,-1,-1
108,257,1084.00,353.00,29.00,22.00,1.00,-1,-1,-1
108,259,78.00,1072.00,17.00,22.00,1.00,-1,-1,-1
108,262,890.00,439.00,199.00,123.00,1.00,-1,-1,-1
108,270,177.00,891.00,15.00,14.00,1.00,-1,-1,-1
108,278,959.00,505.00,42.00,19.00,1.00,-1,-1,-1
108,284,6.00,802.00,29.00,36.00,1.00,-1,-1,-1
108,290,811.00,210.00,23.00,9.00,1.00,-1,-1,-1
108,296,637.00,256.00,25.00,32.00,1.00,-1,-1,-1
108,299,1193.00,587.00,19.00,14.00,1.00,-1,-1,-1
108,301,168.00,216.00,24.00,218.00,1.00,-1,-1,-1
108,305,966.00,394.00,13.00,15.00,1.00,-1,-1,-1
108,306,542.00,561.00,10.00,15.00,1.00,-1,-1,-1
108,307,1237.00,347.00,10.00,20.00,1.00,-1,-1,-1
108,309,652.00,266.00,20.00,24.00,1.00,-1,-1,-1
108,312,644.00,493.00,20.00,16.00,1.00,-1,-1,-1
108,316,685.00,863.00,15.00,14.00,1.00,-1,-1,-1
108,318,1020.00,1052.00,18.00,28.00,1.00,-1,-1,-1
108,325,594.00,254.00,100.00,33.00,1.00,-1,-1,-1
108,326,-5.00,949.00,25.00,22.00,1.00,-1,-1,-1
108,329,1667.00,954.00,19.00,37.00,1.00,-1,-1,-1
108,332,263.00,278.00,8.00,16.00,1.00,-1,-1,-1
108,333,102.00,998.00,43.00,34.00,1.00,-1,-1,-1
108,337,172.00,989.00,35.00,32.00,1.00,-1,-1,-1
108,341,-8.00,754.00,9.00,26.00,1.00,-1,-1,-1
108,345,0.00,886.00,13.00,26.00,1.00,-1,-1,-1
108,350,801.00,200.00,14.00,20.00,1.00,-1,-1,-1
108,352,1144.00,767.00,13.00,33.00,1.00,-1,-1,-1
108,354,1139.00,566.00,16.00,13.00,1.00,-1,-1,-1
108,356,-23.00,637.00,82.00,398.00,1.00,-1,-1,-1
108,360,1270.00,457.00,134.00,77.00,1.00,-1,-1,-1
108,362,655.00,269.00,15.00,13.00,1.00,-1,-1,-1
108,363,566.00,411.00,19.00,18.00,1.00,-1,-1,-1
108,364,1671.00,1028.00,17.00,112.00,1.00,-1,-1,-1
108,365,1037.00,382.00,25.00,18.00,1.00,-1,-1,-1
108,373,643.00,265.00,64.00,31.00,1.00,-1,-1,-1
108,375,1198.00,728.00,14.00,45.00,1.00,-1,-1,-1
108,379,-11.00,690.00,23.00,34.00,1.00,-1,-1,-1
108,382,847.00,316.00,41.00,40.00,1.00,-1,-1,-1
108,387,464.00,233.00,16.00,28.00,1.00,-1,-1,-1
108,388,1232.00,278.00,18.00,48.00,1.00,-1,-1,-1
108,389,548.00,193.00,16.00,15.00,1.00,-1,-1,-1
108,390,1669.00,1017.00,9.00,29.00,1.00,-1,-1,-1
108,397,-11.00,0.00,40.00,7.00,1.00,-1,-1,-1
108,400,575.00,0.00,42.00,7.00,1.00,-1,-1,-1
108,401,20.00,0.00,33.00,6.00,1.00,-1,-1,-1
108,402,152.00,0.00,52.00,7.00,1.00,-1,-1,-1
108,403,1193.00,468.00,78.00,26.00,1.00,-1,-1,-1
108,405,-15.00,795.00,35.00,30.00,1.00,-1,-1,-1
108,406,-9.00,894.00,21.00,13.00,1.00,-1,-1,-1
108,412,128.00,1003.00,18.00,10.00,1.00,-1,-1,-1
108,415,168.00,889.00,23.00,21.00,1.00,-1,-1,-1
108,423,1035.00,649.00,15.00,18.00,1.00,-1,-1,-1
108,426,767.00,645.00,61.00,45.00,1.00,-1,-1,-1
108,427,1145.00,695.00,16.00,36.00,1.00,-1,-1,-1
108,428,1078.00,711.00,30.00,29.00,1.00,-1,-1,-1
108,429,285.00,363.00,13.00,18.00,1.00,-1,-1,-1
108,434,821.00,216.00,20.00,7.00,1.00,-1,-1,-1
108,443,1708.00,152.00,212.00,315.00,1.00,-1,-1,-1
108,444,733.00,162.00,12.00,15.00,1.00,-1,-1,-1
108,445,671.00,131.00,12.00,14.00,1.00,-1,-1,-1
108,446,574.00,727.00,12.00,15.00,1.00,-1,-1,-1
108,447,926.00,914.00,11.00,14.00,1.00,-1,-1,-1
108,448,903.00,664.00,12.00,21.00,1.00,-1,-1,-1
108,450,1486.00,721.00,15.00,12.00,1.00,-1,-1,-1
108,451,623.00,145.00,36.00,15.00,1.00,-1,-1,-1
108,452,905.00,806.00,14.00,15.00,1.00,-1,-1,-1
108,453,761.00,136.00,39.00,28.00,1.00,-1,-1,-1
108,454,259.00,264.00,27.00,30.00,1.00,-1,-1,-1
108,455,1194.00,786.00,16.00,26.00,1.00,-1,-1,-1
108,456,834.00,133.00,22.00,9.00,1.00,-1,-1,-1
108,457,1505.00,860.00,18.00,16.00,1.00,-1,-1,-1
108,458,1169.00,378.00,109.00,52.00,1.00,-1,-1,-1
108,459,1490.00,919.00,150.00,41.00,1.00,-1,-1,-1
108,461,539.00,206.00,43.00,36.00,1.00,-1,-1,-1
108,470,1000.00,507.00,82.00,22.00,1.00,-1,-1,-1
108,474,1628.00,962.00,48.00,38.00,1.00,-1,-1,-1
108,476,649.00,316.00,193.00,27.00,1.00,-1,-1,-1
108,481,1628.00,962.00,48.00,38.00,1.00,-1,-1,-1
108,482,1778.00,307.00,83.00,95.00,1.00,-1,-1,-1
108,483,1644.00,971.00,18.00,29.00,1.00,-1,-1,-1
109,5,961.00,1052.00,27.00,59.00,1.00,-1,-1,-1
109,6,941.00,1055.00,18.00,22.00,1.00,-1,-1,-1
109,9,1004.00,1046.00,43.00,30.00,1.00,-1,-1,-1
109,10,991.00,905.00,139.00,66.00,1.00,-1,-1,-1
109,11,892.00,419.00,212.00,210.00,1.00,-1,-1,-1
109,12,1324.00,657.00,170.00,115.00,1.00,-1,-1,-1
109,15,632.00,1034.00,128.00,72.00,1.00,-1,-1,-1
109,18,1096.00,516.00,78.00,30.00,1.00,-1,-1,-1
109,21,609.00,243.00,38.00,45.00,1.00,-1,-1,-1
109,32,654.00,672.00,12.00,13.00,1.00,-1,-1,-1
109,34,690.00,266.00,13.00,42.00,1.00,-1,-1,-1
109,37,634.00,251.00,19.00,33.00,1.00,-1,-1,-1
109,38,907.00,507.00,46.00,44.00,1.00,-1,-1,-1
109,40,666.00,279.00,29.00,25.00,1.00,-1,-1,-1
109,41,1407.00,586.00,25.00,44.00,1.00,-1,-1,-1
109,44,535.00,193.00,275.00,166.00,1.00,-1,-1,-1
109,45,228.00,1011.00,162.00,121.00,1.00,-1,-1,-1
109,48,651.00,275.00,23.00,61.00,1.00,-1,-1,-1
109,49,687.00,282.00,15.00,11.00,1.00,-1,-1,-1
109,50,706.00,290.00,13.00,19.00,1.00,-1,-1,-1
109,54,763.00,792.00,13.00,23.00,1.00,-1,-1,-1
109,72,891.00,930.00,11.00,15.00,1.00,-1,-1,-1
109,73,1140.00,591.00,64.00,45.00,1.00,-1,-1,-1
109,76,991.00,529.00,11.00,32.00,1.00,-1,-1,-1
109,77,1134.00,534.00,208.00,46.00,1.00,-1,-1,-1
109,93,296.00,1070.00,21.00,20.00,1.00,-1,-1,-1
109,100,1009.00,857.00,11.00,36.00,1.00,-1,-1,-1
109,112,1231.00,485.00,54.00,12.00,1.00,-1,-1,-1
109,113,982.00,505.00,27.00,20.00,1.00,-1,-1,-1
109,114,1338.00,486.00,22.00,16.00,1.00,-1,-1,-1
109,116,975.00,512.00,118.00,23.00,1.00,-1,-1,-1
109,126,1168.00,620.00,34.00,16.00,1.00,-1,-1,-1
109,129,941.00,966.00,29.00,21.00,1.00,-1,-1,-1
109,135,402.00,246.00,499.00,99.00,1.00,-1,-1,-1
109,139,955.00,980.00,21.00,16.00,1.00,-1,-1,-1
109,142,1283.00,679.00,52.00,14.00,1.00,-1,-1,-1
109,147,1770.00,1030.00,18.00,51.00,1.00,-1,-1,-1
109,148,951.00,1049.00,40.00,25.00,1.00,-1,-1,-1
109,149,386.00,1019.00,22.00,105.00,1.00,-1,-1,-1
109,153,1657.00,1005.00,11.00,41.00,1.00,-1,-1,-1
109,158,778.00,1025.00,722.00,103.00,1.00,-1,-1,-1
109,166,588.00,266.00,75.00,45.00,1.00,-1,-1,-1
109,174,653.00,275.00,39.00,42.00,1.00,-1,-1,-1
109,179,217.00,935.00,19.00,25.00,1.00,-1,-1,-1
109,186,741.00,1065.00,17.00,8.00,1.00,-1,-1,-1
109,193,1132.00,1037.00,41.00,65.00,1.00,-1,-1,-1
109,201,653.00,1048.00,11.00,12.00,1.00,-1,-1,-1
109,212,985.00,509.00,44.00,27.00,1.00,-1,-1,-1
109,218,426.00,1025.00,1030.00,104.00,1.00,-1,-1,-1
109,219,1328.00,563.00,33.00,37.00,1.00,-1,-1,-1
109,221,139.00,647.00,14.00,44.00,1.00,-1,-1,-1
109,222,182.00,1054.00,41.00,33.00,1.00,-1,-1,-1
109,223,266.00,1066.00,56.00,13.00,1.00,-1,-1,-1
109,234,92.00,964.00,42.00,72.00,1.00,-1,-1,-1
109,243,59.00,667.00,7.00,49.00,1.00,-1,-1,-1
109,244,1074.00,514.00,194.00,67.00,1.00,-1,-1,-1
109,246,134.00,1064.00,17.00,22.00,1.00,-1,-1,-1
109,254,648.00,271.00,65.00,44.00,1.00,-1,-1,-1
109,257,1078.00,356.00,29.00,22.00,1.00,-1,-1,-1
109,259,66.00,1072.00,17.00,22.00,1.00,-1,-1,-1
109,260,91.00,992.00,22.00,32.00,1.00,-1,-1,-1
109,262,898.00,435.00,199.00,123.00,1.00,-1,-1,-1
109,270,170.00,894.00,15.00,14.00,1.00,-1,-1,-1
109,278,969.00,509.00,42.00,19.00,1.00,-1,-1,-1
109,284,0.00,805.00,29.00,36.00,1.00,-1,-1,-1
109,290,804.00,214.00,23.00,9.00,1.00,-1,-1,-1
109,296,632.00,252.00,25.00,32.00,1.00,-1,-1,-1
109,299,1186.00,590.00,19.00,14.00,1.00,-1,-1,-1
109,301,161.00,219.00,24.00,218.00,1.00,-1,-1,-1
109,305,960.00,397.00,13.00,15.00,1.00,-1,-1,-1
109,306,535.00,564.00,10.00,15.00,1.00,-1,-1,-1
109,307,1230.00,350.00,10.00,20.00,1.00,-1,-1,-1
109,309,647.00,262.00,20.00,24.00,1.00,-1,-1,-1
109,312,637.00,495.00,20.00,16.00,1.00,-1,-1,-1
109,316,678.00,866.00,15.00,14.00,1.00,-1,-1,-1
109,318,1020.00,1052.00,18.00,28.00,1.00,-1,-1,-1
109,325,589.00,249.00,100.00,33.00,1.00,-1,-1,-1
109,326,-5.00,949.00,25.00,22.00,1.00,-1,-1,-1
109,332,256.00,281.00,8.00,16.00,1.00,-1,-1,-1
109,333,95.00,1001.00,43.00,34.00,1.00,-1,-1,-1
109,337,165.00,992.00,35.00,32.00,1.00,-1,-1,-1
109,341,-8.00,754.00,9.00,26.00,1.00,-1,-1,-1
109,345,0.00,886.00,13.00,26.00,1.00,-1,-1,-1
109,350,795.00,203.00,14.00,20.00,1.00,-1,-1,-1
109,352,1137.00,770.00,13.00,33.00,1.00,-1,-1,-1
109,354,1133.00,570.00,16.00,13.00,1.00,-1,-1,-1
109,356,-30.00,640.00,82.00,398.00,1.00,-1,-1,-1
109,360,1263.00,460.00,134.00,77.00,1.00,-1,-1,-1
109,362,650.00,265.00,15.00,13.00,1.00,-1,-1,-1
109,363,559.00,414.00,19.00,18.00,1.00,-1,-1,-1
109,364,1664.00,1028.00,17.00,112.00,1.00,-1,-1,-1
109,365,1031.00,385.00,25.00,18.00,1.00,-1,-1,-1
109,373,640.00,261.00,64.00,31.00,1.00,-1,-1,-1
109,375,1192.00,731.00,14.00,45.00,1.00,-1,-1,-1
109,379,-12.00,684.00,23.00,34.00,1.00,-1,-1,-1
109,382,840.00,319.00,41.00,40.00,1.00,-1,-1,-1
109,387,457.00,237.00,16.00,28.00,1.00,-1,-1,-1
109,388,1225.00,282.00,18.00,48.00,1.00,-1,-1,-1
109,389,543.00,186.00,16.00,15.00,1.00,-1,-1,-1
109,390,1662.00,1020.00,9.00,29.00,1.00,-1,-1,-1
109,397,-17.00,0.00,40.00,7.00,1.00,-1,-1,-1
109,400,555.00,0.00,42.00,7.00,1.00,-1,-1,-1
109,401,14.00,0.00,33.00,6.00,1.00,-1,-1,-1
109,402,145.00,0.00,52.00,7.00,1.00,-1,-1,-1
109,403,1186.00,471.00,78.00,26.00,1.00,-1,-1,-1
109,405,-15.00,795.00,35.00,30.00,1.00,-1,-1,-1
109,406,-9.00,894.00,21.00,13.00,1.00,-1,-1,-1
109,412,121.00,1006.00,18.00,10.00,1.00,-1,-1,-1
109,415,161.00,892.00,23.00,21.00,1.00,-1,-1,-1
109,423,1028.00,651.00,15.00,18.00,1.00,-1,-1,-1
109,426,760.00,648.00,61.00,45.00,1.00,-1,-1,-1
109,427,1139.00,698.00,16.00,36.00,1.00,-1,-1,-1
109,428,1072.00,713.00,30.00,29.00,1.00,-1,-1,-1
109,429,279.00,366.00,13.00,18.00,1.00,-1,-1,-1
109,434,814.00,219.00,20.00,7.00,1.00,-1,-1,-1
109,443,1745.00,172.00,175.00,300.00,1.00,-1,-1,-1
109,444,727.00,166.00,12.00,15.00,1.00,-1,-1,-1
109,445,665.00,135.00,12.00,14.00,1.00,-1,-1,-1
109,446,567.00,730.00,12.00,15.00,1.00,-1,-1,-1
109,447,919.00,917.00,11.00,14.00,1.00,-1,-1,-1
109,448,896.00,667.00,12.00,21.00,1.00,-1,-1,-1
109,450,1479.00,724.00,15.00,12.00,1.00,-1,-1,-1
109,451,616.00,148.00,36.00,15.00,1.00,-1,-1,-1
109,452,898.00,809.00,14.00,15.00,1.00,-1,-1,-1
109,453,755.00,139.00,39.00,28.00,1.00,-1,-1,-1
109,454,252.00,267.00,27.00,30.00,1.00,-1,-1,-1
109,455,1187.00,789.00,16.00,26.00,1.00,-1,-1,-1
109,456,827.00,137.00,22.00,9.00,1.00,-1,-1,-1
109,457,1498.00,863.00,18.00,16.00,1.00,-1,-1,-1
109,458,1163.00,381.00,109.00,52.00,1.00,-1,-1,-1
109,459,1483.00,922.00,150.00,41.00,1.00,-1,-1,-1
109,461,531.00,198.00,43.00,36.00,1.00,-1,-1,-1
109,470,992.00,510.00,82.00,22.00,1.00,-1,-1,-1
109,474,1621.00,965.00,48.00,38.00,1.00,-1,-1,-1
109,476,641.00,314.00,193.00,27.00,1.00,-1,-1,-1
109,481,1621.00,965.00,48.00,38.00,1.00,-1,-1,-1
109,482,1811.00,324.00,83.00,95.00,1.00,-1,-1,-1
109,483,1637.00,974.00,18.00,29.00,1.00,-1,-1,-1
110,5,961.00,1052.00,27.00,59.00,1.00,-1,-1,-1
110,6,941.00,1055.00,18.00,22.00,1.00,-1,-1,-1
110,9,1004.00,1046.00,43.00,30.00,1.00,-1,-1,-1
110,10,982.00,907.00,139.00,66.00,1.00,-1,-1,-1
110,11,898.00,421.00,213.00,212.00,1.00,-1,-1,-1
110,12,1315.00,659.00,170.00,115.00,1.00,-1,-1,-1
110,15,623.00,1034.00,128.00,72.00,1.00,-1,-1,-1
110,18,1087.00,518.00,78.00,30.00,1.00,-1,-1,-1
110,21,603.00,238.00,38.00,45.00,1.00,-1,-1,-1
110,32,645.00,675.00,12.00,13.00,1.00,-1,-1,-1
110,34,683.00,262.00,13.00,42.00,1.00,-1,-1,-1
110,37,628.00,246.00,19.00,33.00,1.00,-1,-1,-1
110,38,897.00,510.00,46.00,44.00,1.00,-1,-1,-1
110,40,660.00,275.00,29.00,25.00,1.00,-1,-1,-1
110,41,1398.00,589.00,25.00,44.00,1.00,-1,-1,-1
110,44,607.00,252.00,193.00,104.00,1.00,-1,-1,-1
110,45,219.00,1011.00,162.00,121.00,1.00,-1,-1,-1
110,48,644.00,271.00,23.00,61.00,1.00,-1,-1,-1
110,49,680.00,278.00,15.00,11.00,1.00,-1,-1,-1
110,50,698.00,286.00,13.00,19.00,1.00,-1,-1,-1
110,54,754.00,795.00,13.00,23.00,1.00,-1,-1,-1
110,72,882.00,932.00,11.00,15.00,1.00,-1,-1,-1
110,73,1131.00,593.00,64.00,45.00,1.00,-1,-1,-1
110,76,997.00,534.00,11.00,32.00,1.00,-1,-1,-1
110,77,1125.00,536.00,208.00,46.00,1.00,-1,-1,-1
110,93,296.00,1070.00,21.00,20.00,1.00,-1,-1,-1
110,100,1000.00,859.00,11.00,36.00,1.00,-1,-1,-1
110,112,1222.00,487.00,54.00,12.00,1.00,-1,-1,-1
110,113,991.00,510.00,27.00,20.00,1.00,-1,-1,-1
110,114,1330.00,488.00,22.00,16.00,1.00,-1,-1,-1
110,116,965.00,514.00,118.00,23.00,1.00,-1,-1,-1
110,126,1159.00,622.00,34.00,16.00,1.00,-1,-1,-1
110,129,941.00,966.00,29.00,21.00,1.00,-1,-1,-1
110,135,396.00,241.00,499.00,99.00,1.00,-1,-1,-1
110,139,955.00,980.00,21.00,16.00,1.00,-1,-1,-1
110,142,1274.00,681.00,52.00,14.00,1.00,-1,-1,-1
110,147,1773.00,1023.00,18.00,51.00,1.00,-1,-1,-1
110,148,951.00,1049.00,40.00,25.00,1.00,-1,-1,-1
110,149,378.00,1019.00,22.00,105.00,1.00,-1,-1,-1
110,153,1649.00,1007.00,11.00,41.00,1.00,-1,-1,-1
110,158,770.00,1025.00,722.00,103.00,1.00,-1,-1,-1
110,166,581.00,260.00,75.00,45.00,1.00,-1,-1,-1
110,174,646.00,271.00,39.00,42.00,1.00,-1,-1,-1
110,179,208.00,937.00,19.00,25.00,1.00,-1,-1,-1
110,186,733.00,1065.00,17.00,8.00,1.00,-1,-1,-1
110,193,1123.00,1037.00,41.00,65.00,1.00,-1,-1,-1
110,201,644.00,1050.00,11.00,12.00,1.00,-1,-1,-1
110,212,990.00,511.00,44.00,27.00,1.00,-1,-1,-1
110,218,426.00,1025.00,1030.00,104.00,1.00,-1,-1,-1
110,219,1320.00,565.00,33.00,37.00,1.00,-1,-1,-1
110,221,130.00,648.00,14.00,44.00,1.00,-1,-1,-1
110,222,174.00,1054.00,41.00,33.00,1.00,-1,-1,-1
110,223,258.00,1067.00,56.00,13.00,1.00,-1,-1,-1
110,234,83.00,965.00,42.00,72.00,1.00,-1,-1,-1
110,243,50.00,669.00,7.00,49.00,1.00,-1,-1,-1
110,244,1065.00,516.00,194.00,67.00,1.00,-1,-1,-1
110,246,124.00,1065.00,17.00,22.00,1.00,-1,-1,-1
110,254,641.00,267.00,65.00,44.00,1.00,-1,-1,-1
110,257,1069.00,358.00,29.00,22.00,1.00,-1,-1,-1
110,259,66.00,1072.00,17.00,22.00,1.00,-1,-1,-1
110,260,82.00,993.00,22.00,32.00,1.00,-1,-1,-1
110,262,924.00,456.00,199.00,123.00,1.00,-1,-1,-1
110,270,162.00,893.00,27.00,17.00,1.00,-1,-1,-1
110,278,976.00,513.00,42.00,19.00,1.00,-1,-1,-1
110,284,0.00,805.00,29.00,36.00,1.00,-1,-1,-1
110,290,796.00,216.00,23.00,9.00,1.00,-1,-1,-1
110,296,625.00,247.00,25.00,32.00,1.00,-1,-1,-1
110,299,1177.00,592.00,19.00,14.00,1.00,-1,-1,-1
110,301,153.00,221.00,24.00,218.00,1.00,-1,-1,-1
110,305,951.00,399.00,13.00,15.00,1.00,-1,-1,-1
110,306,526.00,566.00,10.00,15.00,1.00,-1,-1,-1
110,307,1221.00,353.00,10.00,20.00,1.00,-1,-1,-1
110,309,641.00,257.00,20.00,24.00,1.00,-1,-1,-1
110,312,629.00,498.00,20.00,16.00,1.00,-1,-1,-1
110,316,669.00,868.00,15.00,14.00,1.00,-1,-1,-1
110,318,1020.00,1052.00,18.00,28.00,1.00,-1,-1,-1
110,325,583.00,245.00,100.00,33.00,1.00,-1,-1,-1
110,326,-5.00,949.00,25.00,22.00,1.00,-1,-1,-1
110,332,248.00,283.00,8.00,16.00,1.00,-1,-1,-1
110,333,86.00,1003.00,43.00,34.00,1.00,-1,-1,-1
110,337,159.00,997.00,33.00,24.00,1.00,-1,-1,-1
110,341,-8.00,754.00,9.00,26.00,1.00,-1,-1,-1
110,345,0.00,886.00,13.00,26.00,1.00,-1,-1,-1
110,350,786.00,205.00,14.00,20.00,1.00,-1,-1,-1
110,352,1128.00,772.00,13.00,33.00,1.00,-1,-1,-1
110,354,1124.00,572.00,16.00,13.00,1.00,-1,-1,-1
110,356,-40.00,641.00,82.00,398.00,1.00,-1,-1,-1
110,360,1255.00,462.00,134.00,77.00,1.00,-1,-1,-1
110,362,643.00,260.00,15.00,13.00,1.00,-1,-1,-1
110,363,550.00,416.00,19.00,18.00,1.00,-1,-1,-1
110,364,1654.00,1028.00,17.00,112.00,1.00,-1,-1,-1
110,365,1022.00,388.00,25.00,18.00,1.00,-1,-1,-1
110,373,633.00,257.00,64.00,31.00,1.00,-1,-1,-1
110,375,1183.00,733.00,14.00,45.00,1.00,-1,-1,-1
110,379,-12.00,684.00,23.00,34.00,1.00,-1,-1,-1
110,382,831.00,321.00,41.00,40.00,1.00,-1,-1,-1
110,387,449.00,239.00,16.00,28.00,1.00,-1,-1,-1
110,388,1217.00,284.00,18.00,48.00,1.00,-1,-1,-1
110,389,537.00,180.00,16.00,15.00,1.00,-1,-1,-1
110,390,1653.00,1022.00,9.00,29.00,1.00,-1,-1,-1
110,397,-17.00,0.00,40.00,7.00,1.00,-1,-1,-1
110,400,547.00,0.00,42.00,7.00,1.00,-1,-1,-1
110,401,-2.00,0.00,33.00,6.00,1.00,-1,-1,-1
110,402,137.00,0.00,52.00,7.00,1.00,-1,-1,-1
110,403,1177.00,473.00,78.00,26.00,1.00,-1,-1,-1
110,405,-15.00,795.00,35.00,30.00,1.00,-1,-1,-1
110,406,-9.00,894.00,21.00,13.00,1.00,-1,-1,-1
110,412,113.00,1006.00,20.00,15.00,1.00,-1,-1,-1
110,415,152.00,894.00,23.00,21.00,1.00,-1,-1,-1
110,423,1019.00,654.00,15.00,18.00,1.00,-1,-1,-1
110,426,751.00,650.00,61.00,45.00,1.00,-1,-1,-1
110,427,1130.00,700.00,16.00,36.00,1.00,-1,-1,-1
110,428,1063.00,716.00,30.00,29.00,1.00,-1,-1,-1
110,429,270.00,368.00,13.00,18.00,1.00,-1,-1,-1
110,434,806.00,221.00,20.00,7.00,1.00,-1,-1,-1
110,443,1782.00,193.00,138.00,287.00,1.00,-1,-1,-1
110,444,718.00,168.00,12.00,15.00,1.00,-1,-1,-1
110,445,656.00,137.00,12.00,14.00,1.00,-1,-1,-1
110,446,559.00,732.00,12.00,15.00,1.00,-1,-1,-1
110,447,910.00,919.00,11.00,14.00,1.00,-1,-1,-1
110,448,887.00,669.00,12.00,21.00,1.00,-1,-1,-1
110,450,1470.00,726.00,15.00,12.00,1.00,-1,-1,-1
110,451,608.00,150.00,36.00,15.00,1.00,-1,-1,-1
110,452,889.00,811.00,14.00,15.00,1.00,-1,-1,-1
110,453,746.00,142.00,39.00,28.00,1.00,-1,-1,-1
110,454,244.00,269.00,27.00,30.00,1.00,-1,-1,-1
110,455,1178.00,791.00,16.00,26.00,1.00,-1,-1,-1
110,456,820.00,139.00,22.00,9.00,1.00,-1,-1,-1
110,457,1489.00,865.00,18.00,16.00,1.00,-1,-1,-1
110,458,1154.00,383.00,109.00,52.00,1.00,-1,-1,-1
110,459,1474.00,924.00,150.00,41.00,1.00,-1,-1,-1
110,461,529.00,195.00,56.00,49.00,1.00,-1,-1,-1
110,470,981.00,512.00,82.00,22.00,1.00,-1,-1,-1
110,474,1612.00,968.00,48.00,38.00,1.00,-1,-1,-1
110,476,632.00,311.00,193.00,27.00,1.00,-1,-1,-1
110,481,1612.00,968.00,48.00,38.00,1.00,-1,-1,-1
110,482,1842.00,341.00,83.00,95.00,1.00,-1,-1,-1
110,483,1628.00,976.00,18.00,29.00,1.00,-1,-1,-1
111,5,961.00,1052.00,27.00,59.00,1.00,-1,-1,-1
111,6,941.00,1055.00,18.00,22.00,1.00,-1,-1,-1
111,9,1004.00,1046.00,43.00,30.00,1.00,-1,-1,-1
111,10,982.00,908.00,139.00,66.00,1.00,-1,-1,-1
111,11,898.00,421.00,213.00,212.00,1.00,-1,-1,-1
111,12,1315.00,659.00,170.00,115.00,1.00,-1,-1,-1
111,15,623.00,1034.00,128.00,72.00,1.00,-1,-1,-1
111,18,1087.00,518.00,78.00,30.00,1.00,-1,-1,-1
111,21,603.00,238.00,38.00,45.00,1.00,-1,-1,-1
111,32,645.00,675.00,12.00,13.00,1.00,-1,-1,-1
111,34,683.00,262.00,13.00,42.00,1.00,-1,-1,-1
111,37,628.00,246.00,19.00,33.00,1.00,-1,-1,-1
111,38,897.00,510.00,46.00,44.00,1.00,-1,-1,-1
111,40,660.00,275.00,29.00,25.00,1.00,-1,-1,-1
111,41,1398.00,589.00,25.00,44.00,1.00,-1,-1,-1
111,44,607.00,252.00,193.00,104.00,1.00,-1,-1,-1
111,45,219.00,1011.00,162.00,121.00,1.00,-1,-1,-1
111,48,644.00,271.00,23.00,61.00,1.00,-1,-1,-1
111,49,680.00,278.00,15.00,11.00,1.00,-1,-1,-1
111,50,698.00,286.00,13.00,19.00,1.00,-1,-1,-1
111,54,754.00,795.00,13.00,23.00,1.00,-1,-1,-1
111,72,882.00,932.00,11.00,15.00,1.00,-1,-1,-1
111,73,1131.00,593.00,64.00,45.00,1.00,-1,-1,-1
111,76,997.00,534.00,11.00,32.00,1.00,-1,-1,-1
111,77,1125.00,536.00,208.00,46.00,1.00,-1,-1,-1
111,93,296.00,1070.00,21.00,20.00,1.00,-1,-1,-1
111,100,1000.00,859.00,11.00,36.00,1.00,-1,-1,-1
111,112,1222.00,487.00,54.00,12.00,1.00,-1,-1,-1
111,113,991.00,510.00,27.00,20.00,1.00,-1,-1,-1
111,114,1330.00,488.00,22.00,16.00,1.00,-1,-1,-1
111,116,965.00,514.00,118.00,23.00,1.00,-1,-1,-1
111,126,1159.00,622.00,34.00,16.00,1.00,-1,-1,-1
111,129,941.00,966.00,29.00,21.00,1.00,-1,-1,-1
111,135,396.00,241.00,499.00,99.00,1.00,-1,-1,-1
111,139,955.00,980.00,21.00,16.00,1.00,-1,-1,-1
111,142,1274.00,681.00,52.00,14.00,1.00,-1,-1,-1
111,147,1773.00,1023.00,18.00,51.00,1.00,-1,-1,-1
111,148,951.00,1049.00,40.00,25.00,1.00,-1,-1,-1
111,149,378.00,1019.00,22.00,105.00,1.00,-1,-1,-1
111,153,1649.00,1007.00,11.00,41.00,1.00,-1,-1,-1
111,158,770.00,1025.00,722.00,103.00,1.00,-1,-1,-1
111,166,581.00,260.00,75.00,45.00,1.00,-1,-1,-1
111,174,646.00,271.00,39.00,42.00,1.00,-1,-1,-1
111,179,208.00,937.00,19.00,25.00,1.00,-1,-1,-1
111,186,733.00,1065.00,17.00,8.00,1.00,-1,-1,-1
111,193,1123.00,1037.00,41.00,65.00,1.00,-1,-1,-1
111,201,644.00,1050.00,11.00,12.00,1.00,-1,-1,-1
111,212,990.00,511.00,44.00,27.00,1.00,-1,-1,-1
111,218,426.00,1025.00,1030.00,104.00,1.00,-1,-1,-1
111,219,1320.00,565.00,33.00,37.00,1.00,-1,-1,-1
111,221,130.00,648.00,14.00,44.00,1.00,-1,-1,-1
111,222,174.00,1054.00,41.00,33.00,1.00,-1,-1,-1
111,223,258.00,1067.00,56.00,13.00,1.00,-1,-1,-1
111,234,83.00,965.00,42.00,72.00,1.00,-1,-1,-1
111,243,50.00,669.00,7.00,49.00,1.00,-1,-1,-1
111,244,1065.00,516.00,194.00,67.00,1.00,-1,-1,-1
111,246,124.00,1065.00,17.00,22.00,1.00,-1,-1,-1
111,254,641.00,267.00,65.00,44.00,1.00,-1,-1,-1
111,257,1069.00,358.00,29.00,22.00,1.00,-1,-1,-1
111,259,66.00,1072.00,17.00,22.00,1.00,-1,-1,-1
111,260,82.00,993.00,22.00,32.00,1.00,-1,-1,-1
111,262,924.00,456.00,199.00,123.00,1.00,-1,-1,-1
111,270,162.00,893.00,27.00,17.00,1.00,-1,-1,-1
111,278,976.00,513.00,42.00,19.00,1.00,-1,-1,-1
111,284,0.00,805.00,29.00,36.00,1.00,-1,-1,-1
111,290,796.00,216.00,23.00,9.00,1.00,-1,-1,-1
111,296,626.00,247.00,25.00,32.00,1.00,-1,-1,-1
111,299,1177.00,592.00,19.00,14.00,1.00,-1,-1,-1
111,301,153.00,221.00,24.00,218.00,1.00,-1,-1,-1
111,305,951.00,399.00,13.00,15.00,1.00,-1,-1,-1
111,306,526.00,566.00,10.00,15.00,1.00,-1,-1,-1
111,307,1221.00,353.00,10.00,20.00,1.00,-1,-1,-1
111,309,641.00,257.00,20.00,24.00,1.00,-1,-1,-1
111,312,629.00,498.00,20.00,16.00,1.00,-1,-1,-1
111,316,669.00,868.00,15.00,14.00,1.00,-1,-1,-1
111,318,1020.00,1052.00,18.00,28.00,1.00,-1,-1,-1
111,325,583.00,245.00,100.00,33.00,1.00,-1,-1,-1
111,326,-5.00,949.00,25.00,22.00,1.00,-1,-1,-1
111,332,248.00,283.00,8.00,16.00,1.00,-1,-1,-1
111,333,86.00,1003.00,43.00,34.00,1.00,-1,-1,-1
111,337,159.00,997.00,33.00,24.00,1.00,-1,-1,-1
111,341,-8.00,754.00,9.00,26.00,1.00,-1,-1,-1
111,345,0.00,886.00,13.00,26.00,1.00,-1,-1,-1
111,350,786.00,205.00,14.00,20.00,1.00,-1,-1,-1
111,352,1128.00,772.00,13.00,33.00,1.00,-1,-1,-1
111,354,1124.00,572.00,16.00,13.00,1.00,-1,-1,-1
111,356,-40.00,641.00,82.00,398.00,1.00,-1,-1,-1
111,360,1255.00,462.00,134.00,77.00,1.00,-1,-1,-1
111,362,643.00,260.00,15.00,13.00,1.00,-1,-1,-1
111,363,550.00,416.00,19.00,18.00,1.00,-1,-1,-1
111,364,1654.00,1028.00,17.00,112.00,1.00,-1,-1,-1
111,365,1022.00,388.00,25.00,18.00,1.00,-1,-1,-1
111,373,633.00,257.00,64.00,31.00,1.00,-1,-1,-1
111,375,1183.00,733.00,14.00,45.00,1.00,-1,-1,-1
111,379,-12.00,684.00,23.00,34.00,1.00,-1,-1,-1
111,382,831.00,321.00,41.00,40.00,1.00,-1,-1,-1
111,387,449.00,239.00,16.00,28.00,1.00,-1,-1,-1
111,388,1217.00,284.00,18.00,48.00,1.00,-1,-1,-1
111,389,537.00,180.00,16.00,15.00,1.00,-1,-1,-1
111,390,1653.00,1023.00,9.00,29.00,1.00,-1,-1,-1
111,397,-17.00,0.00,40.00,7.00,1.00,-1,-1,-1
111,400,547.00,0.00,42.00,7.00,1.00,-1,-1,-1
111,401,-2.00,0.00,33.00,6.00,1.00,-1,-1,-1
111,402,137.00,0.00,52.00,7.00,1.00,-1,-1,-1
111,403,1177.00,473.00,78.00,26.00,1.00,-1,-1,-1
111,405,-15.00,795.00,35.00,30.00,1.00,-1,-1,-1
111,406,-9.00,894.00,21.00,13.00,1.00,-1,-1,-1
111,412,113.00,1006.00,20.00,15.00,1.00,-1,-1,-1
111,415,152.00,894.00,23.00,21.00,1.00,-1,-1,-1
111,423,1019.00,654.00,15.00,18.00,1.00,-1,-1,-1
111,426,751.00,650.00,61.00,45.00,1.00,-1,-1,-1
111,427,1130.00,700.00,16.00,36.00,1.00,-1,-1,-1
111,428,1063.00,716.00,30.00,29.00,1.00,-1,-1,-1
111,429,270.00,368.00,13.00,18.00,1.00,-1,-1,-1
111,434,806.00,221.00,20.00,7.00,1.00,-1,-1,-1
111,443,1782.00,193.00,138.00,287.00,1.00,-1,-1,-1
111,444,718.00,168.00,12.00,15.00,1.00,-1,-1,-1
111,445,656.00,137.00,12.00,14.00,1.00,-1,-1,-1
111,446,559.00,732.00,12.00,15.00,1.00,-1,-1,-1
111,447,910.00,919.00,11.00,14.00,1.00,-1,-1,-1
111,448,887.00,669.00,12.00,21.00,1.00,-1,-1,-1
111,450,1470.00,726.00,15.00,12.00,1.00,-1,-1,-1
111,451,608.00,150.00,36.00,15.00,1.00,-1,-1,-1
111,452,889.00,811.00,14.00,15.00,1.00,-1,-1,-1
111,453,746.00,142.00,39.00,28.00,1.00,-1,-1,-1
111,454,244.00,269.00,27.00,30.00,1.00,-1,-1,-1
111,455,1178.00,791.00,16.00,26.00,1.00,-1,-1,-1
111,456,820.00,139.00,22.00,9.00,1.00,-1,-1,-1
111,457,1489.00,865.00,18.00,16.00,1.00,-1,-1,-1
111,458,1154.00,383.00,109.00,52.00,1.00,-1,-1,-1
111,459,1474.00,924.00,150.00,41.00,1.00,-1,-1,-1
111,461,529.00,195.00,56.00,49.00,1.00,-1,-1,-1
111,470,981.00,512.00,82.00,22.00,1.00,-1,-1,-1
111,474,1612.00,968.00,48.00,38.00,1.00,-1,-1,-1
111,476,632.00,311.00,193.00,27.00,1.00,-1,-1,-1
111,481,1612.00,968.00,48.00,38.00,1.00,-1,-1,-1
111,482,1842.00,341.00,83.00,95.00,1.00,-1,-1,-1
111,483,1628.00,976.00,18.00,29.00,1.00,-1,-1,-1
112,5,814.00,1048.00,27.00,59.00,1.00,-1,-1,-1
112,9,968.00,1052.00,43.00,30.00,1.00,-1,-1,-1
112,10,973.00,911.00,139.00,66.00,1.00,-1,-1,-1
112,11,908.00,425.00,204.00,210.00,1.00,-1,-1,-1
112,12,1305.00,660.00,170.00,115.00,1.00,-1,-1,-1
112,15,613.00,1034.00,128.00,72.00,1.00,-1,-1,-1
112,18,1077.00,519.00,78.00,30.00,1.00,-1,-1,-1
112,21,596.00,232.00,38.00,45.00,1.00,-1,-1,-1
112,32,635.00,676.00,12.00,13.00,1.00,-1,-1,-1
112,34,673.00,257.00,13.00,42.00,1.00,-1,-1,-1
112,37,621.00,241.00,19.00,33.00,1.00,-1,-1,-1
112,38,886.00,511.00,46.00,44.00,1.00,-1,-1,-1
112,40,653.00,270.00,29.00,25.00,1.00,-1,-1,-1
112,41,1388.00,590.00,25.00,44.00,1.00,-1,-1,-1
112,44,569.00,223.00,223.00,134.00,1.00,-1,-1,-1
112,45,209.00,1011.00,162.00,121.00,1.00,-1,-1,-1
112,48,635.00,266.00,23.00,61.00,1.00,-1,-1,-1
112,49,673.00,274.00,15.00,11.00,1.00,-1,-1,-1
112,50,676.00,275.00,13.00,19.00,1.00,-1,-1,-1
112,54,745.00,796.00,13.00,23.00,1.00,-1,-1,-1
112,72,872.00,933.00,11.00,15.00,1.00,-1,-1,-1
112,73,1121.00,594.00,64.00,45.00,1.00,-1,-1,-1
112,76,1004.00,537.00,11.00,32.00,1.00,-1,-1,-1
112,77,1115.00,538.00,208.00,46.00,1.00,-1,-1,-1
112,100,990.00,860.00,11.00,36.00,1.00,-1,-1,-1
112,112,1212.00,489.00,54.00,12.00,1.00,-1,-1,-1
112,113,997.00,517.00,27.00,20.00,1.00,-1,-1,-1
112,114,1320.00,489.00,22.00,16.00,1.00,-1,-1,-1
112,116,981.00,522.00,118.00,23.00,1.00,-1,-1,-1
112,126,1149.00,623.00,34.00,16.00,1.00,-1,-1,-1
112,129,941.00,966.00,29.00,21.00,1.00,-1,-1,-1
112,135,389.00,236.00,499.00,99.00,1.00,-1,-1,-1
112,139,955.00,980.00,21.00,16.00,1.00,-1,-1,-1
112,142,1265.00,682.00,52.00,14.00,1.00,-1,-1,-1
112,147,1777.00,1016.00,18.00,51.00,1.00,-1,-1,-1
112,148,1296.00,1023.00,40.00,25.00,1.00,-1,-1,-1
112,149,368.00,1019.00,22.00,105.00,1.00,-1,-1,-1
112,153,1639.00,1009.00,11.00,41.00,1.00,-1,-1,-1
112,158,761.00,1025.00,722.00,103.00,1.00,-1,-1,-1
112,166,574.00,253.00,75.00,45.00,1.00,-1,-1,-1
112,174,638.00,266.00,39.00,42.00,1.00,-1,-1,-1
112,179,198.00,939.00,19.00,25.00,1.00,-1,-1,-1
112,186,723.00,1065.00,17.00,8.00,1.00,-1,-1,-1
112,193,1114.00,1037.00,41.00,65.00,1.00,-1,-1,-1
112,201,634.00,1051.00,11.00,12.00,1.00,-1,-1,-1
112,212,998.00,517.00,44.00,27.00,1.00,-1,-1,-1
112,218,426.00,1025.00,1030.00,104.00,1.00,-1,-1,-1
112,219,1310.00,566.00,33.00,37.00,1.00,-1,-1,-1
112,221,120.00,649.00,14.00,44.00,1.00,-1,-1,-1
112,222,165.00,1054.00,41.00,33.00,1.00,-1,-1,-1
112,223,249.00,1067.00,56.00,13.00,1.00,-1,-1,-1
112,234,74.00,967.00,42.00,72.00,1.00,-1,-1,-1
112,243,41.00,670.00,7.00,49.00,1.00,-1,-1,-1
112,244,1055.00,517.00,194.00,67.00,1.00,-1,-1,-1
112,246,114.00,1065.00,17.00,22.00,1.00,-1,-1,-1
112,254,634.00,262.00,65.00,44.00,1.00,-1,-1,-1
112,257,1059.00,360.00,29.00,22.00,1.00,-1,-1,-1
112,259,66.00,1072.00,17.00,22.00,1.00,-1,-1,-1
112,260,72.00,995.00,22.00,32.00,1.00,-1,-1,-1
112,262,932.00,463.00,199.00,123.00,1.00,-1,-1,-1
112,270,152.00,894.00,27.00,17.00,1.00,-1,-1,-1
112,278,981.00,519.00,42.00,19.00,1.00,-1,-1,-1
112,284,0.00,805.00,29.00,36.00,1.00,-1,-1,-1
112,290,786.00,217.00,23.00,9.00,1.00,-1,-1,-1
112,296,619.00,242.00,25.00,32.00,1.00,-1,-1,-1
112,299,1167.00,593.00,19.00,14.00,1.00,-1,-1,-1
112,301,143.00,223.00,24.00,218.00,1.00,-1,-1,-1
112,305,941.00,400.00,13.00,15.00,1.00,-1,-1,-1
112,306,517.00,567.00,10.00,15.00,1.00,-1,-1,-1
112,307,1211.00,354.00,10.00,20.00,1.00,-1,-1,-1
112,309,634.00,252.00,20.00,24.00,1.00,-1,-1,-1
112,312,619.00,500.00,20.00,16.00,1.00,-1,-1,-1
112,316,659.00,869.00,15.00,14.00,1.00,-1,-1,-1
112,318,1020.00,1052.00,18.00,28.00,1.00,-1,-1,-1
112,325,577.00,240.00,100.00,33.00,1.00,-1,-1,-1
112,326,-5.00,949.00,25.00,22.00,1.00,-1,-1,-1
112,332,238.00,284.00,8.00,16.00,1.00,-1,-1,-1
112,333,76.00,1005.00,43.00,34.00,1.00,-1,-1,-1
112,337,148.00,998.00,33.00,24.00,1.00,-1,-1,-1
112,341,-8.00,754.00,9.00,26.00,1.00,-1,-1,-1
112,345,0.00,886.00,13.00,26.00,1.00,-1,-1,-1
112,350,776.00,207.00,14.00,20.00,1.00,-1,-1,-1
112,352,1118.00,773.00,13.00,33.00,1.00,-1,-1,-1
112,354,1114.00,573.00,16.00,13.00,1.00,-1,-1,-1
112,356,-40.00,641.00,82.00,398.00,1.00,-1,-1,-1
112,360,1245.00,464.00,134.00,77.00,1.00,-1,-1,-1
112,362,636.00,254.00,15.00,13.00,1.00,-1,-1,-1
112,363,540.00,417.00,19.00,18.00,1.00,-1,-1,-1
112,364,1644.00,1028.00,17.00,112.00,1.00,-1,-1,-1
112,365,1013.00,389.00,25.00,18.00,1.00,-1,-1,-1
112,373,626.00,251.00,64.00,31.00,1.00,-1,-1,-1
112,375,1173.00,734.00,14.00,45.00,1.00,-1,-1,-1
112,379,-12.00,684.00,23.00,34.00,1.00,-1,-1,-1
112,382,822.00,322.00,41.00,40.00,1.00,-1,-1,-1
112,387,439.00,240.00,16.00,28.00,1.00,-1,-1,-1
112,388,1207.00,285.00,18.00,48.00,1.00,-1,-1,-1
112,389,530.00,173.00,16.00,15.00,1.00,-1,-1,-1
112,390,1643.00,1024.00,9.00,29.00,1.00,-1,-1,-1
112,397,-17.00,0.00,40.00,7.00,1.00,-1,-1,-1
112,400,535.00,0.00,42.00,7.00,1.00,-1,-1,-1
112,401,-2.00,0.00,33.00,6.00,1.00,-1,-1,-1
112,402,128.00,0.00,52.00,7.00,1.00,-1,-1,-1
112,403,1168.00,474.00,78.00,26.00,1.00,-1,-1,-1
112,405,-15.00,795.00,35.00,30.00,1.00,-1,-1,-1
112,406,-9.00,894.00,21.00,13.00,1.00,-1,-1,-1
112,412,102.00,1007.00,20.00,15.00,1.00,-1,-1,-1
112,415,142.00,895.00,23.00,21.00,1.00,-1,-1,-1
112,423,1009.00,655.00,15.00,18.00,1.00,-1,-1,-1
112,426,741.00,652.00,61.00,45.00,1.00,-1,-1,-1
112,427,1120.00,701.00,16.00,36.00,1.00,-1,-1,-1
112,428,1053.00,717.00,30.00,29.00,1.00,-1,-1,-1
112,429,260.00,369.00,13.00,18.00,1.00,-1,-1,-1
112,434,796.00,222.00,20.00,7.00,1.00,-1,-1,-1
112,443,1820.00,235.00,100.00,252.00,1.00,-1,-1,-1
112,444,708.00,169.00,12.00,15.00,1.00,-1,-1,-1
112,445,647.00,138.00,12.00,14.00,1.00,-1,-1,-1
112,446,549.00,733.00,12.00,15.00,1.00,-1,-1,-1
112,447,900.00,920.00,11.00,14.00,1.00,-1,-1,-1
112,448,877.00,671.00,12.00,21.00,1.00,-1,-1,-1
112,450,1460.00,727.00,15.00,12.00,1.00,-1,-1,-1
112,451,598.00,152.00,36.00,15.00,1.00,-1,-1,-1
112,452,879.00,812.00,14.00,15.00,1.00,-1,-1,-1
112,453,737.00,143.00,39.00,28.00,1.00,-1,-1,-1
112,454,234.00,270.00,27.00,30.00,1.00,-1,-1,-1
112,455,1168.00,792.00,16.00,26.00,1.00,-1,-1,-1
112,456,810.00,140.00,22.00,9.00,1.00,-1,-1,-1
112,457,1479.00,866.00,18.00,16.00,1.00,-1,-1,-1
112,458,1144.00,385.00,109.00,52.00,1.00,-1,-1,-1
112,459,1464.00,925.00,150.00,41.00,1.00,-1,-1,-1
112,461,517.00,185.00,56.00,49.00,1.00,-1,-1,-1
112,470,988.00,519.00,82.00,22.00,1.00,-1,-1,-1
112,474,1602.00,969.00,48.00,38.00,1.00,-1,-1,-1
112,476,622.00,307.00,193.00,27.00,1.00,-1,-1,-1
112,481,1602.00,969.00,48.00,38.00,1.00,-1,-1,-1
112,482,1872.00,357.00,83.00,95.00,1.00,-1,-1,-1
112,483,1618.00,978.00,18.00,29.00,1.00,-1,-1,-1
113,5,804.00,1048.00,27.00,59.00,1.00,-1,-1,-1
113,9,958.00,1052.00,43.00,30.00,1.00,-1,-1,-1
113,10,964.00,912.00,139.00,66.00,1.00,-1,-1,-1
113,11,915.00,429.00,200.00,209.00,1.00,-1,-1,-1
113,12,1295.00,661.00,170.00,115.00,1.00,-1,-1,-1
113,15,602.00,1034.00,128.00,72.00,1.00,-1,-1,-1
113,18,1067.00,521.00,78.00,30.00,1.00,-1,-1,-1
113,21,589.00,227.00,38.00,45.00,1.00,-1,-1,-1
113,32,625.00,677.00,12.00,13.00,1.00,-1,-1,-1
113,34,649.00,238.00,13.00,42.00,1.00,-1,-1,-1
113,37,616.00,236.00,19.00,33.00,1.00,-1,-1,-1
113,38,874.00,512.00,46.00,44.00,1.00,-1,-1,-1
113,40,646.00,265.00,29.00,25.00,1.00,-1,-1,-1
113,41,1378.00,591.00,25.00,44.00,1.00,-1,-1,-1
113,44,519.00,176.00,264.00,180.00,1.00,-1,-1,-1
113,45,199.00,1011.00,162.00,121.00,1.00,-1,-1,-1
113,48,629.00,261.00,23.00,61.00,1.00,-1,-1,-1
113,49,650.00,257.00,15.00,11.00,1.00,-1,-1,-1
113,50,660.00,265.00,13.00,19.00,1.00,-1,-1,-1
113,54,734.00,797.00,13.00,23.00,1.00,-1,-1,-1
113,72,862.00,935.00,11.00,15.00,1.00,-1,-1,-1
113,73,1111.00,595.00,64.00,45.00,1.00,-1,-1,-1
113,76,1011.00,541.00,11.00,32.00,1.00,-1,-1,-1
113,77,1105.00,539.00,208.00,46.00,1.00,-1,-1,-1
113,100,980.00,861.00,11.00,36.00,1.00,-1,-1,-1
113,112,1202.00,490.00,54.00,12.00,1.00,-1,-1,-1
113,113,1011.00,526.00,27.00,20.00,1.00,-1,-1,-1
113,114,1310.00,491.00,22.00,16.00,1.00,-1,-1,-1
113,116,974.00,528.00,118.00,23.00,1.00,-1,-1,-1
113,126,1139.00,624.00,34.00,16.00,1.00,-1,-1,-1
113,129,941.00,966.00,29.00,21.00,1.00,-1,-1,-1
113,135,382.00,231.00,499.00,99.00,1.00,-1,-1,-1
113,139,955.00,980.00,21.00,16.00,1.00,-1,-1,-1
113,142,1254.00,683.00,52.00,14.00,1.00,-1,-1,-1
113,147,1781.00,1009.00,18.00,51.00,1.00,-1,-1,-1
113,148,1285.00,1024.00,40.00,25.00,1.00,-1,-1,-1
113,149,358.00,1019.00,22.00,105.00,1.00,-1,-1,-1
113,153,1628.00,1010.00,11.00,41.00,1.00,-1,-1,-1
113,158,751.00,1025.00,722.00,103.00,1.00,-1,-1,-1
113,166,568.00,246.00,75.00,45.00,1.00,-1,-1,-1
113,174,631.00,262.00,39.00,42.00,1.00,-1,-1,-1
113,179,188.00,940.00,19.00,25.00,1.00,-1,-1,-1
113,186,713.00,1065.00,17.00,8.00,1.00,-1,-1,-1
113,193,1104.00,1037.00,41.00,65.00,1.00,-1,-1,-1
113,201,624.00,1052.00,11.00,12.00,1.00,-1,-1,-1
113,212,1009.00,525.00,44.00,27.00,1.00,-1,-1,-1
113,219,1300.00,567.00,33.00,37.00,1.00,-1,-1,-1
113,221,110.00,651.00,14.00,44.00,1.00,-1,-1,-1
113,222,155.00,1054.00,41.00,33.00,1.00,-1,-1,-1
113,223,240.00,1067.00,56.00,13.00,1.00,-1,-1,-1
113,234,64.00,968.00,42.00,72.00,1.00,-1,-1,-1
113,243,31.00,672.00,7.00,49.00,1.00,-1,-1,-1
113,244,1045.00,518.00,194.00,67.00,1.00,-1,-1,-1
113,246,103.00,1066.00,17.00,22.00,1.00,-1,-1,-1
113,254,627.00,258.00,65.00,44.00,1.00,-1,-1,-1
113,257,1049.00,361.00,29.00,22.00,1.00,-1,-1,-1
113,259,66.00,1072.00,17.00,22.00,1.00,-1,-1,-1
113,260,62.00,996.00,22.00,32.00,1.00,-1,-1,-1
113,262,926.00,468.00,199.00,123.00,1.00,-1,-1,-1
113,270,142.00,895.00,27.00,17.00,1.00,-1,-1,-1
113,278,991.00,525.00,42.00,19.00,1.00,-1,-1,-1
113,284,0.00,805.00,29.00,36.00,1.00,-1,-1,-1
113,290,776.00,219.00,23.00,9.00,1.00,-1,-1,-1
113,296,613.00,236.00,25.00,32.00,1.00,-1,-1,-1
113,299,1157.00,595.00,19.00,14.00,1.00,-1,-1,-1
113,301,133.00,224.00,24.00,218.00,1.00,-1,-1,-1
113,305,931.00,402.00,13.00,15.00,1.00,-1,-1,-1
113,306,507.00,568.00,10.00,15.00,1.00,-1,-1,-1
113,307,1201.00,355.00,10.00,20.00,1.00,-1,-1,-1
113,309,629.00,246.00,20.00,24.00,1.00,-1,-1,-1
113,312,609.00,501.00,20.00,16.00,1.00,-1,-1,-1
113,316,649.00,870.00,15.00,14.00,1.00,-1,-1,-1
113,325,571.00,235.00,100.00,33.00,1.00,-1,-1,-1
113,326,-5.00,949.00,25.00,22.00,1.00,-1,-1,-1
113,332,228.00,286.00,8.00,16.00,1.00,-1,-1,-1
113,333,66.00,1006.00,43.00,34.00,1.00,-1,-1,-1
113,337,138.00,999.00,33.00,24.00,1.00,-1,-1,-1
113,341,-8.00,754.00,9.00,26.00,1.00,-1,-1,-1
113,350,767.00,208.00,14.00,20.00,1.00,-1,-1,-1
113,352,1108.00,774.00,13.00,33.00,1.00,-1,-1,-1
113,354,1104.00,574.00,16.00,13.00,1.00,-1,-1,-1
113,356,-36.00,614.00,82.00,398.00,1.00,-1,-1,-1
113,360,1235.00,465.00,134.00,77.00,1.00,-1,-1,-1
113,362,631.00,249.00,15.00,13.00,1.00,-1,-1,-1
113,363,530.00,419.00,19.00,18.00,1.00,-1,-1,-1
113,364,1634.00,1028.00,17.00,112.00,1.00,-1,-1,-1
113,365,1003.00,390.00,25.00,18.00,1.00,-1,-1,-1
113,373,620.00,246.00,64.00,31.00,1.00,-1,-1,-1
113,375,1163.00,736.00,14.00,45.00,1.00,-1,-1,-1
113,379,-12.00,684.00,23.00,34.00,1.00,-1,-1,-1
113,382,812.00,324.00,41.00,40.00,1.00,-1,-1,-1
113,387,429.00,241.00,16.00,28.00,1.00,-1,-1,-1
113,388,1197.00,286.00,18.00,48.00,1.00,-1,-1,-1
113,389,522.00,172.00,16.00,15.00,1.00,-1,-1,-1
113,390,1633.00,1025.00,9.00,29.00,1.00,-1,-1,-1
113,397,-17.00,0.00,40.00,7.00,1.00,-1,-1,-1
113,400,522.00,0.00,42.00,7.00,1.00,-1,-1,-1
113,401,-2.00,0.00,33.00,6.00,1.00,-1,-1,-1
113,402,119.00,0.00,52.00,7.00,1.00,-1,-1,-1
113,403,1158.00,476.00,78.00,26.00,1.00,-1,-1,-1
113,412,93.00,1008.00,20.00,15.00,1.00,-1,-1,-1
113,415,132.00,897.00,23.00,21.00,1.00,-1,-1,-1
113,423,999.00,656.00,15.00,18.00,1.00,-1,-1,-1
113,426,731.00,653.00,61.00,45.00,1.00,-1,-1,-1
113,427,1110.00,703.00,16.00,36.00,1.00,-1,-1,-1
113,428,1043.00,718.00,30.00,29.00,1.00,-1,-1,-1
113,429,250.00,370.00,13.00,18.00,1.00,-1,-1,-1
113,434,786.00,224.00,20.00,7.00,1.00,-1,-1,-1
113,443,1820.00,235.00,100.00,252.00,1.00,-1,-1,-1
113,444,698.00,170.00,12.00,15.00,1.00,-1,-1,-1
113,445,637.00,139.00,12.00,14.00,1.00,-1,-1,-1
113,446,539.00,735.00,12.00,15.00,1.00,-1,-1,-1
113,447,890.00,921.00,11.00,14.00,1.00,-1,-1,-1
113,448,867.00,672.00,12.00,21.00,1.00,-1,-1,-1
113,450,1450.00,729.00,15.00,12.00,1.00,-1,-1,-1
113,451,588.00,153.00,36.00,15.00,1.00,-1,-1,-1
113,452,869.00,813.00,14.00,15.00,1.00,-1,-1,-1
113,453,727.00,145.00,39.00,28.00,1.00,-1,-1,-1
113,454,224.00,272.00,27.00,30.00,1.00,-1,-1,-1
113,455,1158.00,794.00,16.00,26.00,1.00,-1,-1,-1
113,456,800.00,142.00,22.00,9.00,1.00,-1,-1,-1
113,457,1469.00,867.00,18.00,16.00,1.00,-1,-1,-1
113,458,1134.00,386.00,109.00,52.00,1.00,-1,-1,-1
113,459,1454.00,927.00,150.00,41.00,1.00,-1,-1,-1
113,461,507.00,175.00,56.00,49.00,1.00,-1,-1,-1
113,470,995.00,526.00,82.00,22.00,1.00,-1,-1,-1
113,474,1592.00,969.00,48.00,38.00,1.00,-1,-1,-1
113,476,613.00,304.00,193.00,27.00,1.00,-1,-1,-1
113,481,1592.00,969.00,48.00,38.00,1.00,-1,-1,-1
113,482,1872.00,357.00,83.00,95.00,1.00,-1,-1,-1
113,483,1608.00,979.00,18.00,29.00,1.00,-1,-1,-1
114,5,793.00,1048.00,27.00,59.00,1.00,-1,-1,-1
114,9,947.00,1052.00,43.00,30.00,1.00,-1,-1,-1
114,10,963.00,913.00,139.00,66.00,1.00,-1,-1,-1
114,11,924.00,432.00,195.00,205.00,1.00,-1,-1,-1
114,12,1285.00,663.00,170.00,115.00,1.00,-1,-1,-1
114,15,591.00,1034.00,128.00,72.00,1.00,-1,-1,-1
114,18,1057.00,522.00,78.00,30.00,1.00,-1,-1,-1
114,21,584.00,223.00,38.00,45.00,1.00,-1,-1,-1
114,32,614.00,679.00,12.00,13.00,1.00,-1,-1,-1
114,34,617.00,215.00,13.00,42.00,1.00,-1,-1,-1
114,37,610.00,232.00,19.00,33.00,1.00,-1,-1,-1
114,38,862.00,513.00,46.00,44.00,1.00,-1,-1,-1
114,40,640.00,260.00,29.00,25.00,1.00,-1,-1,-1
114,41,1368.00,592.00,25.00,44.00,1.00,-1,-1,-1
114,44,513.00,168.00,262.00,187.00,1.00,-1,-1,-1
114,45,189.00,1011.00,162.00,121.00,1.00,-1,-1,-1
114,48,623.00,256.00,23.00,61.00,1.00,-1,-1,-1
114,49,625.00,240.00,15.00,11.00,1.00,-1,-1,-1
114,50,646.00,254.00,13.00,19.00,1.00,-1,-1,-1
114,54,724.00,798.00,13.00,23.00,1.00,-1,-1,-1
114,72,851.00,936.00,11.00,15.00,1.00,-1,-1,-1
114,73,1101.00,596.00,64.00,45.00,1.00,-1,-1,-1
114,76,1018.00,545.00,11.00,32.00,1.00,-1,-1,-1
114,77,1094.00,540.00,208.00,46.00,1.00,-1,-1,-1
114,100,969.00,863.00,11.00,36.00,1.00,-1,-1,-1
114,112,1192.00,491.00,54.00,12.00,1.00,-1,-1,-1
114,113,1020.00,533.00,27.00,20.00,1.00,-1,-1,-1
114,114,1299.00,492.00,22.00,16.00,1.00,-1,-1,-1
114,116,983.00,535.00,118.00,23.00,1.00,-1,-1,-1
114,126,1129.00,626.00,34.00,16.00,1.00,-1,-1,-1
114,129,941.00,966.00,29.00,21.00,1.00,-1,-1,-1
114,135,376.00,226.00,499.00,99.00,1.00,-1,-1,-1
114,139,955.00,980.00,21.00,16.00,1.00,-1,-1,-1
114,142,1244.00,685.00,52.00,14.00,1.00,-1,-1,-1
114,147,1785.00,1003.00,18.00,51.00,1.00,-1,-1,-1
114,148,1273.00,1025.00,40.00,25.00,1.00,-1,-1,-1
114,149,348.00,1019.00,22.00,105.00,1.00,-1,-1,-1
114,153,1618.00,1010.00,11.00,41.00,1.00,-1,-1,-1
114,158,740.00,1025.00,722.00,103.00,1.00,-1,-1,-1
114,166,562.00,243.00,75.00,45.00,1.00,-1,-1,-1
114,174,625.00,257.00,39.00,42.00,1.00,-1,-1,-1
114,179,177.00,941.00,19.00,25.00,1.00,-1,-1,-1
114,186,703.00,1065.00,17.00,8.00,1.00,-1,-1,-1
114,193,1093.00,1037.00,41.00,65.00,1.00,-1,-1,-1
114,201,613.00,1053.00,11.00,12.00,1.00,-1,-1,-1
114,212,1018.00,533.00,44.00,27.00,1.00,-1,-1,-1
114,219,1289.00,569.00,33.00,37.00,1.00,-1,-1,-1
114,221,99.00,652.00,14.00,44.00,1.00,-1,-1,-1
114,222,147.00,1054.00,41.00,33.00,1.00,-1,-1,-1
114,223,230.00,1067.00,56.00,13.00,1.00,-1,-1,-1
114,234,53.00,970.00,42.00,72.00,1.00,-1,-1,-1
114,243,20.00,673.00,7.00,49.00,1.00,-1,-1,-1
114,244,1035.00,519.00,194.00,67.00,1.00,-1,-1,-1
114,246,93.00,1066.00,17.00,22.00,1.00,-1,-1,-1
114,254,622.00,253.00,65.00,44.00,1.00,-1,-1,-1
114,257,1039.00,362.00,29.00,22.00,1.00,-1,-1,-1
114,259,66.00,1072.00,17.00,22.00,1.00,-1,-1,-1
114,260,51.00,997.00,22.00,32.00,1.00,-1,-1,-1
114,262,938.00,477.00,199.00,123.00,1.00,-1,-1,-1
114,270,131.00,896.00,27.00,17.00,1.00,-1,-1,-1
114,278,999.00,529.00,42.00,19.00,1.00,-1,-1,-1
114,284,0.00,805.00,29.00,36.00,1.00,-1,-1,-1
114,290,765.00,220.00,23.00,9.00,1.00,-1,-1,-1
114,296,608.00,232.00,25.00,32.00,1.00,-1,-1,-1
114,299,1147.00,595.00,19.00,14.00,1.00,-1,-1,-1
114,301,122.00,224.00,24.00,218.00,1.00,-1,-1,-1
114,305,921.00,403.00,13.00,15.00,1.00,-1,-1,-1
114,306,496.00,569.00,10.00,15.00,1.00,-1,-1,-1
114,307,1191.00,356.00,10.00,20.00,1.00,-1,-1,-1
114,309,622.00,241.00,20.00,24.00,1.00,-1,-1,-1
114,312,598.00,502.00,20.00,16.00,1.00,-1,-1,-1
114,316,638.00,872.00,15.00,14.00,1.00,-1,-1,-1
114,325,566.00,230.00,100.00,33.00,1.00,-1,-1,-1
114,332,218.00,287.00,8.00,16.00,1.00,-1,-1,-1
114,333,56.00,1007.00,43.00,34.00,1.00,-1,-1,-1
114,337,128.00,1001.00,33.00,24.00,1.00,-1,-1,-1
114,350,756.00,209.00,14.00,20.00,1.00,-1,-1,-1
114,352,1098.00,776.00,13.00,33.00,1.00,-1,-1,-1
114,354,1093.00,575.00,16.00,13.00,1.00,-1,-1,-1
114,356,-44.00,617.00,82.00,398.00,1.00,-1,-1,-1
114,360,1225.00,466.00,134.00,77.00,1.00,-1,-1,-1
114,362,625.00,244.00,15.00,13.00,1.00,-1,-1,-1
114,363,520.00,420.00,19.00,18.00,1.00,-1,-1,-1
114,364,1624.00,1028.00,17.00,112.00,1.00,-1,-1,-1
114,365,992.00,391.00,25.00,18.00,1.00,-1,-1,-1
114,373,614.00,242.00,64.00,31.00,1.00,-1,-1,-1
114,375,1153.00,737.00,14.00,45.00,1.00,-1,-1,-1
114,379,-12.00,684.00,23.00,34.00,1.00,-1,-1,-1
114,382,801.00,325.00,41.00,40.00,1.00,-1,-1,-1
114,387,419.00,242.00,16.00,28.00,1.00,-1,-1,-1
114,388,1187.00,287.00,18.00,48.00,1.00,-1,-1,-1
114,389,517.00,168.00,16.00,15.00,1.00,-1,-1,-1
114,390,1623.00,1026.00,9.00,29.00,1.00,-1,-1,-1
114,397,-17.00,0.00,40.00,7.00,1.00,-1,-1,-1
114,400,512.00,0.00,42.00,7.00,1.00,-1,-1,-1
114,401,-2.00,0.00,33.00,6.00,1.00,-1,-1,-1
114,402,107.00,0.00,52.00,7.00,1.00,-1,-1,-1
114,403,1147.00,476.00,78.00,26.00,1.00,-1,-1,-1
114,412,82.00,1010.00,20.00,15.00,1.00,-1,-1,-1
114,415,121.00,898.00,23.00,21.00,1.00,-1,-1,-1
114,423,989.00,658.00,15.00,18.00,1.00,-1,-1,-1
114,426,721.00,654.00,61.00,45.00,1.00,-1,-1,-1
114,427,1099.00,704.00,16.00,36.00,1.00,-1,-1,-1
114,428,1033.00,720.00,30.00,29.00,1.00,-1,-1,-1
114,429,240.00,372.00,13.00,18.00,1.00,-1,-1,-1
114,434,776.00,225.00,20.00,7.00,1.00,-1,-1,-1
114,443,1820.00,235.00,100.00,252.00,1.00,-1,-1,-1
114,444,688.00,172.00,12.00,15.00,1.00,-1,-1,-1
114,445,626.00,140.00,12.00,14.00,1.00,-1,-1,-1
114,446,528.00,736.00,12.00,15.00,1.00,-1,-1,-1
114,447,880.00,923.00,11.00,14.00,1.00,-1,-1,-1
114,448,857.00,673.00,12.00,21.00,1.00,-1,-1,-1
114,450,1440.00,730.00,15.00,12.00,1.00,-1,-1,-1
114,451,578.00,154.00,36.00,15.00,1.00,-1,-1,-1
114,452,858.00,815.00,14.00,15.00,1.00,-1,-1,-1
114,453,716.00,146.00,39.00,28.00,1.00,-1,-1,-1
114,454,214.00,273.00,27.00,30.00,1.00,-1,-1,-1
114,455,1147.00,795.00,16.00,26.00,1.00,-1,-1,-1
114,456,789.00,143.00,22.00,9.00,1.00,-1,-1,-1
114,457,1459.00,868.00,18.00,16.00,1.00,-1,-1,-1
114,458,1124.00,387.00,109.00,52.00,1.00,-1,-1,-1
114,459,1442.00,927.00,150.00,41.00,1.00,-1,-1,-1
114,461,492.00,162.00,56.00,49.00,1.00,-1,-1,-1
114,470,1003.00,533.00,82.00,22.00,1.00,-1,-1,-1
114,474,1581.00,971.00,48.00,38.00,1.00,-1,-1,-1
114,476,606.00,301.00,193.00,27.00,1.00,-1,-1,-1
114,481,1581.00,971.00,48.00,38.00,1.00,-1,-1,-1
114,482,1872.00,357.00,83.00,95.00,1.00,-1,-1,-1
114,483,1597.00,979.00,18.00,29.00,1.00,-1,-1,-1
114,488,763.00,499.00,61.00,21.00,1.00,-1,-1,-1
114,492,1900.00,386.00,20.00,19.00,1.00,-1,-1,-1
115,5,782.00,1048.00,27.00,59.00,1.00,-1,-1,-1
115,9,937.00,1052.00,43.00,30.00,1.00,-1,-1,-1
115,10,948.00,932.00,139.00,66.00,1.00,-1,-1,-1
115,11,936.00,439.00,197.00,206.00,1.00,-1,-1,-1
115,12,1274.00,664.00,170.00,115.00,1.00,-1,-1,-1
115,15,580.00,1034.00,128.00,72.00,1.00,-1,-1,-1
115,18,1046.00,523.00,78.00,30.00,1.00,-1,-1,-1
115,21,578.00,219.00,38.00,45.00,1.00,-1,-1,-1
115,32,604.00,680.00,12.00,13.00,1.00,-1,-1,-1
115,34,724.00,287.00,13.00,42.00,1.00,-1,-1,-1
115,37,604.00,226.00,19.00,33.00,1.00,-1,-1,-1
115,38,851.00,514.00,46.00,44.00,1.00,-1,-1,-1
115,40,620.00,240.00,29.00,25.00,1.00,-1,-1,-1
115,41,1357.00,593.00,25.00,44.00,1.00,-1,-1,-1
115,44,509.00,155.00,256.00,198.00,1.00,-1,-1,-1
115,45,178.00,1011.00,162.00,121.00,1.00,-1,-1,-1
115,48,618.00,251.00,23.00,61.00,1.00,-1,-1,-1
115,49,596.00,215.00,15.00,11.00,1.00,-1,-1,-1
115,50,616.00,232.00,13.00,19.00,1.00,-1,-1,-1
115,54,713.00,800.00,13.00,23.00,1.00,-1,-1,-1
115,72,841.00,937.00,11.00,15.00,1.00,-1,-1,-1
115,73,1091.00,592.00,64.00,45.00,1.00,-1,-1,-1
115,76,1025.00,548.00,11.00,32.00,1.00,-1,-1,-1
115,77,1084.00,542.00,208.00,46.00,1.00,-1,-1,-1
115,100,959.00,864.00,11.00,36.00,1.00,-1,-1,-1
115,112,1181.00,492.00,54.00,12.00,1.00,-1,-1,-1
115,113,1028.00,537.00,27.00,20.00,1.00,-1,-1,-1
115,114,1289.00,493.00,22.00,16.00,1.00,-1,-1,-1
115,116,992.00,540.00,118.00,23.00,1.00,-1,-1,-1
115,126,1121.00,627.00,34.00,16.00,1.00,-1,-1,-1
115,129,941.00,966.00,29.00,21.00,1.00,-1,-1,-1
115,135,369.00,222.00,499.00,99.00,1.00,-1,-1,-1
115,139,955.00,980.00,21.00,16.00,1.00,-1,-1,-1
115,142,1233.00,686.00,52.00,14.00,1.00,-1,-1,-1
115,147,1790.00,997.00,18.00,51.00,1.00,-1,-1,-1
115,148,1262.00,1025.00,40.00,25.00,1.00,-1,-1,-1
115,149,338.00,1019.00,22.00,105.00,1.00,-1,-1,-1
115,153,1607.00,1012.00,11.00,41.00,1.00,-1,-1,-1
115,158,730.00,1025.00,722.00,103.00,1.00,-1,-1,-1
115,166,555.00,239.00,75.00,45.00,1.00,-1,-1,-1
115,174,619.00,253.00,39.00,42.00,1.00,-1,-1,-1
115,179,167.00,942.00,19.00,25.00,1.00,-1,-1,-1
115,186,692.00,1065.00,17.00,8.00,1.00,-1,-1,-1
115,193,1083.00,1037.00,41.00,65.00,1.00,-1,-1,-1
115,201,603.00,1055.00,11.00,12.00,1.00,-1,-1,-1
115,212,1026.00,537.00,44.00,27.00,1.00,-1,-1,-1
115,219,1279.00,570.00,33.00,37.00,1.00,-1,-1,-1
115,221,89.00,653.00,14.00,44.00,1.00,-1,-1,-1
115,222,137.00,1054.00,41.00,33.00,1.00,-1,-1,-1
115,223,220.00,1067.00,56.00,13.00,1.00,-1,-1,-1
115,234,42.00,971.00,42.00,72.00,1.00,-1,-1,-1
115,243,9.00,674.00,7.00,49.00,1.00,-1,-1,-1
115,244,1024.00,521.00,194.00,67.00,1.00,-1,-1,-1
115,246,82.00,1066.00,17.00,22.00,1.00,-1,-1,-1
115,254,615.00,247.00,65.00,44.00,1.00,-1,-1,-1
115,257,1028.00,363.00,29.00,22.00,1.00,-1,-1,-1
115,260,41.00,998.00,22.00,32.00,1.00,-1,-1,-1
115,262,945.00,480.00,199.00,123.00,1.00,-1,-1,-1
115,270,120.00,898.00,27.00,17.00,1.00,-1,-1,-1
115,278,1008.00,533.00,42.00,19.00,1.00,-1,-1,-1
115,290,755.00,221.00,23.00,9.00,1.00,-1,-1,-1
115,296,601.00,227.00,25.00,32.00,1.00,-1,-1,-1
115,299,1136.00,597.00,19.00,14.00,1.00,-1,-1,-1
115,301,112.00,225.00,24.00,218.00,1.00,-1,-1,-1
115,305,910.00,404.00,13.00,15.00,1.00,-1,-1,-1
115,306,486.00,570.00,10.00,15.00,1.00,-1,-1,-1
115,307,1180.00,357.00,10.00,20.00,1.00,-1,-1,-1
115,309,617.00,236.00,20.00,24.00,1.00,-1,-1,-1
115,312,587.00,503.00,20.00,16.00,1.00,-1,-1,-1
115,316,628.00,873.00,15.00,14.00,1.00,-1,-1,-1
115,325,561.00,227.00,100.00,33.00,1.00,-1,-1,-1
115,332,207.00,288.00,8.00,16.00,1.00,-1,-1,-1
115,333,45.00,1008.00,43.00,34.00,1.00,-1,-1,-1
115,337,117.00,1002.00,33.00,24.00,1.00,-1,-1,-1
115,350,745.00,210.00,14.00,20.00,1.00,-1,-1,-1
115,352,1087.00,776.00,13.00,33.00,1.00,-1,-1,-1
115,354,1121.00,591.00,16.00,13.00,1.00,-1,-1,-1
115,356,-44.00,617.00,82.00,398.00,1.00,-1,-1,-1
115,360,1214.00,467.00,134.00,77.00,1.00,-1,-1,-1
115,362,619.00,239.00,15.00,13.00,1.00,-1,-1,-1
115,363,509.00,421.00,19.00,18.00,1.00,-1,-1,-1
115,364,1613.00,1028.00,17.00,112.00,1.00,-1,-1,-1
115,365,981.00,392.00,25.00,18.00,1.00,-1,-1,-1
115,373,583.00,218.00,64.00,31.00,1.00,-1,-1,-1
115,375,1142.00,738.00,14.00,45.00,1.00,-1,-1,-1
115,382,790.00,326.00,41.00,40.00,1.00,-1,-1,-1
115,387,408.00,244.00,16.00,28.00,1.00,-1,-1,-1
115,388,1176.00,288.00,18.00,48.00,1.00,-1,-1,-1
115,389,515.00,163.00,16.00,15.00,1.00,-1,-1,-1
115,390,1612.00,1027.00,9.00,29.00,1.00,-1,-1,-1
115,400,499.00,0.00,42.00,7.00,1.00,-1,-1,-1
115,401,-2.00,0.00,33.00,6.00,1.00,-1,-1,-1
115,402,107.00,0.00,52.00,7.00,1.00,-1,-1,-1
115,403,1137.00,478.00,78.00,26.00,1.00,-1,-1,-1
115,412,71.00,1011.00,20.00,15.00,1.00,-1,-1,-1
115,415,111.00,899.00,23.00,21.00,1.00,-1,-1,-1
115,423,978.00,659.00,15.00,18.00,1.00,-1,-1,-1
115,426,710.00,655.00,61.00,45.00,1.00,-1,-1,-1
115,427,1089.00,705.00,16.00,36.00,1.00,-1,-1,-1
115,428,1022.00,721.00,30.00,29.00,1.00,-1,-1,-1
115,429,229.00,373.00,13.00,18.00,1.00,-1,-1,-1
115,434,765.00,226.00,20.00,7.00,1.00,-1,-1,-1
115,443,1820.00,235.00,100.00,252.00,1.00,-1,-1,-1
115,444,677.00,173.00,12.00,15.00,1.00,-1,-1,-1
115,445,616.00,142.00,12.00,14.00,1.00,-1,-1,-1
115,446,518.00,737.00,12.00,15.00,1.00,-1,-1,-1
115,447,869.00,923.00,11.00,14.00,1.00,-1,-1,-1
115,448,846.00,675.00,12.00,21.00,1.00,-1,-1,-1
115,450,1429.00,731.00,15.00,12.00,1.00,-1,-1,-1
115,451,567.00,156.00,36.00,15.00,1.00,-1,-1,-1
115,452,848.00,816.00,14.00,15.00,1.00,-1,-1,-1
115,453,706.00,147.00,39.00,28.00,1.00,-1,-1,-1
115,454,203.00,274.00,27.00,30.00,1.00,-1,-1,-1
115,455,1137.00,796.00,16.00,26.00,1.00,-1,-1,-1
115,456,778.00,144.00,22.00,9.00,1.00,-1,-1,-1
115,457,1448.00,869.00,18.00,16.00,1.00,-1,-1,-1
115,458,1113.00,388.00,109.00,52.00,1.00,-1,-1,-1
115,459,1442.00,933.00,150.00,41.00,1.00,-1,-1,-1
115,461,487.00,157.00,56.00,49.00,1.00,-1,-1,-1
115,470,1011.00,538.00,82.00,22.00,1.00,-1,-1,-1
115,474,1571.00,972.00,48.00,38.00,1.00,-1,-1,-1
115,476,598.00,297.00,193.00,27.00,1.00,-1,-1,-1
115,481,1571.00,972.00,48.00,38.00,1.00,-1,-1,-1
115,482,1872.00,357.00,83.00,95.00,1.00,-1,-1,-1
115,483,1586.00,980.00,18.00,29.00,1.00,-1,-1,-1
115,488,750.00,496.00,61.00,21.00,1.00,-1,-1,-1
115,492,1889.00,386.00,20.00,19.00,1.00,-1,-1,-1
116,5,771.00,1048.00,27.00,59.00,1.00,-1,-1,-1
116,9,926.00,1052.00,43.00,30.00,1.00,-1,-1,-1
116,10,948.00,932.00,139.00,66.00,1.00,-1,-1,-1
116,11,945.00,441.00,191.00,205.00,1.00,-1,-1,-1
116,12,1263.00,664.00,170.00,115.00,1.00,-1,-1,-1
116,15,568.00,1034.00,128.00,72.00,1.00,-1,-1,-1
116,18,1035.00,523.00,78.00,30.00,1.00,-1,-1,-1
116,21,573.00,215.00,38.00,45.00,1.00,-1,-1,-1
116,32,593.00,680.00,12.00,13.00,1.00,-1,-1,-1
116,34,719.00,284.00,13.00,42.00,1.00,-1,-1,-1
116,37,599.00,221.00,19.00,33.00,1.00,-1,-1,-1
116,38,840.00,515.00,46.00,44.00,1.00,-1,-1,-1
116,40,615.00,235.00,29.00,25.00,1.00,-1,-1,-1
116,41,1346.00,593.00,25.00,44.00,1.00,-1,-1,-1
116,44,501.00,146.00,254.00,203.00,1.00,-1,-1,-1
116,45,167.00,1011.00,162.00,121.00,1.00,-1,-1,-1
116,48,614.00,245.00,23.00,61.00,1.00,-1,-1,-1
116,49,581.00,195.00,15.00,11.00,1.00,-1,-1,-1
116,50,610.00,217.00,13.00,19.00,1.00,-1,-1,-1
116,54,702.00,800.00,13.00,23.00,1.00,-1,-1,-1
116,72,830.00,937.00,11.00,15.00,1.00,-1,-1,-1
116,73,1104.00,600.00,64.00,45.00,1.00,-1,-1,-1
116,76,1034.00,552.00,11.00,32.00,1.00,-1,-1,-1
116,77,1073.00,542.00,208.00,46.00,1.00,-1,-1,-1
116,100,948.00,865.00,11.00,36.00,1.00,-1,-1,-1
116,112,1170.00,493.00,54.00,12.00,1.00,-1,-1,-1
116,113,1037.00,540.00,27.00,20.00,1.00,-1,-1,-1
116,114,1277.00,494.00,22.00,16.00,1.00,-1,-1,-1
116,116,1001.00,543.00,118.00,23.00,1.00,-1,-1,-1
116,126,1127.00,631.00,34.00,16.00,1.00,-1,-1,-1
116,129,941.00,966.00,29.00,21.00,1.00,-1,-1,-1
116,135,364.00,217.00,499.00,99.00,1.00,-1,-1,-1
116,139,955.00,980.00,21.00,16.00,1.00,-1,-1,-1
116,142,1222.00,686.00,52.00,14.00,1.00,-1,-1,-1
116,147,1796.00,991.00,18.00,51.00,1.00,-1,-1,-1
116,148,1252.00,1027.00,40.00,25.00,1.00,-1,-1,-1
116,149,327.00,1019.00,22.00,105.00,1.00,-1,-1,-1
116,153,1596.00,1011.00,11.00,41.00,1.00,-1,-1,-1
116,158,719.00,1025.00,722.00,103.00,1.00,-1,-1,-1
116,166,547.00,236.00,75.00,45.00,1.00,-1,-1,-1
116,174,614.00,248.00,39.00,42.00,1.00,-1,-1,-1
116,179,156.00,943.00,19.00,25.00,1.00,-1,-1,-1
116,186,681.00,1065.00,17.00,8.00,1.00,-1,-1,-1
116,193,1072.00,1037.00,41.00,65.00,1.00,-1,-1,-1
116,201,591.00,1055.00,11.00,12.00,1.00,-1,-1,-1
116,212,1035.00,541.00,44.00,27.00,1.00,-1,-1,-1
116,219,1268.00,570.00,33.00,37.00,1.00,-1,-1,-1
116,221,77.00,654.00,14.00,44.00,1.00,-1,-1,-1
116,222,126.00,1054.00,41.00,33.00,1.00,-1,-1,-1
116,223,209.00,1067.00,56.00,13.00,1.00,-1,-1,-1
116,234,31.00,971.00,42.00,72.00,1.00,-1,-1,-1
116,243,0.00,675.00,7.00,49.00,1.00,-1,-1,-1
116,244,1013.00,521.00,194.00,67.00,1.00,-1,-1,-1
116,246,71.00,1066.00,17.00,22.00,1.00,-1,-1,-1
116,254,611.00,242.00,65.00,44.00,1.00,-1,-1,-1
116,257,1017.00,364.00,29.00,22.00,1.00,-1,-1,-1
116,260,30.00,999.00,22.00,32.00,1.00,-1,-1,-1
116,262,959.00,488.00,199.00,123.00,1.00,-1,-1,-1
116,270,109.00,898.00,27.00,17.00,1.00,-1,-1,-1
116,278,1017.00,536.00,42.00,19.00,1.00,-1,-1,-1
116,290,744.00,222.00,23.00,9.00,1.00,-1,-1,-1
116,296,596.00,220.00,25.00,32.00,1.00,-1,-1,-1
116,299,1125.00,597.00,19.00,14.00,1.00,-1,-1,-1
116,301,100.00,225.00,24.00,218.00,1.00,-1,-1,-1
116,305,899.00,405.00,13.00,15.00,1.00,-1,-1,-1
116,306,475.00,571.00,10.00,15.00,1.00,-1,-1,-1
116,307,1169.00,358.00,10.00,20.00,1.00,-1,-1,-1
116,309,615.00,229.00,20.00,24.00,1.00,-1,-1,-1
116,312,576.00,504.00,20.00,16.00,1.00,-1,-1,-1
116,316,616.00,873.00,15.00,14.00,1.00,-1,-1,-1
116,325,556.00,223.00,100.00,33.00,1.00,-1,-1,-1
116,332,196.00,289.00,8.00,16.00,1.00,-1,-1,-1
116,333,34.00,1009.00,43.00,34.00,1.00,-1,-1,-1
116,337,106.00,1002.00,33.00,24.00,1.00,-1,-1,-1
116,350,735.00,211.00,14.00,20.00,1.00,-1,-1,-1
116,352,1076.00,777.00,13.00,33.00,1.00,-1,-1,-1
116,354,1110.00,591.00,16.00,13.00,1.00,-1,-1,-1
116,356,-10.00,613.00,82.00,398.00,1.00,-1,-1,-1
116,360,1203.00,468.00,134.00,77.00,1.00,-1,-1,-1
116,362,611.00,223.00,15.00,13.00,1.00,-1,-1,-1
116,363,498.00,422.00,19.00,18.00,1.00,-1,-1,-1
116,364,1602.00,1028.00,17.00,112.00,1.00,-1,-1,-1
116,365,970.00,393.00,25.00,18.00,1.00,-1,-1,-1
116,373,589.00,214.00,64.00,31.00,1.00,-1,-1,-1
116,375,1131.00,738.00,14.00,45.00,1.00,-1,-1,-1
116,382,779.00,327.00,41.00,40.00,1.00,-1,-1,-1
116,387,397.00,244.00,16.00,28.00,1.00,-1,-1,-1
116,388,1165.00,289.00,18.00,48.00,1.00,-1,-1,-1
116,389,514.00,159.00,16.00,15.00,1.00,-1,-1,-1
116,390,1601.00,1026.00,9.00,29.00,1.00,-1,-1,-1
116,400,488.00,0.00,42.00,7.00,1.00,-1,-1,-1
116,401,-2.00,0.00,33.00,6.00,1.00,-1,-1,-1
116,402,107.00,0.00,52.00,7.00,1.00,-1,-1,-1
116,403,1126.00,478.00,78.00,26.00,1.00,-1,-1,-1
116,412,60.00,1011.00,20.00,15.00,1.00,-1,-1,-1
116,415,99.00,899.00,23.00,21.00,1.00,-1,-1,-1
116,423,967.00,659.00,15.00,18.00,1.00,-1,-1,-1
116,426,699.00,655.00,61.00,45.00,1.00,-1,-1,-1
116,427,1078.00,705.00,16.00,36.00,1.00,-1,-1,-1
116,428,1010.00,721.00,30.00,29.00,1.00,-1,-1,-1
116,429,218.00,373.00,13.00,18.00,1.00,-1,-1,-1
116,434,754.00,227.00,20.00,7.00,1.00,-1,-1,-1
116,443,1820.00,235.00,100.00,252.00,1.00,-1,-1,-1
116,444,667.00,173.00,12.00,15.00,1.00,-1,-1,-1
116,445,605.00,142.00,12.00,14.00,1.00,-1,-1,-1
116,446,507.00,737.00,12.00,15.00,1.00,-1,-1,-1
116,447,858.00,924.00,11.00,14.00,1.00,-1,-1,-1
116,448,828.00,636.00,12.00,21.00,1.00,-1,-1,-1
116,450,1418.00,731.00,15.00,12.00,1.00,-1,-1,-1
116,451,555.00,142.00,36.00,15.00,1.00,-1,-1,-1
116,452,837.00,817.00,14.00,15.00,1.00,-1,-1,-1
116,453,695.00,147.00,39.00,28.00,1.00,-1,-1,-1
116,454,192.00,275.00,27.00,30.00,1.00,-1,-1,-1
116,455,1126.00,796.00,16.00,26.00,1.00,-1,-1,-1
116,456,768.00,144.00,22.00,9.00,1.00,-1,-1,-1
116,457,1437.00,869.00,18.00,16.00,1.00,-1,-1,-1
116,458,1102.00,389.00,109.00,52.00,1.00,-1,-1,-1
116,459,1442.00,937.00,150.00,41.00,1.00,-1,-1,-1
116,461,482.00,152.00,56.00,49.00,1.00,-1,-1,-1
116,470,1021.00,541.00,82.00,22.00,1.00,-1,-1,-1
116,474,1560.00,972.00,48.00,38.00,1.00,-1,-1,-1
116,476,591.00,293.00,193.00,27.00,1.00,-1,-1,-1
116,481,1560.00,972.00,48.00,38.00,1.00,-1,-1,-1
116,482,1872.00,357.00,83.00,95.00,1.00,-1,-1,-1
116,483,1575.00,980.00,18.00,29.00,1.00,-1,-1,-1
116,488,745.00,496.00,64.00,22.00,1.00,-1,-1,-1
116,492,1877.00,386.00,20.00,19.00,1.00,-1,-1,-1
117,5,771.00,1048.00,27.00,59.00,1.00,-1,-1,-1
117,9,926.00,1052.00,43.00,30.00,1.00,-1,-1,-1
117,10,948.00,932.00,139.00,66.00,1.00,-1,-1,-1
117,11,945.00,441.00,191.00,205.00,1.00,-1,-1,-1
117,12,1263.00,664.00,170.00,115.00,1.00,-1,-1,-1
117,15,568.00,1034.00,128.00,72.00,1.00,-1,-1,-1
117,18,1035.00,523.00,78.00,30.00,1.00,-1,-1,-1
117,21,573.00,215.00,38.00,45.00,1.00,-1,-1,-1
117,32,593.00,680.00,12.00,13.00,1.00,-1,-1,-1
117,34,719.00,284.00,13.00,42.00,1.00,-1,-1,-1
117,37,599.00,221.00,19.00,33.00,1.00,-1,-1,-1
117,38,840.00,515.00,46.00,44.00,1.00,-1,-1,-1
117,40,615.00,235.00,29.00,25.00,1.00,-1,-1,-1
117,41,1346.00,593.00,25.00,44.00,1.00,-1,-1,-1
117,44,501.00,146.00,254.00,203.00,1.00,-1,-1,-1
117,45,167.00,1011.00,162.00,121.00,1.00,-1,-1,-1
117,48,614.00,245.00,23.00,61.00,1.00,-1,-1,-1
117,49,581.00,195.00,15.00,11.00,1.00,-1,-1,-1
117,50,610.00,217.00,13.00,19.00,1.00,-1,-1,-1
117,54,702.00,800.00,13.00,23.00,1.00,-1,-1,-1
117,72,830.00,937.00,11.00,15.00,1.00,-1,-1,-1
117,73,1104.00,600.00,64.00,45.00,1.00,-1,-1,-1
117,76,1034.00,552.00,11.00,32.00,1.00,-1,-1,-1
117,77,1073.00,542.00,208.00,46.00,1.00,-1,-1,-1
117,100,948.00,865.00,11.00,36.00,1.00,-1,-1,-1
117,112,1170.00,493.00,54.00,12.00,1.00,-1,-1,-1
117,113,1037.00,540.00,27.00,20.00,1.00,-1,-1,-1
117,114,1277.00,494.00,22.00,16.00,1.00,-1,-1,-1
117,116,1001.00,543.00,118.00,23.00,1.00,-1,-1,-1
117,126,1127.00,631.00,34.00,16.00,1.00,-1,-1,-1
117,129,941.00,966.00,29.00,21.00,1.00,-1,-1,-1
117,135,364.00,217.00,499.00,99.00,1.00,-1,-1,-1
117,139,955.00,980.00,21.00,16.00,1.00,-1,-1,-1
117,142,1222.00,686.00,52.00,14.00,1.00,-1,-1,-1
117,147,1796.00,991.00,18.00,51.00,1.00,-1,-1,-1
117,148,1252.00,1027.00,40.00,25.00,1.00,-1,-1,-1
117,149,327.00,1019.00,22.00,105.00,1.00,-1,-1,-1
117,153,1596.00,1011.00,11.00,41.00,1.00,-1,-1,-1
117,158,719.00,1025.00,722.00,103.00,1.00,-1,-1,-1
117,166,547.00,236.00,75.00,45.00,1.00,-1,-1,-1
117,174,614.00,248.00,39.00,42.00,1.00,-1,-1,-1
117,179,156.00,943.00,19.00,25.00,1.00,-1,-1,-1
117,186,681.00,1065.00,17.00,8.00,1.00,-1,-1,-1
117,193,1072.00,1037.00,41.00,65.00,1.00,-1,-1,-1
117,201,591.00,1055.00,11.00,12.00,1.00,-1,-1,-1
117,212,1035.00,541.00,44.00,27.00,1.00,-1,-1,-1
117,219,1268.00,570.00,33.00,37.00,1.00,-1,-1,-1
117,221,77.00,654.00,14.00,44.00,1.00,-1,-1,-1
117,222,126.00,1054.00,41.00,33.00,1.00,-1,-1,-1
117,223,209.00,1067.00,56.00,13.00,1.00,-1,-1,-1
117,234,31.00,971.00,42.00,72.00,1.00,-1,-1,-1
117,243,0.00,675.00,7.00,49.00,1.00,-1,-1,-1
117,244,1013.00,521.00,194.00,67.00,1.00,-1,-1,-1
117,246,71.00,1066.00,17.00,22.00,1.00,-1,-1,-1
117,254,611.00,242.00,65.00,44.00,1.00,-1,-1,-1
117,257,1017.00,364.00,29.00,22.00,1.00,-1,-1,-1
117,260,29.00,999.00,22.00,32.00,1.00,-1,-1,-1
117,262,959.00,488.00,199.00,123.00,1.00,-1,-1,-1
117,270,109.00,898.00,27.00,17.00,1.00,-1,-1,-1
117,278,1017.00,536.00,42.00,19.00,1.00,-1,-1,-1
117,290,744.00,222.00,23.00,9.00,1.00,-1,-1,-1
117,296,596.00,220.00,25.00,32.00,1.00,-1,-1,-1
117,299,1125.00,597.00,19.00,14.00,1.00,-1,-1,-1
117,301,100.00,225.00,24.00,218.00,1.00,-1,-1,-1
117,305,899.00,405.00,13.00,15.00,1.00,-1,-1,-1
117,306,475.00,571.00,10.00,15.00,1.00,-1,-1,-1
117,307,1169.00,358.00,10.00,20.00,1.00,-1,-1,-1
117,309,615.00,229.00,20.00,24.00,1.00,-1,-1,-1
117,312,576.00,504.00,20.00,16.00,1.00,-1,-1,-1
117,316,616.00,873.00,15.00,14.00,1.00,-1,-1,-1
117,325,556.00,223.00,100.00,33.00,1.00,-1,-1,-1
117,332,196.00,289.00,8.00,16.00,1.00,-1,-1,-1
117,333,34.00,1009.00,43.00,34.00,1.00,-1,-1,-1
117,337,106.00,1002.00,33.00,24.00,1.00,-1,-1,-1
117,350,735.00,211.00,14.00,20.00,1.00,-1,-1,-1
117,352,1076.00,777.00,13.00,33.00,1.00,-1,-1,-1
117,354,1110.00,591.00,16.00,13.00,1.00,-1,-1,-1
117,356,-10.00,613.00,82.00,398.00,1.00,-1,-1,-1
117,360,1203.00,468.00,134.00,77.00,1.00,-1,-1,-1
117,362,611.00,223.00,15.00,13.00,1.00,-1,-1,-1
117,363,498.00,422.00,19.00,18.00,1.00,-1,-1,-1
117,364,1602.00,1028.00,17.00,112.00,1.00,-1,-1,-1
117,365,970.00,393.00,25.00,18.00,1.00,-1,-1,-1
117,373,589.00,214.00,64.00,31.00,1.00,-1,-1,-1
117,375,1131.00,738.00,14.00,45.00,1.00,-1,-1,-1
117,382,779.00,327.00,41.00,40.00,1.00,-1,-1,-1
117,387,397.00,244.00,16.00,28.00,1.00,-1,-1,-1
117,388,1165.00,289.00,18.00,48.00,1.00,-1,-1,-1
117,389,514.00,159.00,16.00,15.00,1.00,-1,-1,-1
117,390,1601.00,1026.00,9.00,29.00,1.00,-1,-1,-1
117,400,488.00,0.00,42.00,7.00,1.00,-1,-1,-1
117,402,107.00,0.00,52.00,7.00,1.00,-1,-1,-1
117,403,1126.00,478.00,78.00,26.00,1.00,-1,-1,-1
117,412,60.00,1011.00,20.00,15.00,1.00,-1,-1,-1
117,415,99.00,899.00,23.00,21.00,1.00,-1,-1,-1
117,423,967.00,659.00,15.00,18.00,1.00,-1,-1,-1
117,426,699.00,655.00,61.00,45.00,1.00,-1,-1,-1
117,427,1078.00,705.00,16.00,36.00,1.00,-1,-1,-1
117,428,1010.00,721.00,30.00,29.00,1.00,-1,-1,-1
117,429,218.00,373.00,13.00,18.00,1.00,-1,-1,-1
117,434,754.00,227.00,20.00,7.00,1.00,-1,-1,-1
117,443,1820.00,235.00,100.00,252.00,1.00,-1,-1,-1
117,444,667.00,173.00,12.00,15.00,1.00,-1,-1,-1
117,445,605.00,142.00,12.00,14.00,1.00,-1,-1,-1
117,446,507.00,737.00,12.00,15.00,1.00,-1,-1,-1
117,447,858.00,924.00,11.00,14.00,1.00,-1,-1,-1
117,448,828.00,636.00,12.00,21.00,1.00,-1,-1,-1
117,450,1418.00,731.00,15.00,12.00,1.00,-1,-1,-1
117,451,555.00,142.00,36.00,15.00,1.00,-1,-1,-1
117,452,837.00,817.00,14.00,15.00,1.00,-1,-1,-1
117,453,695.00,147.00,39.00,28.00,1.00,-1,-1,-1
117,454,192.00,275.00,27.00,30.00,1.00,-1,-1,-1
117,455,1126.00,796.00,16.00,26.00,1.00,-1,-1,-1
117,456,768.00,144.00,22.00,9.00,1.00,-1,-1,-1
117,457,1437.00,869.00,18.00,16.00,1.00,-1,-1,-1
117,458,1102.00,389.00,109.00,52.00,1.00,-1,-1,-1
117,459,1442.00,937.00,150.00,41.00,1.00,-1,-1,-1
117,461,482.00,152.00,56.00,49.00,1.00,-1,-1,-1
117,470,1021.00,541.00,82.00,22.00,1.00,-1,-1,-1
117,474,1560.00,972.00,48.00,38.00,1.00,-1,-1,-1
117,476,591.00,293.00,193.00,27.00,1.00,-1,-1,-1
117,481,1560.00,972.00,48.00,38.00,1.00,-1,-1,-1
117,482,1872.00,357.00,83.00,95.00,1.00,-1,-1,-1
117,483,1575.00,980.00,18.00,29.00,1.00,-1,-1,-1
117,488,745.00,496.00,64.00,22.00,1.00,-1,-1,-1
117,492,1877.00,386.00,20.00,19.00,1.00,-1,-1,-1
118,5,760.00,1048.00,27.00,59.00,1.00,-1,-1,-1
118,9,915.00,1052.00,43.00,30.00,1.00,-1,-1,-1
118,10,948.00,932.00,139.00,66.00,1.00,-1,-1,-1
118,11,956.00,445.00,192.00,205.00,1.00,-1,-1,-1
118,12,1252.00,664.00,170.00,115.00,1.00,-1,-1,-1
118,15,557.00,1034.00,128.00,72.00,1.00,-1,-1,-1
118,18,1024.00,524.00,78.00,30.00,1.00,-1,-1,-1
118,21,569.00,210.00,38.00,45.00,1.00,-1,-1,-1
118,32,581.00,680.00,12.00,13.00,1.00,-1,-1,-1
118,34,713.00,278.00,13.00,42.00,1.00,-1,-1,-1
118,37,594.00,216.00,19.00,33.00,1.00,-1,-1,-1
118,38,828.00,516.00,46.00,44.00,1.00,-1,-1,-1
118,40,603.00,231.00,29.00,25.00,1.00,-1,-1,-1
118,41,1335.00,594.00,25.00,44.00,1.00,-1,-1,-1
118,44,560.00,219.00,193.00,125.00,1.00,-1,-1,-1
118,45,155.00,1011.00,162.00,121.00,1.00,-1,-1,-1
118,48,609.00,238.00,23.00,61.00,1.00,-1,-1,-1
118,49,571.00,184.00,15.00,11.00,1.00,-1,-1,-1
118,50,601.00,215.00,13.00,19.00,1.00,-1,-1,-1
118,54,691.00,800.00,13.00,23.00,1.00,-1,-1,-1
118,72,819.00,937.00,11.00,15.00,1.00,-1,-1,-1
118,73,1109.00,600.00,64.00,45.00,1.00,-1,-1,-1
118,76,1042.00,555.00,11.00,32.00,1.00,-1,-1,-1
118,77,1062.00,542.00,208.00,46.00,1.00,-1,-1,-1
118,100,937.00,865.00,11.00,36.00,1.00,-1,-1,-1
118,112,1159.00,493.00,54.00,12.00,1.00,-1,-1,-1
118,113,1046.00,542.00,27.00,20.00,1.00,-1,-1,-1
118,114,1267.00,494.00,22.00,16.00,1.00,-1,-1,-1
118,116,1010.00,545.00,118.00,23.00,1.00,-1,-1,-1
118,126,1134.00,632.00,34.00,16.00,1.00,-1,-1,-1
118,129,941.00,966.00,29.00,21.00,1.00,-1,-1,-1
118,135,358.00,212.00,499.00,99.00,1.00,-1,-1,-1
118,139,955.00,980.00,21.00,16.00,1.00,-1,-1,-1
118,142,1211.00,686.00,52.00,14.00,1.00,-1,-1,-1
118,147,1802.00,985.00,18.00,51.00,1.00,-1,-1,-1
118,148,1241.00,1027.00,40.00,25.00,1.00,-1,-1,-1
118,149,316.00,1019.00,22.00,105.00,1.00,-1,-1,-1
118,153,1585.00,1013.00,11.00,41.00,1.00,-1,-1,-1
118,158,708.00,1025.00,722.00,103.00,1.00,-1,-1,-1
118,166,542.00,234.00,75.00,45.00,1.00,-1,-1,-1
118,174,609.00,244.00,39.00,42.00,1.00,-1,-1,-1
118,179,144.00,943.00,19.00,25.00,1.00,-1,-1,-1
118,186,670.00,1065.00,17.00,8.00,1.00,-1,-1,-1
118,193,1061.00,1037.00,41.00,65.00,1.00,-1,-1,-1
118,201,580.00,1055.00,11.00,12.00,1.00,-1,-1,-1
118,212,1045.00,543.00,44.00,27.00,1.00,-1,-1,-1
118,219,1257.00,570.00,33.00,37.00,1.00,-1,-1,-1
118,221,66.00,654.00,14.00,44.00,1.00,-1,-1,-1
118,222,114.00,1054.00,41.00,33.00,1.00,-1,-1,-1
118,223,198.00,1067.00,56.00,13.00,1.00,-1,-1,-1
118,234,20.00,971.00,42.00,72.00,1.00,-1,-1,-1
118,243,0.00,675.00,7.00,49.00,1.00,-1,-1,-1
118,244,1002.00,521.00,194.00,67.00,1.00,-1,-1,-1
118,246,60.00,1066.00,17.00,22.00,1.00,-1,-1,-1
118,254,604.00,237.00,65.00,44.00,1.00,-1,-1,-1
118,257,1006.00,364.00,29.00,22.00,1.00,-1,-1,-1
118,260,18.00,999.00,22.00,32.00,1.00,-1,-1,-1
118,262,962.00,483.00,199.00,123.00,1.00,-1,-1,-1
118,270,98.00,898.00,27.00,17.00,1.00,-1,-1,-1
118,278,1027.00,540.00,42.00,19.00,1.00,-1,-1,-1
118,290,732.00,222.00,23.00,9.00,1.00,-1,-1,-1
118,296,591.00,216.00,25.00,32.00,1.00,-1,-1,-1
118,299,1131.00,603.00,19.00,14.00,1.00,-1,-1,-1
118,301,89.00,225.00,24.00,218.00,1.00,-1,-1,-1
118,305,888.00,405.00,13.00,15.00,1.00,-1,-1,-1
118,306,463.00,571.00,10.00,15.00,1.00,-1,-1,-1
118,307,1158.00,358.00,10.00,20.00,1.00,-1,-1,-1
118,309,604.00,227.00,20.00,24.00,1.00,-1,-1,-1
118,312,565.00,504.00,20.00,16.00,1.00,-1,-1,-1
118,316,605.00,873.00,15.00,14.00,1.00,-1,-1,-1
118,325,552.00,218.00,100.00,33.00,1.00,-1,-1,-1
118,332,184.00,289.00,8.00,16.00,1.00,-1,-1,-1
118,333,22.00,1009.00,43.00,34.00,1.00,-1,-1,-1
118,337,95.00,1002.00,33.00,24.00,1.00,-1,-1,-1
118,350,723.00,211.00,14.00,20.00,1.00,-1,-1,-1
118,352,1064.00,777.00,13.00,33.00,1.00,-1,-1,-1
118,354,1129.00,602.00,16.00,13.00,1.00,-1,-1,-1
118,356,-21.00,613.00,82.00,398.00,1.00,-1,-1,-1
118,360,1192.00,468.00,134.00,77.00,1.00,-1,-1,-1
118,362,602.00,221.00,15.00,13.00,1.00,-1,-1,-1
118,363,487.00,422.00,19.00,18.00,1.00,-1,-1,-1
118,364,1590.00,1028.00,17.00,112.00,1.00,-1,-1,-1
118,365,959.00,393.00,25.00,18.00,1.00,-1,-1,-1
118,373,579.00,212.00,64.00,31.00,1.00,-1,-1,-1
118,375,1119.00,738.00,14.00,45.00,1.00,-1,-1,-1
118,382,768.00,327.00,41.00,40.00,1.00,-1,-1,-1
118,387,386.00,244.00,16.00,28.00,1.00,-1,-1,-1
118,388,1153.00,289.00,18.00,48.00,1.00,-1,-1,-1
118,389,511.00,154.00,16.00,15.00,1.00,-1,-1,-1
118,390,1590.00,1028.00,9.00,29.00,1.00,-1,-1,-1
118,400,476.00,0.00,42.00,7.00,1.00,-1,-1,-1
118,402,107.00,0.00,52.00,7.00,1.00,-1,-1,-1
118,403,1115.00,478.00,78.00,26.00,1.00,-1,-1,-1
118,412,49.00,1011.00,20.00,15.00,1.00,-1,-1,-1
118,415,88.00,899.00,23.00,21.00,1.00,-1,-1,-1
118,423,956.00,659.00,15.00,18.00,1.00,-1,-1,-1
118,426,688.00,656.00,61.00,45.00,1.00,-1,-1,-1
118,427,1067.00,705.00,16.00,36.00,1.00,-1,-1,-1
118,428,999.00,721.00,30.00,29.00,1.00,-1,-1,-1
118,429,206.00,374.00,13.00,18.00,1.00,-1,-1,-1
118,434,743.00,227.00,20.00,7.00,1.00,-1,-1,-1
118,444,655.00,173.00,12.00,15.00,1.00,-1,-1,-1
118,445,593.00,143.00,12.00,14.00,1.00,-1,-1,-1
118,446,495.00,737.00,12.00,15.00,1.00,-1,-1,-1
118,447,847.00,924.00,11.00,14.00,1.00,-1,-1,-1
118,448,817.00,637.00,12.00,21.00,1.00,-1,-1,-1
118,450,1407.00,731.00,15.00,12.00,1.00,-1,-1,-1
118,451,543.00,142.00,36.00,15.00,1.00,-1,-1,-1
118,452,826.00,816.00,14.00,15.00,1.00,-1,-1,-1
118,453,683.00,147.00,39.00,28.00,1.00,-1,-1,-1
118,454,180.00,275.00,27.00,30.00,1.00,-1,-1,-1
118,455,1114.00,796.00,16.00,26.00,1.00,-1,-1,-1
118,456,756.00,144.00,22.00,9.00,1.00,-1,-1,-1
118,457,1426.00,870.00,18.00,16.00,1.00,-1,-1,-1
118,458,1090.00,389.00,109.00,52.00,1.00,-1,-1,-1
118,459,1441.00,942.00,150.00,41.00,1.00,-1,-1,-1
118,461,477.00,147.00,56.00,49.00,1.00,-1,-1,-1
118,470,1030.00,544.00,82.00,22.00,1.00,-1,-1,-1
118,474,1548.00,972.00,48.00,38.00,1.00,-1,-1,-1
118,476,574.00,283.00,193.00,27.00,1.00,-1,-1,-1
118,481,1548.00,972.00,48.00,38.00,1.00,-1,-1,-1
118,483,1564.00,980.00,18.00,29.00,1.00,-1,-1,-1
118,487,1740.00,949.00,138.00,131.00,1.00,-1,-1,-1
118,488,739.00,489.00,49.00,25.00,1.00,-1,-1,-1
118,492,1866.00,386.00,20.00,19.00,1.00,-1,-1,-1
119,5,747.00,1048.00,27.00,59.00,1.00,-1,-1,-1
119,9,902.00,1052.00,43.00,30.00,1.00,-1,-1,-1
119,10,948.00,932.00,139.00,66.00,1.00,-1,-1,-1
119,11,969.00,449.00,182.00,203.00,1.00,-1,-1,-1
119,12,1240.00,664.00,170.00,115.00,1.00,-1,-1,-1
119,15,545.00,1034.00,128.00,72.00,1.00,-1,-1,-1
119,18,923.00,479.00,78.00,30.00,1.00,-1,-1,-1
119,21,565.00,206.00,38.00,45.00,1.00,-1,-1,-1
119,32,569.00,681.00,12.00,13.00,1.00,-1,-1,-1
119,34,703.00,269.00,13.00,42.00,1.00,-1,-1,-1
119,37,590.00,212.00,19.00,33.00,1.00,-1,-1,-1
119,38,816.00,517.00,46.00,44.00,1.00,-1,-1,-1
119,40,601.00,224.00,29.00,25.00,1.00,-1,-1,-1
119,41,1323.00,594.00,25.00,44.00,1.00,-1,-1,-1
119,44,561.00,221.00,188.00,117.00,1.00,-1,-1,-1
119,45,143.00,1011.00,162.00,121.00,1.00,-1,-1,-1
119,48,606.00,233.00,23.00,61.00,1.00,-1,-1,-1
119,49,563.00,179.00,15.00,11.00,1.00,-1,-1,-1
119,50,597.00,211.00,13.00,19.00,1.00,-1,-1,-1
119,54,679.00,800.00,13.00,23.00,1.00,-1,-1,-1
119,72,807.00,937.00,11.00,15.00,1.00,-1,-1,-1
119,73,1113.00,601.00,64.00,45.00,1.00,-1,-1,-1
119,76,1050.00,558.00,11.00,32.00,1.00,-1,-1,-1
119,77,1050.00,542.00,208.00,46.00,1.00,-1,-1,-1
119,100,925.00,865.00,11.00,36.00,1.00,-1,-1,-1
119,112,1147.00,493.00,54.00,12.00,1.00,-1,-1,-1
119,113,1057.00,547.00,27.00,20.00,1.00,-1,-1,-1
119,114,1255.00,494.00,22.00,16.00,1.00,-1,-1,-1
119,116,1020.00,550.00,118.00,23.00,1.00,-1,-1,-1
119,126,1140.00,635.00,34.00,16.00,1.00,-1,-1,-1
119,129,941.00,966.00,29.00,21.00,1.00,-1,-1,-1
119,135,353.00,207.00,499.00,99.00,1.00,-1,-1,-1
119,139,955.00,980.00,21.00,16.00,1.00,-1,-1,-1
119,142,1199.00,687.00,52.00,14.00,1.00,-1,-1,-1
119,147,1808.00,979.00,18.00,51.00,1.00,-1,-1,-1
119,148,1227.00,1027.00,40.00,25.00,1.00,-1,-1,-1
119,149,304.00,1019.00,22.00,105.00,1.00,-1,-1,-1
119,153,1573.00,1012.00,11.00,41.00,1.00,-1,-1,-1
119,158,696.00,1025.00,722.00,103.00,1.00,-1,-1,-1
119,166,537.00,232.00,75.00,45.00,1.00,-1,-1,-1
119,174,605.00,240.00,39.00,42.00,1.00,-1,-1,-1
119,179,132.00,943.00,19.00,25.00,1.00,-1,-1,-1
119,186,658.00,1065.00,17.00,8.00,1.00,-1,-1,-1
119,193,1048.00,1037.00,41.00,65.00,1.00,-1,-1,-1
119,201,568.00,1055.00,11.00,12.00,1.00,-1,-1,-1
119,212,1055.00,547.00,44.00,27.00,1.00,-1,-1,-1
119,219,1245.00,570.00,33.00,37.00,1.00,-1,-1,-1
119,221,54.00,655.00,14.00,44.00,1.00,-1,-1,-1
119,222,103.00,1054.00,41.00,33.00,1.00,-1,-1,-1
119,223,186.00,1067.00,56.00,13.00,1.00,-1,-1,-1
119,234,8.00,972.00,42.00,72.00,1.00,-1,-1,-1
119,243,16.00,678.00,7.00,49.00,1.00,-1,-1,-1
119,244,990.00,520.00,194.00,67.00,1.00,-1,-1,-1
119,246,48.00,1066.00,17.00,22.00,1.00,-1,-1,-1
119,254,600.00,231.00,65.00,44.00,1.00,-1,-1,-1
119,257,994.00,364.00,29.00,22.00,1.00,-1,-1,-1
119,260,6.00,999.00,22.00,32.00,1.00,-1,-1,-1
119,262,881.00,444.00,199.00,123.00,1.00,-1,-1,-1
119,270,86.00,898.00,27.00,17.00,1.00,-1,-1,-1
119,278,1037.00,543.00,42.00,19.00,1.00,-1,-1,-1
119,290,721.00,222.00,23.00,9.00,1.00,-1,-1,-1
119,296,587.00,212.00,25.00,32.00,1.00,-1,-1,-1
119,299,1111.00,600.00,19.00,14.00,1.00,-1,-1,-1
119,301,77.00,225.00,24.00,218.00,1.00,-1,-1,-1
119,305,876.00,405.00,13.00,15.00,1.00,-1,-1,-1
119,306,451.00,572.00,10.00,15.00,1.00,-1,-1,-1
119,307,1146.00,358.00,10.00,20.00,1.00,-1,-1,-1
119,309,600.00,221.00,20.00,24.00,1.00,-1,-1,-1
119,312,553.00,504.00,20.00,16.00,1.00,-1,-1,-1
119,316,593.00,873.00,15.00,14.00,1.00,-1,-1,-1
119,325,548.00,214.00,100.00,33.00,1.00,-1,-1,-1
119,332,173.00,289.00,8.00,16.00,1.00,-1,-1,-1
119,333,10.00,1009.00,43.00,34.00,1.00,-1,-1,-1
119,337,83.00,1002.00,33.00,24.00,1.00,-1,-1,-1
119,350,712.00,211.00,14.00,20.00,1.00,-1,-1,-1
119,352,1052.00,777.00,13.00,33.00,1.00,-1,-1,-1
119,354,1120.00,608.00,16.00,13.00,1.00,-1,-1,-1
119,356,-33.00,613.00,82.00,398.00,1.00,-1,-1,-1
119,360,1180.00,468.00,134.00,77.00,1.00,-1,-1,-1
119,362,599.00,218.00,15.00,13.00,1.00,-1,-1,-1
119,363,475.00,422.00,19.00,18.00,1.00,-1,-1,-1
119,364,1579.00,1028.00,17.00,112.00,1.00,-1,-1,-1
119,365,947.00,393.00,25.00,18.00,1.00,-1,-1,-1
119,373,582.00,214.00,64.00,31.00,1.00,-1,-1,-1
119,375,1107.00,738.00,14.00,45.00,1.00,-1,-1,-1
119,382,757.00,327.00,41.00,40.00,1.00,-1,-1,-1
119,387,374.00,244.00,16.00,28.00,1.00,-1,-1,-1
119,388,1142.00,290.00,18.00,48.00,1.00,-1,-1,-1
119,389,507.00,149.00,16.00,15.00,1.00,-1,-1,-1
119,390,1578.00,1028.00,9.00,29.00,1.00,-1,-1,-1
119,400,465.00,0.00,42.00,7.00,1.00,-1,-1,-1
119,402,107.00,0.00,52.00,7.00,1.00,-1,-1,-1
119,403,1103.00,479.00,78.00,26.00,1.00,-1,-1,-1
119,412,37.00,1011.00,20.00,15.00,1.00,-1,-1,-1
119,415,76.00,900.00,23.00,21.00,1.00,-1,-1,-1
119,423,944.00,659.00,15.00,18.00,1.00,-1,-1,-1
119,426,676.00,656.00,61.00,45.00,1.00,-1,-1,-1
119,427,1055.00,706.00,16.00,36.00,1.00,-1,-1,-1
119,428,988.00,721.00,30.00,29.00,1.00,-1,-1,-1
119,429,194.00,374.00,13.00,18.00,1.00,-1,-1,-1
119,434,731.00,227.00,20.00,7.00,1.00,-1,-1,-1
119,444,643.00,173.00,12.00,15.00,1.00,-1,-1,-1
119,445,581.00,143.00,12.00,14.00,1.00,-1,-1,-1
119,446,484.00,737.00,12.00,15.00,1.00,-1,-1,-1
119,447,835.00,924.00,11.00,14.00,1.00,-1,-1,-1
119,448,805.00,637.00,12.00,21.00,1.00,-1,-1,-1
119,450,1395.00,731.00,15.00,12.00,1.00,-1,-1,-1
119,451,532.00,142.00,36.00,15.00,1.00,-1,-1,-1
119,452,814.00,817.00,14.00,15.00,1.00,-1,-1,-1
119,453,672.00,147.00,39.00,28.00,1.00,-1,-1,-1
119,454,169.00,275.00,27.00,30.00,1.00,-1,-1,-1
119,455,1103.00,796.00,16.00,26.00,1.00,-1,-1,-1
119,456,745.00,144.00,22.00,9.00,1.00,-1,-1,-1
119,457,1414.00,870.00,18.00,16.00,1.00,-1,-1,-1
119,458,1079.00,389.00,109.00,52.00,1.00,-1,-1,-1
119,459,1441.00,945.00,150.00,41.00,1.00,-1,-1,-1
119,461,474.00,142.00,56.00,49.00,1.00,-1,-1,-1
119,470,1040.00,548.00,82.00,22.00,1.00,-1,-1,-1
119,474,1536.00,973.00,48.00,38.00,1.00,-1,-1,-1
119,476,546.00,266.00,193.00,27.00,1.00,-1,-1,-1
119,481,1536.00,973.00,48.00,38.00,1.00,-1,-1,-1
119,483,1552.00,980.00,18.00,29.00,1.00,-1,-1,-1
119,487,1747.00,944.00,142.00,136.00,1.00,-1,-1,-1
119,488,730.00,488.00,59.00,28.00,1.00,-1,-1,-1
119,492,1854.00,387.00,20.00,19.00,1.00,-1,-1,-1
120,5,733.00,1048.00,27.00,59.00,1.00,-1,-1,-1
120,9,889.00,1052.00,43.00,30.00,1.00,-1,-1,-1
120,10,948.00,932.00,139.00,66.00,1.00,-1,-1,-1
120,11,980.00,454.00,182.00,203.00,1.00,-1,-1,-1
120,12,1227.00,665.00,170.00,115.00,1.00,-1,-1,-1
120,15,532.00,1034.00,128.00,72.00,1.00,-1,-1,-1
120,18,898.00,414.00,78.00,30.00,1.00,-1,-1,-1
120,21,562.00,206.00,38.00,45.00,1.00,-1,-1,-1
120,32,557.00,681.00,12.00,13.00,1.00,-1,-1,-1
120,34,697.00,264.00,13.00,42.00,1.00,-1,-1,-1
120,37,585.00,208.00,19.00,33.00,1.00,-1,-1,-1
120,38,802.00,518.00,46.00,44.00,1.00,-1,-1,-1
120,40,596.00,221.00,29.00,25.00,1.00,-1,-1,-1
120,41,1310.00,594.00,25.00,44.00,1.00,-1,-1,-1
120,44,552.00,212.00,196.00,121.00,1.00,-1,-1,-1
120,45,130.00,1011.00,162.00,121.00,1.00,-1,-1,-1
120,48,598.00,230.00,23.00,61.00,1.00,-1,-1,-1
120,49,549.00,155.00,15.00,11.00,1.00,-1,-1,-1
120,50,596.00,210.00,13.00,19.00,1.00,-1,-1,-1
120,54,666.00,801.00,13.00,23.00,1.00,-1,-1,-1
120,72,794.00,939.00,11.00,15.00,1.00,-1,-1,-1
120,73,1122.00,607.00,64.00,45.00,1.00,-1,-1,-1
120,76,1059.00,561.00,11.00,32.00,1.00,-1,-1,-1
120,77,1037.00,543.00,208.00,46.00,1.00,-1,-1,-1
120,100,911.00,865.00,11.00,36.00,1.00,-1,-1,-1
120,112,1134.00,493.00,54.00,12.00,1.00,-1,-1,-1
120,113,1066.00,550.00,27.00,20.00,1.00,-1,-1,-1
120,114,1242.00,494.00,22.00,16.00,1.00,-1,-1,-1
120,116,1030.00,554.00,118.00,23.00,1.00,-1,-1,-1
120,126,1149.00,640.00,34.00,16.00,1.00,-1,-1,-1
120,129,941.00,966.00,29.00,21.00,1.00,-1,-1,-1
120,135,347.00,203.00,499.00,99.00,1.00,-1,-1,-1
120,139,955.00,980.00,21.00,16.00,1.00,-1,-1,-1
120,142,1186.00,687.00,52.00,14.00,1.00,-1,-1,-1
120,147,1814.00,975.00,18.00,51.00,1.00,-1,-1,-1
120,148,1215.00,1027.00,40.00,25.00,1.00,-1,-1,-1
120,149,291.00,1019.00,22.00,105.00,1.00,-1,-1,-1
120,153,1560.00,1013.00,11.00,41.00,1.00,-1,-1,-1
120,158,683.00,1025.00,722.00,103.00,1.00,-1,-1,-1
120,166,531.00,229.00,75.00,45.00,1.00,-1,-1,-1
120,174,599.00,236.00,39.00,42.00,1.00,-1,-1,-1
120,179,119.00,944.00,19.00,25.00,1.00,-1,-1,-1
120,186,645.00,1066.00,17.00,8.00,1.00,-1,-1,-1
120,193,1035.00,1037.00,41.00,65.00,1.00,-1,-1,-1
120,201,555.00,1056.00,11.00,12.00,1.00,-1,-1,-1
120,212,1065.00,552.00,44.00,27.00,1.00,-1,-1,-1
120,219,1232.00,571.00,33.00,37.00,1.00,-1,-1,-1
120,221,41.00,655.00,14.00,44.00,1.00,-1,-1,-1
120,222,91.00,1054.00,41.00,33.00,1.00,-1,-1,-1
120,223,173.00,1067.00,56.00,13.00,1.00,-1,-1,-1
120,234,-4.00,972.00,42.00,72.00,1.00,-1,-1,-1
120,243,3.00,679.00,7.00,49.00,1.00,-1,-1,-1
120,244,1016.00,537.00,194.00,67.00,1.00,-1,-1,-1
120,246,35.00,1066.00,17.00,22.00,1.00,-1,-1,-1
120,254,595.00,227.00,65.00,44.00,1.00,-1,-1,-1
120,257,981.00,365.00,29.00,22.00,1.00,-1,-1,-1
120,260,-7.00,1000.00,22.00,32.00,1.00,-1,-1,-1
120,262,909.00,446.00,199.00,123.00,1.00,-1,-1,-1
120,270,73.00,899.00,27.00,17.00,1.00,-1,-1,-1
120,278,1047.00,546.00,42.00,19.00,1.00,-1,-1,-1
120,290,708.00,222.00,23.00,9.00,1.00,-1,-1,-1
120,296,583.00,208.00,25.00,32.00,1.00,-1,-1,-1
120,299,1118.00,604.00,19.00,14.00,1.00,-1,-1,-1
120,301,64.00,226.00,24.00,218.00,1.00,-1,-1,-1
120,305,863.00,405.00,13.00,15.00,1.00,-1,-1,-1
120,306,438.00,572.00,10.00,15.00,1.00,-1,-1,-1
120,307,1134.00,359.00,10.00,20.00,1.00,-1,-1,-1
120,309,595.00,217.00,20.00,24.00,1.00,-1,-1,-1
120,312,540.00,504.00,20.00,16.00,1.00,-1,-1,-1
120,316,580.00,874.00,15.00,14.00,1.00,-1,-1,-1
120,325,542.00,211.00,100.00,33.00,1.00,-1,-1,-1
120,332,160.00,290.00,8.00,16.00,1.00,-1,-1,-1
120,333,-2.00,1010.00,43.00,34.00,1.00,-1,-1,-1
120,337,70.00,1003.00,33.00,24.00,1.00,-1,-1,-1
120,350,699.00,211.00,14.00,20.00,1.00,-1,-1,-1
120,352,1040.00,778.00,13.00,33.00,1.00,-1,-1,-1
120,354,1128.00,611.00,16.00,13.00,1.00,-1,-1,-1
120,356,-33.00,613.00,82.00,398.00,1.00,-1,-1,-1
120,360,1167.00,468.00,134.00,77.00,1.00,-1,-1,-1
120,362,594.00,214.00,15.00,13.00,1.00,-1,-1,-1
120,363,462.00,423.00,19.00,18.00,1.00,-1,-1,-1
120,364,1566.00,1028.00,17.00,112.00,1.00,-1,-1,-1
120,365,934.00,394.00,25.00,18.00,1.00,-1,-1,-1
120,373,578.00,210.00,64.00,31.00,1.00,-1,-1,-1
120,375,1095.00,739.00,14.00,45.00,1.00,-1,-1,-1
120,382,744.00,327.00,41.00,40.00,1.00,-1,-1,-1
120,387,361.00,244.00,16.00,28.00,1.00,-1,-1,-1
120,388,1129.00,290.00,18.00,48.00,1.00,-1,-1,-1
120,389,501.00,145.00,16.00,15.00,1.00,-1,-1,-1
120,390,1565.00,1028.00,9.00,29.00,1.00,-1,-1,-1
120,400,452.00,0.00,42.00,7.00,1.00,-1,-1,-1
120,403,1090.00,479.00,78.00,26.00,1.00,-1,-1,-1
120,412,24.00,1012.00,20.00,15.00,1.00,-1,-1,-1
120,415,63.00,900.00,23.00,21.00,1.00,-1,-1,-1
120,423,931.00,660.00,15.00,18.00,1.00,-1,-1,-1
120,426,663.00,656.00,61.00,45.00,1.00,-1,-1,-1
120,427,1042.00,706.00,16.00,36.00,1.00,-1,-1,-1
120,428,975.00,722.00,30.00,29.00,1.00,-1,-1,-1
120,429,182.00,374.00,13.00,18.00,1.00,-1,-1,-1
120,434,718.00,228.00,20.00,7.00,1.00,-1,-1,-1
120,444,631.00,174.00,12.00,15.00,1.00,-1,-1,-1
120,445,569.00,143.00,12.00,14.00,1.00,-1,-1,-1
120,446,470.00,738.00,12.00,15.00,1.00,-1,-1,-1
120,447,822.00,925.00,11.00,14.00,1.00,-1,-1,-1
120,448,792.00,638.00,12.00,21.00,1.00,-1,-1,-1
120,450,1382.00,732.00,15.00,12.00,1.00,-1,-1,-1
120,451,541.00,204.00,36.00,15.00,1.00,-1,-1,-1
120,452,801.00,817.00,14.00,15.00,1.00,-1,-1,-1
120,453,659.00,148.00,39.00,28.00,1.00,-1,-1,-1
120,454,156.00,276.00,27.00,30.00,1.00,-1,-1,-1
120,455,1090.00,797.00,16.00,26.00,1.00,-1,-1,-1
120,456,732.00,145.00,22.00,9.00,1.00,-1,-1,-1
120,457,1401.00,870.00,18.00,16.00,1.00,-1,-1,-1
120,458,1066.00,389.00,109.00,52.00,1.00,-1,-1,-1
120,459,1441.00,949.00,150.00,41.00,1.00,-1,-1,-1
120,461,472.00,140.00,56.00,49.00,1.00,-1,-1,-1
120,470,1050.00,551.00,82.00,22.00,1.00,-1,-1,-1
120,474,1523.00,973.00,48.00,38.00,1.00,-1,-1,-1
120,476,543.00,263.00,193.00,27.00,1.00,-1,-1,-1
120,481,1523.00,973.00,48.00,38.00,1.00,-1,-1,-1
120,483,1539.00,981.00,18.00,29.00,1.00,-1,-1,-1
120,487,1752.00,939.00,142.00,136.00,1.00,-1,-1,-1
120,488,718.00,486.00,67.00,32.00,1.00,-1,-1,-1
120,492,1841.00,387.00,20.00,19.00,1.00,-1,-1,-1
121,5,721.00,1048.00,27.00,59.00,1.00,-1,-1,-1
121,9,877.00,1053.00,43.00,30.00,1.00,-1,-1,-1
121,10,948.00,932.00,139.00,66.00,1.00,-1,-1,-1
121,11,988.00,459.00,184.00,201.00,1.00,-1,-1,-1
121,12,1215.00,666.00,170.00,115.00,1.00,-1,-1,-1
121,15,519.00,1034.00,128.00,72.00,1.00,-1,-1,-1
121,18,886.00,416.00,78.00,30.00,1.00,-1,-1,-1
121,21,558.00,203.00,38.00,45.00,1.00,-1,-1,-1
121,32,544.00,682.00,12.00,13.00,1.00,-1,-1,-1
121,34,706.00,268.00,13.00,42.00,1.00,-1,-1,-1
121,37,581.00,207.00,19.00,33.00,1.00,-1,-1,-1
121,38,790.00,519.00,46.00,44.00,1.00,-1,-1,-1
121,40,591.00,218.00,29.00,25.00,1.00,-1,-1,-1
121,41,1297.00,595.00,25.00,44.00,1.00,-1,-1,-1
121,44,548.00,202.00,192.00,126.00,1.00,-1,-1,-1
121,45,118.00,1011.00,162.00,121.00,1.00,-1,-1,-1
121,48,587.00,227.00,23.00,61.00,1.00,-1,-1,-1
121,49,536.00,153.00,15.00,11.00,1.00,-1,-1,-1
121,50,597.00,215.00,13.00,19.00,1.00,-1,-1,-1
121,54,654.00,802.00,13.00,23.00,1.00,-1,-1,-1
121,72,781.00,940.00,11.00,15.00,1.00,-1,-1,-1
121,73,1136.00,613.00,64.00,45.00,1.00,-1,-1,-1
121,76,1068.00,565.00,11.00,32.00,1.00,-1,-1,-1
121,77,1024.00,544.00,208.00,46.00,1.00,-1,-1,-1
121,100,899.00,866.00,11.00,36.00,1.00,-1,-1,-1
121,112,1121.00,495.00,54.00,12.00,1.00,-1,-1,-1
121,113,1073.00,552.00,27.00,20.00,1.00,-1,-1,-1
121,114,1229.00,495.00,22.00,16.00,1.00,-1,-1,-1
121,116,1040.00,558.00,118.00,23.00,1.00,-1,-1,-1
121,126,1166.00,644.00,34.00,16.00,1.00,-1,-1,-1
121,129,941.00,966.00,29.00,21.00,1.00,-1,-1,-1
121,135,343.00,202.00,499.00,99.00,1.00,-1,-1,-1
121,139,955.00,980.00,21.00,16.00,1.00,-1,-1,-1
121,142,1191.00,702.00,52.00,14.00,1.00,-1,-1,-1
121,147,1821.00,970.00,18.00,51.00,1.00,-1,-1,-1
121,148,1202.00,1028.00,40.00,25.00,1.00,-1,-1,-1
121,149,278.00,1019.00,22.00,105.00,1.00,-1,-1,-1
121,153,1547.00,1014.00,11.00,41.00,1.00,-1,-1,-1
121,158,671.00,1025.00,722.00,103.00,1.00,-1,-1,-1
121,166,526.00,227.00,75.00,45.00,1.00,-1,-1,-1
121,174,594.00,232.00,39.00,42.00,1.00,-1,-1,-1
121,179,107.00,945.00,19.00,25.00,1.00,-1,-1,-1
121,186,632.00,1065.00,17.00,8.00,1.00,-1,-1,-1
121,193,1023.00,1037.00,41.00,65.00,1.00,-1,-1,-1
121,201,542.00,1056.00,11.00,12.00,1.00,-1,-1,-1
121,212,1075.00,556.00,44.00,27.00,1.00,-1,-1,-1
121,219,1219.00,572.00,33.00,37.00,1.00,-1,-1,-1
121,221,29.00,656.00,14.00,44.00,1.00,-1,-1,-1
121,222,79.00,1055.00,41.00,33.00,1.00,-1,-1,-1
121,223,161.00,1067.00,56.00,13.00,1.00,-1,-1,-1
121,234,-4.00,972.00,42.00,72.00,1.00,-1,-1,-1
121,243,3.00,679.00,7.00,49.00,1.00,-1,-1,-1
121,244,1021.00,529.00,194.00,67.00,1.00,-1,-1,-1
121,246,23.00,1067.00,17.00,22.00,1.00,-1,-1,-1
121,254,590.00,224.00,65.00,44.00,1.00,-1,-1,-1
121,257,968.00,365.00,29.00,22.00,1.00,-1,-1,-1
121,260,-7.00,1000.00,22.00,32.00,1.00,-1,-1,-1
121,262,920.00,450.00,199.00,123.00,1.00,-1,-1,-1
121,270,60.00,900.00,27.00,17.00,1.00,-1,-1,-1
121,278,1056.00,551.00,42.00,19.00,1.00,-1,-1,-1
121,290,695.00,223.00,23.00,9.00,1.00,-1,-1,-1
121,296,578.00,206.00,25.00,32.00,1.00,-1,-1,-1
121,299,1127.00,609.00,19.00,14.00,1.00,-1,-1,-1
121,301,51.00,226.00,24.00,218.00,1.00,-1,-1,-1
121,305,851.00,406.00,13.00,15.00,1.00,-1,-1,-1
121,306,426.00,573.00,10.00,15.00,1.00,-1,-1,-1
121,307,1120.00,359.00,10.00,20.00,1.00,-1,-1,-1
121,309,589.00,214.00,20.00,24.00,1.00,-1,-1,-1
121,312,528.00,505.00,20.00,16.00,1.00,-1,-1,-1
121,316,568.00,875.00,15.00,14.00,1.00,-1,-1,-1
121,325,538.00,208.00,100.00,33.00,1.00,-1,-1,-1
121,332,147.00,290.00,8.00,16.00,1.00,-1,-1,-1
121,333,-14.00,1011.00,43.00,34.00,1.00,-1,-1,-1
121,337,57.00,1004.00,33.00,24.00,1.00,-1,-1,-1
121,350,686.00,213.00,14.00,20.00,1.00,-1,-1,-1
121,352,1027.00,779.00,13.00,33.00,1.00,-1,-1,-1
121,354,1137.00,616.00,16.00,13.00,1.00,-1,-1,-1
121,356,-33.00,613.00,82.00,398.00,1.00,-1,-1,-1
121,360,1154.00,469.00,134.00,77.00,1.00,-1,-1,-1
121,362,595.00,218.00,15.00,13.00,1.00,-1,-1,-1
121,363,449.00,424.00,19.00,18.00,1.00,-1,-1,-1
121,364,1553.00,1028.00,17.00,112.00,1.00,-1,-1,-1
121,365,922.00,395.00,25.00,18.00,1.00,-1,-1,-1
121,373,570.00,205.00,64.00,31.00,1.00,-1,-1,-1
121,375,1082.00,740.00,14.00,45.00,1.00,-1,-1,-1
121,382,731.00,328.00,41.00,40.00,1.00,-1,-1,-1
121,387,348.00,246.00,16.00,28.00,1.00,-1,-1,-1
121,388,1116.00,291.00,18.00,48.00,1.00,-1,-1,-1
121,389,496.00,142.00,16.00,15.00,1.00,-1,-1,-1
121,390,1552.00,1029.00,9.00,29.00,1.00,-1,-1,-1
121,400,439.00,0.00,42.00,7.00,1.00,-1,-1,-1
121,403,1077.00,480.00,78.00,26.00,1.00,-1,-1,-1
121,412,11.00,1013.00,20.00,15.00,1.00,-1,-1,-1
121,415,50.00,901.00,23.00,21.00,1.00,-1,-1,-1
121,423,918.00,661.00,15.00,18.00,1.00,-1,-1,-1
121,426,650.00,658.00,61.00,45.00,1.00,-1,-1,-1
121,427,1029.00,707.00,16.00,36.00,1.00,-1,-1,-1
121,428,962.00,723.00,30.00,29.00,1.00,-1,-1,-1
121,429,169.00,375.00,13.00,18.00,1.00,-1,-1,-1
121,434,706.00,229.00,20.00,7.00,1.00,-1,-1,-1
121,444,618.00,175.00,12.00,15.00,1.00,-1,-1,-1
121,445,556.00,144.00,12.00,14.00,1.00,-1,-1,-1
121,446,458.00,739.00,12.00,15.00,1.00,-1,-1,-1
121,447,809.00,925.00,11.00,14.00,1.00,-1,-1,-1
121,448,779.00,638.00,12.00,21.00,1.00,-1,-1,-1
121,450,1369.00,733.00,15.00,12.00,1.00,-1,-1,-1
121,451,542.00,210.00,36.00,15.00,1.00,-1,-1,-1
121,452,788.00,818.00,14.00,15.00,1.00,-1,-1,-1
121,453,646.00,149.00,39.00,28.00,1.00,-1,-1,-1
121,454,143.00,276.00,27.00,30.00,1.00,-1,-1,-1
121,455,1077.00,798.00,16.00,26.00,1.00,-1,-1,-1
121,456,719.00,146.00,22.00,9.00,1.00,-1,-1,-1
121,457,1388.00,871.00,18.00,16.00,1.00,-1,-1,-1
121,458,1053.00,390.00,109.00,52.00,1.00,-1,-1,-1
121,459,1441.00,957.00,150.00,41.00,1.00,-1,-1,-1
121,461,463.00,136.00,56.00,49.00,1.00,-1,-1,-1
121,470,1055.00,550.00,82.00,22.00,1.00,-1,-1,-1
121,474,1511.00,974.00,48.00,38.00,1.00,-1,-1,-1
121,476,521.00,251.00,193.00,27.00,1.00,-1,-1,-1
121,481,1511.00,974.00,48.00,38.00,1.00,-1,-1,-1
121,483,1527.00,982.00,18.00,29.00,1.00,-1,-1,-1
121,487,1759.00,935.00,142.00,136.00,1.00,-1,-1,-1
121,488,708.00,485.00,54.00,29.00,1.00,-1,-1,-1
121,492,1828.00,388.00,20.00,19.00,1.00,-1,-1,-1
121,495,812.00,531.00,131.00,42.00,1.00,-1,-1,-1
122,5,710.00,1048.00,27.00,59.00,1.00,-1,-1,-1
122,9,865.00,1053.00,43.00,30.00,1.00,-1,-1,-1
122,10,948.00,932.00,139.00,66.00,1.00,-1,-1,-1
122,11,1001.00,460.00,183.00,204.00,1.00,-1,-1,-1
122,12,1203.00,666.00,170.00,115.00,1.00,-1,-1,-1
122,15,508.00,1034.00,128.00,72.00,1.00,-1,-1,-1
122,18,874.00,416.00,78.00,30.00,1.00,-1,-1,-1
122,21,554.00,200.00,38.00,45.00,1.00,-1,-1,-1
122,32,532.00,682.00,12.00,13.00,1.00,-1,-1,-1
122,34,693.00,259.00,13.00,42.00,1.00,-1,-1,-1
122,37,579.00,203.00,19.00,33.00,1.00,-1,-1,-1
122,38,779.00,519.00,46.00,44.00,1.00,-1,-1,-1
122,40,589.00,214.00,29.00,25.00,1.00,-1,-1,-1
122,41,1286.00,596.00,25.00,44.00,1.00,-1,-1,-1
122,44,548.00,206.00,193.00,117.00,1.00,-1,-1,-1
122,45,106.00,1011.00,162.00,121.00,1.00,-1,-1,-1
122,48,579.00,224.00,23.00,61.00,1.00,-1,-1,-1
122,49,540.00,159.00,15.00,11.00,1.00,-1,-1,-1
122,50,594.00,209.00,13.00,19.00,1.00,-1,-1,-1
122,54,642.00,802.00,13.00,23.00,1.00,-1,-1,-1
122,72,770.00,941.00,11.00,15.00,1.00,-1,-1,-1
122,73,1153.00,620.00,64.00,45.00,1.00,-1,-1,-1
122,76,1079.00,569.00,11.00,32.00,1.00,-1,-1,-1
122,77,1012.00,544.00,208.00,46.00,1.00,-1,-1,-1
122,100,888.00,866.00,11.00,36.00,1.00,-1,-1,-1
122,112,1110.00,495.00,54.00,12.00,1.00,-1,-1,-1
122,113,1085.00,555.00,27.00,20.00,1.00,-1,-1,-1
122,114,1217.00,496.00,22.00,16.00,1.00,-1,-1,-1
122,116,1052.00,561.00,118.00,23.00,1.00,-1,-1,-1
122,126,1181.00,651.00,34.00,16.00,1.00,-1,-1,-1
122,129,941.00,966.00,29.00,21.00,1.00,-1,-1,-1
122,135,340.00,199.00,499.00,99.00,1.00,-1,-1,-1
122,139,955.00,980.00,21.00,16.00,1.00,-1,-1,-1
122,142,1200.00,710.00,52.00,14.00,1.00,-1,-1,-1
122,147,1830.00,966.00,18.00,51.00,1.00,-1,-1,-1
122,148,1192.00,1028.00,40.00,25.00,1.00,-1,-1,-1
122,149,268.00,1019.00,22.00,105.00,1.00,-1,-1,-1
122,153,1536.00,1014.00,11.00,41.00,1.00,-1,-1,-1
122,158,660.00,1025.00,722.00,103.00,1.00,-1,-1,-1
122,166,523.00,225.00,75.00,45.00,1.00,-1,-1,-1
122,174,592.00,229.00,39.00,42.00,1.00,-1,-1,-1
122,179,96.00,945.00,19.00,25.00,1.00,-1,-1,-1
122,186,621.00,1065.00,17.00,8.00,1.00,-1,-1,-1
122,193,1012.00,1037.00,41.00,65.00,1.00,-1,-1,-1
122,201,531.00,1057.00,11.00,12.00,1.00,-1,-1,-1
122,212,1087.00,560.00,44.00,27.00,1.00,-1,-1,-1
122,219,1208.00,572.00,33.00,37.00,1.00,-1,-1,-1
122,221,17.00,656.00,14.00,44.00,1.00,-1,-1,-1
122,222,68.00,1055.00,41.00,33.00,1.00,-1,-1,-1
122,223,149.00,1067.00,56.00,13.00,1.00,-1,-1,-1
122,234,5.00,976.00,42.00,72.00,1.00,-1,-1,-1
122,243,3.00,679.00,7.00,49.00,1.00,-1,-1,-1
122,244,1017.00,535.00,194.00,67.00,1.00,-1,-1,-1
122,246,12.00,1066.00,17.00,22.00,1.00,-1,-1,-1
122,254,587.00,220.00,65.00,44.00,1.00,-1,-1,-1
122,257,956.00,366.00,29.00,22.00,1.00,-1,-1,-1
122,260,15.00,993.00,22.00,32.00,1.00,-1,-1,-1
122,262,924.00,455.00,199.00,123.00,1.00,-1,-1,-1
122,270,49.00,900.00,27.00,17.00,1.00,-1,-1,-1
122,278,1069.00,555.00,42.00,19.00,1.00,-1,-1,-1
122,290,683.00,223.00,23.00,9.00,1.00,-1,-1,-1
122,296,577.00,202.00,25.00,32.00,1.00,-1,-1,-1
122,299,1138.00,612.00,19.00,14.00,1.00,-1,-1,-1
122,301,40.00,227.00,24.00,218.00,1.00,-1,-1,-1
122,305,839.00,407.00,13.00,15.00,1.00,-1,-1,-1
122,306,414.00,573.00,10.00,15.00,1.00,-1,-1,-1
122,307,1109.00,360.00,10.00,20.00,1.00,-1,-1,-1
122,309,588.00,210.00,20.00,24.00,1.00,-1,-1,-1
122,312,517.00,506.00,20.00,16.00,1.00,-1,-1,-1
122,316,556.00,875.00,15.00,14.00,1.00,-1,-1,-1
122,325,535.00,206.00,100.00,33.00,1.00,-1,-1,-1
122,332,135.00,291.00,8.00,16.00,1.00,-1,-1,-1
122,333,-14.00,1011.00,43.00,34.00,1.00,-1,-1,-1
122,337,46.00,1005.00,33.00,24.00,1.00,-1,-1,-1
122,350,674.00,213.00,14.00,20.00,1.00,-1,-1,-1
122,352,1016.00,779.00,13.00,33.00,1.00,-1,-1,-1
122,354,1148.00,619.00,16.00,13.00,1.00,-1,-1,-1
122,356,-33.00,613.00,82.00,398.00,1.00,-1,-1,-1
122,360,1143.00,470.00,134.00,77.00,1.00,-1,-1,-1
122,362,592.00,213.00,15.00,13.00,1.00,-1,-1,-1
122,363,438.00,424.00,19.00,18.00,1.00,-1,-1,-1
122,364,1542.00,1028.00,17.00,112.00,1.00,-1,-1,-1
122,365,910.00,395.00,25.00,18.00,1.00,-1,-1,-1
122,373,568.00,201.00,64.00,31.00,1.00,-1,-1,-1
122,375,1071.00,740.00,14.00,45.00,1.00,-1,-1,-1
122,382,719.00,329.00,41.00,40.00,1.00,-1,-1,-1
122,387,337.00,246.00,16.00,28.00,1.00,-1,-1,-1
122,388,1105.00,291.00,18.00,48.00,1.00,-1,-1,-1
122,389,495.00,142.00,16.00,15.00,1.00,-1,-1,-1
122,390,1541.00,1029.00,9.00,29.00,1.00,-1,-1,-1
122,400,426.00,0.00,42.00,7.00,1.00,-1,-1,-1
122,403,1065.00,480.00,78.00,26.00,1.00,-1,-1,-1
122,412,0.00,1014.00,20.00,15.00,1.00,-1,-1,-1
122,415,47.00,906.00,12.00,13.00,1.00,-1,-1,-1
122,423,907.00,661.00,15.00,18.00,1.00,-1,-1,-1
122,426,639.00,658.00,61.00,45.00,1.00,-1,-1,-1
122,427,1018.00,707.00,16.00,36.00,1.00,-1,-1,-1
122,428,951.00,723.00,30.00,29.00,1.00,-1,-1,-1
122,429,157.00,375.00,13.00,18.00,1.00,-1,-1,-1
122,434,694.00,229.00,20.00,7.00,1.00,-1,-1,-1
122,444,606.00,175.00,12.00,15.00,1.00,-1,-1,-1
122,445,544.00,144.00,12.00,14.00,1.00,-1,-1,-1
122,446,446.00,740.00,12.00,15.00,1.00,-1,-1,-1
122,447,798.00,926.00,11.00,14.00,1.00,-1,-1,-1
122,448,768.00,638.00,12.00,21.00,1.00,-1,-1,-1
122,450,1358.00,733.00,15.00,12.00,1.00,-1,-1,-1
122,451,529.00,199.00,36.00,15.00,1.00,-1,-1,-1
122,452,777.00,818.00,14.00,15.00,1.00,-1,-1,-1
122,453,634.00,149.00,39.00,28.00,1.00,-1,-1,-1
122,454,131.00,277.00,27.00,30.00,1.00,-1,-1,-1
122,455,1066.00,798.00,16.00,26.00,1.00,-1,-1,-1
122,456,708.00,146.00,22.00,9.00,1.00,-1,-1,-1
122,457,1377.00,872.00,18.00,16.00,1.00,-1,-1,-1
122,458,1042.00,391.00,109.00,52.00,1.00,-1,-1,-1
122,459,1441.00,966.00,150.00,41.00,1.00,-1,-1,-1
122,461,459.00,143.00,56.00,49.00,1.00,-1,-1,-1
122,470,1070.00,556.00,82.00,22.00,1.00,-1,-1,-1
122,474,1499.00,974.00,48.00,38.00,1.00,-1,-1,-1
122,476,520.00,248.00,193.00,27.00,1.00,-1,-1,-1
122,481,1499.00,974.00,48.00,38.00,1.00,-1,-1,-1
122,483,1515.00,981.00,18.00,29.00,1.00,-1,-1,-1
122,487,1728.00,893.00,192.00,187.00,1.00,-1,-1,-1
122,488,702.00,485.00,41.00,25.00,1.00,-1,-1,-1
122,492,1817.00,389.00,20.00,19.00,1.00,-1,-1,-1
122,495,778.00,525.00,152.00,57.00,1.00,-1,-1,-1
123,5,710.00,1048.00,27.00,59.00,1.00,-1,-1,-1
123,9,865.00,1053.00,43.00,30.00,1.00,-1,-1,-1
123,10,948.00,932.00,139.00,66.00,1.00,-1,-1,-1
123,11,1001.00,460.00,183.00,204.00,1.00,-1,-1,-1
123,12,1203.00,666.00,170.00,115.00,1.00,-1,-1,-1
123,15,508.00,1034.00,128.00,72.00,1.00,-1,-1,-1
123,18,874.00,416.00,78.00,30.00,1.00,-1,-1,-1
123,21,554.00,200.00,38.00,45.00,1.00,-1,-1,-1
123,32,532.00,682.00,12.00,13.00,1.00,-1,-1,-1
123,34,693.00,259.00,13.00,42.00,1.00,-1,-1,-1
123,37,579.00,203.00,19.00,33.00,1.00,-1,-1,-1
123,38,779.00,519.00,46.00,44.00,1.00,-1,-1,-1
123,40,589.00,214.00,29.00,25.00,1.00,-1,-1,-1
123,41,1286.00,596.00,25.00,44.00,1.00,-1,-1,-1
123,44,548.00,206.00,193.00,117.00,1.00,-1,-1,-1
123,45,106.00,1011.00,162.00,121.00,1.00,-1,-1,-1
123,48,579.00,224.00,23.00,61.00,1.00,-1,-1,-1
123,49,540.00,159.00,15.00,11.00,1.00,-1,-1,-1
123,50,594.00,209.00,13.00,19.00,1.00,-1,-1,-1
123,54,642.00,802.00,13.00,23.00,1.00,-1,-1,-1
123,72,770.00,941.00,11.00,15.00,1.00,-1,-1,-1
123,73,1153.00,620.00,64.00,45.00,1.00,-1,-1,-1
123,76,1079.00,569.00,11.00,32.00,1.00,-1,-1,-1
123,77,1012.00,544.00,208.00,46.00,1.00,-1,-1,-1
123,100,888.00,866.00,11.00,36.00,1.00,-1,-1,-1
123,112,1110.00,495.00,54.00,12.00,1.00,-1,-1,-1
123,113,1085.00,555.00,27.00,20.00,1.00,-1,-1,-1
123,114,1217.00,496.00,22.00,16.00,1.00,-1,-1,-1
123,116,1052.00,561.00,118.00,23.00,1.00,-1,-1,-1
123,126,1181.00,651.00,34.00,16.00,1.00,-1,-1,-1
123,129,941.00,966.00,29.00,21.00,1.00,-1,-1,-1
123,135,340.00,199.00,499.00,99.00,1.00,-1,-1,-1
123,139,955.00,980.00,21.00,16.00,1.00,-1,-1,-1
123,142,1200.00,710.00,52.00,14.00,1.00,-1,-1,-1
123,147,1830.00,966.00,18.00,51.00,1.00,-1,-1,-1
123,148,1192.00,1028.00,40.00,25.00,1.00,-1,-1,-1
123,149,268.00,1019.00,22.00,105.00,1.00,-1,-1,-1
123,153,1536.00,1013.00,11.00,41.00,1.00,-1,-1,-1
123,158,660.00,1025.00,722.00,103.00,1.00,-1,-1,-1
123,166,523.00,225.00,75.00,45.00,1.00,-1,-1,-1
123,174,592.00,229.00,39.00,42.00,1.00,-1,-1,-1
123,179,96.00,945.00,19.00,25.00,1.00,-1,-1,-1
123,186,621.00,1065.00,17.00,8.00,1.00,-1,-1,-1
123,193,1012.00,1037.00,41.00,65.00,1.00,-1,-1,-1
123,201,531.00,1057.00,11.00,12.00,1.00,-1,-1,-1
123,212,1087.00,560.00,44.00,27.00,1.00,-1,-1,-1
123,219,1208.00,572.00,33.00,37.00,1.00,-1,-1,-1
123,221,17.00,656.00,14.00,44.00,1.00,-1,-1,-1
123,222,68.00,1055.00,41.00,33.00,1.00,-1,-1,-1
123,223,149.00,1067.00,56.00,13.00,1.00,-1,-1,-1
123,234,5.00,976.00,42.00,72.00,1.00,-1,-1,-1
123,243,3.00,679.00,7.00,49.00,1.00,-1,-1,-1
123,244,1017.00,535.00,194.00,67.00,1.00,-1,-1,-1
123,246,12.00,1066.00,17.00,22.00,1.00,-1,-1,-1
123,254,587.00,220.00,65.00,44.00,1.00,-1,-1,-1
123,257,956.00,366.00,29.00,22.00,1.00,-1,-1,-1
123,260,15.00,993.00,22.00,32.00,1.00,-1,-1,-1
123,262,924.00,455.00,199.00,123.00,1.00,-1,-1,-1
123,270,49.00,900.00,27.00,17.00,1.00,-1,-1,-1
123,278,1069.00,555.00,42.00,19.00,1.00,-1,-1,-1
123,290,683.00,223.00,23.00,9.00,1.00,-1,-1,-1
123,296,577.00,202.00,25.00,32.00,1.00,-1,-1,-1
123,299,1138.00,612.00,19.00,14.00,1.00,-1,-1,-1
123,301,40.00,227.00,24.00,218.00,1.00,-1,-1,-1
123,305,839.00,407.00,13.00,15.00,1.00,-1,-1,-1
123,306,414.00,573.00,10.00,15.00,1.00,-1,-1,-1
123,307,1109.00,360.00,10.00,20.00,1.00,-1,-1,-1
123,309,588.00,210.00,20.00,24.00,1.00,-1,-1,-1
123,312,516.00,506.00,20.00,16.00,1.00,-1,-1,-1
123,316,556.00,875.00,15.00,14.00,1.00,-1,-1,-1
123,325,535.00,206.00,100.00,33.00,1.00,-1,-1,-1
123,332,135.00,291.00,8.00,16.00,1.00,-1,-1,-1
123,333,-14.00,1011.00,43.00,34.00,1.00,-1,-1,-1
123,337,46.00,1005.00,33.00,24.00,1.00,-1,-1,-1
123,350,674.00,213.00,14.00,20.00,1.00,-1,-1,-1
123,352,1016.00,779.00,13.00,33.00,1.00,-1,-1,-1
123,354,1148.00,619.00,16.00,13.00,1.00,-1,-1,-1
123,356,-33.00,613.00,82.00,398.00,1.00,-1,-1,-1
123,360,1143.00,470.00,134.00,77.00,1.00,-1,-1,-1
123,362,592.00,213.00,15.00,13.00,1.00,-1,-1,-1
123,363,438.00,424.00,19.00,18.00,1.00,-1,-1,-1
123,364,1541.00,1028.00,17.00,112.00,1.00,-1,-1,-1
123,365,910.00,395.00,25.00,18.00,1.00,-1,-1,-1
123,373,568.00,201.00,64.00,31.00,1.00,-1,-1,-1
123,375,1071.00,740.00,14.00,45.00,1.00,-1,-1,-1
123,382,719.00,329.00,41.00,40.00,1.00,-1,-1,-1
123,387,337.00,246.00,16.00,28.00,1.00,-1,-1,-1
123,388,1105.00,291.00,18.00,48.00,1.00,-1,-1,-1
123,389,495.00,142.00,16.00,15.00,1.00,-1,-1,-1
123,390,1541.00,1030.00,9.00,29.00,1.00,-1,-1,-1
123,400,426.00,0.00,42.00,7.00,1.00,-1,-1,-1
123,403,1065.00,480.00,78.00,26.00,1.00,-1,-1,-1
123,412,0.00,1014.00,20.00,15.00,1.00,-1,-1,-1
123,415,47.00,906.00,12.00,13.00,1.00,-1,-1,-1
123,423,907.00,661.00,15.00,18.00,1.00,-1,-1,-1
123,426,639.00,658.00,61.00,45.00,1.00,-1,-1,-1
123,427,1018.00,707.00,16.00,36.00,1.00,-1,-1,-1
123,428,951.00,723.00,30.00,29.00,1.00,-1,-1,-1
123,429,157.00,375.00,13.00,18.00,1.00,-1,-1,-1
123,434,694.00,229.00,20.00,7.00,1.00,-1,-1,-1
123,444,606.00,175.00,12.00,15.00,1.00,-1,-1,-1
123,445,544.00,144.00,12.00,14.00,1.00,-1,-1,-1
123,446,446.00,740.00,12.00,15.00,1.00,-1,-1,-1
123,447,798.00,926.00,11.00,14.00,1.00,-1,-1,-1
123,448,768.00,638.00,12.00,21.00,1.00,-1,-1,-1
123,450,1357.00,733.00,15.00,12.00,1.00,-1,-1,-1
123,451,529.00,199.00,36.00,15.00,1.00,-1,-1,-1
123,452,777.00,818.00,14.00,15.00,1.00,-1,-1,-1
123,453,634.00,149.00,39.00,28.00,1.00,-1,-1,-1
123,454,131.00,277.00,27.00,30.00,1.00,-1,-1,-1
123,455,1066.00,798.00,16.00,26.00,1.00,-1,-1,-1
123,456,708.00,146.00,22.00,9.00,1.00,-1,-1,-1
123,457,1377.00,872.00,18.00,16.00,1.00,-1,-1,-1
123,458,1042.00,391.00,109.00,52.00,1.00,-1,-1,-1
123,459,1441.00,966.00,150.00,41.00,1.00,-1,-1,-1
123,461,459.00,143.00,56.00,49.00,1.00,-1,-1,-1
123,470,1070.00,556.00,82.00,22.00,1.00,-1,-1,-1
123,474,1499.00,974.00,48.00,38.00,1.00,-1,-1,-1
123,476,520.00,248.00,193.00,27.00,1.00,-1,-1,-1
123,481,1499.00,974.00,48.00,38.00,1.00,-1,-1,-1
123,483,1515.00,981.00,18.00,29.00,1.00,-1,-1,-1
123,487,1728.00,893.00,192.00,187.00,1.00,-1,-1,-1
123,488,702.00,485.00,41.00,25.00,1.00,-1,-1,-1
123,492,1817.00,389.00,20.00,19.00,1.00,-1,-1,-1
123,495,778.00,525.00,152.00,57.00,1.00,-1,-1,-1
124,5,699.00,1048.00,27.00,59.00,1.00,-1,-1,-1
124,9,855.00,1052.00,43.00,30.00,1.00,-1,-1,-1
124,10,948.00,932.00,139.00,66.00,1.00,-1,-1,-1
124,11,1016.00,464.00,177.00,203.00,1.00,-1,-1,-1
124,12,1193.00,666.00,170.00,115.00,1.00,-1,-1,-1
124,15,497.00,1034.00,128.00,72.00,1.00,-1,-1,-1
124,18,863.00,416.00,78.00,30.00,1.00,-1,-1,-1
124,21,553.00,197.00,38.00,45.00,1.00,-1,-1,-1
124,32,521.00,683.00,12.00,13.00,1.00,-1,-1,-1
124,34,703.00,252.00,13.00,42.00,1.00,-1,-1,-1
124,37,578.00,199.00,19.00,33.00,1.00,-1,-1,-1
124,38,769.00,520.00,46.00,44.00,1.00,-1,-1,-1
124,40,588.00,211.00,29.00,25.00,1.00,-1,-1,-1
124,41,1276.00,596.00,25.00,44.00,1.00,-1,-1,-1
124,44,545.00,205.00,190.00,115.00,1.00,-1,-1,-1
124,45,95.00,1011.00,162.00,121.00,1.00,-1,-1,-1
124,48,563.00,220.00,23.00,61.00,1.00,-1,-1,-1
124,49,531.00,157.00,15.00,11.00,1.00,-1,-1,-1
124,50,593.00,204.00,13.00,19.00,1.00,-1,-1,-1
124,54,632.00,803.00,13.00,23.00,1.00,-1,-1,-1
124,72,760.00,941.00,11.00,15.00,1.00,-1,-1,-1
124,73,1172.00,624.00,64.00,45.00,1.00,-1,-1,-1
124,76,1092.00,573.00,11.00,32.00,1.00,-1,-1,-1
124,77,1040.00,535.00,208.00,46.00,1.00,-1,-1,-1
124,100,877.00,867.00,11.00,36.00,1.00,-1,-1,-1
124,112,1099.00,495.00,54.00,12.00,1.00,-1,-1,-1
124,113,1093.00,554.00,27.00,20.00,1.00,-1,-1,-1
124,114,1207.00,496.00,22.00,16.00,1.00,-1,-1,-1
124,116,1066.00,567.00,118.00,23.00,1.00,-1,-1,-1
124,126,1173.00,666.00,34.00,16.00,1.00,-1,-1,-1
124,129,941.00,966.00,29.00,21.00,1.00,-1,-1,-1
124,135,338.00,195.00,499.00,99.00,1.00,-1,-1,-1
124,139,955.00,980.00,21.00,16.00,1.00,-1,-1,-1
124,142,1190.00,710.00,52.00,14.00,1.00,-1,-1,-1
124,147,1840.00,963.00,18.00,51.00,1.00,-1,-1,-1
124,148,1181.00,1029.00,40.00,25.00,1.00,-1,-1,-1
124,149,257.00,1019.00,22.00,105.00,1.00,-1,-1,-1
124,153,1526.00,1014.00,11.00,41.00,1.00,-1,-1,-1
124,158,650.00,1025.00,722.00,103.00,1.00,-1,-1,-1
124,166,521.00,224.00,75.00,45.00,1.00,-1,-1,-1
124,174,590.00,226.00,39.00,42.00,1.00,-1,-1,-1
124,179,85.00,946.00,19.00,25.00,1.00,-1,-1,-1
124,186,610.00,1065.00,17.00,8.00,1.00,-1,-1,-1
124,193,1001.00,1037.00,41.00,65.00,1.00,-1,-1,-1
124,201,520.00,1058.00,11.00,12.00,1.00,-1,-1,-1
124,212,1100.00,564.00,44.00,27.00,1.00,-1,-1,-1
124,219,1197.00,572.00,33.00,37.00,1.00,-1,-1,-1
124,221,6.00,656.00,14.00,44.00,1.00,-1,-1,-1
124,222,57.00,1055.00,41.00,33.00,1.00,-1,-1,-1
124,223,138.00,1067.00,56.00,13.00,1.00,-1,-1,-1
124,234,-5.00,976.00,42.00,72.00,1.00,-1,-1,-1
124,243,3.00,679.00,7.00,49.00,1.00,-1,-1,-1
124,244,1033.00,542.00,194.00,67.00,1.00,-1,-1,-1
124,246,1.00,1067.00,17.00,22.00,1.00,-1,-1,-1
124,254,585.00,216.00,65.00,44.00,1.00,-1,-1,-1
124,257,946.00,366.00,29.00,22.00,1.00,-1,-1,-1
124,260,4.00,993.00,22.00,32.00,1.00,-1,-1,-1
124,262,949.00,484.00,199.00,123.00,1.00,-1,-1,-1
124,270,38.00,901.00,27.00,17.00,1.00,-1,-1,-1
124,278,1082.00,559.00,42.00,19.00,1.00,-1,-1,-1
124,290,672.00,224.00,23.00,9.00,1.00,-1,-1,-1
124,296,576.00,199.00,25.00,32.00,1.00,-1,-1,-1
124,299,1146.00,611.00,19.00,14.00,1.00,-1,-1,-1
124,301,29.00,227.00,24.00,218.00,1.00,-1,-1,-1
124,305,829.00,407.00,13.00,15.00,1.00,-1,-1,-1
124,306,404.00,574.00,10.00,15.00,1.00,-1,-1,-1
124,307,1099.00,361.00,10.00,20.00,1.00,-1,-1,-1
124,309,587.00,207.00,20.00,24.00,1.00,-1,-1,-1
124,312,506.00,506.00,20.00,16.00,1.00,-1,-1,-1
124,316,546.00,876.00,15.00,14.00,1.00,-1,-1,-1
124,325,534.00,203.00,100.00,33.00,1.00,-1,-1,-1
124,332,124.00,291.00,8.00,16.00,1.00,-1,-1,-1
124,333,-14.00,1011.00,43.00,34.00,1.00,-1,-1,-1
124,337,35.00,1005.00,33.00,24.00,1.00,-1,-1,-1
124,350,663.00,213.00,14.00,20.00,1.00,-1,-1,-1
124,352,1005.00,780.00,13.00,33.00,1.00,-1,-1,-1
124,354,1156.00,618.00,16.00,13.00,1.00,-1,-1,-1
124,356,-33.00,613.00,82.00,398.00,1.00,-1,-1,-1
124,360,1132.00,470.00,134.00,77.00,1.00,-1,-1,-1
124,362,590.00,208.00,15.00,13.00,1.00,-1,-1,-1
124,363,427.00,424.00,19.00,18.00,1.00,-1,-1,-1
124,364,1532.00,1028.00,17.00,112.00,1.00,-1,-1,-1
124,365,900.00,395.00,25.00,18.00,1.00,-1,-1,-1
124,373,567.00,197.00,64.00,31.00,1.00,-1,-1,-1
124,375,1060.00,741.00,14.00,45.00,1.00,-1,-1,-1
124,382,708.00,329.00,41.00,40.00,1.00,-1,-1,-1
124,387,326.00,246.00,16.00,28.00,1.00,-1,-1,-1
124,388,1094.00,292.00,18.00,48.00,1.00,-1,-1,-1
124,389,493.00,142.00,16.00,15.00,1.00,-1,-1,-1
124,390,1531.00,1031.00,9.00,29.00,1.00,-1,-1,-1
124,400,414.00,0.00,42.00,7.00,1.00,-1,-1,-1
124,403,1055.00,480.00,78.00,26.00,1.00,-1,-1,-1
124,412,-10.00,1014.00,20.00,15.00,1.00,-1,-1,-1
124,415,36.00,906.00,12.00,13.00,1.00,-1,-1,-1
124,423,896.00,661.00,15.00,18.00,1.00,-1,-1,-1
124,426,628.00,658.00,61.00,45.00,1.00,-1,-1,-1
124,427,1007.00,708.00,16.00,36.00,1.00,-1,-1,-1
124,428,940.00,723.00,30.00,29.00,1.00,-1,-1,-1
124,429,147.00,376.00,13.00,18.00,1.00,-1,-1,-1
124,434,683.00,229.00,20.00,7.00,1.00,-1,-1,-1
124,444,595.00,176.00,12.00,15.00,1.00,-1,-1,-1
124,445,534.00,145.00,12.00,14.00,1.00,-1,-1,-1
124,446,436.00,740.00,12.00,15.00,1.00,-1,-1,-1
124,447,787.00,927.00,11.00,14.00,1.00,-1,-1,-1
124,448,757.00,638.00,12.00,21.00,1.00,-1,-1,-1
124,450,1347.00,733.00,15.00,12.00,1.00,-1,-1,-1
124,451,522.00,191.00,36.00,15.00,1.00,-1,-1,-1
124,452,766.00,818.00,14.00,15.00,1.00,-1,-1,-1
124,453,624.00,150.00,39.00,28.00,1.00,-1,-1,-1
124,454,120.00,277.00,27.00,30.00,1.00,-1,-1,-1
124,455,1055.00,798.00,16.00,26.00,1.00,-1,-1,-1
124,456,697.00,147.00,22.00,9.00,1.00,-1,-1,-1
124,457,1367.00,872.00,18.00,16.00,1.00,-1,-1,-1
124,458,1031.00,391.00,109.00,52.00,1.00,-1,-1,-1
124,459,1441.00,990.00,150.00,41.00,1.00,-1,-1,-1
124,461,472.00,171.00,56.00,49.00,1.00,-1,-1,-1
124,470,1085.00,564.00,82.00,22.00,1.00,-1,-1,-1
124,474,1500.00,1005.00,48.00,38.00,1.00,-1,-1,-1
124,476,518.00,245.00,193.00,27.00,1.00,-1,-1,-1
124,481,1500.00,1005.00,48.00,38.00,1.00,-1,-1,-1
124,483,1518.00,1019.00,18.00,29.00,1.00,-1,-1,-1
124,487,1741.00,888.00,179.00,192.00,1.00,-1,-1,-1
124,488,695.00,485.00,40.00,26.00,1.00,-1,-1,-1
124,492,1806.00,389.00,20.00,19.00,1.00,-1,-1,-1
124,495,764.00,526.00,152.00,57.00,1.00,-1,-1,-1
125,5,690.00,1048.00,27.00,59.00,1.00,-1,-1,-1
125,9,844.00,1052.00,43.00,30.00,1.00,-1,-1,-1
125,10,948.00,932.00,139.00,66.00,1.00,-1,-1,-1
125,11,1036.00,470.00,167.00,199.00,1.00,-1,-1,-1
125,12,1182.00,667.00,170.00,115.00,1.00,-1,-1,-1
125,15,486.00,1034.00,128.00,72.00,1.00,-1,-1,-1
125,18,852.00,417.00,78.00,30.00,1.00,-1,-1,-1
125,21,553.00,196.00,38.00,45.00,1.00,-1,-1,-1
125,32,511.00,684.00,12.00,13.00,1.00,-1,-1,-1
125,34,692.00,252.00,13.00,42.00,1.00,-1,-1,-1
125,37,578.00,198.00,19.00,33.00,1.00,-1,-1,-1
125,38,754.00,522.00,70.00,41.00,1.00,-1,-1,-1
125,40,587.00,208.00,29.00,25.00,1.00,-1,-1,-1
125,41,1265.00,597.00,25.00,44.00,1.00,-1,-1,-1
125,44,543.00,201.00,186.00,116.00,1.00,-1,-1,-1
125,45,84.00,1011.00,162.00,121.00,1.00,-1,-1,-1
125,48,563.00,219.00,23.00,61.00,1.00,-1,-1,-1
125,49,522.00,144.00,15.00,11.00,1.00,-1,-1,-1
125,50,593.00,203.00,13.00,19.00,1.00,-1,-1,-1
125,54,621.00,804.00,13.00,23.00,1.00,-1,-1,-1
125,72,749.00,942.00,11.00,15.00,1.00,-1,-1,-1
125,73,1180.00,630.00,64.00,45.00,1.00,-1,-1,-1
125,76,1105.00,577.00,11.00,32.00,1.00,-1,-1,-1
125,77,1032.00,535.00,208.00,46.00,1.00,-1,-1,-1
125,100,866.00,868.00,11.00,36.00,1.00,-1,-1,-1
125,112,1089.00,496.00,54.00,12.00,1.00,-1,-1,-1
125,113,1108.00,557.00,27.00,20.00,1.00,-1,-1,-1
125,114,1196.00,497.00,22.00,16.00,1.00,-1,-1,-1
125,116,1080.00,570.00,118.00,23.00,1.00,-1,-1,-1
125,126,1180.00,675.00,34.00,16.00,1.00,-1,-1,-1
125,129,941.00,966.00,29.00,21.00,1.00,-1,-1,-1
125,135,338.00,192.00,499.00,99.00,1.00,-1,-1,-1
125,139,955.00,980.00,21.00,16.00,1.00,-1,-1,-1
125,142,1197.00,694.00,52.00,14.00,1.00,-1,-1,-1
125,147,1851.00,960.00,18.00,51.00,1.00,-1,-1,-1
125,148,1170.00,1031.00,40.00,25.00,1.00,-1,-1,-1
125,149,247.00,1019.00,22.00,105.00,1.00,-1,-1,-1
125,153,1515.00,1016.00,11.00,41.00,1.00,-1,-1,-1
125,158,639.00,1025.00,722.00,103.00,1.00,-1,-1,-1
125,166,520.00,224.00,75.00,45.00,1.00,-1,-1,-1
125,174,589.00,223.00,39.00,42.00,1.00,-1,-1,-1
125,179,74.00,947.00,19.00,25.00,1.00,-1,-1,-1
125,186,599.00,1065.00,17.00,8.00,1.00,-1,-1,-1
125,193,991.00,1037.00,41.00,65.00,1.00,-1,-1,-1
125,201,510.00,1058.00,11.00,12.00,1.00,-1,-1,-1
125,212,1114.00,568.00,44.00,27.00,1.00,-1,-1,-1
125,219,1186.00,573.00,33.00,37.00,1.00,-1,-1,-1
125,221,2.00,611.00,14.00,44.00,1.00,-1,-1,-1
125,222,47.00,1055.00,41.00,33.00,1.00,-1,-1,-1
125,223,127.00,1067.00,56.00,13.00,1.00,-1,-1,-1
125,234,-25.00,978.00,42.00,72.00,1.00,-1,-1,-1
125,243,3.00,679.00,7.00,49.00,1.00,-1,-1,-1
125,244,1045.00,543.00,194.00,67.00,1.00,-1,-1,-1
125,246,-9.00,1067.00,17.00,22.00,1.00,-1,-1,-1
125,254,584.00,214.00,65.00,44.00,1.00,-1,-1,-1
125,257,936.00,367.00,29.00,22.00,1.00,-1,-1,-1
125,260,-6.00,994.00,22.00,32.00,1.00,-1,-1,-1
125,262,964.00,488.00,199.00,123.00,1.00,-1,-1,-1
125,270,27.00,902.00,27.00,17.00,1.00,-1,-1,-1
125,278,1098.00,563.00,42.00,19.00,1.00,-1,-1,-1
125,290,661.00,225.00,23.00,9.00,1.00,-1,-1,-1
125,296,576.00,197.00,25.00,32.00,1.00,-1,-1,-1
125,299,1155.00,610.00,19.00,14.00,1.00,-1,-1,-1
125,301,18.00,227.00,24.00,218.00,1.00,-1,-1,-1
125,305,817.00,408.00,13.00,15.00,1.00,-1,-1,-1
125,306,393.00,574.00,10.00,15.00,1.00,-1,-1,-1
125,307,1088.00,362.00,10.00,20.00,1.00,-1,-1,-1
125,309,587.00,205.00,20.00,24.00,1.00,-1,-1,-1
125,312,495.00,507.00,20.00,16.00,1.00,-1,-1,-1
125,316,535.00,877.00,15.00,14.00,1.00,-1,-1,-1
125,325,534.00,201.00,100.00,33.00,1.00,-1,-1,-1
125,332,114.00,292.00,8.00,16.00,1.00,-1,-1,-1
125,333,-14.00,1011.00,43.00,34.00,1.00,-1,-1,-1
125,337,24.00,1006.00,33.00,24.00,1.00,-1,-1,-1
125,350,653.00,214.00,14.00,20.00,1.00,-1,-1,-1
125,352,994.00,781.00,13.00,33.00,1.00,-1,-1,-1
125,354,1165.00,617.00,16.00,13.00,1.00,-1,-1,-1
125,360,1121.00,471.00,134.00,77.00,1.00,-1,-1,-1
125,362,591.00,206.00,15.00,13.00,1.00,-1,-1,-1
125,363,416.00,425.00,19.00,18.00,1.00,-1,-1,-1
125,364,1520.00,1028.00,17.00,112.00,1.00,-1,-1,-1
125,365,889.00,396.00,25.00,18.00,1.00,-1,-1,-1
125,373,568.00,196.00,64.00,31.00,1.00,-1,-1,-1
125,375,1049.00,742.00,14.00,45.00,1.00,-1,-1,-1
125,382,698.00,330.00,41.00,40.00,1.00,-1,-1,-1
125,387,315.00,247.00,16.00,28.00,1.00,-1,-1,-1
125,388,1083.00,293.00,18.00,48.00,1.00,-1,-1,-1
125,389,493.00,143.00,16.00,15.00,1.00,-1,-1,-1
125,390,1520.00,1032.00,9.00,29.00,1.00,-1,-1,-1
125,400,402.00,0.00,42.00,7.00,1.00,-1,-1,-1
125,403,1088.00,493.00,78.00,26.00,1.00,-1,-1,-1
125,412,-10.00,1014.00,20.00,15.00,1.00,-1,-1,-1
125,415,25.00,907.00,12.00,13.00,1.00,-1,-1,-1
125,423,886.00,663.00,15.00,18.00,1.00,-1,-1,-1
125,426,617.00,659.00,61.00,45.00,1.00,-1,-1,-1
125,427,996.00,709.00,16.00,36.00,1.00,-1,-1,-1
125,428,929.00,724.00,30.00,29.00,1.00,-1,-1,-1
125,429,136.00,377.00,13.00,18.00,1.00,-1,-1,-1
125,434,672.00,230.00,20.00,7.00,1.00,-1,-1,-1
125,444,585.00,177.00,12.00,15.00,1.00,-1,-1,-1
125,445,523.00,146.00,12.00,14.00,1.00,-1,-1,-1
125,446,425.00,741.00,12.00,15.00,1.00,-1,-1,-1
125,447,777.00,928.00,11.00,14.00,1.00,-1,-1,-1
125,448,746.00,640.00,12.00,21.00,1.00,-1,-1,-1
125,450,1336.00,735.00,15.00,12.00,1.00,-1,-1,-1
125,451,510.00,181.00,36.00,15.00,1.00,-1,-1,-1
125,452,755.00,820.00,14.00,15.00,1.00,-1,-1,-1
125,453,613.00,151.00,39.00,28.00,1.00,-1,-1,-1
125,454,110.00,278.00,27.00,30.00,1.00,-1,-1,-1
125,455,1044.00,800.00,16.00,26.00,1.00,-1,-1,-1
125,456,686.00,148.00,22.00,9.00,1.00,-1,-1,-1
125,457,1356.00,873.00,18.00,16.00,1.00,-1,-1,-1
125,458,1021.00,392.00,109.00,52.00,1.00,-1,-1,-1
125,459,1432.00,998.00,150.00,41.00,1.00,-1,-1,-1
125,461,461.00,172.00,56.00,49.00,1.00,-1,-1,-1
125,470,1086.00,551.00,82.00,22.00,1.00,-1,-1,-1
125,474,1488.00,1006.00,48.00,38.00,1.00,-1,-1,-1
125,476,517.00,242.00,193.00,27.00,1.00,-1,-1,-1
125,481,1488.00,1006.00,48.00,38.00,1.00,-1,-1,-1
125,483,1507.00,1020.00,18.00,29.00,1.00,-1,-1,-1
125,487,1750.00,885.00,179.00,192.00,1.00,-1,-1,-1
125,488,682.00,482.00,40.00,26.00,1.00,-1,-1,-1
125,492,1798.00,390.00,20.00,19.00,1.00,-1,-1,-1
125,495,755.00,529.00,152.00,57.00,1.00,-1,-1,-1
126,5,681.00,1048.00,27.00,59.00,1.00,-1,-1,-1
126,9,833.00,1053.00,43.00,30.00,1.00,-1,-1,-1
126,10,948.00,932.00,139.00,66.00,1.00,-1,-1,-1
126,11,1049.00,475.00,166.00,198.00,1.00,-1,-1,-1
126,12,1171.00,669.00,170.00,115.00,1.00,-1,-1,-1
126,15,474.00,1034.00,128.00,72.00,1.00,-1,-1,-1
126,18,841.00,419.00,78.00,30.00,1.00,-1,-1,-1
126,21,554.00,196.00,38.00,45.00,1.00,-1,-1,-1
126,32,500.00,686.00,12.00,13.00,1.00,-1,-1,-1
126,34,683.00,252.00,13.00,42.00,1.00,-1,-1,-1
126,37,578.00,197.00,19.00,33.00,1.00,-1,-1,-1
126,38,743.00,525.00,70.00,41.00,1.00,-1,-1,-1
126,40,587.00,208.00,29.00,25.00,1.00,-1,-1,-1
126,41,1254.00,599.00,25.00,44.00,1.00,-1,-1,-1
126,44,530.00,200.00,202.00,120.00,1.00,-1,-1,-1
126,45,73.00,1011.00,162.00,121.00,1.00,-1,-1,-1
126,48,563.00,219.00,23.00,61.00,1.00,-1,-1,-1
126,49,520.00,146.00,15.00,11.00,1.00,-1,-1,-1
126,50,590.00,200.00,13.00,19.00,1.00,-1,-1,-1
126,54,610.00,806.00,13.00,23.00,1.00,-1,-1,-1
126,72,739.00,942.00,11.00,15.00,1.00,-1,-1,-1
126,73,1175.00,611.00,64.00,45.00,1.00,-1,-1,-1
126,76,1119.00,583.00,11.00,32.00,1.00,-1,-1,-1
126,77,1059.00,538.00,208.00,46.00,1.00,-1,-1,-1
126,100,855.00,870.00,11.00,36.00,1.00,-1,-1,-1
126,112,1053.00,451.00,54.00,12.00,1.00,-1,-1,-1
126,113,1122.00,560.00,27.00,20.00,1.00,-1,-1,-1
126,114,1185.00,499.00,22.00,16.00,1.00,-1,-1,-1
126,116,1094.00,573.00,118.00,23.00,1.00,-1,-1,-1
126,126,1189.00,674.00,34.00,16.00,1.00,-1,-1,-1
126,129,941.00,966.00,29.00,21.00,1.00,-1,-1,-1
126,135,338.00,192.00,499.00,99.00,1.00,-1,-1,-1
126,139,955.00,980.00,21.00,16.00,1.00,-1,-1,-1
126,142,1186.00,695.00,52.00,14.00,1.00,-1,-1,-1
126,147,1862.00,959.00,18.00,51.00,1.00,-1,-1,-1
126,148,1159.00,1032.00,40.00,25.00,1.00,-1,-1,-1
126,149,236.00,1019.00,22.00,105.00,1.00,-1,-1,-1
126,153,1504.00,1018.00,11.00,41.00,1.00,-1,-1,-1
126,158,630.00,1025.00,722.00,103.00,1.00,-1,-1,-1
126,166,519.00,225.00,75.00,45.00,1.00,-1,-1,-1
126,174,589.00,222.00,39.00,42.00,1.00,-1,-1,-1
126,179,63.00,949.00,19.00,25.00,1.00,-1,-1,-1
126,186,587.00,1065.00,17.00,8.00,1.00,-1,-1,-1
126,193,980.00,1037.00,41.00,65.00,1.00,-1,-1,-1
126,201,499.00,1061.00,11.00,12.00,1.00,-1,-1,-1
126,212,1130.00,573.00,44.00,27.00,1.00,-1,-1,-1
126,219,1175.00,576.00,33.00,37.00,1.00,-1,-1,-1
126,221,2.00,611.00,14.00,44.00,1.00,-1,-1,-1
126,222,43.00,1055.00,41.00,33.00,1.00,-1,-1,-1
126,223,115.00,1068.00,56.00,13.00,1.00,-1,-1,-1
126,234,-25.00,978.00,42.00,72.00,1.00,-1,-1,-1
126,244,1062.00,551.00,194.00,67.00,1.00,-1,-1,-1
126,246,-9.00,1067.00,17.00,22.00,1.00,-1,-1,-1
126,254,584.00,212.00,65.00,44.00,1.00,-1,-1,-1
126,257,924.00,369.00,29.00,22.00,1.00,-1,-1,-1
126,260,-10.00,984.00,22.00,32.00,1.00,-1,-1,-1
126,262,978.00,495.00,199.00,123.00,1.00,-1,-1,-1
126,270,16.00,904.00,27.00,17.00,1.00,-1,-1,-1
126,278,1114.00,567.00,42.00,19.00,1.00,-1,-1,-1
126,283,771.00,549.00,27.00,18.00,1.00,-1,-1,-1
126,290,651.00,227.00,23.00,9.00,1.00,-1,-1,-1
126,296,575.00,197.00,25.00,32.00,1.00,-1,-1,-1
126,299,1170.00,615.00,19.00,14.00,1.00,-1,-1,-1
126,301,7.00,229.00,24.00,218.00,1.00,-1,-1,-1
126,305,807.00,410.00,13.00,15.00,1.00,-1,-1,-1
126,306,382.00,577.00,10.00,15.00,1.00,-1,-1,-1
126,307,1077.00,364.00,10.00,20.00,1.00,-1,-1,-1
126,309,586.00,204.00,20.00,24.00,1.00,-1,-1,-1
126,312,484.00,509.00,20.00,16.00,1.00,-1,-1,-1
126,316,524.00,879.00,15.00,14.00,1.00,-1,-1,-1
126,325,533.00,201.00,100.00,33.00,1.00,-1,-1,-1
126,332,103.00,294.00,8.00,16.00,1.00,-1,-1,-1
126,333,-14.00,1011.00,43.00,34.00,1.00,-1,-1,-1
126,337,13.00,1009.00,33.00,24.00,1.00,-1,-1,-1
126,350,642.00,216.00,14.00,20.00,1.00,-1,-1,-1
126,352,983.00,783.00,13.00,33.00,1.00,-1,-1,-1
126,354,1179.00,621.00,16.00,13.00,1.00,-1,-1,-1
126,360,1110.00,473.00,134.00,77.00,1.00,-1,-1,-1
126,362,588.00,204.00,15.00,13.00,1.00,-1,-1,-1
126,363,405.00,427.00,19.00,18.00,1.00,-1,-1,-1
126,364,1509.00,1028.00,17.00,112.00,1.00,-1,-1,-1
126,365,878.00,398.00,25.00,18.00,1.00,-1,-1,-1
126,373,566.00,194.00,64.00,31.00,1.00,-1,-1,-1
126,375,1038.00,744.00,14.00,45.00,1.00,-1,-1,-1
126,382,687.00,332.00,41.00,40.00,1.00,-1,-1,-1
126,387,304.00,249.00,16.00,28.00,1.00,-1,-1,-1
126,388,1072.00,294.00,18.00,48.00,1.00,-1,-1,-1
126,389,492.00,144.00,16.00,15.00,1.00,-1,-1,-1
126,390,1509.00,1034.00,9.00,29.00,1.00,-1,-1,-1
126,400,390.00,0.00,42.00,7.00,1.00,-1,-1,-1
126,403,1125.00,478.00,78.00,26.00,1.00,-1,-1,-1
126,412,-14.00,989.00,20.00,15.00,1.00,-1,-1,-1
126,415,14.00,909.00,12.00,13.00,1.00,-1,-1,-1
126,423,874.00,665.00,15.00,18.00,1.00,-1,-1,-1
126,426,606.00,662.00,61.00,45.00,1.00,-1,-1,-1
126,427,985.00,711.00,16.00,36.00,1.00,-1,-1,-1
126,428,918.00,727.00,30.00,29.00,1.00,-1,-1,-1
126,429,125.00,379.00,13.00,18.00,1.00,-1,-1,-1
126,434,661.00,232.00,20.00,7.00,1.00,-1,-1,-1
126,444,574.00,179.00,12.00,15.00,1.00,-1,-1,-1
126,445,522.00,149.00,12.00,14.00,1.00,-1,-1,-1
126,446,414.00,743.00,12.00,15.00,1.00,-1,-1,-1
126,447,766.00,930.00,11.00,14.00,1.00,-1,-1,-1
126,448,735.00,642.00,12.00,21.00,1.00,-1,-1,-1
126,450,1325.00,737.00,15.00,12.00,1.00,-1,-1,-1
126,451,505.00,176.00,36.00,15.00,1.00,-1,-1,-1
126,452,744.00,822.00,14.00,15.00,1.00,-1,-1,-1
126,453,602.00,153.00,39.00,28.00,1.00,-1,-1,-1
126,454,99.00,280.00,27.00,30.00,1.00,-1,-1,-1
126,455,1034.00,802.00,16.00,26.00,1.00,-1,-1,-1
126,456,675.00,149.00,22.00,9.00,1.00,-1,-1,-1
126,457,1345.00,875.00,18.00,16.00,1.00,-1,-1,-1
126,458,1010.00,394.00,109.00,52.00,1.00,-1,-1,-1
126,459,1425.00,1008.00,150.00,41.00,1.00,-1,-1,-1
126,461,450.00,174.00,56.00,49.00,1.00,-1,-1,-1
126,470,1101.00,553.00,82.00,22.00,1.00,-1,-1,-1
126,474,1478.00,1008.00,48.00,38.00,1.00,-1,-1,-1
126,476,517.00,240.00,193.00,27.00,1.00,-1,-1,-1
126,481,1478.00,1008.00,48.00,38.00,1.00,-1,-1,-1
126,483,1495.00,1020.00,18.00,29.00,1.00,-1,-1,-1
126,487,1771.00,884.00,149.00,196.00,1.00,-1,-1,-1
126,488,684.00,487.00,24.00,19.00,1.00,-1,-1,-1
126,492,1785.00,392.00,20.00,19.00,1.00,-1,-1,-1
126,495,745.00,532.00,152.00,57.00,1.00,-1,-1,-1
126,502,483.00,135.00,39.00,37.00,1.00,-1,-1,-1
127,5,667.00,1048.00,27.00,59.00,1.00,-1,-1,-1
127,9,822.00,1053.00,43.00,30.00,1.00,-1,-1,-1
127,10,948.00,932.00,139.00,66.00,1.00,-1,-1,-1
127,11,1064.00,482.00,167.00,196.00,1.00,-1,-1,-1
127,12,1159.00,672.00,170.00,115.00,1.00,-1,-1,-1
127,15,463.00,1034.00,128.00,72.00,1.00,-1,-1,-1
127,18,830.00,422.00,78.00,30.00,1.00,-1,-1,-1
127,21,553.00,197.00,38.00,45.00,1.00,-1,-1,-1
127,32,488.00,688.00,12.00,13.00,1.00,-1,-1,-1
127,34,682.00,252.00,13.00,42.00,1.00,-1,-1,-1
127,37,577.00,198.00,19.00,33.00,1.00,-1,-1,-1
127,38,752.00,534.00,42.00,37.00,1.00,-1,-1,-1
127,40,586.00,208.00,29.00,25.00,1.00,-1,-1,-1
127,41,1242.00,602.00,25.00,44.00,1.00,-1,-1,-1
127,44,537.00,193.00,189.00,122.00,1.00,-1,-1,-1
127,45,62.00,1011.00,162.00,121.00,1.00,-1,-1,-1
127,48,563.00,219.00,23.00,61.00,1.00,-1,-1,-1
127,49,521.00,146.00,15.00,11.00,1.00,-1,-1,-1
127,50,591.00,202.00,13.00,19.00,1.00,-1,-1,-1
127,54,599.00,808.00,13.00,23.00,1.00,-1,-1,-1
127,72,738.00,943.00,11.00,15.00,1.00,-1,-1,-1
127,73,1186.00,618.00,64.00,45.00,1.00,-1,-1,-1
127,76,1133.00,588.00,11.00,32.00,1.00,-1,-1,-1
127,77,1049.00,539.00,208.00,46.00,1.00,-1,-1,-1
127,100,844.00,873.00,11.00,36.00,1.00,-1,-1,-1
127,112,1042.00,454.00,54.00,12.00,1.00,-1,-1,-1
127,113,1138.00,567.00,27.00,20.00,1.00,-1,-1,-1
127,114,1173.00,502.00,22.00,16.00,1.00,-1,-1,-1
127,116,1109.00,579.00,118.00,23.00,1.00,-1,-1,-1
127,126,1201.00,676.00,34.00,16.00,1.00,-1,-1,-1
127,129,941.00,966.00,29.00,21.00,1.00,-1,-1,-1
127,135,338.00,192.00,499.00,99.00,1.00,-1,-1,-1
127,139,955.00,980.00,21.00,16.00,1.00,-1,-1,-1
127,142,1196.00,710.00,52.00,14.00,1.00,-1,-1,-1
127,147,1874.00,960.00,18.00,51.00,1.00,-1,-1,-1
127,148,1148.00,1035.00,40.00,25.00,1.00,-1,-1,-1
127,149,225.00,1019.00,22.00,105.00,1.00,-1,-1,-1
127,153,1492.00,1020.00,11.00,41.00,1.00,-1,-1,-1
127,158,618.00,1025.00,722.00,103.00,1.00,-1,-1,-1
127,166,519.00,226.00,75.00,45.00,1.00,-1,-1,-1
127,174,589.00,222.00,39.00,42.00,1.00,-1,-1,-1
127,179,52.00,952.00,19.00,25.00,1.00,-1,-1,-1
127,186,574.00,1066.00,17.00,8.00,1.00,-1,-1,-1
127,193,968.00,1037.00,41.00,65.00,1.00,-1,-1,-1
127,201,487.00,1064.00,11.00,12.00,1.00,-1,-1,-1
127,212,1145.00,580.00,44.00,27.00,1.00,-1,-1,-1
127,219,1164.00,576.00,33.00,37.00,1.00,-1,-1,-1
127,221,2.00,611.00,14.00,44.00,1.00,-1,-1,-1
127,222,47.00,1055.00,41.00,33.00,1.00,-1,-1,-1
127,223,101.00,1068.00,56.00,13.00,1.00,-1,-1,-1
127,234,-8.00,973.00,42.00,72.00,1.00,-1,-1,-1
127,244,1084.00,555.00,194.00,67.00,1.00,-1,-1,-1
127,246,-9.00,1067.00,17.00,22.00,1.00,-1,-1,-1
127,254,584.00,212.00,65.00,44.00,1.00,-1,-1,-1
127,257,913.00,372.00,29.00,22.00,1.00,-1,-1,-1
127,260,-10.00,984.00,22.00,32.00,1.00,-1,-1,-1
127,262,993.00,502.00,199.00,123.00,1.00,-1,-1,-1
127,270,5.00,907.00,27.00,17.00,1.00,-1,-1,-1
127,278,1128.00,574.00,42.00,19.00,1.00,-1,-1,-1
127,283,761.00,552.00,27.00,18.00,1.00,-1,-1,-1
127,290,640.00,230.00,23.00,9.00,1.00,-1,-1,-1
127,296,575.00,198.00,25.00,32.00,1.00,-1,-1,-1
127,299,1178.00,615.00,19.00,14.00,1.00,-1,-1,-1
127,301,11.00,7.00,24.00,218.00,1.00,-1,-1,-1
127,305,796.00,413.00,13.00,15.00,1.00,-1,-1,-1
127,306,371.00,580.00,10.00,15.00,1.00,-1,-1,-1
127,307,1065.00,367.00,10.00,20.00,1.00,-1,-1,-1
127,309,586.00,205.00,20.00,24.00,1.00,-1,-1,-1
127,312,472.00,512.00,20.00,16.00,1.00,-1,-1,-1
127,316,513.00,882.00,15.00,14.00,1.00,-1,-1,-1
127,325,533.00,201.00,100.00,33.00,1.00,-1,-1,-1
127,332,92.00,297.00,8.00,16.00,1.00,-1,-1,-1
127,337,2.00,1012.00,33.00,24.00,1.00,-1,-1,-1
127,350,630.00,220.00,14.00,20.00,1.00,-1,-1,-1
127,352,972.00,786.00,13.00,33.00,1.00,-1,-1,-1
127,354,1186.00,619.00,16.00,13.00,1.00,-1,-1,-1
127,360,1099.00,476.00,134.00,77.00,1.00,-1,-1,-1
127,362,590.00,206.00,15.00,13.00,1.00,-1,-1,-1
127,363,394.00,430.00,19.00,18.00,1.00,-1,-1,-1
127,364,1497.00,1028.00,17.00,112.00,1.00,-1,-1,-1
127,365,866.00,401.00,25.00,18.00,1.00,-1,-1,-1
127,373,567.00,197.00,64.00,31.00,1.00,-1,-1,-1
127,375,1027.00,747.00,14.00,45.00,1.00,-1,-1,-1
127,382,675.00,335.00,41.00,40.00,1.00,-1,-1,-1
127,387,292.00,252.00,16.00,28.00,1.00,-1,-1,-1
127,388,1061.00,297.00,18.00,48.00,1.00,-1,-1,-1
127,389,494.00,146.00,16.00,15.00,1.00,-1,-1,-1
127,390,1497.00,1036.00,9.00,29.00,1.00,-1,-1,-1
127,400,375.00,0.00,42.00,7.00,1.00,-1,-1,-1
127,403,1113.00,481.00,78.00,26.00,1.00,-1,-1,-1
127,412,-14.00,989.00,20.00,15.00,1.00,-1,-1,-1
127,415,3.00,912.00,12.00,13.00,1.00,-1,-1,-1
127,423,863.00,668.00,15.00,18.00,1.00,-1,-1,-1
127,426,595.00,664.00,61.00,45.00,1.00,-1,-1,-1
127,427,974.00,714.00,16.00,36.00,1.00,-1,-1,-1
127,428,907.00,729.00,30.00,29.00,1.00,-1,-1,-1
127,429,114.00,382.00,13.00,18.00,1.00,-1,-1,-1
127,434,650.00,235.00,20.00,7.00,1.00,-1,-1,-1
127,444,559.00,182.00,12.00,15.00,1.00,-1,-1,-1
127,445,523.00,150.00,12.00,14.00,1.00,-1,-1,-1
127,446,402.00,746.00,12.00,15.00,1.00,-1,-1,-1
127,447,755.00,933.00,11.00,14.00,1.00,-1,-1,-1
127,448,724.00,645.00,12.00,21.00,1.00,-1,-1,-1
127,450,1314.00,739.00,15.00,12.00,1.00,-1,-1,-1
127,451,502.00,174.00,36.00,15.00,1.00,-1,-1,-1
127,452,733.00,825.00,14.00,15.00,1.00,-1,-1,-1
127,453,591.00,155.00,39.00,28.00,1.00,-1,-1,-1
127,454,88.00,283.00,27.00,30.00,1.00,-1,-1,-1
127,455,1022.00,805.00,16.00,26.00,1.00,-1,-1,-1
127,456,664.00,152.00,22.00,9.00,1.00,-1,-1,-1
127,457,1334.00,878.00,18.00,16.00,1.00,-1,-1,-1
127,458,998.00,397.00,109.00,52.00,1.00,-1,-1,-1
127,459,1408.00,998.00,150.00,41.00,1.00,-1,-1,-1
127,461,438.00,176.00,56.00,49.00,1.00,-1,-1,-1
127,470,1116.00,558.00,82.00,22.00,1.00,-1,-1,-1
127,474,1458.00,990.00,48.00,38.00,1.00,-1,-1,-1
127,476,519.00,241.00,193.00,27.00,1.00,-1,-1,-1
127,481,1458.00,990.00,48.00,38.00,1.00,-1,-1,-1
127,483,1483.00,1021.00,18.00,29.00,1.00,-1,-1,-1
127,487,1782.00,883.00,149.00,196.00,1.00,-1,-1,-1
127,488,675.00,486.00,23.00,22.00,1.00,-1,-1,-1
127,492,1773.00,395.00,20.00,19.00,1.00,-1,-1,-1
127,495,733.00,535.00,152.00,57.00,1.00,-1,-1,-1
127,502,484.00,136.00,39.00,37.00,1.00,-1,-1,-1
127,503,860.00,575.00,28.00,21.00,1.00,-1,-1,-1
128,5,655.00,1048.00,27.00,59.00,1.00,-1,-1,-1
128,9,810.00,1054.00,43.00,30.00,1.00,-1,-1,-1
128,10,948.00,932.00,139.00,66.00,1.00,-1,-1,-1
128,11,1080.00,487.00,165.00,196.00,1.00,-1,-1,-1
128,12,1147.00,674.00,170.00,115.00,1.00,-1,-1,-1
128,15,449.00,1034.00,128.00,72.00,1.00,-1,-1,-1
128,18,818.00,424.00,78.00,30.00,1.00,-1,-1,-1
128,21,552.00,197.00,38.00,45.00,1.00,-1,-1,-1
128,32,476.00,691.00,12.00,13.00,1.00,-1,-1,-1
128,34,681.00,252.00,13.00,42.00,1.00,-1,-1,-1
128,37,577.00,199.00,19.00,33.00,1.00,-1,-1,-1
128,38,727.00,531.00,53.00,42.00,1.00,-1,-1,-1
128,40,585.00,208.00,29.00,25.00,1.00,-1,-1,-1
128,41,1230.00,604.00,25.00,44.00,1.00,-1,-1,-1
128,44,486.00,134.00,242.00,180.00,1.00,-1,-1,-1
128,45,49.00,1011.00,162.00,121.00,1.00,-1,-1,-1
128,48,563.00,220.00,23.00,61.00,1.00,-1,-1,-1
128,49,521.00,148.00,15.00,11.00,1.00,-1,-1,-1
128,50,582.00,196.00,13.00,19.00,1.00,-1,-1,-1
128,54,587.00,811.00,13.00,23.00,1.00,-1,-1,-1
128,72,739.00,942.00,11.00,15.00,1.00,-1,-1,-1
128,73,1185.00,611.00,64.00,45.00,1.00,-1,-1,-1
128,76,1147.00,595.00,11.00,32.00,1.00,-1,-1,-1
128,77,1032.00,557.00,208.00,46.00,1.00,-1,-1,-1
128,100,832.00,876.00,11.00,36.00,1.00,-1,-1,-1
128,112,1030.00,457.00,54.00,12.00,1.00,-1,-1,-1
128,113,1150.00,566.00,27.00,20.00,1.00,-1,-1,-1
128,114,1161.00,504.00,22.00,16.00,1.00,-1,-1,-1
128,116,1124.00,584.00,118.00,23.00,1.00,-1,-1,-1
128,126,1213.00,682.00,34.00,16.00,1.00,-1,-1,-1
128,129,941.00,966.00,29.00,21.00,1.00,-1,-1,-1
128,135,337.00,192.00,499.00,99.00,1.00,-1,-1,-1
128,139,955.00,980.00,21.00,16.00,1.00,-1,-1,-1
128,142,1184.00,712.00,52.00,14.00,1.00,-1,-1,-1
128,147,1885.00,959.00,18.00,51.00,1.00,-1,-1,-1
128,148,1136.00,1039.00,40.00,25.00,1.00,-1,-1,-1
128,149,213.00,1019.00,22.00,105.00,1.00,-1,-1,-1
128,153,1480.00,1023.00,11.00,41.00,1.00,-1,-1,-1
128,158,606.00,1025.00,722.00,103.00,1.00,-1,-1,-1
128,166,519.00,227.00,75.00,45.00,1.00,-1,-1,-1
128,174,590.00,222.00,39.00,42.00,1.00,-1,-1,-1
128,179,39.00,955.00,19.00,25.00,1.00,-1,-1,-1
128,186,559.00,1066.00,17.00,8.00,1.00,-1,-1,-1
128,193,956.00,1037.00,41.00,65.00,1.00,-1,-1,-1
128,201,473.00,1064.00,11.00,12.00,1.00,-1,-1,-1
128,212,1160.00,585.00,44.00,27.00,1.00,-1,-1,-1
128,219,1159.00,585.00,33.00,37.00,1.00,-1,-1,-1
128,221,2.00,611.00,14.00,44.00,1.00,-1,-1,-1
128,222,36.00,1055.00,41.00,33.00,1.00,-1,-1,-1
128,223,88.00,1068.00,56.00,13.00,1.00,-1,-1,-1
128,234,-21.00,965.00,42.00,72.00,1.00,-1,-1,-1
128,244,1072.00,550.00,194.00,67.00,1.00,-1,-1,-1
128,246,-9.00,1067.00,17.00,22.00,1.00,-1,-1,-1
128,254,598.00,209.00,65.00,44.00,1.00,-1,-1,-1
128,257,901.00,375.00,29.00,22.00,1.00,-1,-1,-1
128,260,-10.00,984.00,22.00,32.00,1.00,-1,-1,-1
128,262,1004.00,507.00,199.00,123.00,1.00,-1,-1,-1
128,270,-7.00,909.00,27.00,17.00,1.00,-1,-1,-1
128,278,1144.00,576.00,42.00,19.00,1.00,-1,-1,-1
128,283,753.00,554.00,27.00,18.00,1.00,-1,-1,-1
128,290,632.00,232.00,23.00,9.00,1.00,-1,-1,-1
128,296,574.00,199.00,25.00,32.00,1.00,-1,-1,-1
128,299,1197.00,624.00,19.00,14.00,1.00,-1,-1,-1
128,301,0.00,10.00,24.00,218.00,1.00,-1,-1,-1
128,305,783.00,415.00,13.00,15.00,1.00,-1,-1,-1
128,306,358.00,582.00,10.00,15.00,1.00,-1,-1,-1
128,307,1053.00,369.00,10.00,20.00,1.00,-1,-1,-1
128,309,585.00,205.00,20.00,24.00,1.00,-1,-1,-1
128,312,460.00,514.00,20.00,16.00,1.00,-1,-1,-1
128,316,500.00,884.00,15.00,14.00,1.00,-1,-1,-1
128,325,533.00,202.00,100.00,33.00,1.00,-1,-1,-1
128,332,79.00,299.00,8.00,16.00,1.00,-1,-1,-1
128,337,-17.00,1003.00,33.00,24.00,1.00,-1,-1,-1
128,350,620.00,218.00,14.00,20.00,1.00,-1,-1,-1
128,352,960.00,788.00,13.00,33.00,1.00,-1,-1,-1
128,354,1197.00,621.00,16.00,13.00,1.00,-1,-1,-1
128,360,1087.00,478.00,134.00,77.00,1.00,-1,-1,-1
128,362,586.00,205.00,15.00,13.00,1.00,-1,-1,-1
128,363,382.00,432.00,19.00,18.00,1.00,-1,-1,-1
128,364,1484.00,1028.00,17.00,112.00,1.00,-1,-1,-1
128,365,854.00,403.00,25.00,18.00,1.00,-1,-1,-1
128,373,558.00,191.00,64.00,31.00,1.00,-1,-1,-1
128,375,1015.00,749.00,14.00,45.00,1.00,-1,-1,-1
128,382,663.00,337.00,41.00,40.00,1.00,-1,-1,-1
128,387,280.00,255.00,16.00,28.00,1.00,-1,-1,-1
128,388,1048.00,299.00,18.00,48.00,1.00,-1,-1,-1
128,389,495.00,150.00,16.00,15.00,1.00,-1,-1,-1
128,390,1485.00,1038.00,9.00,29.00,1.00,-1,-1,-1
128,400,359.00,0.00,42.00,7.00,1.00,-1,-1,-1
128,403,1103.00,483.00,78.00,26.00,1.00,-1,-1,-1
128,412,-14.00,995.00,20.00,15.00,1.00,-1,-1,-1
128,415,-8.00,914.00,12.00,13.00,1.00,-1,-1,-1
128,423,851.00,670.00,15.00,18.00,1.00,-1,-1,-1
128,426,583.00,666.00,61.00,45.00,1.00,-1,-1,-1
128,427,962.00,716.00,16.00,36.00,1.00,-1,-1,-1
128,428,895.00,732.00,30.00,29.00,1.00,-1,-1,-1
128,429,102.00,384.00,13.00,18.00,1.00,-1,-1,-1
128,434,638.00,238.00,20.00,7.00,1.00,-1,-1,-1
128,444,559.00,184.00,12.00,15.00,1.00,-1,-1,-1
128,445,523.00,152.00,12.00,14.00,1.00,-1,-1,-1
128,446,390.00,748.00,12.00,15.00,1.00,-1,-1,-1
128,447,742.00,935.00,11.00,14.00,1.00,-1,-1,-1
128,448,712.00,647.00,12.00,21.00,1.00,-1,-1,-1
128,450,1302.00,741.00,15.00,12.00,1.00,-1,-1,-1
128,451,501.00,175.00,36.00,15.00,1.00,-1,-1,-1
128,452,721.00,827.00,14.00,15.00,1.00,-1,-1,-1
128,453,579.00,158.00,39.00,28.00,1.00,-1,-1,-1
128,454,75.00,285.00,27.00,30.00,1.00,-1,-1,-1
128,455,1010.00,807.00,16.00,26.00,1.00,-1,-1,-1
128,456,652.00,155.00,22.00,9.00,1.00,-1,-1,-1
128,457,1321.00,880.00,18.00,16.00,1.00,-1,-1,-1
128,458,986.00,400.00,109.00,52.00,1.00,-1,-1,-1
128,459,1399.00,1007.00,150.00,41.00,1.00,-1,-1,-1
128,461,426.00,179.00,56.00,49.00,1.00,-1,-1,-1
128,470,1098.00,573.00,82.00,22.00,1.00,-1,-1,-1
128,474,1449.00,999.00,48.00,38.00,1.00,-1,-1,-1
128,476,522.00,242.00,193.00,27.00,1.00,-1,-1,-1
128,481,1449.00,999.00,48.00,38.00,1.00,-1,-1,-1
128,483,1470.00,1022.00,18.00,29.00,1.00,-1,-1,-1
128,487,1793.00,883.00,149.00,196.00,1.00,-1,-1,-1
128,488,665.00,482.00,20.00,26.00,1.00,-1,-1,-1
128,492,1762.00,397.00,20.00,19.00,1.00,-1,-1,-1
128,495,721.00,537.00,152.00,57.00,1.00,-1,-1,-1
128,502,484.00,139.00,39.00,37.00,1.00,-1,-1,-1
128,503,853.00,578.00,25.00,20.00,1.00,-1,-1,-1
129,5,655.00,1048.00,27.00,59.00,1.00,-1,-1,-1
129,9,810.00,1054.00,43.00,30.00,1.00,-1,-1,-1
129,10,948.00,932.00,139.00,66.00,1.00,-1,-1,-1
129,11,1080.00,487.00,165.00,196.00,1.00,-1,-1,-1
129,12,1147.00,674.00,170.00,115.00,1.00,-1,-1,-1
129,15,449.00,1034.00,128.00,72.00,1.00,-1,-1,-1
129,18,818.00,424.00,78.00,30.00,1.00,-1,-1,-1
129,21,552.00,197.00,38.00,45.00,1.00,-1,-1,-1
129,32,476.00,691.00,12.00,13.00,1.00,-1,-1,-1
129,34,681.00,252.00,13.00,42.00,1.00,-1,-1,-1
129,37,577.00,199.00,19.00,33.00,1.00,-1,-1,-1
129,38,727.00,531.00,53.00,42.00,1.00,-1,-1,-1
129,40,585.00,208.00,29.00,25.00,1.00,-1,-1,-1
129,41,1230.00,604.00,25.00,44.00,1.00,-1,-1,-1
129,44,486.00,134.00,242.00,180.00,1.00,-1,-1,-1
129,45,49.00,1011.00,162.00,121.00,1.00,-1,-1,-1
129,48,563.00,220.00,23.00,61.00,1.00,-1,-1,-1
129,49,521.00,148.00,15.00,11.00,1.00,-1,-1,-1
129,50,582.00,196.00,13.00,19.00,1.00,-1,-1,-1
129,54,587.00,811.00,13.00,23.00,1.00,-1,-1,-1
129,72,739.00,942.00,11.00,15.00,1.00,-1,-1,-1
129,73,1185.00,611.00,64.00,45.00,1.00,-1,-1,-1
129,76,1147.00,595.00,11.00,32.00,1.00,-1,-1,-1
129,77,1032.00,557.00,208.00,46.00,1.00,-1,-1,-1
129,100,832.00,876.00,11.00,36.00,1.00,-1,-1,-1
129,112,1030.00,457.00,54.00,12.00,1.00,-1,-1,-1
129,113,1150.00,566.00,27.00,20.00,1.00,-1,-1,-1
129,114,1161.00,504.00,22.00,16.00,1.00,-1,-1,-1
129,116,1124.00,584.00,118.00,23.00,1.00,-1,-1,-1
129,126,1213.00,682.00,34.00,16.00,1.00,-1,-1,-1
129,129,941.00,966.00,29.00,21.00,1.00,-1,-1,-1
129,135,337.00,192.00,499.00,99.00,1.00,-1,-1,-1
129,139,955.00,980.00,21.00,16.00,1.00,-1,-1,-1
129,142,1184.00,712.00,52.00,14.00,1.00,-1,-1,-1
129,147,1885.00,959.00,18.00,51.00,1.00,-1,-1,-1
129,148,1136.00,1039.00,40.00,25.00,1.00,-1,-1,-1
129,149,213.00,1019.00,22.00,105.00,1.00,-1,-1,-1
129,153,1480.00,1023.00,11.00,41.00,1.00,-1,-1,-1
129,158,606.00,1025.00,722.00,103.00,1.00,-1,-1,-1
129,166,519.00,227.00,75.00,45.00,1.00,-1,-1,-1
129,174,590.00,222.00,39.00,42.00,1.00,-1,-1,-1
129,179,39.00,955.00,19.00,25.00,1.00,-1,-1,-1
129,186,559.00,1066.00,17.00,8.00,1.00,-1,-1,-1
129,193,956.00,1037.00,41.00,65.00,1.00,-1,-1,-1
129,201,473.00,1064.00,11.00,12.00,1.00,-1,-1,-1
129,212,1160.00,585.00,44.00,27.00,1.00,-1,-1,-1
129,219,1159.00,585.00,33.00,37.00,1.00,-1,-1,-1
129,221,2.00,611.00,14.00,44.00,1.00,-1,-1,-1
129,222,36.00,1055.00,41.00,33.00,1.00,-1,-1,-1
129,223,88.00,1068.00,56.00,13.00,1.00,-1,-1,-1
129,234,-21.00,965.00,42.00,72.00,1.00,-1,-1,-1
129,244,1072.00,550.00,194.00,67.00,1.00,-1,-1,-1
129,246,-9.00,1067.00,17.00,22.00,1.00,-1,-1,-1
129,254,598.00,209.00,65.00,44.00,1.00,-1,-1,-1
129,257,901.00,375.00,29.00,22.00,1.00,-1,-1,-1
129,260,-10.00,984.00,22.00,32.00,1.00,-1,-1,-1
129,262,1004.00,507.00,199.00,123.00,1.00,-1,-1,-1
129,270,-7.00,909.00,27.00,17.00,1.00,-1,-1,-1
129,278,1144.00,576.00,42.00,19.00,1.00,-1,-1,-1
129,283,753.00,554.00,27.00,18.00,1.00,-1,-1,-1
129,290,632.00,232.00,23.00,9.00,1.00,-1,-1,-1
129,296,574.00,199.00,25.00,32.00,1.00,-1,-1,-1
129,299,1197.00,624.00,19.00,14.00,1.00,-1,-1,-1
129,301,0.00,10.00,24.00,218.00,1.00,-1,-1,-1
129,305,783.00,415.00,13.00,15.00,1.00,-1,-1,-1
129,306,358.00,582.00,10.00,15.00,1.00,-1,-1,-1
129,307,1053.00,369.00,10.00,20.00,1.00,-1,-1,-1
129,309,585.00,205.00,20.00,24.00,1.00,-1,-1,-1
129,312,460.00,514.00,20.00,16.00,1.00,-1,-1,-1
129,316,500.00,884.00,15.00,14.00,1.00,-1,-1,-1
129,325,533.00,202.00,100.00,33.00,1.00,-1,-1,-1
129,332,79.00,299.00,8.00,16.00,1.00,-1,-1,-1
129,337,-17.00,1003.00,33.00,24.00,1.00,-1,-1,-1
129,350,620.00,218.00,14.00,20.00,1.00,-1,-1,-1
129,352,960.00,788.00,13.00,33.00,1.00,-1,-1,-1
129,354,1197.00,621.00,16.00,13.00,1.00,-1,-1,-1
129,360,1087.00,478.00,134.00,77.00,1.00,-1,-1,-1
129,362,586.00,205.00,15.00,13.00,1.00,-1,-1,-1
129,363,382.00,432.00,19.00,18.00,1.00,-1,-1,-1
129,364,1484.00,1028.00,17.00,112.00,1.00,-1,-1,-1
129,365,854.00,403.00,25.00,18.00,1.00,-1,-1,-1
129,373,558.00,191.00,64.00,31.00,1.00,-1,-1,-1
129,375,1015.00,749.00,14.00,45.00,1.00,-1,-1,-1
129,382,663.00,337.00,41.00,40.00,1.00,-1,-1,-1
129,387,280.00,255.00,16.00,28.00,1.00,-1,-1,-1
129,388,1048.00,299.00,18.00,48.00,1.00,-1,-1,-1
129,389,495.00,150.00,16.00,15.00,1.00,-1,-1,-1
129,390,1485.00,1038.00,9.00,29.00,1.00,-1,-1,-1
129,400,359.00,0.00,42.00,7.00,1.00,-1,-1,-1
129,403,1103.00,483.00,78.00,26.00,1.00,-1,-1,-1
129,412,-14.00,995.00,20.00,15.00,1.00,-1,-1,-1
129,415,-8.00,914.00,12.00,13.00,1.00,-1,-1,-1
129,423,851.00,670.00,15.00,18.00,1.00,-1,-1,-1
129,426,583.00,666.00,61.00,45.00,1.00,-1,-1,-1
129,427,962.00,716.00,16.00,36.00,1.00,-1,-1,-1
129,428,895.00,732.00,30.00,29.00,1.00,-1,-1,-1
129,429,102.00,384.00,13.00,18.00,1.00,-1,-1,-1
129,434,638.00,238.00,20.00,7.00,1.00,-1,-1,-1
129,444,559.00,184.00,12.00,15.00,1.00,-1,-1,-1
129,445,523.00,152.00,12.00,14.00,1.00,-1,-1,-1
129,446,390.00,748.00,12.00,15.00,1.00,-1,-1,-1
129,447,742.00,935.00,11.00,14.00,1.00,-1,-1,-1
129,448,712.00,647.00,12.00,21.00,1.00,-1,-1,-1
129,450,1302.00,741.00,15.00,12.00,1.00,-1,-1,-1
129,451,501.00,175.00,36.00,15.00,1.00,-1,-1,-1
129,452,721.00,827.00,14.00,15.00,1.00,-1,-1,-1
129,453,579.00,158.00,39.00,28.00,1.00,-1,-1,-1
129,454,75.00,285.00,27.00,30.00,1.00,-1,-1,-1
129,455,1010.00,807.00,16.00,26.00,1.00,-1,-1,-1
129,456,652.00,155.00,22.00,9.00,1.00,-1,-1,-1
129,457,1321.00,880.00,18.00,16.00,1.00,-1,-1,-1
129,458,986.00,400.00,109.00,52.00,1.00,-1,-1,-1
129,459,1398.00,1007.00,150.00,41.00,1.00,-1,-1,-1
129,461,426.00,179.00,56.00,49.00,1.00,-1,-1,-1
129,470,1098.00,573.00,82.00,22.00,1.00,-1,-1,-1
129,474,1449.00,999.00,48.00,38.00,1.00,-1,-1,-1
129,476,522.00,242.00,193.00,27.00,1.00,-1,-1,-1
129,481,1449.00,999.00,48.00,38.00,1.00,-1,-1,-1
129,483,1470.00,1022.00,18.00,29.00,1.00,-1,-1,-1
129,487,1793.00,883.00,149.00,196.00,1.00,-1,-1,-1
129,488,665.00,482.00,20.00,26.00,1.00,-1,-1,-1
129,492,1762.00,397.00,20.00,19.00,1.00,-1,-1,-1
129,495,721.00,537.00,152.00,57.00,1.00,-1,-1,-1
129,502,484.00,139.00,39.00,37.00,1.00,-1,-1,-1
129,503,853.00,578.00,25.00,20.00,1.00,-1,-1,-1
130,5,643.00,1048.00,27.00,59.00,1.00,-1,-1,-1
130,9,798.00,1054.00,43.00,30.00,1.00,-1,-1,-1
130,10,948.00,932.00,139.00,66.00,1.00,-1,-1,-1
130,11,1094.00,492.00,166.00,195.00,1.00,-1,-1,-1
130,12,1135.00,675.00,170.00,115.00,1.00,-1,-1,-1
130,15,436.00,1034.00,128.00,72.00,1.00,-1,-1,-1
130,18,806.00,426.00,78.00,30.00,1.00,-1,-1,-1
130,21,552.00,198.00,38.00,45.00,1.00,-1,-1,-1
130,32,464.00,693.00,12.00,13.00,1.00,-1,-1,-1
130,34,680.00,252.00,13.00,42.00,1.00,-1,-1,-1
130,37,577.00,199.00,19.00,33.00,1.00,-1,-1,-1
130,38,721.00,532.00,48.00,41.00,1.00,-1,-1,-1
130,40,585.00,208.00,29.00,25.00,1.00,-1,-1,-1
130,41,1218.00,606.00,25.00,44.00,1.00,-1,-1,-1
130,44,534.00,202.00,193.00,112.00,1.00,-1,-1,-1
130,45,37.00,1011.00,162.00,121.00,1.00,-1,-1,-1
130,48,562.00,220.00,23.00,61.00,1.00,-1,-1,-1
130,49,520.00,149.00,15.00,11.00,1.00,-1,-1,-1
130,50,583.00,193.00,13.00,19.00,1.00,-1,-1,-1
130,54,574.00,813.00,13.00,23.00,1.00,-1,-1,-1
130,72,738.00,942.00,11.00,15.00,1.00,-1,-1,-1
130,73,1213.00,628.00,64.00,45.00,1.00,-1,-1,-1
130,76,1162.00,599.00,11.00,32.00,1.00,-1,-1,-1
130,77,1047.00,563.00,208.00,46.00,1.00,-1,-1,-1
130,100,819.00,877.00,11.00,36.00,1.00,-1,-1,-1
130,112,1017.00,458.00,54.00,12.00,1.00,-1,-1,-1
130,113,1168.00,576.00,27.00,20.00,1.00,-1,-1,-1
130,114,1131.00,488.00,22.00,16.00,1.00,-1,-1,-1
130,116,1141.00,594.00,118.00,23.00,1.00,-1,-1,-1
130,126,1239.00,688.00,34.00,16.00,1.00,-1,-1,-1
130,129,941.00,966.00,29.00,21.00,1.00,-1,-1,-1
130,135,337.00,192.00,499.00,99.00,1.00,-1,-1,-1
130,139,955.00,980.00,21.00,16.00,1.00,-1,-1,-1
130,142,1171.00,713.00,52.00,14.00,1.00,-1,-1,-1
130,147,1898.00,959.00,18.00,51.00,1.00,-1,-1,-1
130,148,1123.00,1039.00,40.00,25.00,1.00,-1,-1,-1
130,149,201.00,1019.00,22.00,105.00,1.00,-1,-1,-1
130,153,1468.00,1024.00,11.00,41.00,1.00,-1,-1,-1
130,158,594.00,1025.00,722.00,103.00,1.00,-1,-1,-1
130,166,519.00,228.00,75.00,45.00,1.00,-1,-1,-1
130,174,589.00,222.00,39.00,42.00,1.00,-1,-1,-1
130,179,27.00,956.00,19.00,25.00,1.00,-1,-1,-1
130,186,546.00,1066.00,17.00,8.00,1.00,-1,-1,-1
130,193,944.00,1037.00,41.00,65.00,1.00,-1,-1,-1
130,201,460.00,1064.00,11.00,12.00,1.00,-1,-1,-1
130,212,1176.00,592.00,44.00,27.00,1.00,-1,-1,-1
130,219,1174.00,589.00,33.00,37.00,1.00,-1,-1,-1
130,221,2.00,611.00,14.00,44.00,1.00,-1,-1,-1
130,222,24.00,1055.00,41.00,33.00,1.00,-1,-1,-1
130,223,75.00,1068.00,56.00,13.00,1.00,-1,-1,-1
130,234,-21.00,965.00,42.00,72.00,1.00,-1,-1,-1
130,244,1055.00,554.00,194.00,67.00,1.00,-1,-1,-1
130,246,-1.00,1066.00,17.00,22.00,1.00,-1,-1,-1
130,254,598.00,210.00,65.00,44.00,1.00,-1,-1,-1
130,257,888.00,376.00,29.00,22.00,1.00,-1,-1,-1
130,260,-10.00,984.00,22.00,32.00,1.00,-1,-1,-1
130,262,1014.00,514.00,199.00,123.00,1.00,-1,-1,-1
130,270,-20.00,909.00,27.00,17.00,1.00,-1,-1,-1
130,278,1159.00,581.00,42.00,19.00,1.00,-1,-1,-1
130,283,745.00,555.00,27.00,18.00,1.00,-1,-1,-1
130,290,614.00,226.00,23.00,9.00,1.00,-1,-1,-1
130,296,574.00,199.00,25.00,32.00,1.00,-1,-1,-1
130,299,1211.00,629.00,19.00,14.00,1.00,-1,-1,-1
130,301,0.00,10.00,24.00,218.00,1.00,-1,-1,-1
130,305,771.00,417.00,13.00,15.00,1.00,-1,-1,-1
130,306,346.00,584.00,10.00,15.00,1.00,-1,-1,-1
130,307,1041.00,371.00,10.00,20.00,1.00,-1,-1,-1
130,309,584.00,205.00,20.00,24.00,1.00,-1,-1,-1
130,312,448.00,516.00,20.00,16.00,1.00,-1,-1,-1
130,316,488.00,886.00,15.00,14.00,1.00,-1,-1,-1
130,325,532.00,202.00,100.00,33.00,1.00,-1,-1,-1
130,332,67.00,301.00,8.00,16.00,1.00,-1,-1,-1
130,337,-17.00,1003.00,33.00,24.00,1.00,-1,-1,-1
130,350,616.00,214.00,14.00,20.00,1.00,-1,-1,-1
130,352,947.00,790.00,13.00,33.00,1.00,-1,-1,-1
130,354,1211.00,624.00,16.00,13.00,1.00,-1,-1,-1
130,360,1062.00,462.00,134.00,77.00,1.00,-1,-1,-1
130,362,586.00,205.00,15.00,13.00,1.00,-1,-1,-1
130,363,370.00,434.00,19.00,18.00,1.00,-1,-1,-1
130,364,1472.00,1028.00,17.00,112.00,1.00,-1,-1,-1
130,365,842.00,405.00,25.00,18.00,1.00,-1,-1,-1
130,373,559.00,190.00,64.00,31.00,1.00,-1,-1,-1
130,375,1002.00,751.00,14.00,45.00,1.00,-1,-1,-1
130,382,651.00,339.00,41.00,40.00,1.00,-1,-1,-1
130,387,268.00,256.00,16.00,28.00,1.00,-1,-1,-1
130,388,1036.00,301.00,18.00,48.00,1.00,-1,-1,-1
130,389,486.00,155.00,16.00,15.00,1.00,-1,-1,-1
130,390,1473.00,1040.00,9.00,29.00,1.00,-1,-1,-1
130,400,345.00,0.00,42.00,7.00,1.00,-1,-1,-1
130,403,1087.00,487.00,78.00,26.00,1.00,-1,-1,-1
130,412,-14.00,995.00,20.00,15.00,1.00,-1,-1,-1
130,415,-8.00,914.00,12.00,13.00,1.00,-1,-1,-1
130,423,839.00,671.00,15.00,18.00,1.00,-1,-1,-1
130,426,571.00,668.00,61.00,45.00,1.00,-1,-1,-1
130,427,950.00,718.00,16.00,36.00,1.00,-1,-1,-1
130,428,882.00,733.00,30.00,29.00,1.00,-1,-1,-1
130,429,89.00,386.00,13.00,18.00,1.00,-1,-1,-1
130,434,619.00,231.00,20.00,7.00,1.00,-1,-1,-1
130,444,559.00,184.00,12.00,15.00,1.00,-1,-1,-1
130,445,522.00,152.00,12.00,14.00,1.00,-1,-1,-1
130,446,378.00,750.00,12.00,15.00,1.00,-1,-1,-1
130,447,730.00,937.00,11.00,14.00,1.00,-1,-1,-1
130,448,700.00,649.00,12.00,21.00,1.00,-1,-1,-1
130,450,1290.00,743.00,15.00,12.00,1.00,-1,-1,-1
130,451,502.00,177.00,36.00,15.00,1.00,-1,-1,-1
130,452,709.00,829.00,14.00,15.00,1.00,-1,-1,-1
130,453,566.00,160.00,39.00,28.00,1.00,-1,-1,-1
130,454,63.00,287.00,27.00,30.00,1.00,-1,-1,-1
130,455,997.00,809.00,16.00,26.00,1.00,-1,-1,-1
130,456,639.00,157.00,22.00,9.00,1.00,-1,-1,-1
130,457,1309.00,882.00,18.00,16.00,1.00,-1,-1,-1
130,458,974.00,401.00,109.00,52.00,1.00,-1,-1,-1
130,459,1386.00,1008.00,150.00,41.00,1.00,-1,-1,-1
130,461,414.00,181.00,56.00,49.00,1.00,-1,-1,-1
130,470,1113.00,578.00,82.00,22.00,1.00,-1,-1,-1
130,474,1439.00,1006.00,48.00,38.00,1.00,-1,-1,-1
130,476,522.00,243.00,193.00,27.00,1.00,-1,-1,-1
130,481,1439.00,1006.00,48.00,38.00,1.00,-1,-1,-1
130,483,1458.00,1023.00,18.00,29.00,1.00,-1,-1,-1
130,487,1806.00,883.00,149.00,196.00,1.00,-1,-1,-1
130,488,654.00,485.00,17.00,21.00,1.00,-1,-1,-1
130,492,1750.00,398.00,20.00,19.00,1.00,-1,-1,-1
130,495,709.00,538.00,152.00,57.00,1.00,-1,-1,-1
130,502,475.00,145.00,39.00,37.00,1.00,-1,-1,-1
130,503,827.00,573.00,43.00,27.00,1.00,-1,-1,-1
131,5,630.00,1048.00,27.00,59.00,1.00,-1,-1,-1
131,9,786.00,1054.00,43.00,30.00,1.00,-1,-1,-1
131,10,948.00,932.00,139.00,66.00,1.00,-1,-1,-1
131,11,1112.00,503.00,154.00,185.00,1.00,-1,-1,-1
131,12,1123.00,676.00,170.00,115.00,1.00,-1,-1,-1
131,15,424.00,1034.00,128.00,72.00,1.00,-1,-1,-1
131,18,794.00,427.00,78.00,30.00,1.00,-1,-1,-1
131,21,553.00,197.00,38.00,45.00,1.00,-1,-1,-1
131,32,452.00,694.00,12.00,13.00,1.00,-1,-1,-1
131,34,679.00,253.00,13.00,42.00,1.00,-1,-1,-1
131,37,578.00,199.00,19.00,33.00,1.00,-1,-1,-1
131,38,714.00,539.00,55.00,34.00,1.00,-1,-1,-1
131,39,547.00,211.00,90.00,58.00,1.00,-1,-1,-1
131,40,586.00,208.00,29.00,25.00,1.00,-1,-1,-1
131,41,1253.00,686.00,25.00,44.00,1.00,-1,-1,-1
131,44,520.00,195.00,193.00,112.00,1.00,-1,-1,-1
131,45,25.00,1011.00,162.00,121.00,1.00,-1,-1,-1
131,48,563.00,220.00,23.00,61.00,1.00,-1,-1,-1
131,49,521.00,152.00,15.00,11.00,1.00,-1,-1,-1
131,50,571.00,185.00,13.00,19.00,1.00,-1,-1,-1
131,54,562.00,814.00,13.00,23.00,1.00,-1,-1,-1
131,72,738.00,942.00,11.00,15.00,1.00,-1,-1,-1
131,73,1219.00,624.00,64.00,45.00,1.00,-1,-1,-1
131,76,1178.00,603.00,11.00,32.00,1.00,-1,-1,-1
131,77,1063.00,567.00,208.00,46.00,1.00,-1,-1,-1
131,100,808.00,878.00,11.00,36.00,1.00,-1,-1,-1
131,112,1006.00,459.00,54.00,12.00,1.00,-1,-1,-1
131,113,1177.00,552.00,27.00,20.00,1.00,-1,-1,-1
131,114,1131.00,502.00,22.00,16.00,1.00,-1,-1,-1
131,116,1159.00,596.00,118.00,23.00,1.00,-1,-1,-1
131,126,1228.00,681.00,34.00,16.00,1.00,-1,-1,-1
131,129,941.00,966.00,29.00,21.00,1.00,-1,-1,-1
131,135,337.00,192.00,499.00,99.00,1.00,-1,-1,-1
131,139,955.00,980.00,21.00,16.00,1.00,-1,-1,-1
131,142,1159.00,714.00,52.00,14.00,1.00,-1,-1,-1
131,147,1898.00,959.00,18.00,51.00,1.00,-1,-1,-1
131,148,1111.00,1040.00,40.00,25.00,1.00,-1,-1,-1
131,149,189.00,1019.00,22.00,105.00,1.00,-1,-1,-1
131,153,1456.00,1025.00,11.00,41.00,1.00,-1,-1,-1
131,158,582.00,1025.00,722.00,103.00,1.00,-1,-1,-1
131,166,520.00,228.00,75.00,45.00,1.00,-1,-1,-1
131,174,590.00,222.00,39.00,42.00,1.00,-1,-1,-1
131,179,15.00,957.00,19.00,25.00,1.00,-1,-1,-1
131,186,533.00,1066.00,17.00,8.00,1.00,-1,-1,-1
131,193,932.00,1037.00,41.00,65.00,1.00,-1,-1,-1
131,201,448.00,1064.00,11.00,12.00,1.00,-1,-1,-1
131,212,1193.00,595.00,44.00,27.00,1.00,-1,-1,-1
131,219,1191.00,594.00,33.00,37.00,1.00,-1,-1,-1
131,222,12.00,1055.00,41.00,33.00,1.00,-1,-1,-1
131,223,63.00,1068.00,56.00,13.00,1.00,-1,-1,-1
131,234,-21.00,965.00,42.00,72.00,1.00,-1,-1,-1
131,244,1071.00,559.00,194.00,67.00,1.00,-1,-1,-1
131,246,-1.00,1066.00,17.00,22.00,1.00,-1,-1,-1
131,254,582.00,209.00,65.00,44.00,1.00,-1,-1,-1
131,257,876.00,377.00,29.00,22.00,1.00,-1,-1,-1
131,260,-10.00,984.00,22.00,32.00,1.00,-1,-1,-1
131,262,1021.00,526.00,199.00,123.00,1.00,-1,-1,-1
131,270,-20.00,909.00,27.00,17.00,1.00,-1,-1,-1
131,278,1170.00,572.00,42.00,19.00,1.00,-1,-1,-1
131,283,737.00,556.00,27.00,18.00,1.00,-1,-1,-1
131,290,599.00,224.00,23.00,9.00,1.00,-1,-1,-1
131,296,576.00,199.00,25.00,32.00,1.00,-1,-1,-1
131,299,1238.00,644.00,19.00,14.00,1.00,-1,-1,-1
131,301,0.00,10.00,24.00,218.00,1.00,-1,-1,-1
131,305,759.00,418.00,13.00,15.00,1.00,-1,-1,-1
131,306,334.00,585.00,10.00,15.00,1.00,-1,-1,-1
131,307,1029.00,371.00,10.00,20.00,1.00,-1,-1,-1
131,309,586.00,205.00,20.00,24.00,1.00,-1,-1,-1
131,312,436.00,517.00,20.00,16.00,1.00,-1,-1,-1
131,316,476.00,887.00,15.00,14.00,1.00,-1,-1,-1
131,325,533.00,202.00,100.00,33.00,1.00,-1,-1,-1
131,332,55.00,302.00,8.00,16.00,1.00,-1,-1,-1
131,337,-11.00,994.00,33.00,24.00,1.00,-1,-1,-1
131,350,609.00,223.00,14.00,20.00,1.00,-1,-1,-1
131,352,935.00,791.00,13.00,33.00,1.00,-1,-1,-1
131,354,1241.00,642.00,16.00,13.00,1.00,-1,-1,-1
131,360,1064.00,498.00,134.00,77.00,1.00,-1,-1,-1
131,362,589.00,206.00,15.00,13.00,1.00,-1,-1,-1
131,363,358.00,435.00,19.00,18.00,1.00,-1,-1,-1
131,364,1460.00,1028.00,17.00,112.00,1.00,-1,-1,-1
131,365,830.00,406.00,25.00,18.00,1.00,-1,-1,-1
131,373,551.00,186.00,64.00,31.00,1.00,-1,-1,-1
131,375,990.00,752.00,14.00,45.00,1.00,-1,-1,-1
131,382,639.00,340.00,41.00,40.00,1.00,-1,-1,-1
131,387,256.00,257.00,16.00,28.00,1.00,-1,-1,-1
131,388,1024.00,302.00,18.00,48.00,1.00,-1,-1,-1
131,389,485.00,157.00,16.00,15.00,1.00,-1,-1,-1
131,390,1461.00,1040.00,9.00,29.00,1.00,-1,-1,-1
131,400,331.00,0.00,42.00,7.00,1.00,-1,-1,-1
131,403,1093.00,519.00,78.00,26.00,1.00,-1,-1,-1
131,412,-14.00,995.00,20.00,15.00,1.00,-1,-1,-1
131,415,-8.00,914.00,12.00,13.00,1.00,-1,-1,-1
131,423,827.00,672.00,15.00,18.00,1.00,-1,-1,-1
131,426,559.00,669.00,61.00,45.00,1.00,-1,-1,-1
131,427,938.00,719.00,16.00,36.00,1.00,-1,-1,-1
131,428,870.00,734.00,30.00,29.00,1.00,-1,-1,-1
131,429,77.00,387.00,13.00,18.00,1.00,-1,-1,-1
131,434,603.00,228.00,20.00,7.00,1.00,-1,-1,-1
131,444,562.00,186.00,12.00,15.00,1.00,-1,-1,-1
131,445,524.00,155.00,12.00,14.00,1.00,-1,-1,-1
131,446,366.00,751.00,12.00,15.00,1.00,-1,-1,-1
131,447,717.00,939.00,11.00,14.00,1.00,-1,-1,-1
131,448,688.00,650.00,12.00,21.00,1.00,-1,-1,-1
131,450,1278.00,744.00,15.00,12.00,1.00,-1,-1,-1
131,451,504.00,177.00,36.00,15.00,1.00,-1,-1,-1
131,452,697.00,830.00,14.00,15.00,1.00,-1,-1,-1
131,453,554.00,160.00,39.00,28.00,1.00,-1,-1,-1
131,454,51.00,288.00,27.00,30.00,1.00,-1,-1,-1
131,455,985.00,810.00,16.00,26.00,1.00,-1,-1,-1
131,456,627.00,158.00,22.00,9.00,1.00,-1,-1,-1
131,457,1297.00,882.00,18.00,16.00,1.00,-1,-1,-1
131,458,962.00,402.00,109.00,52.00,1.00,-1,-1,-1
131,459,1374.00,1009.00,150.00,41.00,1.00,-1,-1,-1
131,461,402.00,182.00,56.00,49.00,1.00,-1,-1,-1
131,470,1129.00,583.00,82.00,22.00,1.00,-1,-1,-1
131,474,1424.00,1001.00,48.00,38.00,1.00,-1,-1,-1
131,476,521.00,242.00,193.00,27.00,1.00,-1,-1,-1
131,481,1424.00,1001.00,48.00,38.00,1.00,-1,-1,-1
131,483,1446.00,1024.00,18.00,29.00,1.00,-1,-1,-1
131,487,1819.00,882.00,149.00,196.00,1.00,-1,-1,-1
131,488,643.00,486.00,17.00,21.00,1.00,-1,-1,-1
131,492,1739.00,399.00,20.00,19.00,1.00,-1,-1,-1
131,495,701.00,539.00,152.00,57.00,1.00,-1,-1,-1
131,502,481.00,142.00,48.00,33.00,1.00,-1,-1,-1
131,503,818.00,573.00,43.00,27.00,1.00,-1,-1,-1
132,5,612.00,1048.00,27.00,59.00,1.00,-1,-1,-1
132,9,773.00,1054.00,43.00,30.00,1.00,-1,-1,-1
132,10,948.00,932.00,139.00,66.00,1.00,-1,-1,-1
132,11,1131.00,510.00,120.00,181.00,1.00,-1,-1,-1
132,12,1110.00,677.00,170.00,115.00,1.00,-1,-1,-1
132,15,410.00,1034.00,128.00,72.00,1.00,-1,-1,-1
132,18,781.00,428.00,78.00,30.00,1.00,-1,-1,-1
132,21,554.00,198.00,38.00,45.00,1.00,-1,-1,-1
132,32,439.00,695.00,12.00,13.00,1.00,-1,-1,-1
132,34,673.00,250.00,13.00,42.00,1.00,-1,-1,-1
132,37,578.00,200.00,19.00,33.00,1.00,-1,-1,-1
132,38,704.00,541.00,55.00,31.00,1.00,-1,-1,-1
132,39,547.00,211.00,90.00,58.00,1.00,-1,-1,-1
132,40,587.00,209.00,29.00,25.00,1.00,-1,-1,-1
132,41,1229.00,676.00,25.00,44.00,1.00,-1,-1,-1
132,44,519.00,196.00,193.00,112.00,1.00,-1,-1,-1
132,45,11.00,1011.00,162.00,121.00,1.00,-1,-1,-1
132,48,563.00,221.00,23.00,61.00,1.00,-1,-1,-1
132,49,522.00,154.00,15.00,11.00,1.00,-1,-1,-1
132,50,551.00,172.00,13.00,19.00,1.00,-1,-1,-1
132,54,549.00,815.00,13.00,23.00,1.00,-1,-1,-1
132,72,738.00,942.00,11.00,15.00,1.00,-1,-1,-1
132,73,1229.00,604.00,64.00,45.00,1.00,-1,-1,-1
132,76,1193.00,608.00,11.00,32.00,1.00,-1,-1,-1
132,77,1078.00,572.00,208.00,46.00,1.00,-1,-1,-1
132,100,794.00,880.00,11.00,36.00,1.00,-1,-1,-1
132,112,993.00,460.00,54.00,12.00,1.00,-1,-1,-1
132,113,1189.00,544.00,27.00,20.00,1.00,-1,-1,-1
132,114,1122.00,503.00,22.00,16.00,1.00,-1,-1,-1
132,116,1172.00,594.00,118.00,23.00,1.00,-1,-1,-1
132,126,1214.00,634.00,34.00,16.00,1.00,-1,-1,-1
132,129,941.00,966.00,29.00,21.00,1.00,-1,-1,-1
132,135,338.00,192.00,499.00,99.00,1.00,-1,-1,-1
132,139,955.00,980.00,21.00,16.00,1.00,-1,-1,-1
132,142,1147.00,716.00,52.00,14.00,1.00,-1,-1,-1
132,147,1898.00,959.00,18.00,51.00,1.00,-1,-1,-1
132,148,1098.00,1042.00,40.00,25.00,1.00,-1,-1,-1
132,149,175.00,1019.00,22.00,105.00,1.00,-1,-1,-1
132,153,1442.00,1025.00,11.00,41.00,1.00,-1,-1,-1
132,158,569.00,1025.00,722.00,103.00,1.00,-1,-1,-1
132,166,520.00,229.00,75.00,45.00,1.00,-1,-1,-1
132,174,589.00,223.00,39.00,42.00,1.00,-1,-1,-1
132,179,2.00,958.00,19.00,25.00,1.00,-1,-1,-1
132,182,499.00,145.00,138.00,125.00,1.00,-1,-1,-1
132,186,517.00,1066.00,17.00,8.00,1.00,-1,-1,-1
132,193,918.00,1037.00,41.00,65.00,1.00,-1,-1,-1
132,201,435.00,1064.00,11.00,12.00,1.00,-1,-1,-1
132,212,1207.00,596.00,44.00,27.00,1.00,-1,-1,-1
132,219,1206.00,598.00,33.00,37.00,1.00,-1,-1,-1
132,222,0.00,1055.00,41.00,33.00,1.00,-1,-1,-1
132,223,47.00,1067.00,56.00,13.00,1.00,-1,-1,-1
132,234,-21.00,965.00,42.00,72.00,1.00,-1,-1,-1
132,244,1086.00,563.00,194.00,67.00,1.00,-1,-1,-1
132,246,-1.00,1066.00,17.00,22.00,1.00,-1,-1,-1
132,254,581.00,210.00,65.00,44.00,1.00,-1,-1,-1
132,257,863.00,378.00,29.00,22.00,1.00,-1,-1,-1
132,260,-10.00,963.00,22.00,32.00,1.00,-1,-1,-1
132,262,1009.00,527.00,199.00,123.00,1.00,-1,-1,-1
132,270,-20.00,909.00,27.00,17.00,1.00,-1,-1,-1
132,278,1186.00,576.00,42.00,19.00,1.00,-1,-1,-1
132,283,729.00,557.00,27.00,18.00,1.00,-1,-1,-1
132,290,596.00,225.00,23.00,9.00,1.00,-1,-1,-1
132,296,576.00,200.00,25.00,32.00,1.00,-1,-1,-1
132,299,1257.00,630.00,19.00,14.00,1.00,-1,-1,-1
132,301,0.00,10.00,24.00,218.00,1.00,-1,-1,-1
132,305,746.00,419.00,13.00,15.00,1.00,-1,-1,-1
132,306,321.00,586.00,10.00,15.00,1.00,-1,-1,-1
132,307,1016.00,373.00,10.00,20.00,1.00,-1,-1,-1
132,309,587.00,206.00,20.00,24.00,1.00,-1,-1,-1
132,312,423.00,518.00,20.00,16.00,1.00,-1,-1,-1
132,316,463.00,888.00,15.00,14.00,1.00,-1,-1,-1
132,325,534.00,203.00,100.00,33.00,1.00,-1,-1,-1
132,332,42.00,303.00,8.00,16.00,1.00,-1,-1,-1
132,337,-11.00,994.00,33.00,24.00,1.00,-1,-1,-1
132,350,608.00,224.00,14.00,20.00,1.00,-1,-1,-1
132,352,922.00,792.00,13.00,33.00,1.00,-1,-1,-1
132,354,1256.00,625.00,16.00,13.00,1.00,-1,-1,-1
132,360,1051.00,499.00,134.00,77.00,1.00,-1,-1,-1
132,362,589.00,206.00,15.00,13.00,1.00,-1,-1,-1
132,363,345.00,437.00,19.00,18.00,1.00,-1,-1,-1
132,364,1447.00,1028.00,17.00,112.00,1.00,-1,-1,-1
132,365,817.00,407.00,25.00,18.00,1.00,-1,-1,-1
132,373,537.00,177.00,64.00,31.00,1.00,-1,-1,-1
132,375,977.00,752.00,14.00,45.00,1.00,-1,-1,-1
132,382,626.00,341.00,41.00,40.00,1.00,-1,-1,-1
132,387,243.00,258.00,16.00,28.00,1.00,-1,-1,-1
132,388,1011.00,304.00,18.00,48.00,1.00,-1,-1,-1
132,389,486.00,160.00,16.00,15.00,1.00,-1,-1,-1
132,390,1447.00,1041.00,9.00,29.00,1.00,-1,-1,-1
132,400,316.00,0.00,42.00,7.00,1.00,-1,-1,-1
132,403,1080.00,520.00,78.00,26.00,1.00,-1,-1,-1
132,412,-14.00,995.00,20.00,15.00,1.00,-1,-1,-1
132,415,27.00,932.00,12.00,13.00,1.00,-1,-1,-1
132,423,814.00,674.00,15.00,18.00,1.00,-1,-1,-1
132,426,546.00,670.00,61.00,45.00,1.00,-1,-1,-1
132,427,924.00,720.00,16.00,36.00,1.00,-1,-1,-1
132,428,857.00,736.00,30.00,29.00,1.00,-1,-1,-1
132,429,64.00,388.00,13.00,18.00,1.00,-1,-1,-1
132,434,603.00,229.00,20.00,7.00,1.00,-1,-1,-1
132,444,561.00,186.00,12.00,15.00,1.00,-1,-1,-1
132,445,525.00,157.00,12.00,14.00,1.00,-1,-1,-1
132,446,353.00,752.00,12.00,15.00,1.00,-1,-1,-1
132,447,705.00,940.00,11.00,14.00,1.00,-1,-1,-1
132,448,675.00,651.00,12.00,21.00,1.00,-1,-1,-1
132,450,1265.00,745.00,15.00,12.00,1.00,-1,-1,-1
132,451,506.00,179.00,36.00,15.00,1.00,-1,-1,-1
132,452,684.00,831.00,14.00,15.00,1.00,-1,-1,-1
132,453,542.00,162.00,39.00,28.00,1.00,-1,-1,-1
132,454,38.00,289.00,27.00,30.00,1.00,-1,-1,-1
132,455,973.00,810.00,16.00,26.00,1.00,-1,-1,-1
132,456,615.00,159.00,22.00,9.00,1.00,-1,-1,-1
132,457,1284.00,884.00,18.00,16.00,1.00,-1,-1,-1
132,458,949.00,403.00,109.00,52.00,1.00,-1,-1,-1
132,459,1360.00,1008.00,150.00,41.00,1.00,-1,-1,-1
132,461,389.00,182.00,56.00,49.00,1.00,-1,-1,-1
132,470,1144.00,587.00,82.00,22.00,1.00,-1,-1,-1
132,474,1408.00,993.00,48.00,38.00,1.00,-1,-1,-1
132,476,519.00,243.00,193.00,27.00,1.00,-1,-1,-1
132,481,1408.00,993.00,48.00,38.00,1.00,-1,-1,-1
132,483,1433.00,1024.00,18.00,29.00,1.00,-1,-1,-1
132,487,1832.00,881.00,149.00,196.00,1.00,-1,-1,-1
132,488,630.00,487.00,17.00,21.00,1.00,-1,-1,-1
132,492,1728.00,399.00,20.00,19.00,1.00,-1,-1,-1
132,495,690.00,540.00,152.00,57.00,1.00,-1,-1,-1
132,502,479.00,144.00,48.00,33.00,1.00,-1,-1,-1
132,503,809.00,574.00,43.00,27.00,1.00,-1,-1,-1
133,5,599.00,1048.00,27.00,59.00,1.00,-1,-1,-1
133,9,760.00,1055.00,43.00,30.00,1.00,-1,-1,-1
133,10,948.00,932.00,139.00,66.00,1.00,-1,-1,-1
133,11,1144.00,512.00,113.00,170.00,1.00,-1,-1,-1
133,12,1097.00,678.00,170.00,115.00,1.00,-1,-1,-1
133,15,396.00,1034.00,128.00,72.00,1.00,-1,-1,-1
133,18,768.00,430.00,78.00,30.00,1.00,-1,-1,-1
133,21,550.00,198.00,38.00,45.00,1.00,-1,-1,-1
133,32,426.00,696.00,12.00,13.00,1.00,-1,-1,-1
133,34,673.00,253.00,13.00,42.00,1.00,-1,-1,-1
133,37,578.00,202.00,19.00,33.00,1.00,-1,-1,-1
133,38,695.00,542.00,55.00,31.00,1.00,-1,-1,-1
133,39,547.00,211.00,90.00,58.00,1.00,-1,-1,-1
133,40,586.00,210.00,29.00,25.00,1.00,-1,-1,-1
133,41,1208.00,659.00,25.00,44.00,1.00,-1,-1,-1
133,44,503.00,146.00,211.00,173.00,1.00,-1,-1,-1
133,45,-1.00,1011.00,162.00,121.00,1.00,-1,-1,-1
133,48,563.00,221.00,23.00,61.00,1.00,-1,-1,-1
133,49,522.00,156.00,15.00,11.00,1.00,-1,-1,-1
133,50,562.00,179.00,13.00,19.00,1.00,-1,-1,-1
133,54,536.00,816.00,13.00,23.00,1.00,-1,-1,-1
133,72,738.00,942.00,11.00,15.00,1.00,-1,-1,-1
133,73,1236.00,606.00,64.00,45.00,1.00,-1,-1,-1
133,76,1209.00,612.00,11.00,32.00,1.00,-1,-1,-1
133,77,1094.00,576.00,208.00,46.00,1.00,-1,-1,-1
133,100,781.00,880.00,11.00,36.00,1.00,-1,-1,-1
133,112,980.00,462.00,54.00,12.00,1.00,-1,-1,-1
133,113,1238.00,618.00,27.00,20.00,1.00,-1,-1,-1
133,114,1109.00,504.00,22.00,16.00,1.00,-1,-1,-1
133,116,1166.00,566.00,118.00,23.00,1.00,-1,-1,-1
133,126,1229.00,638.00,34.00,16.00,1.00,-1,-1,-1
133,129,941.00,966.00,29.00,21.00,1.00,-1,-1,-1
133,135,338.00,192.00,499.00,99.00,1.00,-1,-1,-1
133,139,955.00,980.00,21.00,16.00,1.00,-1,-1,-1
133,142,1133.00,717.00,52.00,14.00,1.00,-1,-1,-1
133,147,1817.00,888.00,18.00,51.00,1.00,-1,-1,-1
133,148,1086.00,1042.00,40.00,25.00,1.00,-1,-1,-1
133,149,162.00,1019.00,22.00,105.00,1.00,-1,-1,-1
133,153,1429.00,1027.00,11.00,41.00,1.00,-1,-1,-1
133,158,553.00,1025.00,722.00,103.00,1.00,-1,-1,-1
133,166,520.00,230.00,75.00,45.00,1.00,-1,-1,-1
133,174,589.00,224.00,39.00,42.00,1.00,-1,-1,-1
133,179,-10.00,959.00,19.00,25.00,1.00,-1,-1,-1
133,182,499.00,146.00,138.00,125.00,1.00,-1,-1,-1
133,186,504.00,1066.00,17.00,8.00,1.00,-1,-1,-1
133,193,903.00,1037.00,41.00,65.00,1.00,-1,-1,-1
133,201,421.00,1064.00,11.00,12.00,1.00,-1,-1,-1
133,212,1219.00,588.00,44.00,27.00,1.00,-1,-1,-1
133,219,1223.00,603.00,33.00,37.00,1.00,-1,-1,-1
133,222,-12.00,1055.00,41.00,33.00,1.00,-1,-1,-1
133,223,33.00,1067.00,56.00,13.00,1.00,-1,-1,-1
133,234,-21.00,965.00,42.00,72.00,1.00,-1,-1,-1
133,244,1102.00,568.00,194.00,67.00,1.00,-1,-1,-1
133,246,-1.00,1066.00,17.00,22.00,1.00,-1,-1,-1
133,254,581.00,212.00,65.00,44.00,1.00,-1,-1,-1
133,257,850.00,380.00,29.00,22.00,1.00,-1,-1,-1
133,260,-10.00,963.00,22.00,32.00,1.00,-1,-1,-1
133,262,995.00,528.00,199.00,123.00,1.00,-1,-1,-1
133,270,-20.00,909.00,27.00,17.00,1.00,-1,-1,-1
133,278,1203.00,582.00,42.00,19.00,1.00,-1,-1,-1
133,283,722.00,558.00,27.00,18.00,1.00,-1,-1,-1
133,290,596.00,226.00,23.00,9.00,1.00,-1,-1,-1
133,296,576.00,202.00,25.00,32.00,1.00,-1,-1,-1
133,299,1262.00,632.00,19.00,14.00,1.00,-1,-1,-1
133,301,0.00,10.00,24.00,218.00,1.00,-1,-1,-1
133,305,733.00,420.00,13.00,15.00,1.00,-1,-1,-1
133,306,308.00,587.00,10.00,15.00,1.00,-1,-1,-1
133,307,1003.00,374.00,10.00,20.00,1.00,-1,-1,-1
133,309,585.00,207.00,20.00,24.00,1.00,-1,-1,-1
133,312,410.00,519.00,20.00,16.00,1.00,-1,-1,-1
133,316,450.00,889.00,15.00,14.00,1.00,-1,-1,-1
133,325,533.00,204.00,100.00,33.00,1.00,-1,-1,-1
133,332,29.00,304.00,8.00,16.00,1.00,-1,-1,-1
133,337,-11.00,994.00,33.00,24.00,1.00,-1,-1,-1
133,350,609.00,225.00,14.00,20.00,1.00,-1,-1,-1
133,352,909.00,793.00,13.00,33.00,1.00,-1,-1,-1
133,354,1261.00,626.00,16.00,13.00,1.00,-1,-1,-1
133,360,1037.00,500.00,134.00,77.00,1.00,-1,-1,-1
133,362,593.00,212.00,15.00,13.00,1.00,-1,-1,-1
133,363,331.00,438.00,19.00,18.00,1.00,-1,-1,-1
133,364,1434.00,1028.00,17.00,112.00,1.00,-1,-1,-1
133,365,804.00,408.00,25.00,18.00,1.00,-1,-1,-1
133,373,516.00,160.00,64.00,31.00,1.00,-1,-1,-1
133,375,964.00,754.00,14.00,45.00,1.00,-1,-1,-1
133,382,613.00,342.00,41.00,40.00,1.00,-1,-1,-1
133,387,230.00,259.00,16.00,28.00,1.00,-1,-1,-1
133,388,998.00,305.00,18.00,48.00,1.00,-1,-1,-1
133,389,487.00,163.00,16.00,15.00,1.00,-1,-1,-1
133,390,1434.00,1042.00,9.00,29.00,1.00,-1,-1,-1
133,400,300.00,0.00,42.00,7.00,1.00,-1,-1,-1
133,403,1067.00,521.00,78.00,26.00,1.00,-1,-1,-1
133,412,-14.00,995.00,20.00,15.00,1.00,-1,-1,-1
133,415,14.00,933.00,12.00,13.00,1.00,-1,-1,-1
133,423,800.00,675.00,15.00,18.00,1.00,-1,-1,-1
133,426,532.00,671.00,61.00,45.00,1.00,-1,-1,-1
133,427,911.00,721.00,16.00,36.00,1.00,-1,-1,-1
133,428,844.00,737.00,30.00,29.00,1.00,-1,-1,-1
133,429,51.00,389.00,13.00,18.00,1.00,-1,-1,-1
133,434,602.00,230.00,20.00,7.00,1.00,-1,-1,-1
133,444,544.00,172.00,12.00,15.00,1.00,-1,-1,-1
133,445,525.00,159.00,12.00,14.00,1.00,-1,-1,-1
133,446,339.00,753.00,12.00,15.00,1.00,-1,-1,-1
133,447,691.00,943.00,11.00,14.00,1.00,-1,-1,-1
133,448,661.00,653.00,12.00,21.00,1.00,-1,-1,-1
133,450,1251.00,746.00,15.00,12.00,1.00,-1,-1,-1
133,451,506.00,180.00,36.00,15.00,1.00,-1,-1,-1
133,452,670.00,832.00,14.00,15.00,1.00,-1,-1,-1
133,453,531.00,165.00,39.00,28.00,1.00,-1,-1,-1
133,454,25.00,290.00,27.00,30.00,1.00,-1,-1,-1
133,455,959.00,812.00,16.00,26.00,1.00,-1,-1,-1
133,456,601.00,160.00,22.00,9.00,1.00,-1,-1,-1
133,457,1270.00,885.00,18.00,16.00,1.00,-1,-1,-1
133,458,935.00,405.00,109.00,52.00,1.00,-1,-1,-1
133,459,1344.00,1003.00,150.00,41.00,1.00,-1,-1,-1
133,461,375.00,183.00,56.00,49.00,1.00,-1,-1,-1
133,470,1160.00,591.00,82.00,22.00,1.00,-1,-1,-1
133,474,1407.00,993.00,48.00,38.00,1.00,-1,-1,-1
133,476,519.00,244.00,193.00,27.00,1.00,-1,-1,-1
133,481,1407.00,993.00,48.00,38.00,1.00,-1,-1,-1
133,483,1420.00,1027.00,18.00,29.00,1.00,-1,-1,-1
133,487,1840.00,869.00,149.00,196.00,1.00,-1,-1,-1
133,488,617.00,489.00,17.00,21.00,1.00,-1,-1,-1
133,492,1712.00,401.00,20.00,19.00,1.00,-1,-1,-1
133,495,690.00,537.00,155.00,61.00,1.00,-1,-1,-1
133,502,482.00,146.00,48.00,33.00,1.00,-1,-1,-1
133,503,800.00,574.00,43.00,27.00,1.00,-1,-1,-1
133,507,1885.00,923.00,35.00,76.00,1.00,-1,-1,-1
134,5,585.00,1048.00,27.00,59.00,1.00,-1,-1,-1
134,9,746.00,1055.00,43.00,30.00,1.00,-1,-1,-1
134,10,948.00,932.00,139.00,66.00,1.00,-1,-1,-1
134,11,1160.00,522.00,114.00,148.00,1.00,-1,-1,-1
134,12,1083.00,679.00,170.00,115.00,1.00,-1,-1,-1
134,15,383.00,1034.00,128.00,72.00,1.00,-1,-1,-1
134,18,754.00,430.00,78.00,30.00,1.00,-1,-1,-1
134,21,542.00,195.00,38.00,45.00,1.00,-1,-1,-1
134,32,412.00,697.00,12.00,13.00,1.00,-1,-1,-1
134,34,673.00,254.00,13.00,42.00,1.00,-1,-1,-1
134,37,579.00,203.00,19.00,33.00,1.00,-1,-1,-1
134,38,679.00,530.00,74.00,43.00,1.00,-1,-1,-1
134,39,547.00,213.00,90.00,58.00,1.00,-1,-1,-1
134,40,586.00,211.00,29.00,25.00,1.00,-1,-1,-1
134,41,1168.00,580.00,25.00,44.00,1.00,-1,-1,-1
134,44,497.00,146.00,221.00,174.00,1.00,-1,-1,-1
134,45,-15.00,1011.00,162.00,121.00,1.00,-1,-1,-1
134,48,564.00,220.00,23.00,61.00,1.00,-1,-1,-1
134,49,524.00,158.00,15.00,11.00,1.00,-1,-1,-1
134,50,550.00,176.00,13.00,19.00,1.00,-1,-1,-1
134,54,522.00,817.00,13.00,23.00,1.00,-1,-1,-1
134,72,739.00,942.00,11.00,15.00,1.00,-1,-1,-1
134,73,1252.00,609.00,64.00,45.00,1.00,-1,-1,-1
134,76,1224.00,616.00,11.00,32.00,1.00,-1,-1,-1
134,77,1111.00,580.00,208.00,46.00,1.00,-1,-1,-1
134,100,767.00,881.00,11.00,36.00,1.00,-1,-1,-1
134,112,966.00,462.00,54.00,12.00,1.00,-1,-1,-1
134,113,1254.00,622.00,27.00,20.00,1.00,-1,-1,-1
134,114,1096.00,505.00,22.00,16.00,1.00,-1,-1,-1
134,116,1182.00,569.00,118.00,23.00,1.00,-1,-1,-1
134,126,1245.00,642.00,34.00,16.00,1.00,-1,-1,-1
134,129,941.00,966.00,29.00,21.00,1.00,-1,-1,-1
134,135,338.00,193.00,499.00,99.00,1.00,-1,-1,-1
134,139,955.00,980.00,21.00,16.00,1.00,-1,-1,-1
134,142,1120.00,718.00,52.00,14.00,1.00,-1,-1,-1
134,147,1817.00,888.00,18.00,51.00,1.00,-1,-1,-1
134,148,1071.00,1042.00,40.00,25.00,1.00,-1,-1,-1
134,149,148.00,1019.00,22.00,105.00,1.00,-1,-1,-1
134,153,1416.00,1028.00,11.00,41.00,1.00,-1,-1,-1
134,158,535.00,1025.00,722.00,103.00,1.00,-1,-1,-1
134,166,521.00,231.00,75.00,45.00,1.00,-1,-1,-1
134,174,589.00,226.00,39.00,42.00,1.00,-1,-1,-1
134,179,-10.00,959.00,19.00,25.00,1.00,-1,-1,-1
134,182,499.00,147.00,138.00,125.00,1.00,-1,-1,-1
134,186,490.00,1066.00,17.00,8.00,1.00,-1,-1,-1
134,193,888.00,1031.00,41.00,65.00,1.00,-1,-1,-1
134,201,407.00,1064.00,11.00,12.00,1.00,-1,-1,-1
134,212,1235.00,590.00,44.00,27.00,1.00,-1,-1,-1
134,219,1239.00,606.00,33.00,37.00,1.00,-1,-1,-1
134,222,-12.00,1055.00,41.00,33.00,1.00,-1,-1,-1
134,223,19.00,1067.00,56.00,13.00,1.00,-1,-1,-1
134,234,-21.00,965.00,42.00,72.00,1.00,-1,-1,-1
134,244,1118.00,572.00,194.00,67.00,1.00,-1,-1,-1
134,246,-1.00,1066.00,17.00,22.00,1.00,-1,-1,-1
134,254,581.00,213.00,65.00,44.00,1.00,-1,-1,-1
134,257,837.00,380.00,29.00,22.00,1.00,-1,-1,-1
134,260,-10.00,963.00,22.00,32.00,1.00,-1,-1,-1
134,262,982.00,528.00,199.00,123.00,1.00,-1,-1,-1
134,270,-20.00,909.00,27.00,17.00,1.00,-1,-1,-1
134,278,1220.00,585.00,42.00,19.00,1.00,-1,-1,-1
134,283,713.00,557.00,27.00,18.00,1.00,-1,-1,-1
134,290,596.00,227.00,23.00,9.00,1.00,-1,-1,-1
134,296,576.00,203.00,25.00,32.00,1.00,-1,-1,-1
134,299,1274.00,632.00,19.00,14.00,1.00,-1,-1,-1
134,301,171.00,135.00,24.00,218.00,1.00,-1,-1,-1
134,305,719.00,421.00,13.00,15.00,1.00,-1,-1,-1
134,306,294.00,588.00,10.00,15.00,1.00,-1,-1,-1
134,307,990.00,374.00,10.00,20.00,1.00,-1,-1,-1
134,309,585.00,208.00,20.00,24.00,1.00,-1,-1,-1
134,312,396.00,520.00,20.00,16.00,1.00,-1,-1,-1
134,316,436.00,890.00,15.00,14.00,1.00,-1,-1,-1
134,325,533.00,206.00,100.00,33.00,1.00,-1,-1,-1
134,332,15.00,305.00,8.00,16.00,1.00,-1,-1,-1
134,337,-11.00,994.00,33.00,24.00,1.00,-1,-1,-1
134,350,609.00,227.00,14.00,20.00,1.00,-1,-1,-1
134,352,895.00,793.00,13.00,33.00,1.00,-1,-1,-1
134,354,1277.00,627.00,16.00,13.00,1.00,-1,-1,-1
134,360,1024.00,501.00,134.00,77.00,1.00,-1,-1,-1
134,362,592.00,213.00,15.00,13.00,1.00,-1,-1,-1
134,363,318.00,438.00,19.00,18.00,1.00,-1,-1,-1
134,364,1420.00,1028.00,17.00,112.00,1.00,-1,-1,-1
134,365,790.00,409.00,25.00,18.00,1.00,-1,-1,-1
134,373,555.00,193.00,64.00,31.00,1.00,-1,-1,-1
134,375,950.00,755.00,14.00,45.00,1.00,-1,-1,-1
134,382,599.00,343.00,41.00,40.00,1.00,-1,-1,-1
134,387,216.00,260.00,16.00,28.00,1.00,-1,-1,-1
134,388,985.00,305.00,18.00,48.00,1.00,-1,-1,-1
134,389,489.00,165.00,16.00,15.00,1.00,-1,-1,-1
134,390,1421.00,1043.00,9.00,29.00,1.00,-1,-1,-1
134,400,286.00,0.00,42.00,7.00,1.00,-1,-1,-1
134,403,1054.00,522.00,78.00,26.00,1.00,-1,-1,-1
134,412,-6.00,965.00,20.00,15.00,1.00,-1,-1,-1
134,415,0.00,934.00,12.00,13.00,1.00,-1,-1,-1
134,423,787.00,675.00,15.00,18.00,1.00,-1,-1,-1
134,426,519.00,672.00,61.00,45.00,1.00,-1,-1,-1
134,427,898.00,722.00,16.00,36.00,1.00,-1,-1,-1
134,428,830.00,737.00,30.00,29.00,1.00,-1,-1,-1
134,429,37.00,390.00,13.00,18.00,1.00,-1,-1,-1
134,434,602.00,232.00,20.00,7.00,1.00,-1,-1,-1
134,444,552.00,173.00,12.00,15.00,1.00,-1,-1,-1
134,445,528.00,161.00,12.00,14.00,1.00,-1,-1,-1
134,446,326.00,754.00,12.00,15.00,1.00,-1,-1,-1
134,447,690.00,942.00,11.00,14.00,1.00,-1,-1,-1
134,448,648.00,653.00,12.00,21.00,1.00,-1,-1,-1
134,450,1238.00,747.00,15.00,12.00,1.00,-1,-1,-1
134,451,492.00,174.00,36.00,15.00,1.00,-1,-1,-1
134,452,657.00,832.00,14.00,15.00,1.00,-1,-1,-1
134,453,531.00,168.00,39.00,28.00,1.00,-1,-1,-1
134,454,11.00,291.00,27.00,30.00,1.00,-1,-1,-1
134,455,945.00,812.00,16.00,26.00,1.00,-1,-1,-1
134,456,588.00,161.00,22.00,9.00,1.00,-1,-1,-1
134,457,1257.00,885.00,18.00,16.00,1.00,-1,-1,-1
134,458,922.00,405.00,109.00,52.00,1.00,-1,-1,-1
134,459,1327.00,993.00,150.00,41.00,1.00,-1,-1,-1
134,461,362.00,184.00,56.00,49.00,1.00,-1,-1,-1
134,470,1177.00,595.00,82.00,22.00,1.00,-1,-1,-1
134,474,1407.00,993.00,48.00,38.00,1.00,-1,-1,-1
134,476,518.00,246.00,193.00,27.00,1.00,-1,-1,-1
134,481,1407.00,993.00,48.00,38.00,1.00,-1,-1,-1
134,483,1406.00,1027.00,18.00,29.00,1.00,-1,-1,-1
134,487,1840.00,869.00,149.00,196.00,1.00,-1,-1,-1
134,488,605.00,491.00,17.00,21.00,1.00,-1,-1,-1
134,492,1700.00,402.00,20.00,19.00,1.00,-1,-1,-1
134,495,681.00,537.00,155.00,61.00,1.00,-1,-1,-1
134,502,483.00,148.00,48.00,33.00,1.00,-1,-1,-1
134,503,791.00,573.00,43.00,27.00,1.00,-1,-1,-1
134,507,1896.00,923.00,24.00,77.00,1.00,-1,-1,-1
134,508,631.00,495.00,25.00,25.00,1.00,-1,-1,-1
135,5,585.00,1048.00,27.00,59.00,1.00,-1,-1,-1
135,9,746.00,1055.00,43.00,30.00,1.00,-1,-1,-1
135,10,948.00,932.00,139.00,66.00,1.00,-1,-1,-1
135,11,1160.00,522.00,114.00,148.00,1.00,-1,-1,-1
135,12,1083.00,679.00,170.00,115.00,1.00,-1,-1,-1
135,15,383.00,1034.00,128.00,72.00,1.00,-1,-1,-1
135,18,754.00,430.00,78.00,30.00,1.00,-1,-1,-1
135,21,542.00,195.00,38.00,45.00,1.00,-1,-1,-1
135,32,412.00,697.00,12.00,13.00,1.00,-1,-1,-1
135,34,673.00,254.00,13.00,42.00,1.00,-1,-1,-1
135,37,579.00,203.00,19.00,33.00,1.00,-1,-1,-1
135,38,679.00,530.00,74.00,43.00,1.00,-1,-1,-1
135,39,547.00,213.00,90.00,58.00,1.00,-1,-1,-1
135,40,586.00,211.00,29.00,25.00,1.00,-1,-1,-1
135,41,1168.00,580.00,25.00,44.00,1.00,-1,-1,-1
135,44,497.00,146.00,221.00,174.00,1.00,-1,-1,-1
135,45,-15.00,1011.00,162.00,121.00,1.00,-1,-1,-1
135,48,564.00,220.00,23.00,61.00,1.00,-1,-1,-1
135,49,524.00,158.00,15.00,11.00,1.00,-1,-1,-1
135,50,550.00,176.00,13.00,19.00,1.00,-1,-1,-1
135,54,522.00,817.00,13.00,23.00,1.00,-1,-1,-1
135,72,739.00,942.00,11.00,15.00,1.00,-1,-1,-1
135,73,1252.00,609.00,64.00,45.00,1.00,-1,-1,-1
135,76,1224.00,616.00,11.00,32.00,1.00,-1,-1,-1
135,77,1111.00,580.00,208.00,46.00,1.00,-1,-1,-1
135,100,767.00,881.00,11.00,36.00,1.00,-1,-1,-1
135,112,966.00,462.00,54.00,12.00,1.00,-1,-1,-1
135,113,1254.00,622.00,27.00,20.00,1.00,-1,-1,-1
135,114,1096.00,505.00,22.00,16.00,1.00,-1,-1,-1
135,116,1182.00,569.00,118.00,23.00,1.00,-1,-1,-1
135,126,1245.00,642.00,34.00,16.00,1.00,-1,-1,-1
135,129,941.00,966.00,29.00,21.00,1.00,-1,-1,-1
135,135,338.00,193.00,499.00,99.00,1.00,-1,-1,-1
135,139,955.00,980.00,21.00,16.00,1.00,-1,-1,-1
135,142,1120.00,718.00,52.00,14.00,1.00,-1,-1,-1
135,147,1817.00,888.00,18.00,51.00,1.00,-1,-1,-1
135,148,1071.00,1042.00,40.00,25.00,1.00,-1,-1,-1
135,149,148.00,1019.00,22.00,105.00,1.00,-1,-1,-1
135,153,1416.00,1028.00,11.00,41.00,1.00,-1,-1,-1
135,158,535.00,1025.00,722.00,103.00,1.00,-1,-1,-1
135,166,521.00,231.00,75.00,45.00,1.00,-1,-1,-1
135,174,589.00,226.00,39.00,42.00,1.00,-1,-1,-1
135,179,-10.00,959.00,19.00,25.00,1.00,-1,-1,-1
135,182,499.00,147.00,138.00,125.00,1.00,-1,-1,-1
135,186,490.00,1066.00,17.00,8.00,1.00,-1,-1,-1
135,193,888.00,1031.00,41.00,65.00,1.00,-1,-1,-1
135,201,407.00,1064.00,11.00,12.00,1.00,-1,-1,-1
135,212,1235.00,590.00,44.00,27.00,1.00,-1,-1,-1
135,219,1239.00,606.00,33.00,37.00,1.00,-1,-1,-1
135,222,-12.00,1055.00,41.00,33.00,1.00,-1,-1,-1
135,223,19.00,1067.00,56.00,13.00,1.00,-1,-1,-1
135,244,1118.00,572.00,194.00,67.00,1.00,-1,-1,-1
135,246,-1.00,1066.00,17.00,22.00,1.00,-1,-1,-1
135,254,581.00,213.00,65.00,44.00,1.00,-1,-1,-1
135,257,837.00,380.00,29.00,22.00,1.00,-1,-1,-1
135,260,-10.00,963.00,22.00,32.00,1.00,-1,-1,-1
135,262,982.00,528.00,199.00,123.00,1.00,-1,-1,-1
135,270,-20.00,909.00,27.00,17.00,1.00,-1,-1,-1
135,278,1220.00,585.00,42.00,19.00,1.00,-1,-1,-1
135,283,713.00,557.00,27.00,18.00,1.00,-1,-1,-1
135,290,596.00,227.00,23.00,9.00,1.00,-1,-1,-1
135,296,576.00,203.00,25.00,32.00,1.00,-1,-1,-1
135,299,1274.00,632.00,19.00,14.00,1.00,-1,-1,-1
135,301,171.00,135.00,24.00,218.00,1.00,-1,-1,-1
135,305,719.00,421.00,13.00,15.00,1.00,-1,-1,-1
135,306,294.00,588.00,10.00,15.00,1.00,-1,-1,-1
135,307,990.00,374.00,10.00,20.00,1.00,-1,-1,-1
135,309,585.00,208.00,20.00,24.00,1.00,-1,-1,-1
135,312,396.00,520.00,20.00,16.00,1.00,-1,-1,-1
135,316,436.00,890.00,15.00,14.00,1.00,-1,-1,-1
135,325,533.00,206.00,100.00,33.00,1.00,-1,-1,-1
135,332,15.00,305.00,8.00,16.00,1.00,-1,-1,-1
135,337,-11.00,994.00,33.00,24.00,1.00,-1,-1,-1
135,350,609.00,227.00,14.00,20.00,1.00,-1,-1,-1
135,352,895.00,793.00,13.00,33.00,1.00,-1,-1,-1
135,354,1277.00,627.00,16.00,13.00,1.00,-1,-1,-1
135,360,1024.00,501.00,134.00,77.00,1.00,-1,-1,-1
135,362,592.00,213.00,15.00,13.00,1.00,-1,-1,-1
135,363,318.00,438.00,19.00,18.00,1.00,-1,-1,-1
135,364,1420.00,1028.00,17.00,112.00,1.00,-1,-1,-1
135,365,790.00,409.00,25.00,18.00,1.00,-1,-1,-1
135,373,555.00,193.00,64.00,31.00,1.00,-1,-1,-1
135,375,950.00,755.00,14.00,45.00,1.00,-1,-1,-1
135,382,599.00,343.00,41.00,40.00,1.00,-1,-1,-1
135,387,216.00,260.00,16.00,28.00,1.00,-1,-1,-1
135,388,985.00,305.00,18.00,48.00,1.00,-1,-1,-1
135,389,489.00,165.00,16.00,15.00,1.00,-1,-1,-1
135,390,1421.00,1043.00,9.00,29.00,1.00,-1,-1,-1
135,400,286.00,0.00,42.00,7.00,1.00,-1,-1,-1
135,403,1054.00,522.00,78.00,26.00,1.00,-1,-1,-1
135,412,-6.00,965.00,20.00,15.00,1.00,-1,-1,-1
135,415,0.00,934.00,12.00,13.00,1.00,-1,-1,-1
135,423,787.00,675.00,15.00,18.00,1.00,-1,-1,-1
135,426,519.00,672.00,61.00,45.00,1.00,-1,-1,-1
135,427,898.00,722.00,16.00,36.00,1.00,-1,-1,-1
135,428,830.00,737.00,30.00,29.00,1.00,-1,-1,-1
135,429,37.00,390.00,13.00,18.00,1.00,-1,-1,-1
135,434,602.00,232.00,20.00,7.00,1.00,-1,-1,-1
135,444,552.00,173.00,12.00,15.00,1.00,-1,-1,-1
135,445,528.00,161.00,12.00,14.00,1.00,-1,-1,-1
135,446,326.00,754.00,12.00,15.00,1.00,-1,-1,-1
135,447,690.00,942.00,11.00,14.00,1.00,-1,-1,-1
135,448,648.00,653.00,12.00,21.00,1.00,-1,-1,-1
135,450,1238.00,747.00,15.00,12.00,1.00,-1,-1,-1
135,451,492.00,174.00,36.00,15.00,1.00,-1,-1,-1
135,452,657.00,832.00,14.00,15.00,1.00,-1,-1,-1
135,453,531.00,168.00,39.00,28.00,1.00,-1,-1,-1
135,454,11.00,291.00,27.00,30.00,1.00,-1,-1,-1
135,455,945.00,812.00,16.00,26.00,1.00,-1,-1,-1
135,456,588.00,161.00,22.00,9.00,1.00,-1,-1,-1
135,457,1257.00,885.00,18.00,16.00,1.00,-1,-1,-1
135,458,922.00,405.00,109.00,52.00,1.00,-1,-1,-1
135,459,1327.00,993.00,150.00,41.00,1.00,-1,-1,-1
135,461,362.00,184.00,56.00,49.00,1.00,-1,-1,-1
135,470,1177.00,595.00,82.00,22.00,1.00,-1,-1,-1
135,474,1407.00,993.00,48.00,38.00,1.00,-1,-1,-1
135,476,518.00,246.00,193.00,27.00,1.00,-1,-1,-1
135,481,1407.00,993.00,48.00,38.00,1.00,-1,-1,-1
135,483,1406.00,1027.00,18.00,29.00,1.00,-1,-1,-1
135,487,1840.00,869.00,149.00,196.00,1.00,-1,-1,-1
135,488,605.00,491.00,17.00,21.00,1.00,-1,-1,-1
135,492,1700.00,402.00,20.00,19.00,1.00,-1,-1,-1
135,495,681.00,537.00,155.00,61.00,1.00,-1,-1,-1
135,502,483.00,148.00,48.00,33.00,1.00,-1,-1,-1
135,503,791.00,573.00,43.00,27.00,1.00,-1,-1,-1
135,507,1896.00,922.00,24.00,77.00,1.00,-1,-1,-1
135,508,630.00,494.00,25.00,25.00,1.00,-1,-1,-1
136,5,569.00,1048.00,27.00,59.00,1.00,-1,-1,-1
136,9,730.00,1055.00,43.00,30.00,1.00,-1,-1,-1
136,10,948.00,932.00,139.00,66.00,1.00,-1,-1,-1
136,11,1175.00,566.00,114.00,104.00,1.00,-1,-1,-1
136,12,1068.00,679.00,170.00,115.00,1.00,-1,-1,-1
136,15,367.00,1034.00,128.00,72.00,1.00,-1,-1,-1
136,18,739.00,430.00,78.00,30.00,1.00,-1,-1,-1
136,21,537.00,194.00,38.00,45.00,1.00,-1,-1,-1
136,32,397.00,697.00,12.00,13.00,1.00,-1,-1,-1
136,34,672.00,257.00,13.00,42.00,1.00,-1,-1,-1
136,37,578.00,205.00,19.00,33.00,1.00,-1,-1,-1
136,38,661.00,528.00,70.00,44.00,1.00,-1,-1,-1
136,39,547.00,214.00,90.00,58.00,1.00,-1,-1,-1
136,40,585.00,213.00,29.00,25.00,1.00,-1,-1,-1
136,41,1186.00,568.00,25.00,44.00,1.00,-1,-1,-1
136,44,489.00,146.00,228.00,178.00,1.00,-1,-1,-1
136,45,-31.00,1011.00,162.00,121.00,1.00,-1,-1,-1
136,48,546.00,219.00,23.00,61.00,1.00,-1,-1,-1
136,49,522.00,159.00,15.00,11.00,1.00,-1,-1,-1
136,50,542.00,172.00,13.00,19.00,1.00,-1,-1,-1
136,54,507.00,817.00,13.00,23.00,1.00,-1,-1,-1
136,72,738.00,942.00,11.00,15.00,1.00,-1,-1,-1
136,73,1267.00,613.00,64.00,45.00,1.00,-1,-1,-1
136,76,1239.00,619.00,11.00,32.00,1.00,-1,-1,-1
136,77,1126.00,584.00,208.00,46.00,1.00,-1,-1,-1
136,100,752.00,881.00,11.00,36.00,1.00,-1,-1,-1
136,112,951.00,463.00,54.00,12.00,1.00,-1,-1,-1
136,113,1270.00,626.00,27.00,20.00,1.00,-1,-1,-1
136,114,1080.00,505.00,22.00,16.00,1.00,-1,-1,-1
136,116,1196.00,569.00,118.00,23.00,1.00,-1,-1,-1
136,126,1259.00,644.00,34.00,16.00,1.00,-1,-1,-1
136,129,941.00,966.00,29.00,21.00,1.00,-1,-1,-1
136,135,338.00,195.00,499.00,99.00,1.00,-1,-1,-1
136,139,955.00,980.00,21.00,16.00,1.00,-1,-1,-1
136,142,1104.00,718.00,52.00,14.00,1.00,-1,-1,-1
136,147,1817.00,888.00,18.00,51.00,1.00,-1,-1,-1
136,148,1056.00,1042.00,40.00,25.00,1.00,-1,-1,-1
136,149,133.00,1019.00,22.00,105.00,1.00,-1,-1,-1
136,153,1400.00,1028.00,11.00,41.00,1.00,-1,-1,-1
136,158,535.00,1025.00,722.00,103.00,1.00,-1,-1,-1
136,166,514.00,234.00,75.00,45.00,1.00,-1,-1,-1
136,174,587.00,227.00,39.00,42.00,1.00,-1,-1,-1
136,179,-10.00,959.00,19.00,25.00,1.00,-1,-1,-1
136,182,499.00,149.00,138.00,125.00,1.00,-1,-1,-1
136,186,474.00,1066.00,17.00,8.00,1.00,-1,-1,-1
136,193,877.00,1044.00,41.00,65.00,1.00,-1,-1,-1
136,201,392.00,1064.00,11.00,12.00,1.00,-1,-1,-1
136,212,1245.00,589.00,44.00,27.00,1.00,-1,-1,-1
136,219,1255.00,609.00,33.00,37.00,1.00,-1,-1,-1
136,222,-12.00,1055.00,41.00,33.00,1.00,-1,-1,-1
136,223,3.00,1067.00,56.00,13.00,1.00,-1,-1,-1
136,244,1133.00,575.00,194.00,67.00,1.00,-1,-1,-1
136,254,580.00,215.00,65.00,44.00,1.00,-1,-1,-1
136,257,822.00,381.00,29.00,22.00,1.00,-1,-1,-1
136,260,-10.00,963.00,22.00,32.00,1.00,-1,-1,-1
136,262,966.00,529.00,199.00,123.00,1.00,-1,-1,-1
136,278,1235.00,588.00,42.00,19.00,1.00,-1,-1,-1
136,283,705.00,557.00,27.00,18.00,1.00,-1,-1,-1
136,290,595.00,229.00,23.00,9.00,1.00,-1,-1,-1
136,296,575.00,205.00,25.00,32.00,1.00,-1,-1,-1
136,299,1289.00,635.00,19.00,14.00,1.00,-1,-1,-1
136,301,156.00,135.00,24.00,218.00,1.00,-1,-1,-1
136,305,720.00,411.00,13.00,15.00,1.00,-1,-1,-1
136,306,279.00,588.00,10.00,15.00,1.00,-1,-1,-1
136,307,974.00,375.00,10.00,20.00,1.00,-1,-1,-1
136,309,584.00,210.00,20.00,24.00,1.00,-1,-1,-1
136,312,381.00,521.00,20.00,16.00,1.00,-1,-1,-1
136,316,421.00,890.00,15.00,14.00,1.00,-1,-1,-1
136,325,533.00,207.00,100.00,33.00,1.00,-1,-1,-1
136,332,1.00,305.00,8.00,16.00,1.00,-1,-1,-1
136,337,124.00,1044.00,33.00,24.00,1.00,-1,-1,-1
136,350,608.00,228.00,14.00,20.00,1.00,-1,-1,-1
136,352,880.00,793.00,13.00,33.00,1.00,-1,-1,-1
136,354,1291.00,630.00,16.00,13.00,1.00,-1,-1,-1
136,360,1009.00,501.00,134.00,77.00,1.00,-1,-1,-1
136,362,590.00,214.00,15.00,13.00,1.00,-1,-1,-1
136,363,302.00,438.00,19.00,18.00,1.00,-1,-1,-1
136,364,1404.00,1028.00,17.00,112.00,1.00,-1,-1,-1
136,365,775.00,409.00,25.00,18.00,1.00,-1,-1,-1
136,373,540.00,185.00,64.00,31.00,1.00,-1,-1,-1
136,375,935.00,755.00,14.00,45.00,1.00,-1,-1,-1
136,382,584.00,343.00,41.00,40.00,1.00,-1,-1,-1
136,387,201.00,260.00,16.00,28.00,1.00,-1,-1,-1
136,388,970.00,306.00,18.00,48.00,1.00,-1,-1,-1
136,389,489.00,167.00,16.00,15.00,1.00,-1,-1,-1
136,390,1405.00,1043.00,9.00,29.00,1.00,-1,-1,-1
136,400,271.00,0.00,42.00,7.00,1.00,-1,-1,-1
136,403,1039.00,522.00,78.00,26.00,1.00,-1,-1,-1
136,412,-6.00,965.00,20.00,15.00,1.00,-1,-1,-1
136,415,0.00,934.00,12.00,13.00,1.00,-1,-1,-1
136,423,772.00,676.00,15.00,18.00,1.00,-1,-1,-1
136,426,503.00,672.00,61.00,45.00,1.00,-1,-1,-1
136,427,882.00,722.00,16.00,36.00,1.00,-1,-1,-1
136,428,815.00,738.00,30.00,29.00,1.00,-1,-1,-1
136,429,22.00,390.00,13.00,18.00,1.00,-1,-1,-1
136,434,602.00,234.00,20.00,7.00,1.00,-1,-1,-1
136,444,545.00,173.00,12.00,15.00,1.00,-1,-1,-1
136,445,525.00,162.00,12.00,14.00,1.00,-1,-1,-1
136,446,310.00,754.00,12.00,15.00,1.00,-1,-1,-1
136,447,690.00,942.00,11.00,14.00,1.00,-1,-1,-1
136,448,633.00,653.00,12.00,21.00,1.00,-1,-1,-1
136,450,1223.00,747.00,15.00,12.00,1.00,-1,-1,-1
136,451,491.00,175.00,36.00,15.00,1.00,-1,-1,-1
136,452,641.00,833.00,14.00,15.00,1.00,-1,-1,-1
136,453,527.00,170.00,39.00,28.00,1.00,-1,-1,-1
136,454,-3.00,291.00,27.00,30.00,1.00,-1,-1,-1
136,455,930.00,812.00,16.00,26.00,1.00,-1,-1,-1
136,456,573.00,161.00,22.00,9.00,1.00,-1,-1,-1
136,457,1241.00,885.00,18.00,16.00,1.00,-1,-1,-1
136,458,907.00,405.00,109.00,52.00,1.00,-1,-1,-1
136,459,1315.00,1003.00,150.00,41.00,1.00,-1,-1,-1
136,461,347.00,184.00,56.00,49.00,1.00,-1,-1,-1
136,470,1192.00,599.00,82.00,22.00,1.00,-1,-1,-1
136,474,1407.00,993.00,48.00,38.00,1.00,-1,-1,-1
136,476,517.00,247.00,193.00,27.00,1.00,-1,-1,-1
136,481,1407.00,993.00,48.00,38.00,1.00,-1,-1,-1
136,483,1390.00,1026.00,18.00,29.00,1.00,-1,-1,-1
136,487,1840.00,869.00,149.00,196.00,1.00,-1,-1,-1
136,488,590.00,490.00,17.00,21.00,1.00,-1,-1,-1
136,492,1685.00,402.00,20.00,19.00,1.00,-1,-1,-1
136,495,669.00,536.00,155.00,61.00,1.00,-1,-1,-1
136,502,484.00,150.00,48.00,33.00,1.00,-1,-1,-1
136,503,782.00,573.00,43.00,27.00,1.00,-1,-1,-1
136,507,1896.00,922.00,24.00,77.00,1.00,-1,-1,-1
136,508,620.00,496.00,22.00,23.00,1.00,-1,-1,-1
137,5,551.00,1048.00,27.00,59.00,1.00,-1,-1,-1
137,9,712.00,1055.00,43.00,30.00,1.00,-1,-1,-1
137,10,948.00,932.00,139.00,66.00,1.00,-1,-1,-1
137,11,1196.00,565.00,108.00,111.00,1.00,-1,-1,-1
137,12,1050.00,679.00,170.00,115.00,1.00,-1,-1,-1
137,15,349.00,1034.00,128.00,72.00,1.00,-1,-1,-1
137,18,721.00,430.00,78.00,30.00,1.00,-1,-1,-1
137,21,536.00,197.00,38.00,45.00,1.00,-1,-1,-1
137,32,384.00,666.00,12.00,13.00,1.00,-1,-1,-1
137,34,668.00,259.00,13.00,42.00,1.00,-1,-1,-1
137,37,575.00,207.00,19.00,33.00,1.00,-1,-1,-1
137,38,649.00,527.00,70.00,44.00,1.00,-1,-1,-1
137,39,544.00,216.00,90.00,58.00,1.00,-1,-1,-1
137,40,582.00,215.00,29.00,25.00,1.00,-1,-1,-1
137,41,1223.00,625.00,25.00,44.00,1.00,-1,-1,-1
137,44,483.00,148.00,228.00,179.00,1.00,-1,-1,-1
137,45,-48.00,1011.00,162.00,121.00,1.00,-1,-1,-1
137,48,524.00,214.00,23.00,61.00,1.00,-1,-1,-1
137,49,521.00,161.00,15.00,11.00,1.00,-1,-1,-1
137,50,540.00,173.00,13.00,19.00,1.00,-1,-1,-1
137,54,489.00,817.00,13.00,23.00,1.00,-1,-1,-1
137,72,738.00,942.00,11.00,15.00,1.00,-1,-1,-1
137,73,1280.00,615.00,64.00,45.00,1.00,-1,-1,-1
137,76,1252.00,622.00,11.00,32.00,1.00,-1,-1,-1
137,77,1139.00,587.00,208.00,46.00,1.00,-1,-1,-1
137,100,734.00,881.00,11.00,36.00,1.00,-1,-1,-1
137,112,984.00,487.00,54.00,12.00,1.00,-1,-1,-1
137,113,1282.00,629.00,27.00,20.00,1.00,-1,-1,-1
137,114,1063.00,505.00,22.00,16.00,1.00,-1,-1,-1
137,116,1203.00,556.00,118.00,23.00,1.00,-1,-1,-1
137,126,1271.00,647.00,34.00,16.00,1.00,-1,-1,-1
137,129,941.00,966.00,29.00,21.00,1.00,-1,-1,-1
137,135,334.00,197.00,499.00,99.00,1.00,-1,-1,-1
137,139,955.00,980.00,21.00,16.00,1.00,-1,-1,-1
137,142,1087.00,718.00,52.00,14.00,1.00,-1,-1,-1
137,147,1817.00,888.00,18.00,51.00,1.00,-1,-1,-1
137,148,647.00,541.00,40.00,25.00,1.00,-1,-1,-1
137,149,115.00,1019.00,22.00,105.00,1.00,-1,-1,-1
137,153,1382.00,1028.00,11.00,41.00,1.00,-1,-1,-1
137,158,535.00,1025.00,722.00,103.00,1.00,-1,-1,-1
137,166,494.00,228.00,75.00,45.00,1.00,-1,-1,-1
137,174,584.00,229.00,39.00,42.00,1.00,-1,-1,-1
137,179,-10.00,959.00,19.00,25.00,1.00,-1,-1,-1
137,182,496.00,151.00,138.00,125.00,1.00,-1,-1,-1
137,186,456.00,1066.00,17.00,8.00,1.00,-1,-1,-1
137,193,859.00,1044.00,41.00,65.00,1.00,-1,-1,-1
137,201,374.00,1064.00,11.00,12.00,1.00,-1,-1,-1
137,212,1258.00,588.00,44.00,27.00,1.00,-1,-1,-1
137,219,1267.00,612.00,33.00,37.00,1.00,-1,-1,-1
137,222,-12.00,1055.00,41.00,33.00,1.00,-1,-1,-1
137,223,-14.00,1068.00,56.00,13.00,1.00,-1,-1,-1
137,244,1146.00,578.00,194.00,67.00,1.00,-1,-1,-1
137,254,577.00,217.00,65.00,44.00,1.00,-1,-1,-1
137,257,804.00,381.00,29.00,22.00,1.00,-1,-1,-1
137,260,-10.00,963.00,22.00,32.00,1.00,-1,-1,-1
137,262,949.00,529.00,199.00,123.00,1.00,-1,-1,-1
137,278,1248.00,592.00,42.00,19.00,1.00,-1,-1,-1
137,283,694.00,557.00,27.00,18.00,1.00,-1,-1,-1
137,290,593.00,231.00,23.00,9.00,1.00,-1,-1,-1
137,296,573.00,207.00,25.00,32.00,1.00,-1,-1,-1
137,299,1302.00,638.00,19.00,14.00,1.00,-1,-1,-1
137,301,139.00,135.00,24.00,218.00,1.00,-1,-1,-1
137,305,703.00,412.00,13.00,15.00,1.00,-1,-1,-1
137,306,261.00,589.00,10.00,15.00,1.00,-1,-1,-1
137,307,957.00,375.00,10.00,20.00,1.00,-1,-1,-1
137,309,581.00,212.00,20.00,24.00,1.00,-1,-1,-1
137,312,398.00,534.00,20.00,16.00,1.00,-1,-1,-1
137,316,403.00,890.00,15.00,14.00,1.00,-1,-1,-1
137,325,530.00,209.00,100.00,33.00,1.00,-1,-1,-1
137,332,1.00,305.00,8.00,16.00,1.00,-1,-1,-1
137,337,106.00,1044.00,33.00,24.00,1.00,-1,-1,-1
137,350,605.00,231.00,14.00,20.00,1.00,-1,-1,-1
137,352,862.00,793.00,13.00,33.00,1.00,-1,-1,-1
137,354,1304.00,633.00,16.00,13.00,1.00,-1,-1,-1
137,360,991.00,501.00,134.00,77.00,1.00,-1,-1,-1
137,362,588.00,216.00,15.00,13.00,1.00,-1,-1,-1
137,363,285.00,439.00,19.00,18.00,1.00,-1,-1,-1
137,364,1387.00,1028.00,17.00,112.00,1.00,-1,-1,-1
137,365,758.00,409.00,25.00,18.00,1.00,-1,-1,-1
137,373,537.00,187.00,64.00,31.00,1.00,-1,-1,-1
137,375,917.00,755.00,14.00,45.00,1.00,-1,-1,-1
137,382,567.00,343.00,41.00,40.00,1.00,-1,-1,-1
137,387,184.00,261.00,16.00,28.00,1.00,-1,-1,-1
137,388,952.00,306.00,18.00,48.00,1.00,-1,-1,-1
137,389,482.00,167.00,16.00,15.00,1.00,-1,-1,-1
137,390,1387.00,1043.00,9.00,29.00,1.00,-1,-1,-1
137,400,254.00,0.00,42.00,7.00,1.00,-1,-1,-1
137,403,1021.00,522.00,78.00,26.00,1.00,-1,-1,-1
137,412,-6.00,965.00,20.00,15.00,1.00,-1,-1,-1
137,415,0.00,934.00,12.00,13.00,1.00,-1,-1,-1
137,423,754.00,676.00,15.00,18.00,1.00,-1,-1,-1
137,426,486.00,672.00,61.00,45.00,1.00,-1,-1,-1
137,427,865.00,722.00,16.00,36.00,1.00,-1,-1,-1
137,428,797.00,738.00,30.00,29.00,1.00,-1,-1,-1
137,429,4.00,390.00,13.00,18.00,1.00,-1,-1,-1
137,434,599.00,236.00,20.00,7.00,1.00,-1,-1,-1
137,444,542.00,174.00,12.00,15.00,1.00,-1,-1,-1
137,445,524.00,164.00,12.00,14.00,1.00,-1,-1,-1
137,446,293.00,754.00,12.00,15.00,1.00,-1,-1,-1
137,447,690.00,942.00,11.00,14.00,1.00,-1,-1,-1
137,448,615.00,653.00,12.00,21.00,1.00,-1,-1,-1
137,450,1205.00,748.00,15.00,12.00,1.00,-1,-1,-1
137,451,489.00,175.00,36.00,15.00,1.00,-1,-1,-1
137,452,623.00,833.00,14.00,15.00,1.00,-1,-1,-1
137,453,525.00,172.00,39.00,28.00,1.00,-1,-1,-1
137,454,-3.00,291.00,27.00,30.00,1.00,-1,-1,-1
137,455,912.00,781.00,16.00,26.00,1.00,-1,-1,-1
137,456,556.00,161.00,22.00,9.00,1.00,-1,-1,-1
137,457,1223.00,886.00,18.00,16.00,1.00,-1,-1,-1
137,458,889.00,405.00,109.00,52.00,1.00,-1,-1,-1
137,459,1297.00,1004.00,150.00,41.00,1.00,-1,-1,-1
137,461,330.00,184.00,56.00,49.00,1.00,-1,-1,-1
137,470,1204.00,602.00,82.00,22.00,1.00,-1,-1,-1
137,474,1407.00,993.00,48.00,38.00,1.00,-1,-1,-1
137,476,512.00,249.00,193.00,27.00,1.00,-1,-1,-1
137,481,1407.00,993.00,48.00,38.00,1.00,-1,-1,-1
137,483,1372.00,1026.00,18.00,29.00,1.00,-1,-1,-1
137,487,1840.00,869.00,149.00,196.00,1.00,-1,-1,-1
137,488,572.00,491.00,17.00,21.00,1.00,-1,-1,-1
137,492,1667.00,402.00,20.00,19.00,1.00,-1,-1,-1
137,495,641.00,520.00,172.00,76.00,1.00,-1,-1,-1
137,502,481.00,150.00,48.00,33.00,1.00,-1,-1,-1
137,503,771.00,572.00,43.00,27.00,1.00,-1,-1,-1
137,507,1896.00,922.00,24.00,77.00,1.00,-1,-1,-1
137,508,609.00,496.00,22.00,23.00,1.00,-1,-1,-1
137,512,408.00,964.00,801.00,116.00,1.00,-1,-1,-1
138,5,531.00,1048.00,27.00,59.00,1.00,-1,-1,-1
138,9,692.00,1055.00,43.00,30.00,1.00,-1,-1,-1
138,10,948.00,932.00,139.00,66.00,1.00,-1,-1,-1
138,11,1210.00,572.00,103.00,106.00,1.00,-1,-1,-1
138,12,1030.00,679.00,170.00,115.00,1.00,-1,-1,-1
138,15,329.00,1034.00,128.00,72.00,1.00,-1,-1,-1
138,18,702.00,430.00,78.00,30.00,1.00,-1,-1,-1
138,21,518.00,187.00,38.00,45.00,1.00,-1,-1,-1
138,32,365.00,666.00,12.00,13.00,1.00,-1,-1,-1
138,34,663.00,263.00,13.00,42.00,1.00,-1,-1,-1
138,37,571.00,209.00,19.00,33.00,1.00,-1,-1,-1
138,38,636.00,527.00,70.00,44.00,1.00,-1,-1,-1
138,39,539.00,218.00,90.00,58.00,1.00,-1,-1,-1
138,40,578.00,218.00,29.00,25.00,1.00,-1,-1,-1
138,41,1234.00,627.00,25.00,44.00,1.00,-1,-1,-1
138,44,480.00,150.00,221.00,180.00,1.00,-1,-1,-1
138,45,-68.00,1011.00,162.00,121.00,1.00,-1,-1,-1
138,48,505.00,214.00,23.00,61.00,1.00,-1,-1,-1
138,49,518.00,163.00,15.00,11.00,1.00,-1,-1,-1
138,50,536.00,175.00,13.00,19.00,1.00,-1,-1,-1
138,54,469.00,817.00,13.00,23.00,1.00,-1,-1,-1
138,72,738.00,942.00,11.00,15.00,1.00,-1,-1,-1
138,73,1291.00,618.00,64.00,45.00,1.00,-1,-1,-1
138,76,1263.00,624.00,11.00,32.00,1.00,-1,-1,-1
138,77,1150.00,590.00,208.00,46.00,1.00,-1,-1,-1
138,100,714.00,881.00,11.00,36.00,1.00,-1,-1,-1
138,112,964.00,487.00,54.00,12.00,1.00,-1,-1,-1
138,113,1294.00,632.00,27.00,20.00,1.00,-1,-1,-1
138,114,1043.00,505.00,22.00,16.00,1.00,-1,-1,-1
138,116,1215.00,550.00,118.00,23.00,1.00,-1,-1,-1
138,126,1282.00,649.00,34.00,16.00,1.00,-1,-1,-1
138,129,941.00,966.00,29.00,21.00,1.00,-1,-1,-1
138,135,329.00,199.00,499.00,99.00,1.00,-1,-1,-1
138,139,955.00,980.00,21.00,16.00,1.00,-1,-1,-1
138,142,1067.00,718.00,52.00,14.00,1.00,-1,-1,-1
138,147,1817.00,888.00,18.00,51.00,1.00,-1,-1,-1
138,148,633.00,539.00,40.00,25.00,1.00,-1,-1,-1
138,149,95.00,1019.00,22.00,105.00,1.00,-1,-1,-1
138,153,1363.00,1028.00,11.00,41.00,1.00,-1,-1,-1
138,158,581.00,1025.00,722.00,103.00,1.00,-1,-1,-1
138,166,475.00,228.00,75.00,45.00,1.00,-1,-1,-1
138,174,579.00,231.00,39.00,42.00,1.00,-1,-1,-1
138,179,-10.00,959.00,19.00,25.00,1.00,-1,-1,-1
138,182,492.00,153.00,138.00,125.00,1.00,-1,-1,-1
138,186,436.00,1066.00,17.00,8.00,1.00,-1,-1,-1
138,193,840.00,1044.00,41.00,65.00,1.00,-1,-1,-1
138,201,354.00,1064.00,11.00,12.00,1.00,-1,-1,-1
138,212,1266.00,585.00,44.00,27.00,1.00,-1,-1,-1
138,219,1279.00,615.00,33.00,37.00,1.00,-1,-1,-1
138,222,-12.00,1055.00,41.00,33.00,1.00,-1,-1,-1
138,223,-14.00,1068.00,56.00,13.00,1.00,-1,-1,-1
138,244,1158.00,581.00,194.00,67.00,1.00,-1,-1,-1
138,254,572.00,220.00,65.00,44.00,1.00,-1,-1,-1
138,257,785.00,381.00,29.00,22.00,1.00,-1,-1,-1
138,262,929.00,529.00,199.00,123.00,1.00,-1,-1,-1
138,278,1260.00,595.00,42.00,19.00,1.00,-1,-1,-1
138,283,682.00,557.00,27.00,18.00,1.00,-1,-1,-1
138,290,587.00,234.00,23.00,9.00,1.00,-1,-1,-1
138,296,568.00,208.00,25.00,32.00,1.00,-1,-1,-1
138,299,1314.00,641.00,19.00,14.00,1.00,-1,-1,-1
138,301,119.00,135.00,24.00,218.00,1.00,-1,-1,-1
138,305,683.00,412.00,13.00,15.00,1.00,-1,-1,-1
138,306,264.00,572.00,10.00,15.00,1.00,-1,-1,-1
138,307,937.00,375.00,10.00,20.00,1.00,-1,-1,-1
138,309,577.00,214.00,20.00,24.00,1.00,-1,-1,-1
138,312,404.00,526.00,20.00,16.00,1.00,-1,-1,-1
138,316,383.00,891.00,15.00,14.00,1.00,-1,-1,-1
138,325,525.00,211.00,100.00,33.00,1.00,-1,-1,-1
138,332,1.00,305.00,8.00,16.00,1.00,-1,-1,-1
138,337,86.00,1044.00,33.00,24.00,1.00,-1,-1,-1
138,350,600.00,233.00,14.00,20.00,1.00,-1,-1,-1
138,352,843.00,794.00,13.00,33.00,1.00,-1,-1,-1
138,354,1316.00,636.00,16.00,13.00,1.00,-1,-1,-1
138,360,971.00,501.00,134.00,77.00,1.00,-1,-1,-1
138,362,584.00,219.00,15.00,13.00,1.00,-1,-1,-1
138,363,265.00,439.00,19.00,18.00,1.00,-1,-1,-1
138,364,1366.00,1028.00,17.00,112.00,1.00,-1,-1,-1
138,365,738.00,410.00,25.00,18.00,1.00,-1,-1,-1
138,373,513.00,173.00,64.00,31.00,1.00,-1,-1,-1
138,375,898.00,726.00,14.00,45.00,1.00,-1,-1,-1
138,382,580.00,346.00,41.00,40.00,1.00,-1,-1,-1
138,387,164.00,260.00,16.00,28.00,1.00,-1,-1,-1
138,388,933.00,306.00,18.00,48.00,1.00,-1,-1,-1
138,389,463.00,167.00,16.00,15.00,1.00,-1,-1,-1
138,390,1367.00,1044.00,9.00,29.00,1.00,-1,-1,-1
138,400,233.00,0.00,42.00,7.00,1.00,-1,-1,-1
138,403,1001.00,523.00,78.00,26.00,1.00,-1,-1,-1
138,412,-6.00,965.00,20.00,15.00,1.00,-1,-1,-1
138,415,0.00,934.00,12.00,13.00,1.00,-1,-1,-1
138,423,734.00,676.00,15.00,18.00,1.00,-1,-1,-1
138,426,466.00,673.00,61.00,45.00,1.00,-1,-1,-1
138,427,845.00,722.00,16.00,36.00,1.00,-1,-1,-1
138,428,777.00,738.00,30.00,29.00,1.00,-1,-1,-1
138,429,4.00,390.00,13.00,18.00,1.00,-1,-1,-1
138,434,594.00,238.00,20.00,7.00,1.00,-1,-1,-1
138,444,538.00,176.00,12.00,15.00,1.00,-1,-1,-1
138,445,520.00,166.00,12.00,14.00,1.00,-1,-1,-1
138,446,273.00,754.00,12.00,15.00,1.00,-1,-1,-1
138,447,691.00,943.00,11.00,14.00,1.00,-1,-1,-1
138,448,643.00,708.00,12.00,21.00,1.00,-1,-1,-1
138,450,1185.00,747.00,15.00,12.00,1.00,-1,-1,-1
138,451,478.00,173.00,36.00,15.00,1.00,-1,-1,-1
138,452,603.00,833.00,14.00,15.00,1.00,-1,-1,-1
138,453,520.00,173.00,39.00,28.00,1.00,-1,-1,-1
138,454,-3.00,291.00,27.00,30.00,1.00,-1,-1,-1
138,455,898.00,748.00,16.00,26.00,1.00,-1,-1,-1
138,456,536.00,161.00,22.00,9.00,1.00,-1,-1,-1
138,457,1204.00,886.00,18.00,16.00,1.00,-1,-1,-1
138,458,870.00,405.00,109.00,52.00,1.00,-1,-1,-1
138,459,1270.00,981.00,150.00,41.00,1.00,-1,-1,-1
138,461,310.00,184.00,56.00,49.00,1.00,-1,-1,-1
138,470,1216.00,605.00,82.00,22.00,1.00,-1,-1,-1
138,474,1407.00,993.00,48.00,38.00,1.00,-1,-1,-1
138,476,507.00,251.00,193.00,27.00,1.00,-1,-1,-1
138,481,1407.00,993.00,48.00,38.00,1.00,-1,-1,-1
138,483,1353.00,1027.00,18.00,29.00,1.00,-1,-1,-1
138,485,599.00,497.00,197.00,97.00,1.00,-1,-1,-1
138,487,1840.00,869.00,149.00,196.00,1.00,-1,-1,-1
138,488,553.00,491.00,17.00,21.00,1.00,-1,-1,-1
138,492,1647.00,402.00,20.00,19.00,1.00,-1,-1,-1
138,495,629.00,519.00,172.00,76.00,1.00,-1,-1,-1
138,502,478.00,151.00,48.00,33.00,1.00,-1,-1,-1
138,503,757.00,571.00,43.00,27.00,1.00,-1,-1,-1
138,507,1896.00,922.00,24.00,77.00,1.00,-1,-1,-1
138,508,598.00,496.00,22.00,23.00,1.00,-1,-1,-1
138,512,161.00,912.00,1581.00,168.00,1.00,-1,-1,-1
139,5,512.00,1048.00,27.00,59.00,1.00,-1,-1,-1
139,9,673.00,1055.00,43.00,30.00,1.00,-1,-1,-1
139,10,948.00,932.00,139.00,66.00,1.00,-1,-1,-1
139,11,1221.00,572.00,106.00,109.00,1.00,-1,-1,-1
139,12,1011.00,679.00,170.00,115.00,1.00,-1,-1,-1
139,15,309.00,1034.00,128.00,72.00,1.00,-1,-1,-1
139,18,683.00,431.00,78.00,30.00,1.00,-1,-1,-1
139,21,515.00,189.00,38.00,45.00,1.00,-1,-1,-1
139,32,345.00,666.00,12.00,13.00,1.00,-1,-1,-1
139,34,657.00,267.00,13.00,42.00,1.00,-1,-1,-1
139,37,566.00,211.00,19.00,33.00,1.00,-1,-1,-1
139,38,625.00,526.00,70.00,44.00,1.00,-1,-1,-1
139,39,534.00,221.00,90.00,58.00,1.00,-1,-1,-1
139,40,574.00,221.00,29.00,25.00,1.00,-1,-1,-1
139,41,1246.00,629.00,25.00,44.00,1.00,-1,-1,-1
139,44,478.00,151.00,221.00,190.00,1.00,-1,-1,-1
139,45,-68.00,1011.00,162.00,121.00,1.00,-1,-1,-1
139,48,485.00,214.00,23.00,61.00,1.00,-1,-1,-1
139,49,530.00,171.00,15.00,11.00,1.00,-1,-1,-1
139,50,539.00,166.00,13.00,19.00,1.00,-1,-1,-1
139,54,450.00,817.00,13.00,23.00,1.00,-1,-1,-1
139,72,738.00,943.00,11.00,15.00,1.00,-1,-1,-1
139,73,1304.00,621.00,64.00,45.00,1.00,-1,-1,-1
139,76,1275.00,627.00,11.00,32.00,1.00,-1,-1,-1
139,77,1163.00,593.00,208.00,46.00,1.00,-1,-1,-1
139,100,695.00,881.00,11.00,36.00,1.00,-1,-1,-1
139,112,945.00,487.00,54.00,12.00,1.00,-1,-1,-1
139,113,1307.00,635.00,27.00,20.00,1.00,-1,-1,-1
139,114,1024.00,505.00,22.00,16.00,1.00,-1,-1,-1
139,116,1227.00,548.00,118.00,23.00,1.00,-1,-1,-1
139,126,1294.00,652.00,34.00,16.00,1.00,-1,-1,-1
139,129,941.00,966.00,29.00,21.00,1.00,-1,-1,-1
139,135,325.00,201.00,499.00,99.00,1.00,-1,-1,-1
139,139,955.00,980.00,21.00,16.00,1.00,-1,-1,-1
139,142,1048.00,718.00,52.00,14.00,1.00,-1,-1,-1
139,148,621.00,539.00,40.00,25.00,1.00,-1,-1,-1
139,149,95.00,1019.00,22.00,105.00,1.00,-1,-1,-1
139,153,1343.00,1028.00,11.00,41.00,1.00,-1,-1,-1
139,158,569.00,981.00,722.00,103.00,1.00,-1,-1,-1
139,166,456.00,228.00,75.00,45.00,1.00,-1,-1,-1
139,174,573.00,233.00,39.00,42.00,1.00,-1,-1,-1
139,182,488.00,155.00,138.00,125.00,1.00,-1,-1,-1
139,186,417.00,1066.00,17.00,8.00,1.00,-1,-1,-1
139,193,821.00,1044.00,41.00,65.00,1.00,-1,-1,-1
139,201,334.00,1064.00,11.00,12.00,1.00,-1,-1,-1
139,212,1276.00,581.00,44.00,27.00,1.00,-1,-1,-1
139,219,1291.00,618.00,33.00,37.00,1.00,-1,-1,-1
139,223,-14.00,1068.00,56.00,13.00,1.00,-1,-1,-1
139,244,1170.00,584.00,194.00,67.00,1.00,-1,-1,-1
139,254,568.00,223.00,65.00,44.00,1.00,-1,-1,-1
139,257,765.00,381.00,29.00,22.00,1.00,-1,-1,-1
139,262,910.00,529.00,199.00,123.00,1.00,-1,-1,-1
139,278,1273.00,598.00,42.00,19.00,1.00,-1,-1,-1
139,283,670.00,556.00,27.00,18.00,1.00,-1,-1,-1
139,290,583.00,237.00,23.00,9.00,1.00,-1,-1,-1
139,296,564.00,212.00,25.00,32.00,1.00,-1,-1,-1
139,299,1327.00,644.00,19.00,14.00,1.00,-1,-1,-1
139,301,99.00,135.00,24.00,218.00,1.00,-1,-1,-1
139,305,664.00,412.00,13.00,15.00,1.00,-1,-1,-1
139,306,244.00,572.00,10.00,15.00,1.00,-1,-1,-1
139,307,918.00,375.00,10.00,20.00,1.00,-1,-1,-1
139,309,571.00,216.00,20.00,24.00,1.00,-1,-1,-1
139,312,385.00,526.00,20.00,16.00,1.00,-1,-1,-1
139,316,364.00,891.00,15.00,14.00,1.00,-1,-1,-1
139,325,521.00,214.00,100.00,33.00,1.00,-1,-1,-1
139,332,16.00,292.00,8.00,16.00,1.00,-1,-1,-1
139,337,67.00,1044.00,33.00,24.00,1.00,-1,-1,-1
139,350,596.00,237.00,14.00,20.00,1.00,-1,-1,-1
139,352,823.00,794.00,13.00,33.00,1.00,-1,-1,-1
139,354,1329.00,638.00,16.00,13.00,1.00,-1,-1,-1
139,360,952.00,501.00,134.00,77.00,1.00,-1,-1,-1
139,362,575.00,218.00,15.00,13.00,1.00,-1,-1,-1
139,363,246.00,439.00,19.00,18.00,1.00,-1,-1,-1
139,364,1348.00,1028.00,17.00,112.00,1.00,-1,-1,-1
139,365,719.00,410.00,25.00,18.00,1.00,-1,-1,-1
139,373,525.00,175.00,64.00,31.00,1.00,-1,-1,-1
139,375,892.00,760.00,14.00,45.00,1.00,-1,-1,-1
139,382,560.00,346.00,41.00,40.00,1.00,-1,-1,-1
139,387,145.00,260.00,16.00,28.00,1.00,-1,-1,-1
139,388,914.00,306.00,18.00,48.00,1.00,-1,-1,-1
139,389,473.00,169.00,16.00,15.00,1.00,-1,-1,-1
139,390,1348.00,1043.00,9.00,29.00,1.00,-1,-1,-1
139,400,215.00,0.00,42.00,7.00,1.00,-1,-1,-1
139,403,982.00,523.00,78.00,26.00,1.00,-1,-1,-1
139,412,-6.00,965.00,20.00,15.00,1.00,-1,-1,-1
139,415,0.00,934.00,12.00,13.00,1.00,-1,-1,-1
139,423,715.00,676.00,15.00,18.00,1.00,-1,-1,-1
139,426,447.00,673.00,61.00,45.00,1.00,-1,-1,-1
139,427,826.00,722.00,16.00,36.00,1.00,-1,-1,-1
139,428,758.00,738.00,30.00,29.00,1.00,-1,-1,-1
139,429,12.00,355.00,13.00,18.00,1.00,-1,-1,-1
139,434,589.00,242.00,20.00,7.00,1.00,-1,-1,-1
139,444,549.00,175.00,12.00,15.00,1.00,-1,-1,-1
139,445,517.00,167.00,12.00,14.00,1.00,-1,-1,-1
139,446,253.00,755.00,12.00,15.00,1.00,-1,-1,-1
139,447,690.00,942.00,11.00,14.00,1.00,-1,-1,-1
139,448,624.00,708.00,12.00,21.00,1.00,-1,-1,-1
139,450,1166.00,747.00,15.00,12.00,1.00,-1,-1,-1
139,451,484.00,179.00,36.00,15.00,1.00,-1,-1,-1
139,452,584.00,833.00,14.00,15.00,1.00,-1,-1,-1
139,453,494.00,140.00,39.00,28.00,1.00,-1,-1,-1
139,454,19.00,288.00,27.00,30.00,1.00,-1,-1,-1
139,455,878.00,708.00,16.00,26.00,1.00,-1,-1,-1
139,456,548.00,181.00,22.00,9.00,1.00,-1,-1,-1
139,457,1185.00,886.00,18.00,16.00,1.00,-1,-1,-1
139,458,850.00,405.00,109.00,52.00,1.00,-1,-1,-1
139,459,1270.00,966.00,150.00,41.00,1.00,-1,-1,-1
139,461,291.00,184.00,56.00,49.00,1.00,-1,-1,-1
139,470,1229.00,608.00,82.00,22.00,1.00,-1,-1,-1
139,474,1407.00,993.00,48.00,38.00,1.00,-1,-1,-1
139,476,501.00,253.00,193.00,27.00,1.00,-1,-1,-1
139,481,1407.00,993.00,48.00,38.00,1.00,-1,-1,-1
139,483,1334.00,1027.00,18.00,29.00,1.00,-1,-1,-1
139,485,589.00,501.00,191.00,93.00,1.00,-1,-1,-1
139,488,533.00,491.00,17.00,21.00,1.00,-1,-1,-1
139,492,1628.00,402.00,20.00,19.00,1.00,-1,-1,-1
139,495,615.00,518.00,172.00,76.00,1.00,-1,-1,-1
139,502,475.00,153.00,48.00,33.00,1.00,-1,-1,-1
139,503,744.00,571.00,43.00,27.00,1.00,-1,-1,-1
139,507,1896.00,922.00,24.00,77.00,1.00,-1,-1,-1
139,508,587.00,496.00,22.00,23.00,1.00,-1,-1,-1
139,512,161.00,890.00,1581.00,190.00,1.00,-1,-1,-1
140,5,493.00,1048.00,27.00,59.00,1.00,-1,-1,-1
140,9,655.00,1055.00,43.00,30.00,1.00,-1,-1,-1
140,10,948.00,932.00,139.00,66.00,1.00,-1,-1,-1
140,11,1232.00,533.00,106.00,150.00,1.00,-1,-1,-1
140,12,992.00,679.00,170.00,115.00,1.00,-1,-1,-1
140,15,291.00,1034.00,128.00,72.00,1.00,-1,-1,-1
140,18,664.00,431.00,78.00,30.00,1.00,-1,-1,-1
140,21,506.00,186.00,38.00,45.00,1.00,-1,-1,-1
140,32,327.00,667.00,12.00,13.00,1.00,-1,-1,-1
140,34,654.00,273.00,13.00,42.00,1.00,-1,-1,-1
140,37,564.00,215.00,19.00,33.00,1.00,-1,-1,-1
140,38,613.00,526.00,70.00,44.00,1.00,-1,-1,-1
140,39,530.00,225.00,90.00,58.00,1.00,-1,-1,-1
140,40,571.00,225.00,29.00,25.00,1.00,-1,-1,-1
140,41,1260.00,632.00,25.00,44.00,1.00,-1,-1,-1
140,44,468.00,153.00,227.00,193.00,1.00,-1,-1,-1
140,45,-68.00,1011.00,162.00,121.00,1.00,-1,-1,-1
140,48,466.00,214.00,23.00,61.00,1.00,-1,-1,-1
140,49,500.00,163.00,15.00,11.00,1.00,-1,-1,-1
140,50,514.00,159.00,13.00,19.00,1.00,-1,-1,-1
140,54,431.00,818.00,13.00,23.00,1.00,-1,-1,-1
140,72,737.00,941.00,11.00,15.00,1.00,-1,-1,-1
140,73,1318.00,624.00,64.00,45.00,1.00,-1,-1,-1
140,76,1288.00,630.00,11.00,32.00,1.00,-1,-1,-1
140,77,1176.00,597.00,208.00,46.00,1.00,-1,-1,-1
140,100,677.00,880.00,11.00,36.00,1.00,-1,-1,-1
140,112,926.00,487.00,54.00,12.00,1.00,-1,-1,-1
140,113,1321.00,639.00,27.00,20.00,1.00,-1,-1,-1
140,114,1005.00,505.00,22.00,16.00,1.00,-1,-1,-1
140,116,1241.00,542.00,118.00,23.00,1.00,-1,-1,-1
140,126,1307.00,655.00,34.00,16.00,1.00,-1,-1,-1
140,129,941.00,966.00,29.00,21.00,1.00,-1,-1,-1
140,135,321.00,205.00,499.00,99.00,1.00,-1,-1,-1
140,139,955.00,980.00,21.00,16.00,1.00,-1,-1,-1
140,142,1029.00,718.00,52.00,14.00,1.00,-1,-1,-1
140,148,609.00,538.00,40.00,25.00,1.00,-1,-1,-1
140,149,95.00,1019.00,22.00,105.00,1.00,-1,-1,-1
140,153,1325.00,1028.00,11.00,41.00,1.00,-1,-1,-1
140,158,532.00,965.00,722.00,103.00,1.00,-1,-1,-1
140,166,437.00,228.00,75.00,45.00,1.00,-1,-1,-1
140,174,568.00,237.00,39.00,42.00,1.00,-1,-1,-1
140,182,487.00,159.00,138.00,125.00,1.00,-1,-1,-1
140,186,399.00,1065.00,17.00,8.00,1.00,-1,-1,-1
140,193,803.00,1044.00,41.00,65.00,1.00,-1,-1,-1
140,201,316.00,1064.00,11.00,12.00,1.00,-1,-1,-1
140,212,1296.00,562.00,44.00,27.00,1.00,-1,-1,-1
140,219,1305.00,621.00,33.00,37.00,1.00,-1,-1,-1
140,223,-14.00,1068.00,56.00,13.00,1.00,-1,-1,-1
140,244,1184.00,588.00,194.00,67.00,1.00,-1,-1,-1
140,254,564.00,227.00,65.00,44.00,1.00,-1,-1,-1
140,257,747.00,381.00,29.00,22.00,1.00,-1,-1,-1
140,262,891.00,529.00,199.00,123.00,1.00,-1,-1,-1
140,278,1287.00,601.00,42.00,19.00,1.00,-1,-1,-1
140,283,660.00,554.00,27.00,18.00,1.00,-1,-1,-1
140,290,579.00,241.00,23.00,9.00,1.00,-1,-1,-1
140,296,561.00,215.00,25.00,32.00,1.00,-1,-1,-1
140,299,1341.00,647.00,19.00,14.00,1.00,-1,-1,-1
140,301,80.00,135.00,24.00,218.00,1.00,-1,-1,-1
140,305,645.00,412.00,13.00,15.00,1.00,-1,-1,-1
140,306,226.00,572.00,10.00,15.00,1.00,-1,-1,-1
140,307,899.00,375.00,10.00,20.00,1.00,-1,-1,-1
140,309,569.00,220.00,20.00,24.00,1.00,-1,-1,-1
140,312,366.00,527.00,20.00,16.00,1.00,-1,-1,-1
140,316,346.00,891.00,15.00,14.00,1.00,-1,-1,-1
140,325,519.00,217.00,100.00,33.00,1.00,-1,-1,-1
140,332,-2.00,306.00,8.00,16.00,1.00,-1,-1,-1
140,337,48.00,1045.00,33.00,24.00,1.00,-1,-1,-1
140,350,593.00,241.00,14.00,20.00,1.00,-1,-1,-1
140,352,805.00,794.00,13.00,33.00,1.00,-1,-1,-1
140,354,1343.00,641.00,16.00,13.00,1.00,-1,-1,-1
140,360,934.00,501.00,134.00,77.00,1.00,-1,-1,-1
140,362,572.00,222.00,15.00,13.00,1.00,-1,-1,-1
140,363,227.00,439.00,19.00,18.00,1.00,-1,-1,-1
140,364,1329.00,1028.00,17.00,112.00,1.00,-1,-1,-1
140,365,700.00,410.00,25.00,18.00,1.00,-1,-1,-1
140,373,534.00,201.00,64.00,31.00,1.00,-1,-1,-1
140,375,871.00,735.00,14.00,45.00,1.00,-1,-1,-1
140,382,541.00,346.00,41.00,40.00,1.00,-1,-1,-1
140,387,126.00,261.00,16.00,23.00,1.00,-1,-1,-1
140,388,895.00,306.00,18.00,48.00,1.00,-1,-1,-1
140,389,456.00,170.00,16.00,15.00,1.00,-1,-1,-1
140,390,1330.00,1043.00,9.00,29.00,1.00,-1,-1,-1
140,400,194.00,0.00,42.00,7.00,1.00,-1,-1,-1
140,403,963.00,523.00,78.00,26.00,1.00,-1,-1,-1
140,412,-6.00,965.00,20.00,15.00,1.00,-1,-1,-1
140,415,0.00,934.00,12.00,13.00,1.00,-1,-1,-1
140,423,696.00,676.00,15.00,18.00,1.00,-1,-1,-1
140,426,428.00,673.00,61.00,45.00,1.00,-1,-1,-1
140,427,807.00,722.00,16.00,36.00,1.00,-1,-1,-1
140,428,740.00,738.00,30.00,29.00,1.00,-1,-1,-1
140,429,-6.00,356.00,13.00,18.00,1.00,-1,-1,-1
140,434,585.00,246.00,20.00,7.00,1.00,-1,-1,-1
140,444,532.00,176.00,12.00,15.00,1.00,-1,-1,-1
140,445,516.00,168.00,12.00,14.00,1.00,-1,-1,-1
140,446,235.00,755.00,12.00,15.00,1.00,-1,-1,-1
140,447,690.00,942.00,11.00,14.00,1.00,-1,-1,-1
140,448,605.00,708.00,12.00,21.00,1.00,-1,-1,-1
140,450,1147.00,748.00,15.00,12.00,1.00,-1,-1,-1
140,451,482.00,181.00,36.00,15.00,1.00,-1,-1,-1
140,452,566.00,834.00,14.00,15.00,1.00,-1,-1,-1
140,453,492.00,142.00,39.00,28.00,1.00,-1,-1,-1
140,454,0.00,310.00,27.00,30.00,1.00,-1,-1,-1
140,455,886.00,730.00,16.00,26.00,1.00,-1,-1,-1
140,456,563.00,212.00,22.00,9.00,1.00,-1,-1,-1
140,457,1166.00,886.00,18.00,16.00,1.00,-1,-1,-1
140,458,832.00,406.00,109.00,52.00,1.00,-1,-1,-1
140,459,1270.00,966.00,150.00,41.00,1.00,-1,-1,-1
140,461,272.00,185.00,56.00,49.00,1.00,-1,-1,-1
140,470,1242.00,611.00,82.00,22.00,1.00,-1,-1,-1
140,474,1407.00,993.00,48.00,38.00,1.00,-1,-1,-1
140,476,496.00,256.00,193.00,27.00,1.00,-1,-1,-1
140,481,1407.00,993.00,48.00,38.00,1.00,-1,-1,-1
140,483,1315.00,1027.00,18.00,29.00,1.00,-1,-1,-1
140,485,579.00,497.00,192.00,96.00,1.00,-1,-1,-1
140,488,515.00,491.00,17.00,21.00,1.00,-1,-1,-1
140,492,1609.00,402.00,20.00,19.00,1.00,-1,-1,-1
140,495,611.00,521.00,172.00,76.00,1.00,-1,-1,-1
140,502,474.00,155.00,48.00,33.00,1.00,-1,-1,-1
140,503,732.00,570.00,43.00,27.00,1.00,-1,-1,-1
140,507,1896.00,922.00,24.00,77.00,1.00,-1,-1,-1
140,508,578.00,495.00,22.00,23.00,1.00,-1,-1,-1
140,512,161.00,858.00,1581.00,222.00,1.00,-1,-1,-1
141,5,493.00,1048.00,27.00,59.00,1.00,-1,-1,-1
141,9,655.00,1055.00,43.00,30.00,1.00,-1,-1,-1
141,10,948.00,932.00,139.00,66.00,1.00,-1,-1,-1
141,11,1232.00,533.00,106.00,150.00,1.00,-1,-1,-1
141,12,992.00,679.00,170.00,115.00,1.00,-1,-1,-1
141,15,291.00,1034.00,128.00,72.00,1.00,-1,-1,-1
141,18,664.00,431.00,78.00,30.00,1.00,-1,-1,-1
141,21,506.00,186.00,38.00,45.00,1.00,-1,-1,-1
141,32,327.00,667.00,12.00,13.00,1.00,-1,-1,-1
141,34,654.00,273.00,13.00,42.00,1.00,-1,-1,-1
141,37,564.00,215.00,19.00,33.00,1.00,-1,-1,-1
141,38,613.00,526.00,70.00,44.00,1.00,-1,-1,-1
141,39,531.00,225.00,90.00,58.00,1.00,-1,-1,-1
141,40,571.00,225.00,29.00,25.00,1.00,-1,-1,-1
141,41,1260.00,632.00,25.00,44.00,1.00,-1,-1,-1
141,44,468.00,153.00,227.00,193.00,1.00,-1,-1,-1
141,45,-68.00,1011.00,162.00,121.00,1.00,-1,-1,-1
141,48,466.00,214.00,23.00,61.00,1.00,-1,-1,-1
141,49,500.00,163.00,15.00,11.00,1.00,-1,-1,-1
141,50,514.00,159.00,13.00,19.00,1.00,-1,-1,-1
141,54,431.00,818.00,13.00,23.00,1.00,-1,-1,-1
141,72,737.00,941.00,11.00,15.00,1.00,-1,-1,-1
141,73,1318.00,624.00,64.00,45.00,1.00,-1,-1,-1
141,76,1288.00,630.00,11.00,32.00,1.00,-1,-1,-1
141,77,1176.00,597.00,208.00,46.00,1.00,-1,-1,-1
141,100,677.00,880.00,11.00,36.00,1.00,-1,-1,-1
141,112,926.00,487.00,54.00,12.00,1.00,-1,-1,-1
141,113,1321.00,639.00,27.00,20.00,1.00,-1,-1,-1
141,114,1005.00,505.00,22.00,16.00,1.00,-1,-1,-1
141,116,1241.00,542.00,118.00,23.00,1.00,-1,-1,-1
141,126,1307.00,655.00,34.00,16.00,1.00,-1,-1,-1
141,129,941.00,966.00,29.00,21.00,1.00,-1,-1,-1
141,135,321.00,205.00,499.00,99.00,1.00,-1,-1,-1
141,139,955.00,980.00,21.00,16.00,1.00,-1,-1,-1
141,142,1029.00,718.00,52.00,14.00,1.00,-1,-1,-1
141,148,609.00,538.00,40.00,25.00,1.00,-1,-1,-1
141,149,95.00,1019.00,22.00,105.00,1.00,-1,-1,-1
141,153,1325.00,1028.00,11.00,41.00,1.00,-1,-1,-1
141,158,532.00,965.00,722.00,103.00,1.00,-1,-1,-1
141,166,437.00,228.00,75.00,45.00,1.00,-1,-1,-1
141,174,568.00,237.00,39.00,42.00,1.00,-1,-1,-1
141,182,487.00,159.00,138.00,125.00,1.00,-1,-1,-1
141,186,399.00,1065.00,17.00,8.00,1.00,-1,-1,-1
141,193,803.00,1044.00,41.00,65.00,1.00,-1,-1,-1
141,201,316.00,1064.00,11.00,12.00,1.00,-1,-1,-1
141,212,1296.00,562.00,44.00,27.00,1.00,-1,-1,-1
141,219,1305.00,621.00,33.00,37.00,1.00,-1,-1,-1
141,223,-14.00,1068.00,56.00,13.00,1.00,-1,-1,-1
141,244,1184.00,588.00,194.00,67.00,1.00,-1,-1,-1
141,254,564.00,227.00,65.00,44.00,1.00,-1,-1,-1
141,257,747.00,381.00,29.00,22.00,1.00,-1,-1,-1
141,262,891.00,529.00,199.00,123.00,1.00,-1,-1,-1
141,278,1287.00,601.00,42.00,19.00,1.00,-1,-1,-1
141,283,660.00,554.00,27.00,18.00,1.00,-1,-1,-1
141,290,579.00,241.00,23.00,9.00,1.00,-1,-1,-1
141,296,561.00,215.00,25.00,32.00,1.00,-1,-1,-1
141,299,1341.00,647.00,19.00,14.00,1.00,-1,-1,-1
141,301,80.00,135.00,24.00,218.00,1.00,-1,-1,-1
141,305,645.00,412.00,13.00,15.00,1.00,-1,-1,-1
141,306,226.00,572.00,10.00,15.00,1.00,-1,-1,-1
141,307,899.00,375.00,10.00,20.00,1.00,-1,-1,-1
141,309,569.00,220.00,20.00,24.00,1.00,-1,-1,-1
141,312,366.00,527.00,20.00,16.00,1.00,-1,-1,-1
141,316,345.00,891.00,15.00,14.00,1.00,-1,-1,-1
141,325,519.00,217.00,100.00,33.00,1.00,-1,-1,-1
141,332,-2.00,306.00,8.00,16.00,1.00,-1,-1,-1
141,337,48.00,1045.00,33.00,24.00,1.00,-1,-1,-1
141,350,593.00,241.00,14.00,20.00,1.00,-1,-1,-1
141,352,805.00,794.00,13.00,33.00,1.00,-1,-1,-1
141,354,1343.00,641.00,16.00,13.00,1.00,-1,-1,-1
141,360,934.00,501.00,134.00,77.00,1.00,-1,-1,-1
141,362,572.00,222.00,15.00,13.00,1.00,-1,-1,-1
141,363,227.00,439.00,19.00,18.00,1.00,-1,-1,-1
141,364,1329.00,1028.00,17.00,112.00,1.00,-1,-1,-1
141,365,700.00,410.00,25.00,18.00,1.00,-1,-1,-1
141,373,534.00,201.00,64.00,31.00,1.00,-1,-1,-1
141,375,871.00,735.00,14.00,45.00,1.00,-1,-1,-1
141,382,541.00,346.00,41.00,40.00,1.00,-1,-1,-1
141,387,126.00,261.00,16.00,23.00,1.00,-1,-1,-1
141,388,895.00,306.00,18.00,48.00,1.00,-1,-1,-1
141,389,456.00,170.00,16.00,15.00,1.00,-1,-1,-1
141,390,1330.00,1043.00,9.00,29.00,1.00,-1,-1,-1
141,400,194.00,0.00,42.00,7.00,1.00,-1,-1,-1
141,403,963.00,523.00,78.00,26.00,1.00,-1,-1,-1
141,423,696.00,676.00,15.00,18.00,1.00,-1,-1,-1
141,426,428.00,673.00,61.00,45.00,1.00,-1,-1,-1
141,427,807.00,722.00,16.00,36.00,1.00,-1,-1,-1
141,428,740.00,738.00,30.00,29.00,1.00,-1,-1,-1
141,429,-6.00,356.00,13.00,18.00,1.00,-1,-1,-1
141,434,585.00,246.00,20.00,7.00,1.00,-1,-1,-1
141,444,532.00,176.00,12.00,15.00,1.00,-1,-1,-1
141,445,516.00,168.00,12.00,14.00,1.00,-1,-1,-1
141,446,235.00,755.00,12.00,15.00,1.00,-1,-1,-1
141,447,690.00,942.00,11.00,14.00,1.00,-1,-1,-1
141,448,605.00,708.00,12.00,21.00,1.00,-1,-1,-1
141,450,1147.00,748.00,15.00,12.00,1.00,-1,-1,-1
141,451,482.00,181.00,36.00,15.00,1.00,-1,-1,-1
141,452,566.00,834.00,14.00,15.00,1.00,-1,-1,-1
141,453,492.00,142.00,39.00,28.00,1.00,-1,-1,-1
141,454,0.00,310.00,27.00,30.00,1.00,-1,-1,-1
141,455,886.00,730.00,16.00,26.00,1.00,-1,-1,-1
141,456,563.00,212.00,22.00,9.00,1.00,-1,-1,-1
141,457,1166.00,886.00,18.00,16.00,1.00,-1,-1,-1
141,458,832.00,406.00,109.00,52.00,1.00,-1,-1,-1
141,459,1270.00,966.00,150.00,41.00,1.00,-1,-1,-1
141,461,272.00,185.00,56.00,49.00,1.00,-1,-1,-1
141,470,1242.00,611.00,82.00,22.00,1.00,-1,-1,-1
141,474,1407.00,993.00,48.00,38.00,1.00,-1,-1,-1
141,476,496.00,256.00,193.00,27.00,1.00,-1,-1,-1
141,481,1407.00,993.00,48.00,38.00,1.00,-1,-1,-1
141,483,1315.00,1027.00,18.00,29.00,1.00,-1,-1,-1
141,485,579.00,497.00,192.00,96.00,1.00,-1,-1,-1
141,488,515.00,491.00,17.00,21.00,1.00,-1,-1,-1
141,492,1609.00,402.00,20.00,19.00,1.00,-1,-1,-1
141,495,611.00,521.00,172.00,76.00,1.00,-1,-1,-1
141,502,474.00,155.00,48.00,33.00,1.00,-1,-1,-1
141,503,732.00,570.00,43.00,27.00,1.00,-1,-1,-1
141,508,578.00,495.00,22.00,23.00,1.00,-1,-1,-1
141,512,161.00,858.00,1581.00,222.00,1.00,-1,-1,-1
142,5,473.00,1048.00,27.00,59.00,1.00,-1,-1,-1
142,9,636.00,1055.00,43.00,30.00,1.00,-1,-1,-1
142,10,948.00,932.00,139.00,66.00,1.00,-1,-1,-1
142,11,1216.00,548.00,169.00,170.00,1.00,-1,-1,-1
142,12,973.00,679.00,170.00,115.00,1.00,-1,-1,-1
142,15,272.00,1034.00,128.00,72.00,1.00,-1,-1,-1
142,18,645.00,431.00,78.00,30.00,1.00,-1,-1,-1
142,21,504.00,189.00,38.00,45.00,1.00,-1,-1,-1
142,32,307.00,667.00,12.00,13.00,1.00,-1,-1,-1
142,34,649.00,279.00,13.00,42.00,1.00,-1,-1,-1
142,37,561.00,219.00,19.00,33.00,1.00,-1,-1,-1
142,38,571.00,499.00,109.00,70.00,1.00,-1,-1,-1
142,39,528.00,229.00,90.00,58.00,1.00,-1,-1,-1
142,40,568.00,229.00,29.00,25.00,1.00,-1,-1,-1
142,41,1273.00,633.00,25.00,44.00,1.00,-1,-1,-1
142,44,471.00,155.00,128.00,121.00,1.00,-1,-1,-1
142,45,-68.00,1011.00,162.00,121.00,1.00,-1,-1,-1
142,48,448.00,214.00,23.00,61.00,1.00,-1,-1,-1
142,49,496.00,163.00,15.00,11.00,1.00,-1,-1,-1
142,50,505.00,161.00,13.00,19.00,1.00,-1,-1,-1
142,54,412.00,818.00,13.00,23.00,1.00,-1,-1,-1
142,72,740.00,934.00,11.00,15.00,1.00,-1,-1,-1
142,73,1331.00,626.00,64.00,45.00,1.00,-1,-1,-1
142,76,1301.00,632.00,11.00,32.00,1.00,-1,-1,-1
142,77,1189.00,599.00,208.00,46.00,1.00,-1,-1,-1
142,100,660.00,880.00,11.00,36.00,1.00,-1,-1,-1
142,112,907.00,487.00,54.00,12.00,1.00,-1,-1,-1
142,113,1334.00,641.00,27.00,20.00,1.00,-1,-1,-1
142,114,986.00,506.00,22.00,16.00,1.00,-1,-1,-1
142,116,1254.00,538.00,118.00,23.00,1.00,-1,-1,-1
142,126,1319.00,657.00,34.00,16.00,1.00,-1,-1,-1
142,129,941.00,966.00,29.00,21.00,1.00,-1,-1,-1
142,135,318.00,209.00,499.00,99.00,1.00,-1,-1,-1
142,139,955.00,980.00,21.00,16.00,1.00,-1,-1,-1
142,142,1010.00,718.00,52.00,14.00,1.00,-1,-1,-1
142,148,598.00,537.00,40.00,25.00,1.00,-1,-1,-1
142,149,95.00,1019.00,22.00,105.00,1.00,-1,-1,-1
142,153,1305.00,1028.00,11.00,41.00,1.00,-1,-1,-1
142,158,402.00,923.00,827.00,120.00,1.00,-1,-1,-1
142,166,418.00,228.00,75.00,45.00,1.00,-1,-1,-1
142,174,565.00,241.00,39.00,42.00,1.00,-1,-1,-1
142,182,484.00,162.00,138.00,125.00,1.00,-1,-1,-1
142,186,379.00,1065.00,17.00,8.00,1.00,-1,-1,-1
142,193,783.00,1044.00,41.00,65.00,1.00,-1,-1,-1
142,201,297.00,1064.00,11.00,12.00,1.00,-1,-1,-1
142,212,1304.00,561.00,44.00,27.00,1.00,-1,-1,-1
142,219,1319.00,623.00,33.00,37.00,1.00,-1,-1,-1
142,223,-14.00,1068.00,56.00,13.00,1.00,-1,-1,-1
142,244,1197.00,590.00,194.00,67.00,1.00,-1,-1,-1
142,254,562.00,231.00,65.00,44.00,1.00,-1,-1,-1
142,257,728.00,381.00,29.00,22.00,1.00,-1,-1,-1
142,262,872.00,529.00,199.00,123.00,1.00,-1,-1,-1
142,278,1300.00,603.00,42.00,19.00,1.00,-1,-1,-1
142,283,650.00,553.00,27.00,18.00,1.00,-1,-1,-1
142,290,576.00,245.00,23.00,9.00,1.00,-1,-1,-1
142,296,558.00,219.00,25.00,32.00,1.00,-1,-1,-1
142,299,1354.00,649.00,19.00,14.00,1.00,-1,-1,-1
142,301,61.00,135.00,24.00,218.00,1.00,-1,-1,-1
142,305,645.00,407.00,13.00,15.00,1.00,-1,-1,-1
142,306,207.00,572.00,10.00,15.00,1.00,-1,-1,-1
142,307,881.00,375.00,10.00,20.00,1.00,-1,-1,-1
142,309,566.00,223.00,20.00,24.00,1.00,-1,-1,-1
142,312,347.00,527.00,20.00,16.00,1.00,-1,-1,-1
142,316,326.00,891.00,15.00,14.00,1.00,-1,-1,-1
142,325,516.00,221.00,100.00,33.00,1.00,-1,-1,-1
142,332,-2.00,306.00,8.00,16.00,1.00,-1,-1,-1
142,337,29.00,1044.00,33.00,24.00,1.00,-1,-1,-1
142,350,590.00,245.00,14.00,20.00,1.00,-1,-1,-1
142,352,786.00,794.00,13.00,33.00,1.00,-1,-1,-1
142,354,1356.00,644.00,16.00,13.00,1.00,-1,-1,-1
142,360,915.00,501.00,134.00,77.00,1.00,-1,-1,-1
142,362,569.00,225.00,15.00,13.00,1.00,-1,-1,-1
142,363,208.00,439.00,19.00,18.00,1.00,-1,-1,-1
142,364,1310.00,1028.00,17.00,112.00,1.00,-1,-1,-1
142,365,681.00,410.00,25.00,18.00,1.00,-1,-1,-1
142,373,531.00,204.00,64.00,31.00,1.00,-1,-1,-1
142,375,882.00,726.00,14.00,45.00,1.00,-1,-1,-1
142,382,522.00,346.00,41.00,40.00,1.00,-1,-1,-1
142,387,106.00,261.00,16.00,23.00,1.00,-1,-1,-1
142,388,886.00,305.00,18.00,48.00,1.00,-1,-1,-1
142,389,437.00,170.00,16.00,15.00,1.00,-1,-1,-1
142,390,1310.00,1043.00,9.00,29.00,1.00,-1,-1,-1
142,400,175.00,0.00,42.00,7.00,1.00,-1,-1,-1
142,403,944.00,523.00,78.00,26.00,1.00,-1,-1,-1
142,423,677.00,677.00,15.00,18.00,1.00,-1,-1,-1
142,426,409.00,673.00,61.00,45.00,1.00,-1,-1,-1
142,427,788.00,722.00,16.00,36.00,1.00,-1,-1,-1
142,428,721.00,738.00,30.00,29.00,1.00,-1,-1,-1
142,429,-6.00,356.00,13.00,18.00,1.00,-1,-1,-1
142,434,583.00,250.00,20.00,7.00,1.00,-1,-1,-1
142,444,530.00,182.00,12.00,15.00,1.00,-1,-1,-1
142,445,511.00,171.00,12.00,14.00,1.00,-1,-1,-1
142,446,216.00,755.00,12.00,15.00,1.00,-1,-1,-1
142,447,680.00,928.00,11.00,14.00,1.00,-1,-1,-1
142,448,586.00,708.00,12.00,21.00,1.00,-1,-1,-1
142,450,1128.00,748.00,15.00,12.00,1.00,-1,-1,-1
142,451,481.00,183.00,36.00,15.00,1.00,-1,-1,-1
142,452,547.00,834.00,14.00,15.00,1.00,-1,-1,-1
142,453,491.00,145.00,39.00,28.00,1.00,-1,-1,-1
142,454,0.00,310.00,27.00,30.00,1.00,-1,-1,-1
142,455,867.00,730.00,16.00,26.00,1.00,-1,-1,-1
142,456,560.00,216.00,22.00,9.00,1.00,-1,-1,-1
142,457,1147.00,886.00,18.00,16.00,1.00,-1,-1,-1
142,458,813.00,406.00,109.00,52.00,1.00,-1,-1,-1
142,459,1270.00,966.00,150.00,41.00,1.00,-1,-1,-1
142,461,253.00,185.00,56.00,49.00,1.00,-1,-1,-1
142,470,1255.00,614.00,82.00,22.00,1.00,-1,-1,-1
142,474,1407.00,993.00,48.00,38.00,1.00,-1,-1,-1
142,476,490.00,260.00,193.00,27.00,1.00,-1,-1,-1
142,481,1407.00,993.00,48.00,38.00,1.00,-1,-1,-1
142,483,1296.00,1026.00,18.00,29.00,1.00,-1,-1,-1
142,485,567.00,495.00,192.00,96.00,1.00,-1,-1,-1
142,488,496.00,491.00,17.00,21.00,1.00,-1,-1,-1
142,492,1590.00,402.00,20.00,19.00,1.00,-1,-1,-1
142,495,593.00,518.00,172.00,76.00,1.00,-1,-1,-1
142,502,469.00,154.00,48.00,33.00,1.00,-1,-1,-1
142,503,720.00,569.00,43.00,27.00,1.00,-1,-1,-1
142,508,568.00,494.00,22.00,23.00,1.00,-1,-1,-1
142,512,160.00,870.00,1581.00,222.00,1.00,-1,-1,-1
143,5,453.00,1048.00,27.00,59.00,1.00,-1,-1,-1
143,9,615.00,1055.00,43.00,30.00,1.00,-1,-1,-1
143,10,948.00,932.00,139.00,66.00,1.00,-1,-1,-1
143,11,1229.00,552.00,167.00,169.00,1.00,-1,-1,-1
143,12,1115.00,909.00,170.00,115.00,1.00,-1,-1,-1
143,15,251.00,1034.00,128.00,72.00,1.00,-1,-1,-1
143,18,624.00,431.00,78.00,30.00,1.00,-1,-1,-1
143,21,508.00,197.00,38.00,45.00,1.00,-1,-1,-1
143,32,287.00,667.00,12.00,13.00,1.00,-1,-1,-1
143,34,645.00,285.00,13.00,42.00,1.00,-1,-1,-1
143,37,557.00,223.00,19.00,33.00,1.00,-1,-1,-1
143,38,553.00,477.00,112.00,90.00,1.00,-1,-1,-1
143,39,523.00,234.00,90.00,58.00,1.00,-1,-1,-1
143,40,564.00,233.00,29.00,25.00,1.00,-1,-1,-1
143,41,1285.00,634.00,25.00,44.00,1.00,-1,-1,-1
143,44,467.00,158.00,120.00,117.00,1.00,-1,-1,-1
143,45,-68.00,1011.00,162.00,121.00,1.00,-1,-1,-1
143,48,427.00,214.00,23.00,61.00,1.00,-1,-1,-1
143,49,485.00,167.00,15.00,11.00,1.00,-1,-1,-1
143,50,501.00,164.00,13.00,19.00,1.00,-1,-1,-1
143,54,392.00,818.00,13.00,23.00,1.00,-1,-1,-1
143,72,700.00,911.00,11.00,15.00,1.00,-1,-1,-1
143,73,1344.00,629.00,64.00,45.00,1.00,-1,-1,-1
143,76,1313.00,634.00,11.00,32.00,1.00,-1,-1,-1
143,77,1202.00,602.00,208.00,46.00,1.00,-1,-1,-1
143,100,642.00,878.00,11.00,36.00,1.00,-1,-1,-1
143,112,887.00,487.00,54.00,12.00,1.00,-1,-1,-1
143,113,1347.00,643.00,27.00,20.00,1.00,-1,-1,-1
143,114,966.00,506.00,22.00,16.00,1.00,-1,-1,-1
143,116,1265.00,533.00,118.00,23.00,1.00,-1,-1,-1
143,126,1331.00,659.00,34.00,16.00,1.00,-1,-1,-1
143,129,941.00,966.00,29.00,21.00,1.00,-1,-1,-1
143,135,313.00,214.00,499.00,99.00,1.00,-1,-1,-1
143,139,955.00,959.00,21.00,16.00,1.00,-1,-1,-1
143,142,989.00,718.00,52.00,14.00,1.00,-1,-1,-1
143,148,585.00,535.00,40.00,25.00,1.00,-1,-1,-1
143,149,95.00,1019.00,22.00,105.00,1.00,-1,-1,-1
143,153,1285.00,1028.00,11.00,41.00,1.00,-1,-1,-1
143,158,401.00,922.00,827.00,120.00,1.00,-1,-1,-1
143,166,398.00,228.00,75.00,45.00,1.00,-1,-1,-1
143,174,560.00,245.00,39.00,42.00,1.00,-1,-1,-1
143,182,481.00,165.00,138.00,125.00,1.00,-1,-1,-1
143,186,373.00,1066.00,17.00,8.00,1.00,-1,-1,-1
143,193,762.00,1044.00,41.00,65.00,1.00,-1,-1,-1
143,201,276.00,1064.00,11.00,12.00,1.00,-1,-1,-1
143,212,1315.00,555.00,44.00,27.00,1.00,-1,-1,-1
143,219,1331.00,626.00,33.00,37.00,1.00,-1,-1,-1
143,223,11.00,1058.00,56.00,13.00,1.00,-1,-1,-1
143,244,1209.00,592.00,194.00,67.00,1.00,-1,-1,-1
143,254,558.00,236.00,65.00,44.00,1.00,-1,-1,-1
143,257,707.00,381.00,29.00,22.00,1.00,-1,-1,-1
143,262,851.00,529.00,199.00,123.00,1.00,-1,-1,-1
143,278,1313.00,606.00,42.00,19.00,1.00,-1,-1,-1
143,283,639.00,553.00,27.00,18.00,1.00,-1,-1,-1
143,290,572.00,249.00,23.00,9.00,1.00,-1,-1,-1
143,296,554.00,223.00,25.00,32.00,1.00,-1,-1,-1
143,299,1366.00,652.00,19.00,14.00,1.00,-1,-1,-1
143,301,41.00,135.00,24.00,218.00,1.00,-1,-1,-1
143,305,624.00,408.00,13.00,15.00,1.00,-1,-1,-1
143,306,186.00,572.00,10.00,15.00,1.00,-1,-1,-1
143,307,860.00,375.00,10.00,20.00,1.00,-1,-1,-1
143,309,562.00,228.00,20.00,24.00,1.00,-1,-1,-1
143,312,327.00,527.00,20.00,16.00,1.00,-1,-1,-1
143,316,305.00,891.00,15.00,14.00,1.00,-1,-1,-1
143,325,512.00,225.00,100.00,33.00,1.00,-1,-1,-1
143,332,-2.00,306.00,8.00,16.00,1.00,-1,-1,-1
143,337,29.00,1044.00,33.00,24.00,1.00,-1,-1,-1
143,350,586.00,250.00,14.00,20.00,1.00,-1,-1,-1
143,352,765.00,794.00,13.00,33.00,1.00,-1,-1,-1
143,354,1368.00,646.00,16.00,13.00,1.00,-1,-1,-1
143,360,894.00,501.00,134.00,77.00,1.00,-1,-1,-1
143,362,566.00,230.00,15.00,13.00,1.00,-1,-1,-1
143,363,188.00,439.00,19.00,18.00,1.00,-1,-1,-1
143,364,1289.00,1028.00,17.00,112.00,1.00,-1,-1,-1
143,365,661.00,410.00,25.00,18.00,1.00,-1,-1,-1
143,373,528.00,208.00,64.00,31.00,1.00,-1,-1,-1
143,375,879.00,636.00,14.00,45.00,1.00,-1,-1,-1
143,382,502.00,346.00,41.00,40.00,1.00,-1,-1,-1
143,387,86.00,261.00,16.00,23.00,1.00,-1,-1,-1
143,388,866.00,306.00,18.00,48.00,1.00,-1,-1,-1
143,389,417.00,170.00,16.00,15.00,1.00,-1,-1,-1
143,390,1290.00,1043.00,9.00,29.00,1.00,-1,-1,-1
143,400,155.00,0.00,42.00,7.00,1.00,-1,-1,-1
143,403,924.00,523.00,78.00,26.00,1.00,-1,-1,-1
143,423,657.00,676.00,15.00,18.00,1.00,-1,-1,-1
143,426,389.00,673.00,61.00,45.00,1.00,-1,-1,-1
143,427,781.00,716.00,16.00,36.00,1.00,-1,-1,-1
143,428,700.00,738.00,30.00,29.00,1.00,-1,-1,-1
143,429,-6.00,356.00,13.00,18.00,1.00,-1,-1,-1
143,434,577.00,254.00,20.00,7.00,1.00,-1,-1,-1
143,444,525.00,185.00,12.00,15.00,1.00,-1,-1,-1
143,445,506.00,174.00,12.00,14.00,1.00,-1,-1,-1
143,446,195.00,755.00,12.00,15.00,1.00,-1,-1,-1
143,447,634.00,907.00,11.00,14.00,1.00,-1,-1,-1
143,448,566.00,708.00,12.00,21.00,1.00,-1,-1,-1
143,450,1107.00,748.00,15.00,12.00,1.00,-1,-1,-1
143,451,474.00,183.00,36.00,15.00,1.00,-1,-1,-1
143,452,526.00,834.00,14.00,15.00,1.00,-1,-1,-1
143,453,488.00,151.00,39.00,28.00,1.00,-1,-1,-1
143,454,0.00,310.00,27.00,30.00,1.00,-1,-1,-1
143,455,845.00,706.00,16.00,26.00,1.00,-1,-1,-1
143,456,556.00,220.00,22.00,9.00,1.00,-1,-1,-1
143,457,1126.00,886.00,18.00,16.00,1.00,-1,-1,-1
143,458,792.00,406.00,109.00,52.00,1.00,-1,-1,-1
143,459,1270.00,966.00,150.00,41.00,1.00,-1,-1,-1
143,461,232.00,185.00,56.00,49.00,1.00,-1,-1,-1
143,470,1268.00,616.00,82.00,22.00,1.00,-1,-1,-1
143,474,1407.00,993.00,48.00,38.00,1.00,-1,-1,-1
143,476,484.00,265.00,193.00,27.00,1.00,-1,-1,-1
143,481,1407.00,993.00,48.00,38.00,1.00,-1,-1,-1
143,483,1275.00,1026.00,18.00,29.00,1.00,-1,-1,-1
143,485,546.00,490.00,192.00,96.00,1.00,-1,-1,-1
143,488,475.00,491.00,17.00,21.00,1.00,-1,-1,-1
143,492,1569.00,402.00,20.00,19.00,1.00,-1,-1,-1
143,495,581.00,517.00,172.00,76.00,1.00,-1,-1,-1
143,502,455.00,157.00,48.00,33.00,1.00,-1,-1,-1
143,503,707.00,568.00,43.00,27.00,1.00,-1,-1,-1
143,508,558.00,491.00,22.00,23.00,1.00,-1,-1,-1
143,512,160.00,872.00,1581.00,222.00,1.00,-1,-1,-1
144,5,446.00,1048.00,27.00,59.00,1.00,-1,-1,-1
144,9,592.00,1055.00,43.00,30.00,1.00,-1,-1,-1
144,10,948.00,932.00,139.00,66.00,1.00,-1,-1,-1
144,11,1240.00,556.00,168.00,167.00,1.00,-1,-1,-1
144,12,1115.00,910.00,170.00,115.00,1.00,-1,-1,-1
144,15,228.00,1034.00,128.00,72.00,1.00,-1,-1,-1
144,18,602.00,431.00,78.00,30.00,1.00,-1,-1,-1
144,21,474.00,175.00,38.00,45.00,1.00,-1,-1,-1
144,32,264.00,667.00,12.00,13.00,1.00,-1,-1,-1
144,34,639.00,291.00,13.00,42.00,1.00,-1,-1,-1
144,37,552.00,228.00,19.00,33.00,1.00,-1,-1,-1
144,38,532.00,476.00,122.00,89.00,1.00,-1,-1,-1
144,39,517.00,239.00,90.00,58.00,1.00,-1,-1,-1
144,40,559.00,238.00,29.00,25.00,1.00,-1,-1,-1
144,41,1296.00,638.00,25.00,44.00,1.00,-1,-1,-1
144,44,476.00,168.00,96.00,110.00,1.00,-1,-1,-1
144,45,-46.00,1011.00,162.00,121.00,1.00,-1,-1,-1
144,48,405.00,214.00,23.00,61.00,1.00,-1,-1,-1
144,49,486.00,176.00,15.00,11.00,1.00,-1,-1,-1
144,50,493.00,168.00,13.00,19.00,1.00,-1,-1,-1
144,54,369.00,818.00,13.00,23.00,1.00,-1,-1,-1
144,72,660.00,889.00,11.00,15.00,1.00,-1,-1,-1
144,73,1355.00,632.00,64.00,45.00,1.00,-1,-1,-1
144,76,1324.00,637.00,11.00,32.00,1.00,-1,-1,-1
144,77,1213.00,604.00,208.00,46.00,1.00,-1,-1,-1
144,100,601.00,856.00,11.00,36.00,1.00,-1,-1,-1
144,112,904.00,490.00,54.00,12.00,1.00,-1,-1,-1
144,113,1358.00,646.00,27.00,20.00,1.00,-1,-1,-1
144,114,944.00,505.00,22.00,16.00,1.00,-1,-1,-1
144,116,1275.00,532.00,118.00,23.00,1.00,-1,-1,-1
144,126,1341.00,661.00,34.00,16.00,1.00,-1,-1,-1
144,129,941.00,951.00,29.00,21.00,1.00,-1,-1,-1
144,135,307.00,219.00,499.00,99.00,1.00,-1,-1,-1
144,139,948.00,938.00,21.00,16.00,1.00,-1,-1,-1
144,142,1003.00,751.00,52.00,14.00,1.00,-1,-1,-1
144,148,572.00,533.00,40.00,25.00,1.00,-1,-1,-1
144,153,1263.00,1028.00,11.00,41.00,1.00,-1,-1,-1
144,158,403.00,890.00,1097.00,118.00,1.00,-1,-1,-1
144,166,376.00,228.00,75.00,45.00,1.00,-1,-1,-1
144,174,555.00,251.00,39.00,42.00,1.00,-1,-1,-1
144,182,476.00,170.00,138.00,125.00,1.00,-1,-1,-1
144,186,351.00,1066.00,17.00,8.00,1.00,-1,-1,-1
144,193,823.00,975.00,41.00,65.00,1.00,-1,-1,-1
144,201,253.00,1064.00,11.00,12.00,1.00,-1,-1,-1
144,212,1330.00,546.00,44.00,27.00,1.00,-1,-1,-1
144,219,1342.00,628.00,33.00,37.00,1.00,-1,-1,-1
144,223,-10.00,1058.00,56.00,13.00,1.00,-1,-1,-1
144,244,1220.00,595.00,194.00,67.00,1.00,-1,-1,-1
144,254,552.00,241.00,65.00,44.00,1.00,-1,-1,-1
144,257,685.00,381.00,29.00,22.00,1.00,-1,-1,-1
144,262,829.00,529.00,199.00,123.00,1.00,-1,-1,-1
144,278,1324.00,608.00,42.00,19.00,1.00,-1,-1,-1
144,283,626.00,551.00,27.00,18.00,1.00,-1,-1,-1
144,290,567.00,254.00,23.00,9.00,1.00,-1,-1,-1
144,296,549.00,228.00,25.00,32.00,1.00,-1,-1,-1
144,299,1378.00,654.00,19.00,14.00,1.00,-1,-1,-1
144,301,19.00,135.00,24.00,218.00,1.00,-1,-1,-1
144,305,603.00,407.00,13.00,15.00,1.00,-1,-1,-1
144,306,203.00,599.00,10.00,15.00,1.00,-1,-1,-1
144,307,838.00,375.00,10.00,20.00,1.00,-1,-1,-1
144,309,557.00,233.00,20.00,24.00,1.00,-1,-1,-1
144,312,305.00,527.00,20.00,16.00,1.00,-1,-1,-1
144,316,283.00,891.00,15.00,14.00,1.00,-1,-1,-1
144,325,507.00,230.00,100.00,33.00,1.00,-1,-1,-1
144,332,-2.00,306.00,8.00,16.00,1.00,-1,-1,-1
144,337,29.00,1044.00,33.00,24.00,1.00,-1,-1,-1
144,350,580.00,255.00,14.00,20.00,1.00,-1,-1,-1
144,352,763.00,775.00,13.00,33.00,1.00,-1,-1,-1
144,354,1380.00,649.00,16.00,13.00,1.00,-1,-1,-1
144,360,872.00,501.00,134.00,77.00,1.00,-1,-1,-1
144,362,560.00,235.00,15.00,13.00,1.00,-1,-1,-1
144,363,165.00,439.00,19.00,18.00,1.00,-1,-1,-1
144,364,1267.00,1028.00,17.00,112.00,1.00,-1,-1,-1
144,365,639.00,410.00,25.00,18.00,1.00,-1,-1,-1
144,373,523.00,213.00,64.00,31.00,1.00,-1,-1,-1
144,375,856.00,636.00,14.00,45.00,1.00,-1,-1,-1
144,382,480.00,346.00,41.00,40.00,1.00,-1,-1,-1
144,387,64.00,261.00,16.00,23.00,1.00,-1,-1,-1
144,388,844.00,306.00,18.00,48.00,1.00,-1,-1,-1
144,389,395.00,170.00,16.00,15.00,1.00,-1,-1,-1
144,390,1267.00,1044.00,9.00,29.00,1.00,-1,-1,-1
144,400,133.00,0.00,42.00,7.00,1.00,-1,-1,-1
144,403,901.00,523.00,78.00,26.00,1.00,-1,-1,-1
144,423,634.00,677.00,15.00,18.00,1.00,-1,-1,-1
144,426,366.00,673.00,61.00,45.00,1.00,-1,-1,-1
144,427,752.00,682.00,16.00,36.00,1.00,-1,-1,-1
144,428,678.00,738.00,30.00,29.00,1.00,-1,-1,-1
144,429,-6.00,356.00,13.00,18.00,1.00,-1,-1,-1
144,434,572.00,260.00,20.00,7.00,1.00,-1,-1,-1
144,444,521.00,191.00,12.00,15.00,1.00,-1,-1,-1
144,445,501.00,180.00,12.00,14.00,1.00,-1,-1,-1
144,446,173.00,755.00,12.00,15.00,1.00,-1,-1,-1
144,447,600.00,885.00,11.00,14.00,1.00,-1,-1,-1
144,448,544.00,708.00,12.00,21.00,1.00,-1,-1,-1
144,450,1085.00,748.00,15.00,12.00,1.00,-1,-1,-1
144,451,471.00,188.00,36.00,15.00,1.00,-1,-1,-1
144,452,503.00,834.00,14.00,15.00,1.00,-1,-1,-1
144,453,484.00,153.00,39.00,28.00,1.00,-1,-1,-1
144,454,23.00,420.00,27.00,30.00,1.00,-1,-1,-1
144,455,821.00,697.00,16.00,26.00,1.00,-1,-1,-1
144,456,551.00,225.00,22.00,9.00,1.00,-1,-1,-1
144,457,1104.00,886.00,18.00,16.00,1.00,-1,-1,-1
144,458,770.00,406.00,109.00,52.00,1.00,-1,-1,-1
144,459,1270.00,966.00,150.00,41.00,1.00,-1,-1,-1
144,461,211.00,185.00,56.00,49.00,1.00,-1,-1,-1
144,470,1279.00,619.00,82.00,22.00,1.00,-1,-1,-1
144,474,1407.00,993.00,48.00,38.00,1.00,-1,-1,-1
144,476,477.00,270.00,193.00,27.00,1.00,-1,-1,-1
144,481,1407.00,993.00,48.00,38.00,1.00,-1,-1,-1
144,483,1253.00,1027.00,18.00,29.00,1.00,-1,-1,-1
144,485,527.00,487.00,192.00,96.00,1.00,-1,-1,-1
144,488,453.00,491.00,17.00,21.00,1.00,-1,-1,-1
144,492,1548.00,402.00,20.00,19.00,1.00,-1,-1,-1
144,495,570.00,516.00,172.00,76.00,1.00,-1,-1,-1
144,502,438.00,162.00,48.00,33.00,1.00,-1,-1,-1
144,503,693.00,567.00,43.00,27.00,1.00,-1,-1,-1
144,508,546.00,489.00,22.00,23.00,1.00,-1,-1,-1
144,512,160.00,851.00,1581.00,222.00,1.00,-1,-1,-1
144,514,1265.00,537.00,22.00,17.00,1.00,-1,-1,-1
145,5,423.00,1048.00,27.00,59.00,1.00,-1,-1,-1
145,9,570.00,1055.00,43.00,30.00,1.00,-1,-1,-1
145,10,948.00,932.00,139.00,66.00,1.00,-1,-1,-1
145,11,1252.00,559.00,167.00,166.00,1.00,-1,-1,-1
145,12,1115.00,910.00,170.00,115.00,1.00,-1,-1,-1
145,15,206.00,1034.00,128.00,72.00,1.00,-1,-1,-1
145,18,579.00,431.00,78.00,30.00,1.00,-1,-1,-1
145,21,471.00,182.00,38.00,45.00,1.00,-1,-1,-1
145,32,241.00,667.00,12.00,13.00,1.00,-1,-1,-1
145,34,632.00,297.00,13.00,42.00,1.00,-1,-1,-1
145,37,547.00,233.00,19.00,33.00,1.00,-1,-1,-1
145,38,521.00,474.00,122.00,89.00,1.00,-1,-1,-1
145,39,513.00,244.00,90.00,58.00,1.00,-1,-1,-1
145,40,554.00,244.00,29.00,25.00,1.00,-1,-1,-1
145,41,1306.00,639.00,25.00,44.00,1.00,-1,-1,-1
145,44,463.00,171.00,99.00,112.00,1.00,-1,-1,-1
145,45,-46.00,1011.00,162.00,121.00,1.00,-1,-1,-1
145,48,382.00,214.00,23.00,61.00,1.00,-1,-1,-1
145,49,481.00,183.00,15.00,11.00,1.00,-1,-1,-1
145,50,488.00,176.00,13.00,19.00,1.00,-1,-1,-1
145,54,346.00,818.00,13.00,23.00,1.00,-1,-1,-1
145,72,620.00,867.00,11.00,15.00,1.00,-1,-1,-1
145,73,1366.00,634.00,64.00,45.00,1.00,-1,-1,-1
145,76,1334.00,640.00,11.00,32.00,1.00,-1,-1,-1
145,77,1224.00,607.00,208.00,46.00,1.00,-1,-1,-1
145,100,561.00,836.00,11.00,36.00,1.00,-1,-1,-1
145,112,881.00,490.00,54.00,12.00,1.00,-1,-1,-1
145,113,1369.00,650.00,27.00,20.00,1.00,-1,-1,-1
145,114,921.00,505.00,22.00,16.00,1.00,-1,-1,-1
145,116,1286.00,532.00,118.00,23.00,1.00,-1,-1,-1
145,126,1351.00,664.00,34.00,16.00,1.00,-1,-1,-1
145,129,939.00,924.00,29.00,21.00,1.00,-1,-1,-1
145,135,302.00,224.00,499.00,99.00,1.00,-1,-1,-1
145,139,1118.00,928.00,21.00,16.00,1.00,-1,-1,-1
145,142,984.00,656.00,52.00,14.00,1.00,-1,-1,-1
145,148,559.00,531.00,40.00,25.00,1.00,-1,-1,-1
145,153,1239.00,1027.00,11.00,41.00,1.00,-1,-1,-1
145,158,403.00,872.00,1097.00,136.00,1.00,-1,-1,-1
145,166,353.00,229.00,75.00,45.00,1.00,-1,-1,-1
145,174,549.00,257.00,39.00,42.00,1.00,-1,-1,-1
145,182,471.00,175.00,138.00,125.00,1.00,-1,-1,-1
145,186,328.00,1066.00,17.00,8.00,1.00,-1,-1,-1
145,193,823.00,975.00,41.00,65.00,1.00,-1,-1,-1
145,201,231.00,1064.00,11.00,12.00,1.00,-1,-1,-1
145,212,1340.00,536.00,44.00,27.00,1.00,-1,-1,-1
145,219,1353.00,631.00,33.00,37.00,1.00,-1,-1,-1
145,223,-10.00,1058.00,56.00,13.00,1.00,-1,-1,-1
145,244,1231.00,598.00,194.00,67.00,1.00,-1,-1,-1
145,254,547.00,248.00,65.00,44.00,1.00,-1,-1,-1
145,257,662.00,381.00,29.00,22.00,1.00,-1,-1,-1
145,262,806.00,529.00,199.00,123.00,1.00,-1,-1,-1
145,278,1335.00,610.00,42.00,19.00,1.00,-1,-1,-1
145,283,614.00,550.00,27.00,18.00,1.00,-1,-1,-1
145,290,561.00,260.00,23.00,9.00,1.00,-1,-1,-1
145,296,544.00,234.00,25.00,32.00,1.00,-1,-1,-1
145,299,1388.00,657.00,19.00,14.00,1.00,-1,-1,-1
145,301,-2.00,135.00,24.00,218.00,1.00,-1,-1,-1
145,305,579.00,408.00,13.00,15.00,1.00,-1,-1,-1
145,306,186.00,529.00,10.00,15.00,1.00,-1,-1,-1
145,307,815.00,375.00,10.00,20.00,1.00,-1,-1,-1
145,309,552.00,238.00,20.00,24.00,1.00,-1,-1,-1
145,312,288.00,499.00,20.00,16.00,1.00,-1,-1,-1
145,316,260.00,892.00,15.00,14.00,1.00,-1,-1,-1
145,325,501.00,235.00,100.00,33.00,1.00,-1,-1,-1
145,332,-2.00,402.00,8.00,16.00,1.00,-1,-1,-1
145,337,29.00,1044.00,33.00,24.00,1.00,-1,-1,-1
145,350,575.00,262.00,14.00,20.00,1.00,-1,-1,-1
145,352,743.00,682.00,13.00,33.00,1.00,-1,-1,-1
145,354,1390.00,651.00,16.00,13.00,1.00,-1,-1,-1
145,360,849.00,502.00,134.00,77.00,1.00,-1,-1,-1
145,362,555.00,241.00,15.00,13.00,1.00,-1,-1,-1
145,363,142.00,439.00,19.00,18.00,1.00,-1,-1,-1
145,364,1243.00,1028.00,17.00,112.00,1.00,-1,-1,-1
145,365,616.00,410.00,25.00,18.00,1.00,-1,-1,-1
145,373,517.00,219.00,64.00,31.00,1.00,-1,-1,-1
145,375,834.00,636.00,14.00,45.00,1.00,-1,-1,-1
145,382,457.00,346.00,41.00,40.00,1.00,-1,-1,-1
145,387,41.00,261.00,16.00,23.00,1.00,-1,-1,-1
145,388,821.00,306.00,18.00,48.00,1.00,-1,-1,-1
145,389,373.00,173.00,16.00,15.00,1.00,-1,-1,-1
145,390,1244.00,1043.00,9.00,29.00,1.00,-1,-1,-1
145,400,110.00,0.00,42.00,7.00,1.00,-1,-1,-1
145,403,879.00,523.00,78.00,26.00,1.00,-1,-1,-1
145,423,612.00,677.00,15.00,18.00,1.00,-1,-1,-1
145,426,343.00,673.00,61.00,45.00,1.00,-1,-1,-1
145,427,729.00,683.00,16.00,36.00,1.00,-1,-1,-1
145,428,655.00,738.00,30.00,29.00,1.00,-1,-1,-1
145,429,-6.00,356.00,13.00,18.00,1.00,-1,-1,-1
145,434,566.00,266.00,20.00,7.00,1.00,-1,-1,-1
145,444,515.00,197.00,12.00,15.00,1.00,-1,-1,-1
145,445,495.00,187.00,12.00,14.00,1.00,-1,-1,-1
145,446,150.00,756.00,12.00,15.00,1.00,-1,-1,-1
145,447,559.00,864.00,11.00,14.00,1.00,-1,-1,-1
145,448,521.00,708.00,12.00,21.00,1.00,-1,-1,-1
145,450,1062.00,748.00,15.00,12.00,1.00,-1,-1,-1
145,451,468.00,195.00,36.00,15.00,1.00,-1,-1,-1
145,452,481.00,834.00,14.00,15.00,1.00,-1,-1,-1
145,453,479.00,161.00,39.00,28.00,1.00,-1,-1,-1
145,454,1.00,420.00,27.00,30.00,1.00,-1,-1,-1
145,455,798.00,697.00,16.00,26.00,1.00,-1,-1,-1
145,456,546.00,231.00,22.00,9.00,1.00,-1,-1,-1
145,457,1081.00,886.00,18.00,16.00,1.00,-1,-1,-1
145,458,747.00,406.00,109.00,52.00,1.00,-1,-1,-1
145,459,1270.00,966.00,150.00,41.00,1.00,-1,-1,-1
145,461,188.00,185.00,56.00,49.00,1.00,-1,-1,-1
145,470,1290.00,621.00,82.00,22.00,1.00,-1,-1,-1
145,474,1407.00,993.00,48.00,38.00,1.00,-1,-1,-1
145,476,470.00,276.00,193.00,27.00,1.00,-1,-1,-1
145,481,1407.00,993.00,48.00,38.00,1.00,-1,-1,-1
145,483,1216.00,990.00,18.00,29.00,1.00,-1,-1,-1
145,485,514.00,485.00,192.00,96.00,1.00,-1,-1,-1
145,488,430.00,492.00,17.00,21.00,1.00,-1,-1,-1
145,492,1525.00,402.00,20.00,19.00,1.00,-1,-1,-1
145,495,557.00,515.00,172.00,76.00,1.00,-1,-1,-1
145,502,415.00,162.00,48.00,33.00,1.00,-1,-1,-1
145,503,680.00,567.00,43.00,27.00,1.00,-1,-1,-1
145,508,535.00,488.00,22.00,23.00,1.00,-1,-1,-1
145,512,175.00,828.00,1581.00,222.00,1.00,-1,-1,-1
145,513,1311.00,545.00,19.00,14.00,1.00,-1,-1,-1
145,514,1265.00,537.00,22.00,17.00,1.00,-1,-1,-1
146,5,400.00,1048.00,27.00,59.00,1.00,-1,-1,-1
146,9,548.00,1055.00,43.00,30.00,1.00,-1,-1,-1
146,10,948.00,932.00,139.00,66.00,1.00,-1,-1,-1
146,11,1267.00,555.00,163.00,173.00,1.00,-1,-1,-1
146,12,1115.00,910.00,170.00,115.00,1.00,-1,-1,-1
146,15,184.00,1034.00,128.00,72.00,1.00,-1,-1,-1
146,18,557.00,431.00,78.00,30.00,1.00,-1,-1,-1
146,21,466.00,188.00,38.00,45.00,1.00,-1,-1,-1
146,32,219.00,667.00,12.00,13.00,1.00,-1,-1,-1
146,34,626.00,303.00,13.00,42.00,1.00,-1,-1,-1
146,37,541.00,239.00,19.00,33.00,1.00,-1,-1,-1
146,38,511.00,471.00,117.00,92.00,1.00,-1,-1,-1
146,39,507.00,250.00,90.00,58.00,1.00,-1,-1,-1
146,40,549.00,250.00,29.00,25.00,1.00,-1,-1,-1
146,41,1316.00,641.00,25.00,44.00,1.00,-1,-1,-1
146,44,457.00,179.00,103.00,115.00,1.00,-1,-1,-1
146,45,-46.00,1011.00,162.00,121.00,1.00,-1,-1,-1
146,48,360.00,214.00,23.00,61.00,1.00,-1,-1,-1
146,49,476.00,189.00,15.00,11.00,1.00,-1,-1,-1
146,50,482.00,182.00,13.00,19.00,1.00,-1,-1,-1
146,54,324.00,818.00,13.00,23.00,1.00,-1,-1,-1
146,72,581.00,846.00,11.00,15.00,1.00,-1,-1,-1
146,73,1378.00,637.00,64.00,45.00,1.00,-1,-1,-1
146,76,1346.00,642.00,11.00,32.00,1.00,-1,-1,-1
146,77,1236.00,609.00,208.00,46.00,1.00,-1,-1,-1
146,100,524.00,816.00,11.00,36.00,1.00,-1,-1,-1
146,112,858.00,490.00,54.00,12.00,1.00,-1,-1,-1
146,113,1381.00,652.00,27.00,20.00,1.00,-1,-1,-1
146,114,899.00,506.00,22.00,16.00,1.00,-1,-1,-1
146,116,1298.00,532.00,118.00,23.00,1.00,-1,-1,-1
146,126,1362.00,665.00,34.00,16.00,1.00,-1,-1,-1
146,129,900.00,900.00,29.00,21.00,1.00,-1,-1,-1
146,135,297.00,230.00,499.00,99.00,1.00,-1,-1,-1
146,139,1118.00,928.00,21.00,16.00,1.00,-1,-1,-1
146,142,961.00,656.00,52.00,14.00,1.00,-1,-1,-1
146,148,547.00,529.00,40.00,25.00,1.00,-1,-1,-1
146,153,1218.00,1028.00,11.00,41.00,1.00,-1,-1,-1
146,158,361.00,847.00,1097.00,136.00,1.00,-1,-1,-1
146,166,331.00,229.00,75.00,45.00,1.00,-1,-1,-1
146,174,543.00,263.00,39.00,42.00,1.00,-1,-1,-1
146,182,466.00,182.00,138.00,125.00,1.00,-1,-1,-1
146,186,306.00,1066.00,17.00,8.00,1.00,-1,-1,-1
146,193,823.00,975.00,41.00,65.00,1.00,-1,-1,-1
146,201,209.00,1064.00,11.00,12.00,1.00,-1,-1,-1
146,212,1354.00,528.00,44.00,27.00,1.00,-1,-1,-1
146,219,1365.00,634.00,33.00,37.00,1.00,-1,-1,-1
146,223,-10.00,1058.00,56.00,13.00,1.00,-1,-1,-1
146,244,1243.00,600.00,194.00,67.00,1.00,-1,-1,-1
146,254,541.00,253.00,65.00,44.00,1.00,-1,-1,-1
146,257,640.00,381.00,29.00,22.00,1.00,-1,-1,-1
146,262,784.00,529.00,199.00,123.00,1.00,-1,-1,-1
146,278,1348.00,613.00,42.00,19.00,1.00,-1,-1,-1
146,283,602.00,548.00,27.00,18.00,1.00,-1,-1,-1
146,290,556.00,266.00,23.00,9.00,1.00,-1,-1,-1
146,296,539.00,240.00,25.00,32.00,1.00,-1,-1,-1
146,299,1400.00,659.00,19.00,14.00,1.00,-1,-1,-1
146,301,-2.00,135.00,24.00,218.00,1.00,-1,-1,-1
146,305,557.00,408.00,13.00,15.00,1.00,-1,-1,-1
146,306,163.00,529.00,10.00,15.00,1.00,-1,-1,-1
146,307,793.00,375.00,10.00,20.00,1.00,-1,-1,-1
146,309,546.00,244.00,20.00,24.00,1.00,-1,-1,-1
146,312,266.00,499.00,20.00,16.00,1.00,-1,-1,-1
146,316,238.00,892.00,15.00,14.00,1.00,-1,-1,-1
146,325,496.00,241.00,100.00,33.00,1.00,-1,-1,-1
146,332,-2.00,402.00,8.00,16.00,1.00,-1,-1,-1
146,337,29.00,1044.00,33.00,24.00,1.00,-1,-1,-1
146,350,569.00,268.00,14.00,20.00,1.00,-1,-1,-1
146,352,627.00,536.00,13.00,33.00,1.00,-1,-1,-1
146,354,1402.00,654.00,16.00,13.00,1.00,-1,-1,-1
146,360,827.00,502.00,134.00,77.00,1.00,-1,-1,-1
146,362,550.00,246.00,15.00,13.00,1.00,-1,-1,-1
146,363,120.00,440.00,19.00,18.00,1.00,-1,-1,-1
146,364,1221.00,1028.00,17.00,112.00,1.00,-1,-1,-1
146,365,594.00,410.00,25.00,18.00,1.00,-1,-1,-1
146,373,512.00,225.00,64.00,31.00,1.00,-1,-1,-1
146,375,812.00,636.00,14.00,45.00,1.00,-1,-1,-1
146,382,435.00,346.00,41.00,40.00,1.00,-1,-1,-1
146,387,19.00,261.00,16.00,23.00,1.00,-1,-1,-1
146,388,798.00,305.00,18.00,48.00,1.00,-1,-1,-1
146,389,350.00,174.00,16.00,15.00,1.00,-1,-1,-1
146,390,1222.00,1044.00,9.00,29.00,1.00,-1,-1,-1
146,400,88.00,0.00,42.00,7.00,1.00,-1,-1,-1
146,403,856.00,523.00,78.00,26.00,1.00,-1,-1,-1
146,423,589.00,677.00,15.00,18.00,1.00,-1,-1,-1
146,426,321.00,673.00,61.00,45.00,1.00,-1,-1,-1
146,427,707.00,683.00,16.00,36.00,1.00,-1,-1,-1
146,428,633.00,739.00,30.00,29.00,1.00,-1,-1,-1
146,429,-6.00,356.00,13.00,18.00,1.00,-1,-1,-1
146,434,560.00,272.00,20.00,7.00,1.00,-1,-1,-1
146,444,510.00,204.00,12.00,15.00,1.00,-1,-1,-1
146,445,490.00,194.00,12.00,14.00,1.00,-1,-1,-1
146,446,127.00,756.00,12.00,15.00,1.00,-1,-1,-1
146,447,522.00,844.00,11.00,14.00,1.00,-1,-1,-1
146,448,499.00,708.00,12.00,21.00,1.00,-1,-1,-1
146,450,1040.00,748.00,15.00,12.00,1.00,-1,-1,-1
146,451,463.00,201.00,36.00,15.00,1.00,-1,-1,-1
146,452,458.00,834.00,14.00,15.00,1.00,-1,-1,-1
146,453,474.00,167.00,39.00,28.00,1.00,-1,-1,-1
146,454,-12.00,402.00,27.00,30.00,1.00,-1,-1,-1
146,455,776.00,697.00,16.00,26.00,1.00,-1,-1,-1
146,456,540.00,237.00,22.00,9.00,1.00,-1,-1,-1
146,457,1059.00,886.00,18.00,16.00,1.00,-1,-1,-1
146,458,725.00,406.00,109.00,52.00,1.00,-1,-1,-1
146,459,1270.00,966.00,150.00,41.00,1.00,-1,-1,-1
146,461,165.00,185.00,56.00,49.00,1.00,-1,-1,-1
146,470,1302.00,623.00,82.00,22.00,1.00,-1,-1,-1
146,474,1407.00,993.00,48.00,38.00,1.00,-1,-1,-1
146,476,464.00,282.00,193.00,27.00,1.00,-1,-1,-1
146,481,1407.00,993.00,48.00,38.00,1.00,-1,-1,-1
146,483,1192.00,981.00,18.00,29.00,1.00,-1,-1,-1
146,485,503.00,483.00,192.00,96.00,1.00,-1,-1,-1
146,488,408.00,492.00,17.00,21.00,1.00,-1,-1,-1
146,492,1503.00,402.00,20.00,19.00,1.00,-1,-1,-1
146,495,547.00,513.00,172.00,76.00,1.00,-1,-1,-1
146,502,393.00,162.00,48.00,33.00,1.00,-1,-1,-1
146,503,666.00,565.00,43.00,27.00,1.00,-1,-1,-1
146,508,525.00,486.00,22.00,23.00,1.00,-1,-1,-1
146,512,138.00,804.00,1581.00,222.00,1.00,-1,-1,-1
146,513,1323.00,546.00,21.00,17.00,1.00,-1,-1,-1
146,514,1265.00,537.00,22.00,17.00,1.00,-1,-1,-1
147,5,400.00,1048.00,27.00,59.00,1.00,-1,-1,-1
147,9,548.00,1055.00,43.00,30.00,1.00,-1,-1,-1
147,10,948.00,932.00,139.00,66.00,1.00,-1,-1,-1
147,11,1267.00,555.00,163.00,173.00,1.00,-1,-1,-1
147,12,1115.00,910.00,170.00,115.00,1.00,-1,-1,-1
147,15,184.00,1034.00,128.00,72.00,1.00,-1,-1,-1
147,18,557.00,431.00,78.00,30.00,1.00,-1,-1,-1
147,21,466.00,188.00,38.00,45.00,1.00,-1,-1,-1
147,32,219.00,667.00,12.00,13.00,1.00,-1,-1,-1
147,34,626.00,303.00,13.00,42.00,1.00,-1,-1,-1
147,37,541.00,239.00,19.00,33.00,1.00,-1,-1,-1
147,38,511.00,471.00,117.00,92.00,1.00,-1,-1,-1
147,39,507.00,250.00,90.00,58.00,1.00,-1,-1,-1
147,40,549.00,250.00,29.00,25.00,1.00,-1,-1,-1
147,41,1316.00,641.00,25.00,44.00,1.00,-1,-1,-1
147,44,457.00,179.00,103.00,115.00,1.00,-1,-1,-1
147,45,-46.00,1011.00,162.00,121.00,1.00,-1,-1,-1
147,48,360.00,214.00,23.00,61.00,1.00,-1,-1,-1
147,49,476.00,189.00,15.00,11.00,1.00,-1,-1,-1
147,50,482.00,182.00,13.00,19.00,1.00,-1,-1,-1
147,54,324.00,818.00,13.00,23.00,1.00,-1,-1,-1
147,72,581.00,846.00,11.00,15.00,1.00,-1,-1,-1
147,73,1378.00,637.00,64.00,45.00,1.00,-1,-1,-1
147,76,1346.00,642.00,11.00,32.00,1.00,-1,-1,-1
147,77,1236.00,609.00,208.00,46.00,1.00,-1,-1,-1
147,100,524.00,816.00,11.00,36.00,1.00,-1,-1,-1
147,112,858.00,490.00,54.00,12.00,1.00,-1,-1,-1
147,113,1381.00,652.00,27.00,20.00,1.00,-1,-1,-1
147,114,899.00,506.00,22.00,16.00,1.00,-1,-1,-1
147,116,1298.00,532.00,118.00,23.00,1.00,-1,-1,-1
147,126,1362.00,665.00,34.00,16.00,1.00,-1,-1,-1
147,129,900.00,900.00,29.00,21.00,1.00,-1,-1,-1
147,135,297.00,230.00,499.00,99.00,1.00,-1,-1,-1
147,139,1118.00,928.00,21.00,16.00,1.00,-1,-1,-1
147,142,961.00,656.00,52.00,14.00,1.00,-1,-1,-1
147,148,547.00,529.00,40.00,25.00,1.00,-1,-1,-1
147,153,1218.00,1028.00,11.00,41.00,1.00,-1,-1,-1
147,158,361.00,847.00,1097.00,136.00,1.00,-1,-1,-1
147,166,331.00,229.00,75.00,45.00,1.00,-1,-1,-1
147,174,543.00,263.00,39.00,42.00,1.00,-1,-1,-1
147,182,466.00,182.00,138.00,125.00,1.00,-1,-1,-1
147,186,306.00,1066.00,17.00,8.00,1.00,-1,-1,-1
147,193,823.00,975.00,41.00,65.00,1.00,-1,-1,-1
147,201,209.00,1064.00,11.00,12.00,1.00,-1,-1,-1
147,212,1354.00,528.00,44.00,27.00,1.00,-1,-1,-1
147,219,1365.00,634.00,33.00,37.00,1.00,-1,-1,-1
147,223,-10.00,1058.00,56.00,13.00,1.00,-1,-1,-1
147,244,1243.00,600.00,194.00,67.00,1.00,-1,-1,-1
147,254,541.00,253.00,65.00,44.00,1.00,-1,-1,-1
147,257,640.00,381.00,29.00,22.00,1.00,-1,-1,-1
147,262,784.00,529.00,199.00,123.00,1.00,-1,-1,-1
147,278,1348.00,613.00,42.00,19.00,1.00,-1,-1,-1
147,283,602.00,548.00,27.00,18.00,1.00,-1,-1,-1
147,290,556.00,266.00,23.00,9.00,1.00,-1,-1,-1
147,296,539.00,240.00,25.00,32.00,1.00,-1,-1,-1
147,299,1400.00,659.00,19.00,14.00,1.00,-1,-1,-1
147,301,-2.00,135.00,24.00,218.00,1.00,-1,-1,-1
147,305,557.00,408.00,13.00,15.00,1.00,-1,-1,-1
147,306,163.00,529.00,10.00,15.00,1.00,-1,-1,-1
147,307,793.00,375.00,10.00,20.00,1.00,-1,-1,-1
147,309,546.00,244.00,20.00,24.00,1.00,-1,-1,-1
147,312,266.00,499.00,20.00,16.00,1.00,-1,-1,-1
147,316,238.00,892.00,15.00,14.00,1.00,-1,-1,-1
147,325,496.00,241.00,100.00,33.00,1.00,-1,-1,-1
147,332,-2.00,402.00,8.00,16.00,1.00,-1,-1,-1
147,337,29.00,1044.00,33.00,24.00,1.00,-1,-1,-1
147,350,569.00,268.00,14.00,20.00,1.00,-1,-1,-1
147,352,627.00,536.00,13.00,33.00,1.00,-1,-1,-1
147,354,1402.00,654.00,16.00,13.00,1.00,-1,-1,-1
147,360,827.00,502.00,134.00,77.00,1.00,-1,-1,-1
147,362,550.00,246.00,15.00,13.00,1.00,-1,-1,-1
147,363,120.00,440.00,19.00,18.00,1.00,-1,-1,-1
147,364,1221.00,1028.00,17.00,112.00,1.00,-1,-1,-1
147,365,594.00,410.00,25.00,18.00,1.00,-1,-1,-1
147,373,512.00,225.00,64.00,31.00,1.00,-1,-1,-1
147,375,812.00,636.00,14.00,45.00,1.00,-1,-1,-1
147,382,435.00,346.00,41.00,40.00,1.00,-1,-1,-1
147,387,19.00,261.00,16.00,23.00,1.00,-1,-1,-1
147,388,798.00,305.00,18.00,48.00,1.00,-1,-1,-1
147,389,350.00,174.00,16.00,15.00,1.00,-1,-1,-1
147,390,1222.00,1044.00,9.00,29.00,1.00,-1,-1,-1
147,400,88.00,0.00,42.00,7.00,1.00,-1,-1,-1
147,403,856.00,523.00,78.00,26.00,1.00,-1,-1,-1
147,423,589.00,677.00,15.00,18.00,1.00,-1,-1,-1
147,426,321.00,673.00,61.00,45.00,1.00,-1,-1,-1
147,427,707.00,683.00,16.00,36.00,1.00,-1,-1,-1
147,428,633.00,739.00,30.00,29.00,1.00,-1,-1,-1
147,434,560.00,272.00,20.00,7.00,1.00,-1,-1,-1
147,444,510.00,204.00,12.00,15.00,1.00,-1,-1,-1
147,445,490.00,194.00,12.00,14.00,1.00,-1,-1,-1
147,446,127.00,756.00,12.00,15.00,1.00,-1,-1,-1
147,447,522.00,844.00,11.00,14.00,1.00,-1,-1,-1
147,448,499.00,708.00,12.00,21.00,1.00,-1,-1,-1
147,450,1040.00,748.00,15.00,12.00,1.00,-1,-1,-1
147,451,463.00,201.00,36.00,15.00,1.00,-1,-1,-1
147,452,458.00,834.00,14.00,15.00,1.00,-1,-1,-1
147,453,474.00,167.00,39.00,28.00,1.00,-1,-1,-1
147,454,-12.00,402.00,27.00,30.00,1.00,-1,-1,-1
147,455,776.00,697.00,16.00,26.00,1.00,-1,-1,-1
147,456,540.00,237.00,22.00,9.00,1.00,-1,-1,-1
147,457,1059.00,886.00,18.00,16.00,1.00,-1,-1,-1
147,458,725.00,406.00,109.00,52.00,1.00,-1,-1,-1
147,459,1270.00,966.00,150.00,41.00,1.00,-1,-1,-1
147,461,165.00,185.00,56.00,49.00,1.00,-1,-1,-1
147,470,1302.00,623.00,82.00,22.00,1.00,-1,-1,-1
147,474,1407.00,993.00,48.00,38.00,1.00,-1,-1,-1
147,476,464.00,282.00,193.00,27.00,1.00,-1,-1,-1
147,481,1407.00,993.00,48.00,38.00,1.00,-1,-1,-1
147,483,1192.00,981.00,18.00,29.00,1.00,-1,-1,-1
147,485,503.00,483.00,192.00,96.00,1.00,-1,-1,-1
147,488,408.00,492.00,17.00,21.00,1.00,-1,-1,-1
147,492,1503.00,402.00,20.00,19.00,1.00,-1,-1,-1
147,495,547.00,513.00,172.00,76.00,1.00,-1,-1,-1
147,502,393.00,162.00,48.00,33.00,1.00,-1,-1,-1
147,503,666.00,565.00,43.00,27.00,1.00,-1,-1,-1
147,508,525.00,486.00,22.00,23.00,1.00,-1,-1,-1
147,512,138.00,804.00,1581.00,222.00,1.00,-1,-1,-1
147,513,1323.00,546.00,21.00,17.00,1.00,-1,-1,-1
147,514,1265.00,537.00,22.00,17.00,1.00,-1,-1,-1
148,5,379.00,1048.00,27.00,59.00,1.00,-1,-1,-1
148,9,526.00,1055.00,43.00,30.00,1.00,-1,-1,-1
148,10,948.00,932.00,139.00,66.00,1.00,-1,-1,-1
148,11,1277.00,563.00,166.00,163.00,1.00,-1,-1,-1
148,12,1115.00,910.00,170.00,115.00,1.00,-1,-1,-1
148,15,161.00,1034.00,128.00,72.00,1.00,-1,-1,-1
148,18,535.00,431.00,78.00,30.00,1.00,-1,-1,-1
148,21,462.00,194.00,38.00,45.00,1.00,-1,-1,-1
148,32,197.00,667.00,12.00,13.00,1.00,-1,-1,-1
148,34,621.00,308.00,13.00,42.00,1.00,-1,-1,-1
148,37,537.00,245.00,19.00,33.00,1.00,-1,-1,-1
148,38,502.00,469.00,118.00,94.00,1.00,-1,-1,-1
148,39,501.00,256.00,90.00,58.00,1.00,-1,-1,-1
148,40,544.00,256.00,29.00,25.00,1.00,-1,-1,-1
148,41,1328.00,642.00,25.00,44.00,1.00,-1,-1,-1
148,44,451.00,185.00,108.00,120.00,1.00,-1,-1,-1
148,45,-46.00,1011.00,162.00,121.00,1.00,-1,-1,-1
148,48,338.00,214.00,23.00,61.00,1.00,-1,-1,-1
148,49,472.00,195.00,15.00,11.00,1.00,-1,-1,-1
148,50,478.00,188.00,13.00,19.00,1.00,-1,-1,-1
148,54,302.00,819.00,13.00,23.00,1.00,-1,-1,-1
148,72,543.00,825.00,11.00,15.00,1.00,-1,-1,-1
148,73,1390.00,639.00,64.00,45.00,1.00,-1,-1,-1
148,76,1358.00,643.00,11.00,32.00,1.00,-1,-1,-1
148,77,1248.00,611.00,208.00,46.00,1.00,-1,-1,-1
148,100,484.00,796.00,11.00,36.00,1.00,-1,-1,-1
148,112,836.00,490.00,54.00,12.00,1.00,-1,-1,-1
148,113,1393.00,654.00,27.00,20.00,1.00,-1,-1,-1
148,114,877.00,506.00,22.00,16.00,1.00,-1,-1,-1
148,116,1313.00,533.00,118.00,23.00,1.00,-1,-1,-1
148,126,1374.00,667.00,34.00,16.00,1.00,-1,-1,-1
148,129,860.00,876.00,29.00,21.00,1.00,-1,-1,-1
148,135,291.00,236.00,499.00,99.00,1.00,-1,-1,-1
148,139,1118.00,928.00,21.00,16.00,1.00,-1,-1,-1
148,142,894.00,462.00,52.00,14.00,1.00,-1,-1,-1
148,148,535.00,527.00,40.00,25.00,1.00,-1,-1,-1
148,153,1195.00,1028.00,11.00,41.00,1.00,-1,-1,-1
148,158,321.00,823.00,1097.00,136.00,1.00,-1,-1,-1
148,166,309.00,229.00,75.00,45.00,1.00,-1,-1,-1
148,174,537.00,269.00,39.00,42.00,1.00,-1,-1,-1
148,182,460.00,188.00,138.00,125.00,1.00,-1,-1,-1
148,186,284.00,1066.00,17.00,8.00,1.00,-1,-1,-1
148,193,823.00,975.00,41.00,65.00,1.00,-1,-1,-1
148,201,187.00,1064.00,11.00,12.00,1.00,-1,-1,-1
148,212,1368.00,525.00,44.00,27.00,1.00,-1,-1,-1
148,219,1377.00,635.00,33.00,37.00,1.00,-1,-1,-1
148,223,-10.00,1058.00,56.00,13.00,1.00,-1,-1,-1
148,244,1255.00,602.00,194.00,67.00,1.00,-1,-1,-1
148,254,536.00,259.00,65.00,44.00,1.00,-1,-1,-1
148,257,618.00,381.00,29.00,22.00,1.00,-1,-1,-1
148,262,762.00,529.00,199.00,123.00,1.00,-1,-1,-1
148,278,1359.00,613.00,42.00,19.00,1.00,-1,-1,-1
148,283,591.00,545.00,27.00,18.00,1.00,-1,-1,-1
148,290,551.00,272.00,23.00,9.00,1.00,-1,-1,-1
148,296,534.00,246.00,25.00,32.00,1.00,-1,-1,-1
148,299,1413.00,661.00,19.00,14.00,1.00,-1,-1,-1
148,301,-2.00,263.00,24.00,218.00,1.00,-1,-1,-1
148,305,535.00,408.00,13.00,15.00,1.00,-1,-1,-1
148,306,167.00,524.00,10.00,15.00,1.00,-1,-1,-1
148,307,771.00,375.00,10.00,20.00,1.00,-1,-1,-1
148,309,541.00,250.00,20.00,24.00,1.00,-1,-1,-1
148,312,244.00,499.00,20.00,16.00,1.00,-1,-1,-1
148,316,216.00,892.00,15.00,14.00,1.00,-1,-1,-1
148,325,491.00,247.00,100.00,33.00,1.00,-1,-1,-1
148,332,16.00,545.00,8.00,16.00,1.00,-1,-1,-1
148,350,564.00,273.00,14.00,20.00,1.00,-1,-1,-1
148,352,615.00,534.00,13.00,33.00,1.00,-1,-1,-1
148,354,1415.00,656.00,16.00,13.00,1.00,-1,-1,-1
148,360,805.00,502.00,134.00,77.00,1.00,-1,-1,-1
148,362,545.00,252.00,15.00,13.00,1.00,-1,-1,-1
148,363,98.00,440.00,19.00,18.00,1.00,-1,-1,-1
148,364,1199.00,1028.00,17.00,112.00,1.00,-1,-1,-1
148,365,571.00,410.00,25.00,18.00,1.00,-1,-1,-1
148,373,507.00,231.00,64.00,31.00,1.00,-1,-1,-1
148,375,790.00,636.00,14.00,45.00,1.00,-1,-1,-1
148,382,413.00,346.00,41.00,40.00,1.00,-1,-1,-1
148,387,-3.00,261.00,16.00,23.00,1.00,-1,-1,-1
148,388,776.00,306.00,18.00,48.00,1.00,-1,-1,-1
148,389,328.00,173.00,16.00,15.00,1.00,-1,-1,-1
148,390,1200.00,1044.00,9.00,29.00,1.00,-1,-1,-1
148,400,66.00,0.00,42.00,7.00,1.00,-1,-1,-1
148,403,834.00,523.00,78.00,26.00,1.00,-1,-1,-1
148,423,567.00,677.00,15.00,18.00,1.00,-1,-1,-1
148,426,299.00,674.00,61.00,45.00,1.00,-1,-1,-1
148,427,685.00,683.00,16.00,36.00,1.00,-1,-1,-1
148,428,611.00,739.00,30.00,29.00,1.00,-1,-1,-1
148,434,555.00,278.00,20.00,7.00,1.00,-1,-1,-1
148,444,506.00,210.00,12.00,15.00,1.00,-1,-1,-1
148,445,486.00,200.00,12.00,14.00,1.00,-1,-1,-1
148,446,105.00,756.00,12.00,15.00,1.00,-1,-1,-1
148,447,483.00,824.00,11.00,14.00,1.00,-1,-1,-1
148,448,476.00,708.00,12.00,21.00,1.00,-1,-1,-1
148,450,1018.00,748.00,15.00,12.00,1.00,-1,-1,-1
148,451,459.00,207.00,36.00,15.00,1.00,-1,-1,-1
148,452,436.00,834.00,14.00,15.00,1.00,-1,-1,-1
148,453,470.00,173.00,39.00,28.00,1.00,-1,-1,-1
148,454,-12.00,402.00,27.00,30.00,1.00,-1,-1,-1
148,455,754.00,697.00,16.00,26.00,1.00,-1,-1,-1
148,456,536.00,243.00,22.00,9.00,1.00,-1,-1,-1
148,457,1037.00,886.00,18.00,16.00,1.00,-1,-1,-1
148,458,703.00,406.00,109.00,52.00,1.00,-1,-1,-1
148,459,1270.00,966.00,150.00,41.00,1.00,-1,-1,-1
148,461,143.00,185.00,56.00,49.00,1.00,-1,-1,-1
148,470,1314.00,625.00,82.00,22.00,1.00,-1,-1,-1
148,474,1407.00,993.00,48.00,38.00,1.00,-1,-1,-1
148,476,459.00,288.00,193.00,27.00,1.00,-1,-1,-1
148,481,1407.00,993.00,48.00,38.00,1.00,-1,-1,-1
148,483,1192.00,981.00,18.00,29.00,1.00,-1,-1,-1
148,485,492.00,481.00,192.00,96.00,1.00,-1,-1,-1
148,488,385.00,492.00,17.00,21.00,1.00,-1,-1,-1
148,492,1481.00,402.00,20.00,19.00,1.00,-1,-1,-1
148,495,534.00,511.00,172.00,76.00,1.00,-1,-1,-1
148,502,371.00,162.00,48.00,33.00,1.00,-1,-1,-1
148,503,654.00,564.00,43.00,27.00,1.00,-1,-1,-1
148,508,513.00,482.00,22.00,23.00,1.00,-1,-1,-1
148,512,98.00,780.00,1581.00,222.00,1.00,-1,-1,-1
148,513,1335.00,548.00,21.00,17.00,1.00,-1,-1,-1
148,514,1265.00,537.00,22.00,17.00,1.00,-1,-1,-1
149,5,356.00,1048.00,27.00,59.00,1.00,-1,-1,-1
149,9,504.00,1055.00,43.00,30.00,1.00,-1,-1,-1
149,10,948.00,932.00,139.00,66.00,1.00,-1,-1,-1
149,11,1289.00,567.00,167.00,154.00,1.00,-1,-1,-1
149,12,1115.00,910.00,170.00,115.00,1.00,-1,-1,-1
149,15,139.00,1034.00,128.00,72.00,1.00,-1,-1,-1
149,18,513.00,431.00,78.00,30.00,1.00,-1,-1,-1
149,21,459.00,201.00,38.00,45.00,1.00,-1,-1,-1
149,32,175.00,668.00,12.00,13.00,1.00,-1,-1,-1
149,34,617.00,314.00,13.00,42.00,1.00,-1,-1,-1
149,37,532.00,252.00,19.00,33.00,1.00,-1,-1,-1
149,38,489.00,463.00,119.00,98.00,1.00,-1,-1,-1
149,39,497.00,263.00,90.00,58.00,1.00,-1,-1,-1
149,40,539.00,263.00,29.00,25.00,1.00,-1,-1,-1
149,41,1343.00,643.00,25.00,44.00,1.00,-1,-1,-1
149,44,446.00,189.00,112.00,123.00,1.00,-1,-1,-1
149,45,-46.00,1011.00,162.00,121.00,1.00,-1,-1,-1
149,48,315.00,214.00,23.00,61.00,1.00,-1,-1,-1
149,49,470.00,203.00,15.00,11.00,1.00,-1,-1,-1
149,50,477.00,196.00,13.00,19.00,1.00,-1,-1,-1
149,54,280.00,819.00,13.00,23.00,1.00,-1,-1,-1
149,72,506.00,805.00,11.00,15.00,1.00,-1,-1,-1
149,73,1403.00,640.00,64.00,45.00,1.00,-1,-1,-1
149,76,1370.00,645.00,11.00,32.00,1.00,-1,-1,-1
149,77,1260.00,613.00,208.00,46.00,1.00,-1,-1,-1
149,100,446.00,780.00,11.00,36.00,1.00,-1,-1,-1
149,112,814.00,490.00,54.00,12.00,1.00,-1,-1,-1
149,113,1406.00,656.00,27.00,20.00,1.00,-1,-1,-1
149,114,855.00,506.00,22.00,16.00,1.00,-1,-1,-1
149,116,1325.00,532.00,118.00,23.00,1.00,-1,-1,-1
149,126,1386.00,668.00,34.00,16.00,1.00,-1,-1,-1
149,129,822.00,850.00,29.00,21.00,1.00,-1,-1,-1
149,135,287.00,242.00,499.00,99.00,1.00,-1,-1,-1
149,139,1118.00,928.00,21.00,16.00,1.00,-1,-1,-1
149,142,872.00,462.00,52.00,14.00,1.00,-1,-1,-1
149,148,522.00,524.00,40.00,25.00,1.00,-1,-1,-1
149,153,1173.00,1028.00,11.00,41.00,1.00,-1,-1,-1
149,158,151.00,806.00,1097.00,136.00,1.00,-1,-1,-1
149,166,286.00,229.00,75.00,45.00,1.00,-1,-1,-1
149,174,533.00,275.00,39.00,42.00,1.00,-1,-1,-1
149,182,457.00,195.00,138.00,125.00,1.00,-1,-1,-1
149,186,261.00,1066.00,17.00,8.00,1.00,-1,-1,-1
149,193,823.00,975.00,41.00,65.00,1.00,-1,-1,-1
149,201,164.00,1064.00,11.00,12.00,1.00,-1,-1,-1
149,212,1361.00,524.00,44.00,27.00,1.00,-1,-1,-1
149,219,1389.00,638.00,33.00,37.00,1.00,-1,-1,-1
149,223,-10.00,1058.00,56.00,13.00,1.00,-1,-1,-1
149,244,1268.00,604.00,194.00,67.00,1.00,-1,-1,-1
149,254,532.00,266.00,65.00,44.00,1.00,-1,-1,-1
149,257,596.00,381.00,29.00,22.00,1.00,-1,-1,-1
149,262,740.00,529.00,199.00,123.00,1.00,-1,-1,-1
149,278,1372.00,616.00,42.00,19.00,1.00,-1,-1,-1
149,283,580.00,543.00,27.00,18.00,1.00,-1,-1,-1
149,290,546.00,279.00,23.00,9.00,1.00,-1,-1,-1
149,296,530.00,252.00,25.00,32.00,1.00,-1,-1,-1
149,299,1425.00,663.00,19.00,14.00,1.00,-1,-1,-1
149,301,-15.00,190.00,24.00,218.00,1.00,-1,-1,-1
149,305,513.00,407.00,13.00,15.00,1.00,-1,-1,-1
149,306,175.00,510.00,10.00,15.00,1.00,-1,-1,-1
149,307,765.00,373.00,10.00,20.00,1.00,-1,-1,-1
149,309,537.00,257.00,20.00,24.00,1.00,-1,-1,-1
149,312,222.00,499.00,20.00,16.00,1.00,-1,-1,-1
149,316,193.00,892.00,15.00,14.00,1.00,-1,-1,-1
149,325,487.00,254.00,100.00,33.00,1.00,-1,-1,-1
149,332,9.00,398.00,8.00,16.00,1.00,-1,-1,-1
149,350,560.00,280.00,14.00,20.00,1.00,-1,-1,-1
149,352,603.00,531.00,13.00,33.00,1.00,-1,-1,-1
149,354,1427.00,658.00,16.00,13.00,1.00,-1,-1,-1
149,360,783.00,502.00,134.00,77.00,1.00,-1,-1,-1
149,362,540.00,258.00,15.00,13.00,1.00,-1,-1,-1
149,363,75.00,440.00,19.00,18.00,1.00,-1,-1,-1
149,364,1177.00,1028.00,17.00,112.00,1.00,-1,-1,-1
149,365,549.00,410.00,25.00,18.00,1.00,-1,-1,-1
149,373,503.00,238.00,64.00,31.00,1.00,-1,-1,-1
149,375,768.00,636.00,14.00,45.00,1.00,-1,-1,-1
149,382,390.00,346.00,41.00,40.00,1.00,-1,-1,-1
149,387,-3.00,261.00,16.00,23.00,1.00,-1,-1,-1
149,388,754.00,306.00,18.00,48.00,1.00,-1,-1,-1
149,389,306.00,173.00,16.00,15.00,1.00,-1,-1,-1
149,390,1178.00,1044.00,9.00,29.00,1.00,-1,-1,-1
149,400,42.00,0.00,42.00,7.00,1.00,-1,-1,-1
149,403,812.00,523.00,78.00,26.00,1.00,-1,-1,-1
149,423,545.00,677.00,15.00,18.00,1.00,-1,-1,-1
149,426,277.00,674.00,61.00,45.00,1.00,-1,-1,-1
149,427,663.00,683.00,16.00,36.00,1.00,-1,-1,-1
149,428,588.00,739.00,30.00,29.00,1.00,-1,-1,-1
149,434,551.00,285.00,20.00,7.00,1.00,-1,-1,-1
149,444,503.00,216.00,12.00,15.00,1.00,-1,-1,-1
149,445,483.00,206.00,12.00,14.00,1.00,-1,-1,-1
149,446,83.00,756.00,12.00,15.00,1.00,-1,-1,-1
149,447,445.00,809.00,11.00,14.00,1.00,-1,-1,-1
149,448,454.00,708.00,12.00,21.00,1.00,-1,-1,-1
149,450,996.00,747.00,15.00,12.00,1.00,-1,-1,-1
149,451,456.00,215.00,36.00,15.00,1.00,-1,-1,-1
149,452,414.00,834.00,14.00,15.00,1.00,-1,-1,-1
149,453,468.00,180.00,39.00,28.00,1.00,-1,-1,-1
149,454,120.00,480.00,27.00,30.00,1.00,-1,-1,-1
149,455,732.00,697.00,16.00,26.00,1.00,-1,-1,-1
149,456,531.00,250.00,22.00,9.00,1.00,-1,-1,-1
149,457,1014.00,886.00,18.00,16.00,1.00,-1,-1,-1
149,458,681.00,406.00,109.00,52.00,1.00,-1,-1,-1
149,459,1270.00,966.00,150.00,41.00,1.00,-1,-1,-1
149,461,120.00,185.00,56.00,49.00,1.00,-1,-1,-1
149,470,1326.00,627.00,82.00,22.00,1.00,-1,-1,-1
149,474,1407.00,993.00,48.00,38.00,1.00,-1,-1,-1
149,476,455.00,294.00,193.00,27.00,1.00,-1,-1,-1
149,481,1407.00,993.00,48.00,38.00,1.00,-1,-1,-1
149,483,1192.00,981.00,18.00,29.00,1.00,-1,-1,-1
149,485,482.00,478.00,192.00,96.00,1.00,-1,-1,-1
149,488,363.00,492.00,17.00,21.00,1.00,-1,-1,-1
149,492,1458.00,402.00,20.00,19.00,1.00,-1,-1,-1
149,495,523.00,509.00,172.00,76.00,1.00,-1,-1,-1
149,502,348.00,161.00,48.00,33.00,1.00,-1,-1,-1
149,503,642.00,562.00,43.00,27.00,1.00,-1,-1,-1
149,508,504.00,480.00,22.00,23.00,1.00,-1,-1,-1
149,512,64.00,756.00,1581.00,222.00,1.00,-1,-1,-1
149,513,1348.00,549.00,24.00,18.00,1.00,-1,-1,-1
149,514,1265.00,537.00,22.00,17.00,1.00,-1,-1,-1
149,523,417.00,792.00,151.00,57.00,1.00,-1,-1,-1
150,5,334.00,1048.00,27.00,59.00,1.00,-1,-1,-1
150,9,482.00,1055.00,43.00,30.00,1.00,-1,-1,-1
150,10,948.00,932.00,139.00,66.00,1.00,-1,-1,-1
150,11,1302.00,569.00,166.00,160.00,1.00,-1,-1,-1
150,12,1115.00,910.00,170.00,115.00,1.00,-1,-1,-1
150,15,117.00,1034.00,128.00,72.00,1.00,-1,-1,-1
150,18,490.00,431.00,78.00,30.00,1.00,-1,-1,-1
150,21,455.00,209.00,38.00,45.00,1.00,-1,-1,-1
150,32,153.00,668.00,12.00,13.00,1.00,-1,-1,-1
150,34,614.00,321.00,13.00,42.00,1.00,-1,-1,-1
150,37,528.00,260.00,19.00,33.00,1.00,-1,-1,-1
150,38,482.00,464.00,190.00,120.00,1.00,-1,-1,-1
150,39,493.00,270.00,90.00,58.00,1.00,-1,-1,-1
150,40,535.00,270.00,29.00,25.00,1.00,-1,-1,-1
150,41,1356.00,645.00,25.00,44.00,1.00,-1,-1,-1
150,44,445.00,197.00,103.00,118.00,1.00,-1,-1,-1
150,48,293.00,214.00,23.00,61.00,1.00,-1,-1,-1
150,49,467.00,210.00,15.00,11.00,1.00,-1,-1,-1
150,50,475.00,204.00,13.00,19.00,1.00,-1,-1,-1
150,54,258.00,819.00,13.00,23.00,1.00,-1,-1,-1
150,72,469.00,787.00,11.00,15.00,1.00,-1,-1,-1
150,73,1416.00,642.00,64.00,45.00,1.00,-1,-1,-1
150,76,1382.00,647.00,11.00,32.00,1.00,-1,-1,-1
150,77,1273.00,616.00,208.00,46.00,1.00,-1,-1,-1
150,100,408.00,764.00,11.00,36.00,1.00,-1,-1,-1
150,112,792.00,490.00,54.00,12.00,1.00,-1,-1,-1
150,113,1418.00,657.00,27.00,20.00,1.00,-1,-1,-1
150,114,832.00,506.00,22.00,16.00,1.00,-1,-1,-1
150,116,1330.00,532.00,118.00,23.00,1.00,-1,-1,-1
150,126,1398.00,670.00,34.00,16.00,1.00,-1,-1,-1
150,129,784.00,824.00,29.00,21.00,1.00,-1,-1,-1
150,135,283.00,249.00,499.00,99.00,1.00,-1,-1,-1
150,139,1118.00,928.00,21.00,16.00,1.00,-1,-1,-1
150,142,849.00,462.00,52.00,14.00,1.00,-1,-1,-1
150,148,510.00,522.00,40.00,25.00,1.00,-1,-1,-1
150,153,1151.00,1028.00,11.00,41.00,1.00,-1,-1,-1
150,158,92.00,791.00,1097.00,136.00,1.00,-1,-1,-1
150,166,264.00,229.00,75.00,45.00,1.00,-1,-1,-1
150,174,529.00,283.00,39.00,42.00,1.00,-1,-1,-1
150,182,453.00,203.00,138.00,125.00,1.00,-1,-1,-1
150,186,239.00,1066.00,17.00,8.00,1.00,-1,-1,-1
150,193,823.00,975.00,41.00,65.00,1.00,-1,-1,-1
150,201,142.00,1064.00,11.00,12.00,1.00,-1,-1,-1
150,212,1341.00,524.00,44.00,27.00,1.00,-1,-1,-1
150,219,1402.00,639.00,33.00,37.00,1.00,-1,-1,-1
150,244,1280.00,606.00,194.00,67.00,1.00,-1,-1,-1
150,254,528.00,273.00,65.00,44.00,1.00,-1,-1,-1
150,257,573.00,381.00,29.00,22.00,1.00,-1,-1,-1
150,262,718.00,529.00,199.00,123.00,1.00,-1,-1,-1
150,278,1385.00,619.00,42.00,19.00,1.00,-1,-1,-1
150,283,570.00,541.00,27.00,18.00,1.00,-1,-1,-1
150,290,543.00,286.00,23.00,9.00,1.00,-1,-1,-1
150,296,526.00,260.00,25.00,32.00,1.00,-1,-1,-1
150,299,1438.00,665.00,19.00,14.00,1.00,-1,-1,-1
150,301,-15.00,190.00,24.00,218.00,1.00,-1,-1,-1
150,305,491.00,408.00,13.00,15.00,1.00,-1,-1,-1
150,306,188.00,553.00,10.00,15.00,1.00,-1,-1,-1
150,307,743.00,373.00,10.00,20.00,1.00,-1,-1,-1
150,309,533.00,264.00,20.00,24.00,1.00,-1,-1,-1
150,312,198.00,468.00,20.00,16.00,1.00,-1,-1,-1
150,316,171.00,892.00,15.00,14.00,1.00,-1,-1,-1
150,325,483.00,262.00,100.00,33.00,1.00,-1,-1,-1
150,332,9.00,398.00,8.00,16.00,1.00,-1,-1,-1
150,350,556.00,288.00,14.00,20.00,1.00,-1,-1,-1
150,352,594.00,530.00,13.00,33.00,1.00,-1,-1,-1
150,354,1440.00,659.00,16.00,13.00,1.00,-1,-1,-1
150,360,760.00,502.00,134.00,77.00,1.00,-1,-1,-1
150,362,536.00,265.00,15.00,13.00,1.00,-1,-1,-1
150,363,53.00,440.00,19.00,18.00,1.00,-1,-1,-1
150,364,1155.00,1028.00,17.00,112.00,1.00,-1,-1,-1
150,365,527.00,410.00,25.00,18.00,1.00,-1,-1,-1
150,373,500.00,246.00,64.00,31.00,1.00,-1,-1,-1
150,375,745.00,636.00,14.00,45.00,1.00,-1,-1,-1
150,382,368.00,346.00,41.00,40.00,1.00,-1,-1,-1
150,387,14.00,240.00,16.00,23.00,1.00,-1,-1,-1
150,388,732.00,306.00,18.00,48.00,1.00,-1,-1,-1
150,389,284.00,173.00,16.00,15.00,1.00,-1,-1,-1
150,390,1156.00,1044.00,9.00,29.00,1.00,-1,-1,-1
150,400,21.00,0.00,42.00,7.00,1.00,-1,-1,-1
150,403,790.00,523.00,78.00,26.00,1.00,-1,-1,-1
150,423,523.00,677.00,15.00,18.00,1.00,-1,-1,-1
150,426,254.00,674.00,61.00,45.00,1.00,-1,-1,-1
150,427,641.00,683.00,16.00,36.00,1.00,-1,-1,-1
150,428,566.00,739.00,30.00,29.00,1.00,-1,-1,-1
150,434,547.00,292.00,20.00,7.00,1.00,-1,-1,-1
150,444,500.00,225.00,12.00,15.00,1.00,-1,-1,-1
150,445,481.00,214.00,12.00,14.00,1.00,-1,-1,-1
150,446,61.00,756.00,12.00,15.00,1.00,-1,-1,-1
150,447,407.00,796.00,11.00,14.00,1.00,-1,-1,-1
150,448,432.00,708.00,12.00,21.00,1.00,-1,-1,-1
150,450,974.00,748.00,15.00,12.00,1.00,-1,-1,-1
150,451,452.00,222.00,36.00,15.00,1.00,-1,-1,-1
150,452,392.00,835.00,14.00,15.00,1.00,-1,-1,-1
150,453,466.00,188.00,39.00,28.00,1.00,-1,-1,-1
150,454,97.00,480.00,27.00,30.00,1.00,-1,-1,-1
150,455,709.00,697.00,16.00,26.00,1.00,-1,-1,-1
150,456,528.00,257.00,22.00,9.00,1.00,-1,-1,-1
150,457,992.00,886.00,18.00,16.00,1.00,-1,-1,-1
150,458,659.00,406.00,109.00,52.00,1.00,-1,-1,-1
150,459,1270.00,966.00,150.00,41.00,1.00,-1,-1,-1
150,461,98.00,185.00,56.00,49.00,1.00,-1,-1,-1
150,470,1339.00,630.00,82.00,22.00,1.00,-1,-1,-1
150,474,1407.00,993.00,48.00,38.00,1.00,-1,-1,-1
150,476,451.00,302.00,193.00,27.00,1.00,-1,-1,-1
150,481,1407.00,993.00,48.00,38.00,1.00,-1,-1,-1
150,483,1192.00,981.00,18.00,29.00,1.00,-1,-1,-1
150,485,472.00,476.00,192.00,96.00,1.00,-1,-1,-1
150,488,341.00,492.00,17.00,21.00,1.00,-1,-1,-1
150,492,1436.00,402.00,20.00,19.00,1.00,-1,-1,-1
150,495,514.00,507.00,172.00,76.00,1.00,-1,-1,-1
150,502,326.00,161.00,48.00,33.00,1.00,-1,-1,-1
150,503,631.00,561.00,43.00,27.00,1.00,-1,-1,-1
150,508,496.00,478.00,22.00,23.00,1.00,-1,-1,-1
150,512,25.00,730.00,1581.00,222.00,1.00,-1,-1,-1
150,513,1363.00,560.00,14.00,10.00,1.00,-1,-1,-1
150,523,391.00,781.00,261.00,72.00,1.00,-1,-1,-1
150,528,762.00,837.00,77.00,27.00,1.00,-1,-1,-1
151,5,313.00,1048.00,27.00,59.00,1.00,-1,-1,-1
151,9,460.00,1055.00,43.00,30.00,1.00,-1,-1,-1
151,10,948.00,932.00,139.00,66.00,1.00,-1,-1,-1
151,11,1316.00,573.00,167.00,155.00,1.00,-1,-1,-1
151,12,1115.00,910.00,170.00,115.00,1.00,-1,-1,-1
151,15,95.00,1034.00,128.00,72.00,1.00,-1,-1,-1
151,18,469.00,431.00,78.00,30.00,1.00,-1,-1,-1
151,21,453.00,217.00,38.00,45.00,1.00,-1,-1,-1
151,32,131.00,667.00,12.00,13.00,1.00,-1,-1,-1
151,34,611.00,329.00,13.00,42.00,1.00,-1,-1,-1
151,37,526.00,267.00,19.00,33.00,1.00,-1,-1,-1
151,38,471.00,461.00,192.00,122.00,1.00,-1,-1,-1
151,39,490.00,277.00,90.00,58.00,1.00,-1,-1,-1
151,40,532.00,278.00,29.00,25.00,1.00,-1,-1,-1
151,41,1370.00,646.00,25.00,44.00,1.00,-1,-1,-1
151,44,443.00,206.00,100.00,115.00,1.00,-1,-1,-1
151,48,272.00,214.00,23.00,61.00,1.00,-1,-1,-1
151,49,467.00,218.00,15.00,11.00,1.00,-1,-1,-1
151,50,475.00,212.00,13.00,19.00,1.00,-1,-1,-1
151,54,236.00,818.00,13.00,23.00,1.00,-1,-1,-1
151,72,434.00,769.00,11.00,15.00,1.00,-1,-1,-1
151,73,1429.00,644.00,64.00,45.00,1.00,-1,-1,-1
151,76,1396.00,649.00,11.00,32.00,1.00,-1,-1,-1
151,77,1287.00,618.00,208.00,46.00,1.00,-1,-1,-1
151,100,361.00,750.00,11.00,36.00,1.00,-1,-1,-1
151,112,771.00,490.00,54.00,12.00,1.00,-1,-1,-1
151,113,1432.00,659.00,27.00,20.00,1.00,-1,-1,-1
151,114,811.00,506.00,22.00,16.00,1.00,-1,-1,-1
151,116,1343.00,532.00,118.00,23.00,1.00,-1,-1,-1
151,126,1411.00,671.00,34.00,16.00,1.00,-1,-1,-1
151,129,617.00,809.00,29.00,21.00,1.00,-1,-1,-1
151,135,279.00,257.00,499.00,99.00,1.00,-1,-1,-1
151,142,828.00,462.00,52.00,14.00,1.00,-1,-1,-1
151,148,500.00,519.00,40.00,25.00,1.00,-1,-1,-1
151,153,1130.00,1028.00,11.00,41.00,1.00,-1,-1,-1
151,158,41.00,776.00,1097.00,136.00,1.00,-1,-1,-1
151,166,242.00,229.00,75.00,45.00,1.00,-1,-1,-1
151,174,527.00,290.00,39.00,42.00,1.00,-1,-1,-1
151,182,450.00,211.00,138.00,125.00,1.00,-1,-1,-1
151,186,218.00,1066.00,17.00,8.00,1.00,-1,-1,-1
151,193,823.00,975.00,41.00,65.00,1.00,-1,-1,-1
151,201,121.00,1064.00,11.00,12.00,1.00,-1,-1,-1
151,212,1333.00,524.00,44.00,27.00,1.00,-1,-1,-1
151,219,1415.00,641.00,33.00,37.00,1.00,-1,-1,-1
151,244,1294.00,608.00,194.00,67.00,1.00,-1,-1,-1
151,254,525.00,281.00,65.00,44.00,1.00,-1,-1,-1
151,257,552.00,381.00,29.00,22.00,1.00,-1,-1,-1
151,262,696.00,529.00,199.00,123.00,1.00,-1,-1,-1
151,278,1399.00,621.00,42.00,19.00,1.00,-1,-1,-1
151,283,561.00,539.00,27.00,18.00,1.00,-1,-1,-1
151,290,540.00,294.00,23.00,9.00,1.00,-1,-1,-1
151,296,523.00,267.00,25.00,32.00,1.00,-1,-1,-1
151,299,1452.00,667.00,19.00,14.00,1.00,-1,-1,-1
151,301,-15.00,190.00,24.00,218.00,1.00,-1,-1,-1
151,305,469.00,408.00,13.00,15.00,1.00,-1,-1,-1
151,306,166.00,552.00,10.00,15.00,1.00,-1,-1,-1
151,307,721.00,373.00,10.00,20.00,1.00,-1,-1,-1
151,309,530.00,272.00,20.00,24.00,1.00,-1,-1,-1
151,312,176.00,468.00,20.00,16.00,1.00,-1,-1,-1
151,316,150.00,892.00,15.00,14.00,1.00,-1,-1,-1
151,325,480.00,270.00,100.00,33.00,1.00,-1,-1,-1
151,332,9.00,398.00,8.00,16.00,1.00,-1,-1,-1
151,350,553.00,295.00,14.00,20.00,1.00,-1,-1,-1
151,352,594.00,529.00,13.00,33.00,1.00,-1,-1,-1
151,354,1454.00,662.00,16.00,13.00,1.00,-1,-1,-1
151,360,739.00,502.00,134.00,77.00,1.00,-1,-1,-1
151,362,534.00,273.00,15.00,13.00,1.00,-1,-1,-1
151,363,32.00,440.00,19.00,18.00,1.00,-1,-1,-1
151,364,1133.00,1028.00,17.00,112.00,1.00,-1,-1,-1
151,365,505.00,410.00,25.00,18.00,1.00,-1,-1,-1
151,373,497.00,253.00,64.00,31.00,1.00,-1,-1,-1
151,375,724.00,636.00,14.00,45.00,1.00,-1,-1,-1
151,382,346.00,346.00,41.00,40.00,1.00,-1,-1,-1
151,387,14.00,240.00,16.00,23.00,1.00,-1,-1,-1
151,388,710.00,305.00,18.00,48.00,1.00,-1,-1,-1
151,389,262.00,173.00,16.00,15.00,1.00,-1,-1,-1
151,390,1135.00,1043.00,9.00,29.00,1.00,-1,-1,-1
151,400,0.00,0.00,42.00,7.00,1.00,-1,-1,-1
151,403,768.00,523.00,78.00,26.00,1.00,-1,-1,-1
151,423,501.00,677.00,15.00,18.00,1.00,-1,-1,-1
151,426,233.00,674.00,61.00,45.00,1.00,-1,-1,-1
151,427,619.00,683.00,16.00,36.00,1.00,-1,-1,-1
151,428,545.00,739.00,30.00,29.00,1.00,-1,-1,-1
151,434,544.00,300.00,20.00,7.00,1.00,-1,-1,-1
151,444,498.00,231.00,12.00,15.00,1.00,-1,-1,-1
151,445,481.00,222.00,12.00,14.00,1.00,-1,-1,-1
151,446,39.00,756.00,12.00,15.00,1.00,-1,-1,-1
151,447,384.00,787.00,11.00,14.00,1.00,-1,-1,-1
151,448,410.00,708.00,12.00,21.00,1.00,-1,-1,-1
151,450,952.00,747.00,15.00,12.00,1.00,-1,-1,-1
151,451,451.00,230.00,36.00,15.00,1.00,-1,-1,-1
151,452,371.00,835.00,14.00,15.00,1.00,-1,-1,-1
151,453,466.00,195.00,39.00,28.00,1.00,-1,-1,-1
151,454,76.00,480.00,27.00,30.00,1.00,-1,-1,-1
151,455,688.00,697.00,16.00,26.00,1.00,-1,-1,-1
151,456,526.00,264.00,22.00,9.00,1.00,-1,-1,-1
151,457,971.00,886.00,18.00,16.00,1.00,-1,-1,-1
151,458,637.00,406.00,109.00,52.00,1.00,-1,-1,-1
151,459,1270.00,966.00,150.00,41.00,1.00,-1,-1,-1
151,461,76.00,185.00,56.00,49.00,1.00,-1,-1,-1
151,470,1352.00,632.00,82.00,22.00,1.00,-1,-1,-1
151,474,1407.00,993.00,48.00,38.00,1.00,-1,-1,-1
151,476,448.00,309.00,193.00,27.00,1.00,-1,-1,-1
151,481,1407.00,993.00,48.00,38.00,1.00,-1,-1,-1
151,483,1192.00,981.00,18.00,29.00,1.00,-1,-1,-1
151,485,464.00,473.00,192.00,96.00,1.00,-1,-1,-1
151,488,319.00,492.00,17.00,21.00,1.00,-1,-1,-1
151,492,1415.00,402.00,20.00,19.00,1.00,-1,-1,-1
151,495,508.00,505.00,172.00,76.00,1.00,-1,-1,-1
151,502,304.00,161.00,48.00,33.00,1.00,-1,-1,-1
151,503,620.00,559.00,43.00,27.00,1.00,-1,-1,-1
151,508,488.00,475.00,22.00,23.00,1.00,-1,-1,-1
151,512,-17.00,702.00,1581.00,222.00,1.00,-1,-1,-1
151,513,1377.00,563.00,14.00,10.00,1.00,-1,-1,-1
151,523,358.00,764.00,323.00,71.00,1.00,-1,-1,-1
151,528,729.00,803.00,77.00,27.00,1.00,-1,-1,-1
152,5,292.00,1048.00,27.00,59.00,1.00,-1,-1,-1
152,9,440.00,1055.00,43.00,30.00,1.00,-1,-1,-1
152,10,948.00,931.00,139.00,66.00,1.00,-1,-1,-1
152,11,1364.00,601.00,97.00,114.00,1.00,-1,-1,-1
152,12,1115.00,910.00,170.00,115.00,1.00,-1,-1,-1
152,15,74.00,1034.00,128.00,72.00,1.00,-1,-1,-1
152,18,449.00,430.00,78.00,30.00,1.00,-1,-1,-1
152,21,453.00,224.00,38.00,45.00,1.00,-1,-1,-1
152,32,110.00,667.00,12.00,13.00,1.00,-1,-1,-1
152,34,609.00,336.00,13.00,42.00,1.00,-1,-1,-1
152,37,524.00,275.00,19.00,33.00,1.00,-1,-1,-1
152,38,463.00,456.00,196.00,124.00,1.00,-1,-1,-1
152,39,488.00,285.00,90.00,58.00,1.00,-1,-1,-1
152,40,531.00,285.00,29.00,25.00,1.00,-1,-1,-1
152,41,1385.00,648.00,25.00,44.00,1.00,-1,-1,-1
152,44,442.00,213.00,100.00,115.00,1.00,-1,-1,-1
152,48,251.00,214.00,23.00,61.00,1.00,-1,-1,-1
152,49,468.00,225.00,15.00,11.00,1.00,-1,-1,-1
152,50,476.00,218.00,13.00,19.00,1.00,-1,-1,-1
152,54,215.00,818.00,13.00,23.00,1.00,-1,-1,-1
152,72,399.00,752.00,11.00,15.00,1.00,-1,-1,-1
152,73,1444.00,645.00,64.00,45.00,1.00,-1,-1,-1
152,76,1410.00,650.00,11.00,32.00,1.00,-1,-1,-1
152,77,1302.00,619.00,208.00,46.00,1.00,-1,-1,-1
152,100,329.00,735.00,11.00,36.00,1.00,-1,-1,-1
152,112,750.00,490.00,54.00,12.00,1.00,-1,-1,-1
152,113,1447.00,661.00,27.00,20.00,1.00,-1,-1,-1
152,114,790.00,506.00,22.00,16.00,1.00,-1,-1,-1
152,116,1359.00,532.00,118.00,23.00,1.00,-1,-1,-1
152,126,1425.00,671.00,34.00,16.00,1.00,-1,-1,-1
152,129,544.00,806.00,29.00,21.00,1.00,-1,-1,-1
152,135,277.00,264.00,499.00,99.00,1.00,-1,-1,-1
152,142,807.00,462.00,52.00,14.00,1.00,-1,-1,-1
152,148,491.00,517.00,40.00,25.00,1.00,-1,-1,-1
152,153,1109.00,1028.00,11.00,41.00,1.00,-1,-1,-1
152,158,-1.00,762.00,1097.00,136.00,1.00,-1,-1,-1
152,166,221.00,228.00,75.00,45.00,1.00,-1,-1,-1
152,174,524.00,297.00,39.00,42.00,1.00,-1,-1,-1
152,182,444.00,210.00,203.00,204.00,1.00,-1,-1,-1
152,186,197.00,1066.00,17.00,8.00,1.00,-1,-1,-1
152,193,823.00,975.00,41.00,65.00,1.00,-1,-1,-1
152,201,100.00,1064.00,11.00,12.00,1.00,-1,-1,-1
152,212,1312.00,524.00,44.00,27.00,1.00,-1,-1,-1
152,219,1430.00,642.00,33.00,37.00,1.00,-1,-1,-1
152,244,1309.00,610.00,194.00,67.00,1.00,-1,-1,-1
152,254,524.00,289.00,65.00,44.00,1.00,-1,-1,-1
152,257,531.00,381.00,29.00,22.00,1.00,-1,-1,-1
152,262,676.00,529.00,199.00,123.00,1.00,-1,-1,-1
152,278,1414.00,622.00,42.00,19.00,1.00,-1,-1,-1
152,283,556.00,537.00,27.00,18.00,1.00,-1,-1,-1
152,290,538.00,302.00,23.00,9.00,1.00,-1,-1,-1
152,296,522.00,275.00,25.00,32.00,1.00,-1,-1,-1
152,299,1467.00,668.00,19.00,14.00,1.00,-1,-1,-1
152,301,-15.00,190.00,24.00,218.00,1.00,-1,-1,-1
152,305,448.00,407.00,13.00,15.00,1.00,-1,-1,-1
152,306,145.00,552.00,10.00,15.00,1.00,-1,-1,-1
152,307,700.00,372.00,10.00,20.00,1.00,-1,-1,-1
152,309,529.00,279.00,20.00,24.00,1.00,-1,-1,-1
152,312,155.00,468.00,20.00,16.00,1.00,-1,-1,-1
152,316,129.00,892.00,15.00,14.00,1.00,-1,-1,-1
152,325,478.00,278.00,100.00,33.00,1.00,-1,-1,-1
152,332,9.00,398.00,8.00,16.00,1.00,-1,-1,-1
152,350,552.00,303.00,14.00,20.00,1.00,-1,-1,-1
152,352,587.00,529.00,13.00,33.00,1.00,-1,-1,-1
152,354,1469.00,662.00,16.00,13.00,1.00,-1,-1,-1
152,360,718.00,501.00,134.00,77.00,1.00,-1,-1,-1
152,362,532.00,280.00,15.00,13.00,1.00,-1,-1,-1
152,363,9.00,446.00,27.00,15.00,1.00,-1,-1,-1
152,364,1113.00,1028.00,17.00,112.00,1.00,-1,-1,-1
152,365,485.00,410.00,25.00,18.00,1.00,-1,-1,-1
152,373,497.00,260.00,64.00,31.00,1.00,-1,-1,-1
152,375,703.00,636.00,14.00,45.00,1.00,-1,-1,-1
152,382,326.00,346.00,41.00,40.00,1.00,-1,-1,-1
152,387,14.00,240.00,16.00,23.00,1.00,-1,-1,-1
152,388,689.00,305.00,18.00,48.00,1.00,-1,-1,-1
152,389,241.00,173.00,16.00,15.00,1.00,-1,-1,-1
152,390,1114.00,1043.00,9.00,29.00,1.00,-1,-1,-1
152,400,0.00,0.00,42.00,7.00,1.00,-1,-1,-1
152,403,748.00,523.00,78.00,26.00,1.00,-1,-1,-1
152,423,480.00,677.00,15.00,18.00,1.00,-1,-1,-1
152,426,212.00,673.00,61.00,45.00,1.00,-1,-1,-1
152,427,598.00,683.00,16.00,36.00,1.00,-1,-1,-1
152,428,520.00,722.00,30.00,29.00,1.00,-1,-1,-1
152,434,543.00,307.00,20.00,7.00,1.00,-1,-1,-1
152,444,498.00,238.00,12.00,15.00,1.00,-1,-1,-1
152,445,482.00,229.00,12.00,14.00,1.00,-1,-1,-1
152,446,18.00,756.00,12.00,15.00,1.00,-1,-1,-1
152,447,362.00,767.00,11.00,14.00,1.00,-1,-1,-1
152,448,389.00,708.00,12.00,21.00,1.00,-1,-1,-1
152,450,931.00,747.00,15.00,12.00,1.00,-1,-1,-1
152,451,451.00,236.00,36.00,15.00,1.00,-1,-1,-1
152,452,350.00,835.00,14.00,15.00,1.00,-1,-1,-1
152,453,469.00,203.00,39.00,28.00,1.00,-1,-1,-1
152,454,55.00,479.00,27.00,30.00,1.00,-1,-1,-1
152,455,667.00,697.00,16.00,26.00,1.00,-1,-1,-1
152,456,524.00,269.00,22.00,9.00,1.00,-1,-1,-1
152,457,951.00,886.00,18.00,16.00,1.00,-1,-1,-1
152,458,616.00,406.00,109.00,52.00,1.00,-1,-1,-1
152,459,1270.00,966.00,150.00,41.00,1.00,-1,-1,-1
152,461,55.00,185.00,56.00,49.00,1.00,-1,-1,-1
152,470,1367.00,633.00,82.00,22.00,1.00,-1,-1,-1
152,474,1407.00,993.00,48.00,38.00,1.00,-1,-1,-1
152,476,446.00,316.00,193.00,27.00,1.00,-1,-1,-1
152,481,1407.00,993.00,48.00,38.00,1.00,-1,-1,-1
152,483,1192.00,981.00,18.00,29.00,1.00,-1,-1,-1
152,485,456.00,470.00,192.00,96.00,1.00,-1,-1,-1
152,488,299.00,492.00,17.00,21.00,1.00,-1,-1,-1
152,492,1394.00,402.00,20.00,19.00,1.00,-1,-1,-1
152,495,501.00,503.00,172.00,76.00,1.00,-1,-1,-1
152,502,283.00,161.00,48.00,33.00,1.00,-1,-1,-1
152,503,612.00,556.00,43.00,27.00,1.00,-1,-1,-1
152,508,479.00,472.00,22.00,23.00,1.00,-1,-1,-1
152,512,-43.00,680.00,1581.00,222.00,1.00,-1,-1,-1
152,513,1392.00,565.00,14.00,10.00,1.00,-1,-1,-1
152,523,308.00,747.00,453.00,81.00,1.00,-1,-1,-1
152,528,582.00,787.00,77.00,27.00,1.00,-1,-1,-1
153,5,292.00,1048.00,27.00,59.00,1.00,-1,-1,-1
153,9,440.00,1055.00,43.00,30.00,1.00,-1,-1,-1
153,10,948.00,931.00,139.00,66.00,1.00,-1,-1,-1
153,11,1364.00,601.00,97.00,114.00,1.00,-1,-1,-1
153,12,1115.00,910.00,170.00,115.00,1.00,-1,-1,-1
153,15,74.00,1034.00,128.00,72.00,1.00,-1,-1,-1
153,18,449.00,430.00,78.00,30.00,1.00,-1,-1,-1
153,21,453.00,224.00,38.00,45.00,1.00,-1,-1,-1
153,32,110.00,667.00,12.00,13.00,1.00,-1,-1,-1
153,34,609.00,336.00,13.00,42.00,1.00,-1,-1,-1
153,37,524.00,275.00,19.00,33.00,1.00,-1,-1,-1
153,38,463.00,456.00,196.00,124.00,1.00,-1,-1,-1
153,39,488.00,285.00,90.00,58.00,1.00,-1,-1,-1
153,40,531.00,285.00,29.00,25.00,1.00,-1,-1,-1
153,41,1385.00,648.00,25.00,44.00,1.00,-1,-1,-1
153,44,442.00,213.00,100.00,115.00,1.00,-1,-1,-1
153,48,251.00,214.00,23.00,61.00,1.00,-1,-1,-1
153,49,468.00,225.00,15.00,11.00,1.00,-1,-1,-1
153,50,476.00,218.00,13.00,19.00,1.00,-1,-1,-1
153,54,215.00,818.00,13.00,23.00,1.00,-1,-1,-1
153,72,399.00,752.00,11.00,15.00,1.00,-1,-1,-1
153,73,1444.00,645.00,64.00,45.00,1.00,-1,-1,-1
153,76,1410.00,650.00,11.00,32.00,1.00,-1,-1,-1
153,77,1302.00,619.00,208.00,46.00,1.00,-1,-1,-1
153,100,329.00,735.00,11.00,36.00,1.00,-1,-1,-1
153,112,750.00,490.00,54.00,12.00,1.00,-1,-1,-1
153,113,1447.00,661.00,27.00,20.00,1.00,-1,-1,-1
153,114,790.00,506.00,22.00,16.00,1.00,-1,-1,-1
153,116,1359.00,532.00,118.00,23.00,1.00,-1,-1,-1
153,126,1425.00,671.00,34.00,16.00,1.00,-1,-1,-1
153,129,544.00,806.00,29.00,21.00,1.00,-1,-1,-1
153,135,277.00,264.00,499.00,99.00,1.00,-1,-1,-1
153,142,807.00,462.00,52.00,14.00,1.00,-1,-1,-1
153,148,491.00,517.00,40.00,25.00,1.00,-1,-1,-1
153,153,1109.00,1028.00,11.00,41.00,1.00,-1,-1,-1
153,158,-1.00,762.00,1097.00,136.00,1.00,-1,-1,-1
153,166,221.00,228.00,75.00,45.00,1.00,-1,-1,-1
153,174,524.00,297.00,39.00,42.00,1.00,-1,-1,-1
153,182,444.00,210.00,203.00,204.00,1.00,-1,-1,-1
153,186,197.00,1066.00,17.00,8.00,1.00,-1,-1,-1
153,193,823.00,975.00,41.00,65.00,1.00,-1,-1,-1
153,201,100.00,1064.00,11.00,12.00,1.00,-1,-1,-1
153,212,1312.00,524.00,44.00,27.00,1.00,-1,-1,-1
153,219,1430.00,642.00,33.00,37.00,1.00,-1,-1,-1
153,244,1309.00,610.00,194.00,67.00,1.00,-1,-1,-1
153,254,524.00,289.00,65.00,44.00,1.00,-1,-1,-1
153,257,531.00,381.00,29.00,22.00,1.00,-1,-1,-1
153,262,676.00,529.00,199.00,123.00,1.00,-1,-1,-1
153,278,1414.00,622.00,42.00,19.00,1.00,-1,-1,-1
153,283,556.00,537.00,27.00,18.00,1.00,-1,-1,-1
153,290,538.00,302.00,23.00,9.00,1.00,-1,-1,-1
153,296,522.00,275.00,25.00,32.00,1.00,-1,-1,-1
153,299,1467.00,668.00,19.00,14.00,1.00,-1,-1,-1
153,301,-15.00,190.00,24.00,218.00,1.00,-1,-1,-1
153,305,448.00,407.00,13.00,15.00,1.00,-1,-1,-1
153,306,145.00,552.00,10.00,15.00,1.00,-1,-1,-1
153,307,700.00,372.00,10.00,20.00,1.00,-1,-1,-1
153,309,529.00,279.00,20.00,24.00,1.00,-1,-1,-1
153,312,155.00,468.00,20.00,16.00,1.00,-1,-1,-1
153,316,129.00,892.00,15.00,14.00,1.00,-1,-1,-1
153,325,478.00,278.00,100.00,33.00,1.00,-1,-1,-1
153,332,9.00,398.00,8.00,16.00,1.00,-1,-1,-1
153,350,552.00,303.00,14.00,20.00,1.00,-1,-1,-1
153,352,587.00,529.00,13.00,33.00,1.00,-1,-1,-1
153,354,1469.00,662.00,16.00,13.00,1.00,-1,-1,-1
153,360,718.00,501.00,134.00,77.00,1.00,-1,-1,-1
153,362,532.00,280.00,15.00,13.00,1.00,-1,-1,-1
153,363,9.00,446.00,27.00,15.00,1.00,-1,-1,-1
153,364,1113.00,1028.00,17.00,112.00,1.00,-1,-1,-1
153,365,485.00,410.00,25.00,18.00,1.00,-1,-1,-1
153,373,497.00,260.00,64.00,31.00,1.00,-1,-1,-1
153,375,703.00,636.00,14.00,45.00,1.00,-1,-1,-1
153,382,326.00,346.00,41.00,40.00,1.00,-1,-1,-1
153,387,14.00,240.00,16.00,23.00,1.00,-1,-1,-1
153,388,689.00,305.00,18.00,48.00,1.00,-1,-1,-1
153,389,241.00,173.00,16.00,15.00,1.00,-1,-1,-1
153,390,1114.00,1043.00,9.00,29.00,1.00,-1,-1,-1
153,400,0.00,0.00,42.00,7.00,1.00,-1,-1,-1
153,403,748.00,523.00,78.00,26.00,1.00,-1,-1,-1
153,423,480.00,677.00,15.00,18.00,1.00,-1,-1,-1
153,426,212.00,673.00,61.00,45.00,1.00,-1,-1,-1
153,427,598.00,683.00,16.00,36.00,1.00,-1,-1,-1
153,428,520.00,722.00,30.00,29.00,1.00,-1,-1,-1
153,434,543.00,307.00,20.00,7.00,1.00,-1,-1,-1
153,444,498.00,238.00,12.00,15.00,1.00,-1,-1,-1
153,445,482.00,229.00,12.00,14.00,1.00,-1,-1,-1
153,446,18.00,756.00,12.00,15.00,1.00,-1,-1,-1
153,447,362.00,767.00,11.00,14.00,1.00,-1,-1,-1
153,448,389.00,708.00,12.00,21.00,1.00,-1,-1,-1
153,450,931.00,747.00,15.00,12.00,1.00,-1,-1,-1
153,451,451.00,236.00,36.00,15.00,1.00,-1,-1,-1
153,452,350.00,835.00,14.00,15.00,1.00,-1,-1,-1
153,453,469.00,203.00,39.00,28.00,1.00,-1,-1,-1
153,454,55.00,479.00,27.00,30.00,1.00,-1,-1,-1
153,455,667.00,697.00,16.00,26.00,1.00,-1,-1,-1
153,456,524.00,269.00,22.00,9.00,1.00,-1,-1,-1
153,457,951.00,886.00,18.00,16.00,1.00,-1,-1,-1
153,458,616.00,406.00,109.00,52.00,1.00,-1,-1,-1
153,459,1270.00,966.00,150.00,41.00,1.00,-1,-1,-1
153,461,55.00,185.00,56.00,49.00,1.00,-1,-1,-1
153,470,1367.00,633.00,82.00,22.00,1.00,-1,-1,-1
153,474,1407.00,993.00,48.00,38.00,1.00,-1,-1,-1
153,476,446.00,316.00,193.00,27.00,1.00,-1,-1,-1
153,481,1407.00,993.00,48.00,38.00,1.00,-1,-1,-1
153,483,1192.00,981.00,18.00,29.00,1.00,-1,-1,-1
153,485,456.00,470.00,192.00,96.00,1.00,-1,-1,-1
153,488,299.00,492.00,17.00,21.00,1.00,-1,-1,-1
153,492,1394.00,402.00,20.00,19.00,1.00,-1,-1,-1
153,495,501.00,503.00,172.00,76.00,1.00,-1,-1,-1
153,502,283.00,161.00,48.00,33.00,1.00,-1,-1,-1
153,503,612.00,556.00,43.00,27.00,1.00,-1,-1,-1
153,508,479.00,472.00,22.00,23.00,1.00,-1,-1,-1
153,512,-43.00,680.00,1581.00,222.00,1.00,-1,-1,-1
153,513,1392.00,565.00,14.00,10.00,1.00,-1,-1,-1
153,523,308.00,747.00,453.00,81.00,1.00,-1,-1,-1
153,528,582.00,787.00,77.00,27.00,1.00,-1,-1,-1
154,5,273.00,1048.00,27.00,59.00,1.00,-1,-1,-1
154,9,421.00,1055.00,43.00,30.00,1.00,-1,-1,-1
154,10,948.00,932.00,139.00,66.00,1.00,-1,-1,-1
154,11,1379.00,604.00,97.00,97.00,1.00,-1,-1,-1
154,12,1115.00,910.00,170.00,115.00,1.00,-1,-1,-1
154,15,55.00,1034.00,128.00,72.00,1.00,-1,-1,-1
154,18,427.00,432.00,78.00,30.00,1.00,-1,-1,-1
154,21,455.00,230.00,38.00,45.00,1.00,-1,-1,-1
154,32,90.00,667.00,12.00,13.00,1.00,-1,-1,-1
154,34,608.00,344.00,13.00,42.00,1.00,-1,-1,-1
154,37,525.00,282.00,19.00,33.00,1.00,-1,-1,-1
154,38,459.00,453.00,194.00,124.00,1.00,-1,-1,-1
154,39,488.00,293.00,90.00,58.00,1.00,-1,-1,-1
154,40,531.00,293.00,29.00,25.00,1.00,-1,-1,-1
154,41,1401.00,649.00,25.00,44.00,1.00,-1,-1,-1
154,44,442.00,220.00,100.00,115.00,1.00,-1,-1,-1
154,48,230.00,213.00,23.00,61.00,1.00,-1,-1,-1
154,49,471.00,230.00,15.00,11.00,1.00,-1,-1,-1
154,50,478.00,224.00,13.00,19.00,1.00,-1,-1,-1
154,54,196.00,818.00,13.00,23.00,1.00,-1,-1,-1
154,72,365.00,735.00,11.00,15.00,1.00,-1,-1,-1
154,73,1460.00,647.00,64.00,45.00,1.00,-1,-1,-1
154,76,1426.00,651.00,11.00,32.00,1.00,-1,-1,-1
154,77,1318.00,620.00,208.00,46.00,1.00,-1,-1,-1
154,100,298.00,720.00,11.00,36.00,1.00,-1,-1,-1
154,112,730.00,489.00,54.00,12.00,1.00,-1,-1,-1
154,113,1464.00,662.00,27.00,20.00,1.00,-1,-1,-1
154,114,770.00,505.00,22.00,16.00,1.00,-1,-1,-1
154,116,1374.00,529.00,118.00,23.00,1.00,-1,-1,-1
154,126,1440.00,672.00,34.00,16.00,1.00,-1,-1,-1
154,129,510.00,786.00,29.00,21.00,1.00,-1,-1,-1
154,135,277.00,272.00,499.00,99.00,1.00,-1,-1,-1
154,142,787.00,461.00,52.00,14.00,1.00,-1,-1,-1
154,148,485.00,514.00,40.00,25.00,1.00,-1,-1,-1
154,153,1090.00,1028.00,11.00,41.00,1.00,-1,-1,-1
154,158,165.00,700.00,680.00,141.00,1.00,-1,-1,-1
154,166,201.00,228.00,75.00,45.00,1.00,-1,-1,-1
154,174,525.00,305.00,39.00,42.00,1.00,-1,-1,-1
154,182,446.00,219.00,192.00,198.00,1.00,-1,-1,-1
154,186,178.00,1066.00,17.00,8.00,1.00,-1,-1,-1
154,193,823.00,975.00,41.00,65.00,1.00,-1,-1,-1
154,201,81.00,1064.00,11.00,12.00,1.00,-1,-1,-1
154,212,1292.00,523.00,44.00,27.00,1.00,-1,-1,-1
154,219,1446.00,643.00,33.00,37.00,1.00,-1,-1,-1
154,244,1325.00,611.00,194.00,67.00,1.00,-1,-1,-1
154,254,524.00,296.00,65.00,44.00,1.00,-1,-1,-1
154,257,511.00,381.00,29.00,22.00,1.00,-1,-1,-1
154,262,656.00,529.00,199.00,123.00,1.00,-1,-1,-1
154,278,1430.00,623.00,42.00,19.00,1.00,-1,-1,-1
154,283,534.00,533.00,27.00,18.00,1.00,-1,-1,-1
154,290,538.00,310.00,23.00,9.00,1.00,-1,-1,-1
154,296,522.00,283.00,25.00,32.00,1.00,-1,-1,-1
154,299,1483.00,669.00,19.00,14.00,1.00,-1,-1,-1
154,301,-15.00,190.00,24.00,218.00,1.00,-1,-1,-1
154,305,428.00,407.00,13.00,15.00,1.00,-1,-1,-1
154,306,126.00,552.00,10.00,15.00,1.00,-1,-1,-1
154,307,680.00,372.00,10.00,20.00,1.00,-1,-1,-1
154,309,529.00,287.00,20.00,24.00,1.00,-1,-1,-1
154,312,136.00,467.00,20.00,16.00,1.00,-1,-1,-1
154,316,109.00,891.00,15.00,14.00,1.00,-1,-1,-1
154,325,478.00,286.00,100.00,33.00,1.00,-1,-1,-1
154,332,20.00,455.00,8.00,16.00,1.00,-1,-1,-1
154,350,551.00,310.00,14.00,20.00,1.00,-1,-1,-1
154,352,581.00,526.00,13.00,33.00,1.00,-1,-1,-1
154,354,1485.00,664.00,16.00,13.00,1.00,-1,-1,-1
154,360,698.00,501.00,134.00,77.00,1.00,-1,-1,-1
154,362,533.00,288.00,15.00,13.00,1.00,-1,-1,-1
154,363,-11.00,445.00,27.00,15.00,1.00,-1,-1,-1
154,364,1094.00,1028.00,17.00,112.00,1.00,-1,-1,-1
154,365,464.00,409.00,25.00,18.00,1.00,-1,-1,-1
154,373,497.00,267.00,64.00,31.00,1.00,-1,-1,-1
154,375,683.00,636.00,14.00,45.00,1.00,-1,-1,-1
154,382,306.00,345.00,41.00,40.00,1.00,-1,-1,-1
154,387,14.00,240.00,16.00,23.00,1.00,-1,-1,-1
154,388,669.00,304.00,18.00,48.00,1.00,-1,-1,-1
154,389,221.00,173.00,16.00,15.00,1.00,-1,-1,-1
154,390,1095.00,1043.00,9.00,29.00,1.00,-1,-1,-1
154,400,0.00,0.00,42.00,7.00,1.00,-1,-1,-1
154,403,728.00,522.00,78.00,26.00,1.00,-1,-1,-1
154,423,461.00,676.00,15.00,18.00,1.00,-1,-1,-1
154,426,192.00,673.00,61.00,45.00,1.00,-1,-1,-1
154,427,579.00,682.00,16.00,36.00,1.00,-1,-1,-1
154,428,473.00,709.00,30.00,29.00,1.00,-1,-1,-1
154,434,543.00,315.00,20.00,7.00,1.00,-1,-1,-1
154,444,500.00,245.00,12.00,15.00,1.00,-1,-1,-1
154,445,483.00,235.00,12.00,14.00,1.00,-1,-1,-1
154,446,0.00,755.00,12.00,15.00,1.00,-1,-1,-1
154,447,342.00,755.00,11.00,14.00,1.00,-1,-1,-1
154,448,370.00,707.00,12.00,21.00,1.00,-1,-1,-1
154,450,912.00,747.00,15.00,12.00,1.00,-1,-1,-1
154,451,452.00,242.00,36.00,15.00,1.00,-1,-1,-1
154,452,330.00,834.00,14.00,15.00,1.00,-1,-1,-1
154,453,469.00,206.00,39.00,28.00,1.00,-1,-1,-1
154,454,35.00,479.00,27.00,30.00,1.00,-1,-1,-1
154,455,648.00,696.00,16.00,26.00,1.00,-1,-1,-1
154,456,514.00,267.00,22.00,9.00,1.00,-1,-1,-1
154,457,931.00,885.00,18.00,16.00,1.00,-1,-1,-1
154,458,595.00,405.00,109.00,52.00,1.00,-1,-1,-1
154,459,1270.00,966.00,150.00,41.00,1.00,-1,-1,-1
154,461,35.00,184.00,56.00,49.00,1.00,-1,-1,-1
154,470,1383.00,634.00,82.00,22.00,1.00,-1,-1,-1
154,474,1407.00,993.00,48.00,38.00,1.00,-1,-1,-1
154,476,446.00,323.00,193.00,27.00,1.00,-1,-1,-1
154,481,1407.00,993.00,48.00,38.00,1.00,-1,-1,-1
154,483,1192.00,981.00,18.00,29.00,1.00,-1,-1,-1
154,485,450.00,467.00,192.00,96.00,1.00,-1,-1,-1
154,488,279.00,491.00,17.00,21.00,1.00,-1,-1,-1
154,492,1374.00,402.00,20.00,19.00,1.00,-1,-1,-1
154,495,495.00,500.00,172.00,76.00,1.00,-1,-1,-1
154,502,263.00,160.00,48.00,33.00,1.00,-1,-1,-1
154,503,605.00,552.00,43.00,27.00,1.00,-1,-1,-1
154,508,473.00,469.00,22.00,23.00,1.00,-1,-1,-1
154,512,-76.00,654.00,1581.00,222.00,1.00,-1,-1,-1
154,513,1410.00,567.00,14.00,10.00,1.00,-1,-1,-1
154,523,276.00,726.00,453.00,81.00,1.00,-1,-1,-1
154,528,584.00,784.00,77.00,27.00,1.00,-1,-1,-1
154,533,838.00,978.00,17.00,16.00,1.00,-1,-1,-1
154,534,787.00,977.00,46.00,6.00,1.00,-1,-1,-1
154,535,768.00,950.00,15.00,18.00,1.00,-1,-1,-1
154,536,654.00,984.00,17.00,22.00,1.00,-1,-1,-1
154,538,694.00,995.00,9.00,17.00,1.00,-1,-1,-1
154,543,389.00,953.00,42.00,68.00,1.00,-1,-1,-1
155,5,257.00,1048.00,27.00,59.00,1.00,-1,-1,-1
155,9,404.00,1055.00,43.00,30.00,1.00,-1,-1,-1
155,10,948.00,931.00,139.00,66.00,1.00,-1,-1,-1
155,11,1399.00,606.00,94.00,89.00,1.00,-1,-1,-1
155,12,1115.00,910.00,170.00,115.00,1.00,-1,-1,-1
155,15,39.00,1034.00,128.00,72.00,1.00,-1,-1,-1
155,18,417.00,437.00,78.00,30.00,1.00,-1,-1,-1
155,21,459.00,236.00,38.00,45.00,1.00,-1,-1,-1
155,32,73.00,666.00,12.00,13.00,1.00,-1,-1,-1
155,34,609.00,354.00,13.00,42.00,1.00,-1,-1,-1
155,37,528.00,290.00,19.00,33.00,1.00,-1,-1,-1
155,38,458.00,450.00,188.00,124.00,1.00,-1,-1,-1
155,39,490.00,301.00,90.00,58.00,1.00,-1,-1,-1
155,40,535.00,301.00,29.00,25.00,1.00,-1,-1,-1
155,41,1419.00,650.00,25.00,44.00,1.00,-1,-1,-1
155,44,446.00,226.00,100.00,115.00,1.00,-1,-1,-1
155,48,213.00,213.00,23.00,61.00,1.00,-1,-1,-1
155,49,475.00,237.00,15.00,11.00,1.00,-1,-1,-1
155,50,482.00,230.00,13.00,19.00,1.00,-1,-1,-1
155,54,178.00,817.00,13.00,23.00,1.00,-1,-1,-1
155,72,334.00,717.00,11.00,15.00,1.00,-1,-1,-1
155,73,1478.00,647.00,64.00,45.00,1.00,-1,-1,-1
155,76,1445.00,651.00,11.00,32.00,1.00,-1,-1,-1
155,77,1337.00,621.00,208.00,46.00,1.00,-1,-1,-1
155,100,265.00,703.00,11.00,36.00,1.00,-1,-1,-1
155,112,712.00,488.00,54.00,12.00,1.00,-1,-1,-1
155,113,1482.00,663.00,27.00,20.00,1.00,-1,-1,-1
155,114,753.00,504.00,22.00,16.00,1.00,-1,-1,-1
155,116,1360.00,528.00,118.00,23.00,1.00,-1,-1,-1
155,126,1458.00,672.00,34.00,16.00,1.00,-1,-1,-1
155,129,478.00,766.00,29.00,21.00,1.00,-1,-1,-1
155,135,279.00,280.00,499.00,99.00,1.00,-1,-1,-1
155,142,770.00,460.00,52.00,14.00,1.00,-1,-1,-1
155,148,480.00,511.00,40.00,25.00,1.00,-1,-1,-1
155,153,1073.00,1028.00,11.00,41.00,1.00,-1,-1,-1
155,158,141.00,676.00,666.00,147.00,1.00,-1,-1,-1
155,166,183.00,227.00,75.00,45.00,1.00,-1,-1,-1
155,174,527.00,313.00,39.00,42.00,1.00,-1,-1,-1
155,182,451.00,224.00,194.00,200.00,1.00,-1,-1,-1
155,186,161.00,1066.00,17.00,8.00,1.00,-1,-1,-1
155,193,823.00,975.00,41.00,65.00,1.00,-1,-1,-1
155,201,64.00,1064.00,11.00,12.00,1.00,-1,-1,-1
155,212,1275.00,523.00,44.00,27.00,1.00,-1,-1,-1
155,219,1464.00,643.00,33.00,37.00,1.00,-1,-1,-1
155,244,1344.00,612.00,194.00,67.00,1.00,-1,-1,-1
155,254,526.00,304.00,65.00,44.00,1.00,-1,-1,-1
155,257,494.00,380.00,29.00,22.00,1.00,-1,-1,-1
155,262,638.00,528.00,199.00,123.00,1.00,-1,-1,-1
155,278,1449.00,624.00,42.00,19.00,1.00,-1,-1,-1
155,283,518.00,529.00,27.00,18.00,1.00,-1,-1,-1
155,290,541.00,317.00,23.00,9.00,1.00,-1,-1,-1
155,296,525.00,290.00,25.00,32.00,1.00,-1,-1,-1
155,299,1501.00,670.00,19.00,14.00,1.00,-1,-1,-1
155,305,411.00,406.00,13.00,15.00,1.00,-1,-1,-1
155,306,108.00,551.00,10.00,15.00,1.00,-1,-1,-1
155,307,663.00,371.00,10.00,20.00,1.00,-1,-1,-1
155,309,534.00,296.00,20.00,24.00,1.00,-1,-1,-1
155,312,118.00,467.00,20.00,16.00,1.00,-1,-1,-1
155,316,92.00,891.00,15.00,14.00,1.00,-1,-1,-1
155,325,481.00,293.00,100.00,33.00,1.00,-1,-1,-1
155,332,20.00,455.00,8.00,16.00,1.00,-1,-1,-1
155,350,554.00,318.00,14.00,20.00,1.00,-1,-1,-1
155,352,576.00,522.00,13.00,33.00,1.00,-1,-1,-1
155,354,1503.00,664.00,16.00,13.00,1.00,-1,-1,-1
155,360,681.00,500.00,134.00,77.00,1.00,-1,-1,-1
155,362,538.00,297.00,15.00,13.00,1.00,-1,-1,-1
155,363,-11.00,445.00,27.00,15.00,1.00,-1,-1,-1
155,364,1077.00,1028.00,17.00,112.00,1.00,-1,-1,-1
155,365,447.00,409.00,25.00,18.00,1.00,-1,-1,-1
155,373,501.00,274.00,64.00,31.00,1.00,-1,-1,-1
155,375,666.00,635.00,14.00,45.00,1.00,-1,-1,-1
155,382,288.00,345.00,41.00,40.00,1.00,-1,-1,-1
155,387,62.00,345.00,16.00,23.00,1.00,-1,-1,-1
155,388,652.00,304.00,18.00,48.00,1.00,-1,-1,-1
155,389,203.00,172.00,16.00,15.00,1.00,-1,-1,-1
155,390,1078.00,1043.00,9.00,29.00,1.00,-1,-1,-1
155,400,0.00,0.00,42.00,7.00,1.00,-1,-1,-1
155,403,710.00,521.00,78.00,26.00,1.00,-1,-1,-1
155,423,443.00,676.00,15.00,18.00,1.00,-1,-1,-1
155,426,175.00,672.00,61.00,45.00,1.00,-1,-1,-1
155,427,561.00,682.00,16.00,36.00,1.00,-1,-1,-1
155,428,455.00,685.00,30.00,29.00,1.00,-1,-1,-1
155,434,547.00,323.00,20.00,7.00,1.00,-1,-1,-1
155,444,504.00,251.00,12.00,15.00,1.00,-1,-1,-1
155,445,487.00,241.00,12.00,14.00,1.00,-1,-1,-1
155,446,0.00,755.00,12.00,15.00,1.00,-1,-1,-1
155,447,323.00,741.00,11.00,14.00,1.00,-1,-1,-1
155,448,353.00,695.00,12.00,21.00,1.00,-1,-1,-1
155,450,895.00,746.00,15.00,12.00,1.00,-1,-1,-1
155,451,457.00,248.00,36.00,15.00,1.00,-1,-1,-1
155,452,313.00,833.00,14.00,15.00,1.00,-1,-1,-1
155,453,473.00,213.00,39.00,28.00,1.00,-1,-1,-1
155,454,17.00,478.00,27.00,30.00,1.00,-1,-1,-1
155,455,630.00,725.00,16.00,26.00,1.00,-1,-1,-1
155,456,511.00,266.00,22.00,9.00,1.00,-1,-1,-1
155,457,914.00,884.00,18.00,16.00,1.00,-1,-1,-1
155,458,579.00,405.00,109.00,52.00,1.00,-1,-1,-1
155,459,1270.00,966.00,150.00,41.00,1.00,-1,-1,-1
155,461,17.00,184.00,56.00,49.00,1.00,-1,-1,-1
155,470,1402.00,635.00,82.00,22.00,1.00,-1,-1,-1
155,474,1407.00,993.00,48.00,38.00,1.00,-1,-1,-1
155,476,447.00,331.00,193.00,27.00,1.00,-1,-1,-1
155,481,1407.00,993.00,48.00,38.00,1.00,-1,-1,-1
155,483,1192.00,981.00,18.00,29.00,1.00,-1,-1,-1
155,485,447.00,463.00,192.00,96.00,1.00,-1,-1,-1
155,488,261.00,491.00,17.00,21.00,1.00,-1,-1,-1
155,492,1355.00,401.00,20.00,19.00,1.00,-1,-1,-1
155,495,469.00,480.00,172.00,76.00,1.00,-1,-1,-1
155,502,245.00,160.00,48.00,33.00,1.00,-1,-1,-1
155,503,589.00,543.00,43.00,27.00,1.00,-1,-1,-1
155,508,469.00,465.00,22.00,23.00,1.00,-1,-1,-1
155,512,-108.00,628.00,1581.00,222.00,1.00,-1,-1,-1
155,513,1430.00,568.00,14.00,10.00,1.00,-1,-1,-1
155,523,243.00,705.00,453.00,81.00,1.00,-1,-1,-1
155,528,603.00,785.00,77.00,27.00,1.00,-1,-1,-1
155,533,839.00,978.00,17.00,16.00,1.00,-1,-1,-1
155,534,787.00,977.00,46.00,6.00,1.00,-1,-1,-1
155,535,744.00,1020.00,15.00,18.00,1.00,-1,-1,-1
155,536,654.00,984.00,17.00,22.00,1.00,-1,-1,-1
155,538,693.00,996.00,9.00,17.00,1.00,-1,-1,-1
155,540,866.00,950.00,14.00,13.00,1.00,-1,-1,-1
155,543,389.00,952.00,43.00,66.00,1.00,-1,-1,-1
155,545,976.00,989.00,17.00,10.00,1.00,-1,-1,-1
155,548,596.00,956.00,28.00,34.00,1.00,-1,-1,-1
155,549,1020.00,952.00,18.00,16.00,1.00,-1,-1,-1
155,554,1041.00,935.00,497.00,103.00,1.00,-1,-1,-1
155,555,557.00,1076.00,33.00,4.00,1.00,-1,-1,-1
156,5,241.00,1048.00,27.00,59.00,1.00,-1,-1,-1
156,9,389.00,1055.00,43.00,30.00,1.00,-1,-1,-1
156,10,948.00,931.00,139.00,66.00,1.00,-1,-1,-1
156,11,1419.00,606.00,94.00,89.00,1.00,-1,-1,-1
156,12,1115.00,910.00,170.00,115.00,1.00,-1,-1,-1
156,15,24.00,1034.00,128.00,72.00,1.00,-1,-1,-1
156,18,421.00,436.00,78.00,30.00,1.00,-1,-1,-1
156,21,465.00,242.00,38.00,45.00,1.00,-1,-1,-1
156,32,57.00,666.00,12.00,13.00,1.00,-1,-1,-1
156,34,612.00,362.00,13.00,42.00,1.00,-1,-1,-1
156,37,534.00,298.00,19.00,33.00,1.00,-1,-1,-1
156,38,457.00,444.00,182.00,126.00,1.00,-1,-1,-1
156,39,495.00,309.00,90.00,58.00,1.00,-1,-1,-1
156,40,539.00,309.00,29.00,25.00,1.00,-1,-1,-1
156,41,1439.00,651.00,25.00,44.00,1.00,-1,-1,-1
156,44,454.00,235.00,100.00,115.00,1.00,-1,-1,-1
156,48,197.00,212.00,23.00,61.00,1.00,-1,-1,-1
156,49,481.00,243.00,15.00,11.00,1.00,-1,-1,-1
156,50,488.00,236.00,13.00,19.00,1.00,-1,-1,-1
156,54,163.00,817.00,13.00,23.00,1.00,-1,-1,-1
156,72,306.00,698.00,11.00,15.00,1.00,-1,-1,-1
156,73,1499.00,648.00,64.00,45.00,1.00,-1,-1,-1
156,76,1465.00,652.00,11.00,32.00,1.00,-1,-1,-1
156,77,1357.00,622.00,208.00,46.00,1.00,-1,-1,-1
156,100,237.00,685.00,11.00,36.00,1.00,-1,-1,-1
156,112,697.00,488.00,54.00,12.00,1.00,-1,-1,-1
156,113,1503.00,663.00,27.00,20.00,1.00,-1,-1,-1
156,114,738.00,504.00,22.00,16.00,1.00,-1,-1,-1
156,116,1559.00,499.00,118.00,23.00,1.00,-1,-1,-1
156,126,1478.00,673.00,34.00,16.00,1.00,-1,-1,-1
156,129,449.00,747.00,29.00,21.00,1.00,-1,-1,-1
156,135,284.00,288.00,499.00,99.00,1.00,-1,-1,-1
156,142,754.00,460.00,52.00,14.00,1.00,-1,-1,-1
156,148,476.00,506.00,40.00,25.00,1.00,-1,-1,-1
156,153,1058.00,1028.00,11.00,41.00,1.00,-1,-1,-1
156,158,114.00,668.00,659.00,134.00,1.00,-1,-1,-1
156,166,167.00,227.00,75.00,45.00,1.00,-1,-1,-1
156,174,531.00,320.00,39.00,42.00,1.00,-1,-1,-1
156,182,457.00,234.00,192.00,200.00,1.00,-1,-1,-1
156,186,145.00,1066.00,17.00,8.00,1.00,-1,-1,-1
156,193,823.00,975.00,41.00,65.00,1.00,-1,-1,-1
156,201,49.00,1064.00,11.00,12.00,1.00,-1,-1,-1
156,212,1275.00,523.00,44.00,27.00,1.00,-1,-1,-1
156,219,1484.00,644.00,33.00,37.00,1.00,-1,-1,-1
156,244,1385.00,530.00,168.00,201.00,1.00,-1,-1,-1
156,254,531.00,312.00,65.00,44.00,1.00,-1,-1,-1
156,257,478.00,379.00,29.00,22.00,1.00,-1,-1,-1
156,262,623.00,528.00,199.00,123.00,1.00,-1,-1,-1
156,278,1470.00,625.00,42.00,19.00,1.00,-1,-1,-1
156,283,502.00,523.00,27.00,18.00,1.00,-1,-1,-1
156,290,546.00,326.00,23.00,9.00,1.00,-1,-1,-1
156,296,531.00,298.00,25.00,32.00,1.00,-1,-1,-1
156,299,1522.00,671.00,19.00,14.00,1.00,-1,-1,-1
156,305,395.00,406.00,13.00,15.00,1.00,-1,-1,-1
156,306,92.00,551.00,10.00,15.00,1.00,-1,-1,-1
156,307,647.00,371.00,10.00,20.00,1.00,-1,-1,-1
156,309,539.00,304.00,20.00,24.00,1.00,-1,-1,-1
156,312,102.00,466.00,20.00,16.00,1.00,-1,-1,-1
156,316,77.00,890.00,15.00,14.00,1.00,-1,-1,-1
156,325,487.00,301.00,100.00,33.00,1.00,-1,-1,-1
156,332,20.00,455.00,8.00,16.00,1.00,-1,-1,-1
156,350,559.00,326.00,14.00,20.00,1.00,-1,-1,-1
156,352,574.00,519.00,13.00,33.00,1.00,-1,-1,-1
156,354,1524.00,665.00,16.00,13.00,1.00,-1,-1,-1
156,360,666.00,500.00,134.00,77.00,1.00,-1,-1,-1
156,362,543.00,305.00,15.00,13.00,1.00,-1,-1,-1
156,363,-11.00,445.00,27.00,15.00,1.00,-1,-1,-1
156,364,1062.00,1028.00,17.00,112.00,1.00,-1,-1,-1
156,365,431.00,408.00,25.00,18.00,1.00,-1,-1,-1
156,373,507.00,282.00,64.00,31.00,1.00,-1,-1,-1
156,375,651.00,634.00,14.00,45.00,1.00,-1,-1,-1
156,382,272.00,344.00,41.00,40.00,1.00,-1,-1,-1
156,387,47.00,345.00,16.00,23.00,1.00,-1,-1,-1
156,388,636.00,303.00,18.00,48.00,1.00,-1,-1,-1
156,389,187.00,171.00,16.00,15.00,1.00,-1,-1,-1
156,390,1063.00,1042.00,9.00,29.00,1.00,-1,-1,-1
156,400,0.00,0.00,42.00,7.00,1.00,-1,-1,-1
156,403,695.00,521.00,78.00,26.00,1.00,-1,-1,-1
156,423,429.00,659.00,15.00,18.00,1.00,-1,-1,-1
156,426,160.00,672.00,61.00,45.00,1.00,-1,-1,-1
156,427,535.00,671.00,16.00,36.00,1.00,-1,-1,-1
156,428,417.00,643.00,30.00,29.00,1.00,-1,-1,-1
156,434,551.00,331.00,20.00,7.00,1.00,-1,-1,-1
156,444,509.00,255.00,12.00,15.00,1.00,-1,-1,-1
156,445,494.00,247.00,12.00,14.00,1.00,-1,-1,-1
156,446,0.00,755.00,12.00,15.00,1.00,-1,-1,-1
156,447,303.00,724.00,11.00,14.00,1.00,-1,-1,-1
156,448,352.00,704.00,12.00,21.00,1.00,-1,-1,-1
156,450,879.00,745.00,15.00,12.00,1.00,-1,-1,-1
156,451,464.00,255.00,36.00,15.00,1.00,-1,-1,-1
156,452,298.00,833.00,14.00,15.00,1.00,-1,-1,-1
156,453,479.00,219.00,39.00,28.00,1.00,-1,-1,-1
156,454,2.00,478.00,27.00,30.00,1.00,-1,-1,-1
156,455,611.00,698.00,16.00,26.00,1.00,-1,-1,-1
156,456,517.00,273.00,22.00,9.00,1.00,-1,-1,-1
156,457,899.00,883.00,18.00,16.00,1.00,-1,-1,-1
156,458,581.00,409.00,109.00,52.00,1.00,-1,-1,-1
156,459,1270.00,966.00,150.00,41.00,1.00,-1,-1,-1
156,461,1.00,183.00,56.00,49.00,1.00,-1,-1,-1
156,470,1423.00,636.00,82.00,22.00,1.00,-1,-1,-1
156,474,1407.00,993.00,48.00,38.00,1.00,-1,-1,-1
156,476,450.00,340.00,193.00,27.00,1.00,-1,-1,-1
156,481,1407.00,993.00,48.00,38.00,1.00,-1,-1,-1
156,483,1192.00,981.00,18.00,29.00,1.00,-1,-1,-1
156,485,445.00,459.00,192.00,96.00,1.00,-1,-1,-1
156,488,246.00,490.00,17.00,21.00,1.00,-1,-1,-1
156,492,1342.00,400.00,20.00,19.00,1.00,-1,-1,-1
156,495,469.00,477.00,172.00,76.00,1.00,-1,-1,-1
156,502,229.00,159.00,48.00,33.00,1.00,-1,-1,-1
156,503,587.00,540.00,43.00,27.00,1.00,-1,-1,-1
156,508,472.00,463.00,22.00,23.00,1.00,-1,-1,-1
156,512,-127.00,612.00,1581.00,222.00,1.00,-1,-1,-1
156,513,1453.00,568.00,14.00,10.00,1.00,-1,-1,-1
156,523,215.00,685.00,453.00,81.00,1.00,-1,-1,-1
156,528,588.00,784.00,77.00,27.00,1.00,-1,-1,-1
156,533,839.00,978.00,17.00,16.00,1.00,-1,-1,-1
156,534,787.00,977.00,46.00,6.00,1.00,-1,-1,-1
156,535,728.00,1019.00,15.00,18.00,1.00,-1,-1,-1
156,536,654.00,984.00,17.00,22.00,1.00,-1,-1,-1
156,538,693.00,996.00,9.00,17.00,1.00,-1,-1,-1
156,540,865.00,950.00,14.00,13.00,1.00,-1,-1,-1
156,543,392.00,953.00,40.00,67.00,1.00,-1,-1,-1
156,545,976.00,989.00,17.00,10.00,1.00,-1,-1,-1
156,548,591.00,949.00,28.00,34.00,1.00,-1,-1,-1
156,549,1022.00,952.00,17.00,16.00,1.00,-1,-1,-1
156,551,1049.00,960.00,36.00,59.00,1.00,-1,-1,-1
156,553,1131.00,955.00,35.00,64.00,1.00,-1,-1,-1
156,554,1151.00,935.00,369.00,103.00,1.00,-1,-1,-1
156,555,540.00,1074.00,37.00,6.00,1.00,-1,-1,-1
156,556,934.00,965.00,13.00,36.00,1.00,-1,-1,-1
156,557,769.00,950.00,16.00,24.00,1.00,-1,-1,-1
157,5,227.00,1048.00,27.00,59.00,1.00,-1,-1,-1
157,9,375.00,1055.00,43.00,30.00,1.00,-1,-1,-1
157,10,948.00,931.00,139.00,66.00,1.00,-1,-1,-1
157,11,1443.00,608.00,93.00,84.00,1.00,-1,-1,-1
157,12,1115.00,910.00,170.00,115.00,1.00,-1,-1,-1
157,15,10.00,1034.00,128.00,72.00,1.00,-1,-1,-1
157,18,422.00,431.00,78.00,30.00,1.00,-1,-1,-1
157,21,473.00,248.00,38.00,45.00,1.00,-1,-1,-1
157,32,43.00,665.00,12.00,13.00,1.00,-1,-1,-1
157,34,618.00,372.00,13.00,42.00,1.00,-1,-1,-1
157,37,541.00,306.00,19.00,33.00,1.00,-1,-1,-1
157,38,454.00,442.00,187.00,126.00,1.00,-1,-1,-1
157,39,501.00,317.00,90.00,58.00,1.00,-1,-1,-1
157,40,547.00,318.00,29.00,25.00,1.00,-1,-1,-1
157,41,1459.00,653.00,25.00,44.00,1.00,-1,-1,-1
157,44,462.00,242.00,100.00,115.00,1.00,-1,-1,-1
157,48,183.00,212.00,23.00,61.00,1.00,-1,-1,-1
157,49,490.00,249.00,15.00,11.00,1.00,-1,-1,-1
157,50,497.00,243.00,13.00,19.00,1.00,-1,-1,-1
157,54,149.00,816.00,13.00,23.00,1.00,-1,-1,-1
157,72,279.00,677.00,11.00,15.00,1.00,-1,-1,-1
157,73,1522.00,648.00,64.00,45.00,1.00,-1,-1,-1
157,76,1487.00,652.00,11.00,32.00,1.00,-1,-1,-1
157,77,1380.00,622.00,208.00,46.00,1.00,-1,-1,-1
157,100,219.00,665.00,11.00,36.00,1.00,-1,-1,-1
157,112,682.00,487.00,54.00,12.00,1.00,-1,-1,-1
157,113,1525.00,664.00,27.00,20.00,1.00,-1,-1,-1
157,114,723.00,503.00,22.00,16.00,1.00,-1,-1,-1
157,116,1545.00,498.00,118.00,23.00,1.00,-1,-1,-1
157,126,1499.00,673.00,34.00,16.00,1.00,-1,-1,-1
157,129,422.00,727.00,29.00,21.00,1.00,-1,-1,-1
157,135,290.00,296.00,499.00,99.00,1.00,-1,-1,-1
157,142,740.00,459.00,52.00,14.00,1.00,-1,-1,-1
157,148,476.00,503.00,40.00,25.00,1.00,-1,-1,-1
157,153,1043.00,1024.00,11.00,41.00,1.00,-1,-1,-1
157,158,87.00,643.00,653.00,145.00,1.00,-1,-1,-1
157,166,153.00,226.00,75.00,45.00,1.00,-1,-1,-1
157,174,536.00,329.00,39.00,42.00,1.00,-1,-1,-1
157,182,465.00,241.00,198.00,204.00,1.00,-1,-1,-1
157,186,131.00,1065.00,17.00,8.00,1.00,-1,-1,-1
157,193,823.00,975.00,41.00,65.00,1.00,-1,-1,-1
157,201,34.00,1063.00,11.00,12.00,1.00,-1,-1,-1
157,212,1275.00,523.00,44.00,27.00,1.00,-1,-1,-1
157,219,1506.00,644.00,33.00,37.00,1.00,-1,-1,-1
157,244,1407.00,530.00,168.00,201.00,1.00,-1,-1,-1
157,254,538.00,321.00,65.00,44.00,1.00,-1,-1,-1
157,257,464.00,379.00,29.00,22.00,1.00,-1,-1,-1
157,262,608.00,527.00,199.00,123.00,1.00,-1,-1,-1
157,278,1492.00,625.00,42.00,19.00,1.00,-1,-1,-1
157,283,509.00,522.00,27.00,18.00,1.00,-1,-1,-1
157,290,553.00,334.00,23.00,9.00,1.00,-1,-1,-1
157,296,538.00,306.00,25.00,32.00,1.00,-1,-1,-1
157,299,1544.00,671.00,19.00,14.00,1.00,-1,-1,-1
157,305,381.00,405.00,13.00,15.00,1.00,-1,-1,-1
157,306,78.00,550.00,10.00,15.00,1.00,-1,-1,-1
157,307,641.00,380.00,10.00,20.00,1.00,-1,-1,-1
157,309,547.00,312.00,20.00,24.00,1.00,-1,-1,-1
157,312,88.00,465.00,20.00,16.00,1.00,-1,-1,-1
157,316,63.00,890.00,15.00,14.00,1.00,-1,-1,-1
157,325,494.00,309.00,100.00,33.00,1.00,-1,-1,-1
157,332,20.00,455.00,8.00,16.00,1.00,-1,-1,-1
157,350,566.00,335.00,14.00,20.00,1.00,-1,-1,-1
157,352,575.00,516.00,13.00,33.00,1.00,-1,-1,-1
157,354,1546.00,665.00,16.00,13.00,1.00,-1,-1,-1
157,360,651.00,499.00,134.00,77.00,1.00,-1,-1,-1
157,362,551.00,312.00,15.00,13.00,1.00,-1,-1,-1
157,363,-11.00,445.00,27.00,15.00,1.00,-1,-1,-1
157,364,1048.00,1028.00,17.00,112.00,1.00,-1,-1,-1
157,365,416.00,407.00,25.00,18.00,1.00,-1,-1,-1
157,373,515.00,290.00,64.00,31.00,1.00,-1,-1,-1
157,375,636.00,634.00,14.00,45.00,1.00,-1,-1,-1
157,382,258.00,343.00,41.00,40.00,1.00,-1,-1,-1
157,387,32.00,344.00,16.00,23.00,1.00,-1,-1,-1
157,388,622.00,303.00,18.00,48.00,1.00,-1,-1,-1
157,389,173.00,170.00,16.00,15.00,1.00,-1,-1,-1
157,390,1048.00,1039.00,9.00,29.00,1.00,-1,-1,-1
157,403,680.00,520.00,78.00,26.00,1.00,-1,-1,-1
157,423,415.00,659.00,15.00,18.00,1.00,-1,-1,-1
157,426,145.00,671.00,61.00,45.00,1.00,-1,-1,-1
157,427,516.00,650.00,16.00,36.00,1.00,-1,-1,-1
157,428,402.00,642.00,30.00,29.00,1.00,-1,-1,-1
157,434,557.00,339.00,20.00,7.00,1.00,-1,-1,-1
157,444,513.00,254.00,12.00,15.00,1.00,-1,-1,-1
157,445,505.00,255.00,12.00,14.00,1.00,-1,-1,-1
157,446,0.00,755.00,12.00,15.00,1.00,-1,-1,-1
157,447,285.00,705.00,11.00,14.00,1.00,-1,-1,-1
157,448,330.00,698.00,12.00,21.00,1.00,-1,-1,-1
157,450,865.00,745.00,15.00,12.00,1.00,-1,-1,-1
157,451,472.00,262.00,36.00,15.00,1.00,-1,-1,-1
157,452,284.00,832.00,14.00,15.00,1.00,-1,-1,-1
157,453,489.00,226.00,39.00,28.00,1.00,-1,-1,-1
157,454,2.00,478.00,27.00,30.00,1.00,-1,-1,-1
157,455,576.00,677.00,16.00,26.00,1.00,-1,-1,-1
157,456,526.00,281.00,22.00,9.00,1.00,-1,-1,-1
157,457,885.00,883.00,18.00,16.00,1.00,-1,-1,-1
157,458,585.00,414.00,109.00,52.00,1.00,-1,-1,-1
157,459,1270.00,966.00,150.00,41.00,1.00,-1,-1,-1
157,461,-12.00,183.00,56.00,49.00,1.00,-1,-1,-1
157,470,1445.00,636.00,82.00,22.00,1.00,-1,-1,-1
157,474,1407.00,993.00,48.00,38.00,1.00,-1,-1,-1
157,476,455.00,348.00,193.00,27.00,1.00,-1,-1,-1
157,481,1407.00,993.00,48.00,38.00,1.00,-1,-1,-1
157,483,1192.00,981.00,18.00,29.00,1.00,-1,-1,-1
157,485,447.00,455.00,192.00,96.00,1.00,-1,-1,-1
157,488,231.00,489.00,17.00,21.00,1.00,-1,-1,-1
157,492,1328.00,400.00,20.00,19.00,1.00,-1,-1,-1
157,495,469.00,472.00,172.00,76.00,1.00,-1,-1,-1
157,502,215.00,158.00,48.00,33.00,1.00,-1,-1,-1
157,503,587.00,537.00,43.00,27.00,1.00,-1,-1,-1
157,508,472.00,459.00,22.00,23.00,1.00,-1,-1,-1
157,512,-144.00,580.00,1581.00,222.00,1.00,-1,-1,-1
157,513,1476.00,569.00,14.00,10.00,1.00,-1,-1,-1
157,523,187.00,665.00,453.00,81.00,1.00,-1,-1,-1
157,528,574.00,783.00,77.00,27.00,1.00,-1,-1,-1
157,533,839.00,978.00,17.00,16.00,1.00,-1,-1,-1
157,534,787.00,977.00,46.00,6.00,1.00,-1,-1,-1
157,535,713.00,1018.00,15.00,18.00,1.00,-1,-1,-1
157,536,654.00,984.00,17.00,22.00,1.00,-1,-1,-1
157,538,693.00,996.00,9.00,17.00,1.00,-1,-1,-1
157,540,865.00,950.00,14.00,13.00,1.00,-1,-1,-1
157,543,393.00,952.00,40.00,63.00,1.00,-1,-1,-1
157,545,973.00,971.00,17.00,10.00,1.00,-1,-1,-1
157,548,638.00,975.00,28.00,34.00,1.00,-1,-1,-1
157,549,1021.00,951.00,17.00,16.00,1.00,-1,-1,-1
157,551,1049.00,959.00,36.00,60.00,1.00,-1,-1,-1
157,553,1131.00,955.00,35.00,64.00,1.00,-1,-1,-1
157,554,1010.00,935.00,533.00,103.00,1.00,-1,-1,-1
157,555,526.00,1074.00,37.00,6.00,1.00,-1,-1,-1
157,556,935.00,967.00,13.00,36.00,1.00,-1,-1,-1
157,557,768.00,950.00,19.00,24.00,1.00,-1,-1,-1
157,559,607.00,982.00,8.00,18.00,1.00,-1,-1,-1
157,561,800.00,966.00,31.00,7.00,1.00,-1,-1,-1
157,562,806.00,996.00,20.00,25.00,1.00,-1,-1,-1
157,563,607.00,960.00,23.00,43.00,1.00,-1,-1,-1
157,565,988.00,952.00,24.00,21.00,1.00,-1,-1,-1
158,5,212.00,1048.00,27.00,59.00,1.00,-1,-1,-1
158,9,360.00,1055.00,43.00,30.00,1.00,-1,-1,-1
158,10,948.00,931.00,139.00,66.00,1.00,-1,-1,-1
158,11,1465.00,608.00,93.00,84.00,1.00,-1,-1,-1
158,12,1115.00,910.00,170.00,115.00,1.00,-1,-1,-1
158,15,-3.00,1034.00,128.00,72.00,1.00,-1,-1,-1
158,18,421.00,425.00,78.00,30.00,1.00,-1,-1,-1
158,21,484.00,255.00,38.00,45.00,1.00,-1,-1,-1
158,32,29.00,664.00,12.00,13.00,1.00,-1,-1,-1
158,34,625.00,381.00,13.00,42.00,1.00,-1,-1,-1
158,37,549.00,314.00,19.00,33.00,1.00,-1,-1,-1
158,38,455.00,437.00,191.00,128.00,1.00,-1,-1,-1
158,39,509.00,325.00,90.00,58.00,1.00,-1,-1,-1
158,40,556.00,326.00,29.00,25.00,1.00,-1,-1,-1
158,41,1482.00,653.00,25.00,44.00,1.00,-1,-1,-1
158,44,469.00,248.00,100.00,115.00,1.00,-1,-1,-1
158,48,168.00,211.00,23.00,61.00,1.00,-1,-1,-1
158,49,501.00,255.00,15.00,11.00,1.00,-1,-1,-1
158,50,509.00,249.00,13.00,19.00,1.00,-1,-1,-1
158,54,134.00,815.00,13.00,23.00,1.00,-1,-1,-1
158,72,254.00,657.00,11.00,15.00,1.00,-1,-1,-1
158,73,1544.00,649.00,64.00,45.00,1.00,-1,-1,-1
158,76,1508.00,653.00,11.00,32.00,1.00,-1,-1,-1
158,77,1402.00,622.00,208.00,46.00,1.00,-1,-1,-1
158,100,198.00,644.00,11.00,36.00,1.00,-1,-1,-1
158,112,668.00,486.00,54.00,12.00,1.00,-1,-1,-1
158,113,1547.00,665.00,27.00,20.00,1.00,-1,-1,-1
158,114,709.00,502.00,22.00,16.00,1.00,-1,-1,-1
158,116,1530.00,497.00,118.00,23.00,1.00,-1,-1,-1
158,126,1520.00,674.00,34.00,16.00,1.00,-1,-1,-1
158,129,394.00,708.00,29.00,21.00,1.00,-1,-1,-1
158,135,298.00,304.00,499.00,99.00,1.00,-1,-1,-1
158,142,725.00,458.00,52.00,14.00,1.00,-1,-1,-1
158,148,476.00,499.00,40.00,25.00,1.00,-1,-1,-1
158,153,1029.00,1024.00,11.00,41.00,1.00,-1,-1,-1
158,158,166.00,650.00,442.00,88.00,1.00,-1,-1,-1
158,166,139.00,226.00,75.00,45.00,1.00,-1,-1,-1
158,174,543.00,337.00,39.00,42.00,1.00,-1,-1,-1
158,182,475.00,252.00,189.00,200.00,1.00,-1,-1,-1
158,186,117.00,1066.00,17.00,8.00,1.00,-1,-1,-1
158,191,985.00,952.00,27.00,24.00,1.00,-1,-1,-1
158,193,823.00,975.00,41.00,65.00,1.00,-1,-1,-1
158,201,20.00,1063.00,11.00,12.00,1.00,-1,-1,-1
158,212,1275.00,523.00,44.00,27.00,1.00,-1,-1,-1
158,219,1527.00,645.00,33.00,37.00,1.00,-1,-1,-1
158,244,1433.00,532.00,163.00,196.00,1.00,-1,-1,-1
158,254,546.00,330.00,65.00,44.00,1.00,-1,-1,-1
158,257,449.00,378.00,29.00,22.00,1.00,-1,-1,-1
158,262,594.00,526.00,199.00,123.00,1.00,-1,-1,-1
158,278,1515.00,625.00,42.00,19.00,1.00,-1,-1,-1
158,283,510.00,518.00,27.00,18.00,1.00,-1,-1,-1
158,290,561.00,342.00,23.00,9.00,1.00,-1,-1,-1
158,296,547.00,314.00,25.00,32.00,1.00,-1,-1,-1
158,299,1566.00,672.00,19.00,14.00,1.00,-1,-1,-1
158,305,366.00,404.00,13.00,15.00,1.00,-1,-1,-1
158,306,64.00,549.00,10.00,15.00,1.00,-1,-1,-1
158,307,626.00,374.00,10.00,20.00,1.00,-1,-1,-1
158,309,556.00,320.00,20.00,24.00,1.00,-1,-1,-1
158,312,74.00,465.00,20.00,16.00,1.00,-1,-1,-1
158,316,48.00,889.00,15.00,14.00,1.00,-1,-1,-1
158,325,502.00,317.00,100.00,33.00,1.00,-1,-1,-1
158,332,20.00,455.00,8.00,16.00,1.00,-1,-1,-1
158,350,574.00,344.00,14.00,20.00,1.00,-1,-1,-1
158,352,576.00,512.00,13.00,33.00,1.00,-1,-1,-1
158,354,1551.00,685.00,16.00,13.00,1.00,-1,-1,-1
158,360,637.00,498.00,134.00,77.00,1.00,-1,-1,-1
158,362,559.00,320.00,15.00,13.00,1.00,-1,-1,-1
158,363,-11.00,445.00,27.00,15.00,1.00,-1,-1,-1
158,364,1034.00,1028.00,17.00,112.00,1.00,-1,-1,-1
158,365,402.00,407.00,25.00,18.00,1.00,-1,-1,-1
158,373,524.00,298.00,64.00,31.00,1.00,-1,-1,-1
158,375,622.00,633.00,14.00,45.00,1.00,-1,-1,-1
158,382,244.00,343.00,41.00,40.00,1.00,-1,-1,-1
158,387,18.00,343.00,16.00,23.00,1.00,-1,-1,-1
158,388,607.00,302.00,18.00,48.00,1.00,-1,-1,-1
158,389,158.00,170.00,16.00,15.00,1.00,-1,-1,-1
158,390,1034.00,1039.00,9.00,29.00,1.00,-1,-1,-1
158,403,666.00,519.00,78.00,26.00,1.00,-1,-1,-1
158,423,397.00,639.00,15.00,18.00,1.00,-1,-1,-1
158,426,131.00,670.00,61.00,45.00,1.00,-1,-1,-1
158,427,583.00,664.00,16.00,36.00,1.00,-1,-1,-1
158,428,339.00,566.00,30.00,29.00,1.00,-1,-1,-1
158,434,565.00,348.00,20.00,7.00,1.00,-1,-1,-1
158,444,525.00,260.00,12.00,15.00,1.00,-1,-1,-1
158,445,517.00,261.00,12.00,14.00,1.00,-1,-1,-1
158,446,-13.00,738.00,12.00,15.00,1.00,-1,-1,-1
158,447,266.00,684.00,11.00,14.00,1.00,-1,-1,-1
158,448,309.00,700.00,12.00,21.00,1.00,-1,-1,-1
158,450,851.00,744.00,15.00,12.00,1.00,-1,-1,-1
158,451,482.00,268.00,36.00,15.00,1.00,-1,-1,-1
158,452,269.00,831.00,14.00,15.00,1.00,-1,-1,-1
158,453,500.00,230.00,39.00,28.00,1.00,-1,-1,-1
158,454,2.00,478.00,27.00,30.00,1.00,-1,-1,-1
158,455,459.00,669.00,16.00,26.00,1.00,-1,-1,-1
158,456,536.00,289.00,22.00,9.00,1.00,-1,-1,-1
158,457,870.00,882.00,18.00,16.00,1.00,-1,-1,-1
158,458,588.00,417.00,109.00,52.00,1.00,-1,-1,-1
158,459,1270.00,966.00,150.00,41.00,1.00,-1,-1,-1
158,461,-12.00,183.00,56.00,49.00,1.00,-1,-1,-1
158,470,1468.00,636.00,82.00,22.00,1.00,-1,-1,-1
158,474,1407.00,993.00,48.00,38.00,1.00,-1,-1,-1
158,476,462.00,356.00,193.00,27.00,1.00,-1,-1,-1
158,481,1407.00,993.00,48.00,38.00,1.00,-1,-1,-1
158,483,1192.00,981.00,18.00,29.00,1.00,-1,-1,-1
158,485,448.00,452.00,192.00,96.00,1.00,-1,-1,-1
158,488,216.00,488.00,17.00,21.00,1.00,-1,-1,-1
158,492,1312.00,399.00,20.00,19.00,1.00,-1,-1,-1
158,495,471.00,470.00,172.00,76.00,1.00,-1,-1,-1
158,502,201.00,158.00,48.00,33.00,1.00,-1,-1,-1
158,503,586.00,534.00,43.00,27.00,1.00,-1,-1,-1
158,508,474.00,455.00,22.00,23.00,1.00,-1,-1,-1
158,512,-159.00,579.00,1581.00,222.00,1.00,-1,-1,-1
158,513,1501.00,570.00,14.00,10.00,1.00,-1,-1,-1
158,523,161.00,644.00,453.00,81.00,1.00,-1,-1,-1
158,528,559.00,782.00,77.00,27.00,1.00,-1,-1,-1
158,533,839.00,978.00,17.00,16.00,1.00,-1,-1,-1
158,534,787.00,977.00,46.00,6.00,1.00,-1,-1,-1
158,535,699.00,1018.00,15.00,18.00,1.00,-1,-1,-1
158,536,654.00,984.00,17.00,22.00,1.00,-1,-1,-1
158,538,693.00,996.00,9.00,17.00,1.00,-1,-1,-1
158,539,544.00,952.00,33.00,27.00,1.00,-1,-1,-1
158,540,865.00,949.00,14.00,13.00,1.00,-1,-1,-1
158,543,391.00,962.00,22.00,52.00,1.00,-1,-1,-1
158,545,973.00,971.00,17.00,10.00,1.00,-1,-1,-1
158,548,638.00,975.00,28.00,34.00,1.00,-1,-1,-1
158,549,1021.00,951.00,17.00,16.00,1.00,-1,-1,-1
158,551,1049.00,959.00,36.00,60.00,1.00,-1,-1,-1
158,553,1131.00,954.00,35.00,64.00,1.00,-1,-1,-1
158,554,1059.00,935.00,476.00,103.00,1.00,-1,-1,-1
158,555,513.00,1074.00,33.00,6.00,1.00,-1,-1,-1
158,556,935.00,972.00,13.00,32.00,1.00,-1,-1,-1
158,557,768.00,958.00,12.00,16.00,1.00,-1,-1,-1
158,559,607.00,981.00,8.00,18.00,1.00,-1,-1,-1
158,561,800.00,966.00,31.00,7.00,1.00,-1,-1,-1
158,562,816.00,1019.00,20.00,25.00,1.00,-1,-1,-1
158,563,604.00,974.00,18.00,29.00,1.00,-1,-1,-1
158,565,988.00,951.00,24.00,21.00,1.00,-1,-1,-1
158,568,473.00,985.00,12.00,17.00,1.00,-1,-1,-1
158,572,803.00,953.00,46.00,9.00,1.00,-1,-1,-1
159,5,212.00,1048.00,27.00,59.00,1.00,-1,-1,-1
159,9,360.00,1055.00,43.00,30.00,1.00,-1,-1,-1
159,10,948.00,931.00,139.00,66.00,1.00,-1,-1,-1
159,11,1465.00,608.00,93.00,84.00,1.00,-1,-1,-1
159,12,1115.00,910.00,170.00,115.00,1.00,-1,-1,-1
159,15,-3.00,1034.00,128.00,72.00,1.00,-1,-1,-1
159,18,421.00,425.00,78.00,30.00,1.00,-1,-1,-1
159,21,484.00,255.00,38.00,45.00,1.00,-1,-1,-1
159,32,29.00,664.00,12.00,13.00,1.00,-1,-1,-1
159,34,625.00,381.00,13.00,42.00,1.00,-1,-1,-1
159,37,549.00,314.00,19.00,33.00,1.00,-1,-1,-1
159,38,455.00,437.00,191.00,128.00,1.00,-1,-1,-1
159,39,509.00,325.00,90.00,58.00,1.00,-1,-1,-1
159,40,556.00,326.00,29.00,25.00,1.00,-1,-1,-1
159,41,1482.00,653.00,25.00,44.00,1.00,-1,-1,-1
159,44,469.00,248.00,100.00,115.00,1.00,-1,-1,-1
159,48,168.00,211.00,23.00,61.00,1.00,-1,-1,-1
159,49,501.00,255.00,15.00,11.00,1.00,-1,-1,-1
159,50,509.00,249.00,13.00,19.00,1.00,-1,-1,-1
159,54,134.00,815.00,13.00,23.00,1.00,-1,-1,-1
159,72,254.00,657.00,11.00,15.00,1.00,-1,-1,-1
159,73,1544.00,649.00,64.00,45.00,1.00,-1,-1,-1
159,76,1508.00,653.00,11.00,32.00,1.00,-1,-1,-1
159,77,1402.00,622.00,208.00,46.00,1.00,-1,-1,-1
159,100,198.00,644.00,11.00,36.00,1.00,-1,-1,-1
159,112,668.00,486.00,54.00,12.00,1.00,-1,-1,-1
159,113,1547.00,665.00,27.00,20.00,1.00,-1,-1,-1
159,114,709.00,502.00,22.00,16.00,1.00,-1,-1,-1
159,116,1530.00,497.00,118.00,23.00,1.00,-1,-1,-1
159,126,1520.00,674.00,34.00,16.00,1.00,-1,-1,-1
159,129,394.00,708.00,29.00,21.00,1.00,-1,-1,-1
159,135,298.00,304.00,499.00,99.00,1.00,-1,-1,-1
159,142,725.00,458.00,52.00,14.00,1.00,-1,-1,-1
159,148,476.00,499.00,40.00,25.00,1.00,-1,-1,-1
159,153,1029.00,1024.00,11.00,41.00,1.00,-1,-1,-1
159,158,166.00,649.00,442.00,88.00,1.00,-1,-1,-1
159,166,139.00,226.00,75.00,45.00,1.00,-1,-1,-1
159,174,543.00,337.00,39.00,42.00,1.00,-1,-1,-1
159,182,475.00,252.00,189.00,200.00,1.00,-1,-1,-1
159,186,117.00,1066.00,17.00,8.00,1.00,-1,-1,-1
159,191,985.00,951.00,27.00,24.00,1.00,-1,-1,-1
159,193,823.00,975.00,41.00,65.00,1.00,-1,-1,-1
159,201,20.00,1063.00,11.00,12.00,1.00,-1,-1,-1
159,212,1275.00,523.00,44.00,27.00,1.00,-1,-1,-1
159,219,1527.00,645.00,33.00,37.00,1.00,-1,-1,-1
159,244,1432.00,531.00,163.00,196.00,1.00,-1,-1,-1
159,254,546.00,330.00,65.00,44.00,1.00,-1,-1,-1
159,257,449.00,378.00,29.00,22.00,1.00,-1,-1,-1
159,262,594.00,526.00,199.00,123.00,1.00,-1,-1,-1
159,278,1515.00,625.00,42.00,19.00,1.00,-1,-1,-1
159,283,510.00,518.00,27.00,18.00,1.00,-1,-1,-1
159,290,561.00,342.00,23.00,9.00,1.00,-1,-1,-1
159,296,547.00,314.00,25.00,32.00,1.00,-1,-1,-1
159,299,1566.00,672.00,19.00,14.00,1.00,-1,-1,-1
159,305,366.00,404.00,13.00,15.00,1.00,-1,-1,-1
159,306,64.00,549.00,10.00,15.00,1.00,-1,-1,-1
159,307,626.00,374.00,10.00,20.00,1.00,-1,-1,-1
159,309,556.00,320.00,20.00,24.00,1.00,-1,-1,-1
159,312,74.00,465.00,20.00,16.00,1.00,-1,-1,-1
159,316,48.00,889.00,15.00,14.00,1.00,-1,-1,-1
159,325,502.00,317.00,100.00,33.00,1.00,-1,-1,-1
159,332,20.00,455.00,8.00,16.00,1.00,-1,-1,-1
159,350,574.00,344.00,14.00,20.00,1.00,-1,-1,-1
159,352,576.00,512.00,13.00,33.00,1.00,-1,-1,-1
159,354,1551.00,685.00,16.00,13.00,1.00,-1,-1,-1
159,360,637.00,498.00,134.00,77.00,1.00,-1,-1,-1
159,362,559.00,320.00,15.00,13.00,1.00,-1,-1,-1
159,363,-11.00,445.00,27.00,15.00,1.00,-1,-1,-1
159,364,1034.00,1028.00,17.00,112.00,1.00,-1,-1,-1
159,365,402.00,407.00,25.00,18.00,1.00,-1,-1,-1
159,373,524.00,298.00,64.00,31.00,1.00,-1,-1,-1
159,375,622.00,633.00,14.00,45.00,1.00,-1,-1,-1
159,382,244.00,343.00,41.00,40.00,1.00,-1,-1,-1
159,387,18.00,343.00,16.00,23.00,1.00,-1,-1,-1
159,388,607.00,302.00,18.00,48.00,1.00,-1,-1,-1
159,389,158.00,170.00,16.00,15.00,1.00,-1,-1,-1
159,390,1034.00,1039.00,9.00,29.00,1.00,-1,-1,-1
159,403,666.00,519.00,78.00,26.00,1.00,-1,-1,-1
159,423,397.00,639.00,15.00,18.00,1.00,-1,-1,-1
159,426,131.00,670.00,61.00,45.00,1.00,-1,-1,-1
159,427,583.00,664.00,16.00,36.00,1.00,-1,-1,-1
159,428,339.00,566.00,30.00,29.00,1.00,-1,-1,-1
159,434,565.00,348.00,20.00,7.00,1.00,-1,-1,-1
159,444,525.00,260.00,12.00,15.00,1.00,-1,-1,-1
159,445,517.00,261.00,12.00,14.00,1.00,-1,-1,-1
159,446,-13.00,738.00,12.00,15.00,1.00,-1,-1,-1
159,447,266.00,684.00,11.00,14.00,1.00,-1,-1,-1
159,448,309.00,700.00,12.00,21.00,1.00,-1,-1,-1
159,450,851.00,744.00,15.00,12.00,1.00,-1,-1,-1
159,451,482.00,268.00,36.00,15.00,1.00,-1,-1,-1
159,452,269.00,831.00,14.00,15.00,1.00,-1,-1,-1
159,453,500.00,230.00,39.00,28.00,1.00,-1,-1,-1
159,454,2.00,478.00,27.00,30.00,1.00,-1,-1,-1
159,455,459.00,669.00,16.00,26.00,1.00,-1,-1,-1
159,456,536.00,289.00,22.00,9.00,1.00,-1,-1,-1
159,457,870.00,882.00,18.00,16.00,1.00,-1,-1,-1
159,458,588.00,417.00,109.00,52.00,1.00,-1,-1,-1
159,459,1270.00,966.00,150.00,41.00,1.00,-1,-1,-1
159,461,-12.00,183.00,56.00,49.00,1.00,-1,-1,-1
159,470,1468.00,636.00,82.00,22.00,1.00,-1,-1,-1
159,474,1407.00,993.00,48.00,38.00,1.00,-1,-1,-1
159,476,462.00,356.00,193.00,27.00,1.00,-1,-1,-1
159,481,1407.00,993.00,48.00,38.00,1.00,-1,-1,-1
159,483,1192.00,981.00,18.00,29.00,1.00,-1,-1,-1
159,485,448.00,452.00,192.00,96.00,1.00,-1,-1,-1
159,488,216.00,488.00,17.00,21.00,1.00,-1,-1,-1
159,492,1312.00,399.00,20.00,19.00,1.00,-1,-1,-1
159,495,471.00,470.00,172.00,76.00,1.00,-1,-1,-1
159,502,201.00,158.00,48.00,33.00,1.00,-1,-1,-1
159,503,586.00,534.00,43.00,27.00,1.00,-1,-1,-1
159,508,474.00,455.00,22.00,23.00,1.00,-1,-1,-1
159,512,-159.00,579.00,1581.00,222.00,1.00,-1,-1,-1
159,513,1501.00,570.00,14.00,10.00,1.00,-1,-1,-1
159,523,161.00,644.00,453.00,81.00,1.00,-1,-1,-1
159,528,559.00,782.00,77.00,27.00,1.00,-1,-1,-1
159,533,839.00,978.00,17.00,16.00,1.00,-1,-1,-1
159,534,787.00,976.00,46.00,6.00,1.00,-1,-1,-1
159,535,699.00,1018.00,15.00,18.00,1.00,-1,-1,-1
159,536,654.00,984.00,17.00,22.00,1.00,-1,-1,-1
159,538,693.00,996.00,9.00,17.00,1.00,-1,-1,-1
159,539,543.00,951.00,33.00,27.00,1.00,-1,-1,-1
159,540,865.00,949.00,14.00,13.00,1.00,-1,-1,-1
159,543,391.00,962.00,22.00,52.00,1.00,-1,-1,-1
159,545,973.00,971.00,17.00,10.00,1.00,-1,-1,-1
159,548,638.00,975.00,28.00,34.00,1.00,-1,-1,-1
159,549,1021.00,951.00,17.00,16.00,1.00,-1,-1,-1
159,551,1049.00,959.00,36.00,60.00,1.00,-1,-1,-1
159,553,1131.00,954.00,35.00,64.00,1.00,-1,-1,-1
159,554,1059.00,935.00,476.00,103.00,1.00,-1,-1,-1
159,555,513.00,1074.00,33.00,6.00,1.00,-1,-1,-1
159,556,934.00,972.00,13.00,32.00,1.00,-1,-1,-1
159,557,767.00,958.00,12.00,16.00,1.00,-1,-1,-1
159,559,607.00,981.00,8.00,18.00,1.00,-1,-1,-1
159,561,799.00,965.00,31.00,7.00,1.00,-1,-1,-1
159,562,816.00,1019.00,20.00,25.00,1.00,-1,-1,-1
159,563,604.00,973.00,18.00,29.00,1.00,-1,-1,-1
159,565,988.00,951.00,24.00,21.00,1.00,-1,-1,-1
159,568,473.00,984.00,12.00,17.00,1.00,-1,-1,-1
159,572,803.00,952.00,46.00,9.00,1.00,-1,-1,-1
160,5,174.00,1048.00,27.00,59.00,1.00,-1,-1,-1
160,9,346.00,1054.00,43.00,30.00,1.00,-1,-1,-1
160,10,948.00,931.00,139.00,66.00,1.00,-1,-1,-1
160,11,1488.00,608.00,93.00,84.00,1.00,-1,-1,-1
160,12,1115.00,910.00,170.00,115.00,1.00,-1,-1,-1
160,15,-18.00,1034.00,128.00,72.00,1.00,-1,-1,-1
160,18,413.00,406.00,78.00,30.00,1.00,-1,-1,-1
160,21,495.00,262.00,38.00,45.00,1.00,-1,-1,-1
160,32,14.00,664.00,12.00,13.00,1.00,-1,-1,-1
160,34,631.00,389.00,13.00,42.00,1.00,-1,-1,-1
160,37,557.00,322.00,19.00,33.00,1.00,-1,-1,-1
160,38,460.00,434.00,114.00,106.00,1.00,-1,-1,-1
160,39,516.00,334.00,90.00,58.00,1.00,-1,-1,-1
160,40,563.00,335.00,29.00,25.00,1.00,-1,-1,-1
160,41,1502.00,654.00,25.00,44.00,1.00,-1,-1,-1
160,44,479.00,258.00,100.00,115.00,1.00,-1,-1,-1
160,48,154.00,210.00,23.00,61.00,1.00,-1,-1,-1
160,49,515.00,261.00,15.00,11.00,1.00,-1,-1,-1
160,50,523.00,254.00,13.00,19.00,1.00,-1,-1,-1
160,54,120.00,815.00,13.00,23.00,1.00,-1,-1,-1
160,72,239.00,637.00,11.00,15.00,1.00,-1,-1,-1
160,73,1547.00,668.00,64.00,45.00,1.00,-1,-1,-1
160,76,1530.00,653.00,11.00,32.00,1.00,-1,-1,-1
160,77,1425.00,623.00,208.00,46.00,1.00,-1,-1,-1
160,100,170.00,622.00,11.00,36.00,1.00,-1,-1,-1
160,112,654.00,486.00,54.00,12.00,1.00,-1,-1,-1
160,113,1569.00,666.00,27.00,20.00,1.00,-1,-1,-1
160,114,694.00,502.00,22.00,16.00,1.00,-1,-1,-1
160,116,1515.00,497.00,118.00,23.00,1.00,-1,-1,-1
160,126,1541.00,674.00,34.00,16.00,1.00,-1,-1,-1
160,129,366.00,688.00,29.00,21.00,1.00,-1,-1,-1
160,135,305.00,313.00,499.00,99.00,1.00,-1,-1,-1
160,142,711.00,458.00,52.00,14.00,1.00,-1,-1,-1
160,148,477.00,497.00,40.00,25.00,1.00,-1,-1,-1
160,153,1015.00,1023.00,11.00,41.00,1.00,-1,-1,-1
160,158,132.00,630.00,444.00,90.00,1.00,-1,-1,-1
160,166,124.00,225.00,75.00,45.00,1.00,-1,-1,-1
160,174,550.00,345.00,39.00,42.00,1.00,-1,-1,-1
160,182,485.00,255.00,185.00,203.00,1.00,-1,-1,-1
160,186,103.00,1066.00,17.00,8.00,1.00,-1,-1,-1
160,191,984.00,951.00,27.00,24.00,1.00,-1,-1,-1
160,193,823.00,975.00,41.00,65.00,1.00,-1,-1,-1
160,201,6.00,1063.00,11.00,12.00,1.00,-1,-1,-1
160,212,1275.00,523.00,44.00,27.00,1.00,-1,-1,-1
160,219,1548.00,645.00,33.00,37.00,1.00,-1,-1,-1
160,244,1456.00,549.00,162.00,177.00,1.00,-1,-1,-1
160,254,552.00,339.00,65.00,44.00,1.00,-1,-1,-1
160,257,435.00,377.00,29.00,22.00,1.00,-1,-1,-1
160,262,580.00,525.00,199.00,123.00,1.00,-1,-1,-1
160,278,1538.00,626.00,42.00,19.00,1.00,-1,-1,-1
160,283,511.00,514.00,27.00,18.00,1.00,-1,-1,-1
160,290,569.00,351.00,23.00,9.00,1.00,-1,-1,-1
160,296,555.00,323.00,25.00,32.00,1.00,-1,-1,-1
160,299,1569.00,691.00,19.00,14.00,1.00,-1,-1,-1
160,305,352.00,403.00,13.00,15.00,1.00,-1,-1,-1
160,306,49.00,549.00,10.00,15.00,1.00,-1,-1,-1
160,307,611.00,364.00,10.00,20.00,1.00,-1,-1,-1
160,309,563.00,328.00,20.00,24.00,1.00,-1,-1,-1
160,312,59.00,464.00,20.00,16.00,1.00,-1,-1,-1
160,316,34.00,889.00,15.00,14.00,1.00,-1,-1,-1
160,325,510.00,325.00,100.00,33.00,1.00,-1,-1,-1
160,332,24.00,450.00,8.00,16.00,1.00,-1,-1,-1
160,347,582.00,987.00,25.00,31.00,1.00,-1,-1,-1
160,350,580.00,353.00,14.00,20.00,1.00,-1,-1,-1
160,352,576.00,509.00,13.00,33.00,1.00,-1,-1,-1
160,354,1572.00,686.00,16.00,13.00,1.00,-1,-1,-1
160,360,622.00,498.00,134.00,77.00,1.00,-1,-1,-1
160,362,567.00,329.00,15.00,13.00,1.00,-1,-1,-1
160,363,-5.00,437.00,27.00,15.00,1.00,-1,-1,-1
160,364,1020.00,1028.00,17.00,112.00,1.00,-1,-1,-1
160,365,388.00,406.00,25.00,18.00,1.00,-1,-1,-1
160,373,533.00,307.00,64.00,31.00,1.00,-1,-1,-1
160,375,608.00,633.00,14.00,45.00,1.00,-1,-1,-1
160,382,229.00,342.00,41.00,40.00,1.00,-1,-1,-1
160,387,3.00,344.00,16.00,23.00,1.00,-1,-1,-1
160,388,593.00,301.00,18.00,48.00,1.00,-1,-1,-1
160,389,144.00,169.00,16.00,15.00,1.00,-1,-1,-1
160,390,1020.00,1038.00,9.00,29.00,1.00,-1,-1,-1
160,403,652.00,519.00,78.00,26.00,1.00,-1,-1,-1
160,423,377.00,619.00,15.00,18.00,1.00,-1,-1,-1
160,426,116.00,670.00,61.00,45.00,1.00,-1,-1,-1
160,427,568.00,663.00,16.00,36.00,1.00,-1,-1,-1
160,428,324.00,566.00,30.00,29.00,1.00,-1,-1,-1
160,434,573.00,357.00,20.00,7.00,1.00,-1,-1,-1
160,444,537.00,266.00,12.00,15.00,1.00,-1,-1,-1
160,445,530.00,268.00,12.00,14.00,1.00,-1,-1,-1
160,446,-13.00,738.00,12.00,15.00,1.00,-1,-1,-1
160,447,250.00,663.00,11.00,14.00,1.00,-1,-1,-1
160,448,287.00,678.00,12.00,21.00,1.00,-1,-1,-1
160,450,836.00,744.00,15.00,12.00,1.00,-1,-1,-1
160,451,494.00,274.00,36.00,15.00,1.00,-1,-1,-1
160,452,255.00,831.00,14.00,15.00,1.00,-1,-1,-1
160,453,515.00,237.00,39.00,28.00,1.00,-1,-1,-1
160,454,27.00,557.00,27.00,30.00,1.00,-1,-1,-1
160,455,444.00,668.00,16.00,26.00,1.00,-1,-1,-1
160,456,547.00,297.00,22.00,9.00,1.00,-1,-1,-1
160,457,856.00,882.00,18.00,16.00,1.00,-1,-1,-1
160,458,593.00,423.00,109.00,52.00,1.00,-1,-1,-1
160,459,1270.00,966.00,150.00,41.00,1.00,-1,-1,-1
160,461,-12.00,183.00,56.00,49.00,1.00,-1,-1,-1
160,470,1490.00,637.00,82.00,22.00,1.00,-1,-1,-1
160,474,1407.00,993.00,48.00,38.00,1.00,-1,-1,-1
160,476,469.00,365.00,193.00,27.00,1.00,-1,-1,-1
160,481,1407.00,993.00,48.00,38.00,1.00,-1,-1,-1
160,483,1192.00,981.00,18.00,29.00,1.00,-1,-1,-1
160,485,449.00,448.00,192.00,96.00,1.00,-1,-1,-1
160,488,202.00,487.00,17.00,21.00,1.00,-1,-1,-1
160,492,1299.00,398.00,20.00,19.00,1.00,-1,-1,-1
160,495,472.00,466.00,172.00,76.00,1.00,-1,-1,-1
160,502,186.00,157.00,48.00,33.00,1.00,-1,-1,-1
160,503,586.00,531.00,43.00,27.00,1.00,-1,-1,-1
160,508,476.00,450.00,22.00,23.00,1.00,-1,-1,-1
160,512,-173.00,579.00,1581.00,222.00,1.00,-1,-1,-1
160,513,1525.00,570.00,14.00,10.00,1.00,-1,-1,-1
160,523,132.00,624.00,453.00,81.00,1.00,-1,-1,-1
160,528,545.00,782.00,77.00,27.00,1.00,-1,-1,-1
160,533,839.00,978.00,17.00,16.00,1.00,-1,-1,-1
160,534,787.00,977.00,46.00,6.00,1.00,-1,-1,-1
160,535,684.00,1017.00,15.00,18.00,1.00,-1,-1,-1
160,536,654.00,984.00,17.00,22.00,1.00,-1,-1,-1
160,538,693.00,996.00,9.00,17.00,1.00,-1,-1,-1
160,539,536.00,940.00,33.00,27.00,1.00,-1,-1,-1
160,540,866.00,950.00,14.00,13.00,1.00,-1,-1,-1
160,543,382.00,950.00,22.00,52.00,1.00,-1,-1,-1
160,545,973.00,971.00,17.00,10.00,1.00,-1,-1,-1
160,548,638.00,975.00,28.00,34.00,1.00,-1,-1,-1
160,549,1021.00,951.00,17.00,16.00,1.00,-1,-1,-1
160,551,1048.00,958.00,36.00,60.00,1.00,-1,-1,-1
160,553,1131.00,955.00,35.00,64.00,1.00,-1,-1,-1
160,554,939.00,935.00,616.00,103.00,1.00,-1,-1,-1
160,555,498.00,1074.00,33.00,6.00,1.00,-1,-1,-1
160,556,935.00,976.00,12.00,28.00,1.00,-1,-1,-1
160,557,767.00,959.00,13.00,15.00,1.00,-1,-1,-1
160,559,615.00,990.00,8.00,18.00,1.00,-1,-1,-1
160,561,800.00,966.00,31.00,7.00,1.00,-1,-1,-1
160,562,801.00,1019.00,20.00,25.00,1.00,-1,-1,-1
160,563,614.00,991.00,18.00,29.00,1.00,-1,-1,-1
160,565,988.00,951.00,24.00,21.00,1.00,-1,-1,-1
160,566,554.00,952.00,25.00,43.00,1.00,-1,-1,-1
160,568,481.00,958.00,12.00,17.00,1.00,-1,-1,-1
160,569,527.00,972.00,9.00,31.00,1.00,-1,-1,-1
160,572,801.00,953.00,50.00,9.00,1.00,-1,-1,-1
160,577,476.00,952.00,13.00,12.00,1.00,-1,-1,-1
161,5,161.00,1048.00,27.00,59.00,1.00,-1,-1,-1
161,9,332.00,1055.00,43.00,30.00,1.00,-1,-1,-1
161,10,948.00,931.00,139.00,66.00,1.00,-1,-1,-1
161,11,1477.00,572.00,167.00,154.00,1.00,-1,-1,-1
161,12,1115.00,910.00,170.00,115.00,1.00,-1,-1,-1
161,15,-30.00,1034.00,128.00,72.00,1.00,-1,-1,-1
161,18,400.00,405.00,78.00,30.00,1.00,-1,-1,-1
161,21,509.00,269.00,38.00,45.00,1.00,-1,-1,-1
161,32,1.00,663.00,12.00,13.00,1.00,-1,-1,-1
161,34,639.00,399.00,13.00,42.00,1.00,-1,-1,-1
161,37,567.00,331.00,19.00,33.00,1.00,-1,-1,-1
161,38,463.00,428.00,181.00,130.00,1.00,-1,-1,-1
161,39,526.00,342.00,90.00,58.00,1.00,-1,-1,-1
161,40,576.00,345.00,29.00,25.00,1.00,-1,-1,-1
161,41,1525.00,654.00,25.00,44.00,1.00,-1,-1,-1
161,44,488.00,264.00,100.00,115.00,1.00,-1,-1,-1
161,48,140.00,210.00,23.00,61.00,1.00,-1,-1,-1
161,49,531.00,266.00,15.00,11.00,1.00,-1,-1,-1
161,50,537.00,255.00,13.00,19.00,1.00,-1,-1,-1
161,54,106.00,815.00,13.00,23.00,1.00,-1,-1,-1
161,72,222.00,616.00,11.00,15.00,1.00,-1,-1,-1
161,73,1570.00,669.00,64.00,45.00,1.00,-1,-1,-1
161,76,1553.00,654.00,11.00,32.00,1.00,-1,-1,-1
161,77,1448.00,623.00,208.00,46.00,1.00,-1,-1,-1
161,100,138.00,599.00,11.00,36.00,1.00,-1,-1,-1
161,112,640.00,486.00,54.00,12.00,1.00,-1,-1,-1
161,113,1593.00,666.00,27.00,20.00,1.00,-1,-1,-1
161,114,681.00,501.00,22.00,16.00,1.00,-1,-1,-1
161,116,1502.00,497.00,118.00,23.00,1.00,-1,-1,-1
161,126,1564.00,675.00,34.00,16.00,1.00,-1,-1,-1
161,129,341.00,666.00,29.00,21.00,1.00,-1,-1,-1
161,135,315.00,321.00,499.00,99.00,1.00,-1,-1,-1
161,142,698.00,458.00,52.00,14.00,1.00,-1,-1,-1
161,148,477.00,483.00,40.00,25.00,1.00,-1,-1,-1
161,153,1002.00,1023.00,11.00,41.00,1.00,-1,-1,-1
161,158,114.00,604.00,435.00,95.00,1.00,-1,-1,-1
161,166,110.00,224.00,75.00,45.00,1.00,-1,-1,-1
161,174,560.00,354.00,39.00,42.00,1.00,-1,-1,-1
161,182,499.00,258.00,175.00,207.00,1.00,-1,-1,-1
161,186,90.00,1066.00,17.00,8.00,1.00,-1,-1,-1
161,191,985.00,952.00,27.00,24.00,1.00,-1,-1,-1
161,193,823.00,975.00,41.00,65.00,1.00,-1,-1,-1
161,201,-6.00,1063.00,11.00,12.00,1.00,-1,-1,-1
161,219,1572.00,646.00,33.00,37.00,1.00,-1,-1,-1
161,244,1480.00,549.00,162.00,177.00,1.00,-1,-1,-1
161,254,562.00,348.00,65.00,44.00,1.00,-1,-1,-1
161,257,422.00,377.00,29.00,22.00,1.00,-1,-1,-1
161,262,566.00,525.00,199.00,123.00,1.00,-1,-1,-1
161,278,1562.00,627.00,42.00,19.00,1.00,-1,-1,-1
161,283,513.00,511.00,27.00,18.00,1.00,-1,-1,-1
161,290,579.00,361.00,23.00,9.00,1.00,-1,-1,-1
161,296,565.00,331.00,25.00,32.00,1.00,-1,-1,-1
161,299,1592.00,692.00,19.00,14.00,1.00,-1,-1,-1
161,305,338.00,403.00,13.00,15.00,1.00,-1,-1,-1
161,306,35.00,548.00,10.00,15.00,1.00,-1,-1,-1
161,307,620.00,374.00,10.00,20.00,1.00,-1,-1,-1
161,309,575.00,339.00,20.00,24.00,1.00,-1,-1,-1
161,312,45.00,464.00,20.00,16.00,1.00,-1,-1,-1
161,316,20.00,888.00,15.00,14.00,1.00,-1,-1,-1
161,325,520.00,334.00,100.00,33.00,1.00,-1,-1,-1
161,332,10.00,450.00,8.00,16.00,1.00,-1,-1,-1
161,347,582.00,988.00,25.00,31.00,1.00,-1,-1,-1
161,350,589.00,362.00,14.00,20.00,1.00,-1,-1,-1
161,352,577.00,504.00,13.00,33.00,1.00,-1,-1,-1
161,354,1594.00,686.00,16.00,13.00,1.00,-1,-1,-1
161,360,609.00,497.00,134.00,77.00,1.00,-1,-1,-1
161,362,579.00,335.00,15.00,13.00,1.00,-1,-1,-1
161,363,-5.00,437.00,27.00,15.00,1.00,-1,-1,-1
161,364,1007.00,1028.00,17.00,112.00,1.00,-1,-1,-1
161,365,374.00,406.00,25.00,18.00,1.00,-1,-1,-1
161,373,543.00,316.00,64.00,31.00,1.00,-1,-1,-1
161,375,594.00,632.00,14.00,45.00,1.00,-1,-1,-1
161,382,215.00,342.00,41.00,40.00,1.00,-1,-1,-1
161,387,3.00,344.00,16.00,23.00,1.00,-1,-1,-1
161,388,576.00,301.00,18.00,48.00,1.00,-1,-1,-1
161,389,130.00,169.00,16.00,15.00,1.00,-1,-1,-1
161,390,1006.00,1038.00,9.00,29.00,1.00,-1,-1,-1
161,403,638.00,519.00,78.00,26.00,1.00,-1,-1,-1
161,423,356.00,623.00,15.00,18.00,1.00,-1,-1,-1
161,426,103.00,670.00,61.00,45.00,1.00,-1,-1,-1
161,427,555.00,663.00,16.00,36.00,1.00,-1,-1,-1
161,428,311.00,566.00,30.00,29.00,1.00,-1,-1,-1
161,434,583.00,367.00,20.00,7.00,1.00,-1,-1,-1
161,444,553.00,274.00,12.00,15.00,1.00,-1,-1,-1
161,445,545.00,275.00,12.00,14.00,1.00,-1,-1,-1
161,446,-13.00,738.00,12.00,15.00,1.00,-1,-1,-1
161,447,237.00,663.00,11.00,14.00,1.00,-1,-1,-1
161,448,273.00,677.00,12.00,21.00,1.00,-1,-1,-1
161,450,823.00,743.00,15.00,12.00,1.00,-1,-1,-1
161,451,507.00,281.00,36.00,15.00,1.00,-1,-1,-1
161,452,241.00,830.00,14.00,15.00,1.00,-1,-1,-1
161,453,532.00,243.00,39.00,28.00,1.00,-1,-1,-1
161,454,40.00,549.00,27.00,30.00,1.00,-1,-1,-1
161,455,430.00,667.00,16.00,26.00,1.00,-1,-1,-1
161,456,568.00,298.00,22.00,9.00,1.00,-1,-1,-1
161,457,842.00,881.00,18.00,16.00,1.00,-1,-1,-1
161,458,600.00,432.00,109.00,52.00,1.00,-1,-1,-1
161,459,1270.00,966.00,150.00,41.00,1.00,-1,-1,-1
161,461,21.00,265.00,56.00,49.00,1.00,-1,-1,-1
161,470,1514.00,637.00,82.00,22.00,1.00,-1,-1,-1
161,474,1407.00,993.00,48.00,38.00,1.00,-1,-1,-1
161,476,476.00,373.00,193.00,27.00,1.00,-1,-1,-1
161,481,1407.00,993.00,48.00,38.00,1.00,-1,-1,-1
161,483,1192.00,981.00,18.00,29.00,1.00,-1,-1,-1
161,485,452.00,444.00,192.00,96.00,1.00,-1,-1,-1
161,488,188.00,487.00,17.00,21.00,1.00,-1,-1,-1
161,492,1284.00,397.00,20.00,19.00,1.00,-1,-1,-1
161,495,475.00,462.00,172.00,76.00,1.00,-1,-1,-1
161,502,173.00,157.00,48.00,33.00,1.00,-1,-1,-1
161,503,585.00,527.00,43.00,27.00,1.00,-1,-1,-1
161,508,480.00,446.00,22.00,23.00,1.00,-1,-1,-1
161,512,-187.00,578.00,1581.00,222.00,1.00,-1,-1,-1
161,513,1550.00,570.00,14.00,10.00,1.00,-1,-1,-1
161,523,107.00,604.00,453.00,81.00,1.00,-1,-1,-1
161,528,532.00,781.00,77.00,27.00,1.00,-1,-1,-1
161,533,839.00,978.00,17.00,16.00,1.00,-1,-1,-1
161,534,787.00,977.00,46.00,6.00,1.00,-1,-1,-1
161,535,669.00,1017.00,15.00,18.00,1.00,-1,-1,-1
161,536,654.00,984.00,17.00,22.00,1.00,-1,-1,-1
161,538,693.00,996.00,9.00,17.00,1.00,-1,-1,-1
161,539,555.00,935.00,33.00,27.00,1.00,-1,-1,-1
161,540,851.00,947.00,14.00,13.00,1.00,-1,-1,-1
161,543,367.00,963.00,22.00,52.00,1.00,-1,-1,-1
161,545,973.00,971.00,17.00,10.00,1.00,-1,-1,-1
161,548,638.00,974.00,28.00,34.00,1.00,-1,-1,-1
161,549,1021.00,951.00,17.00,16.00,1.00,-1,-1,-1
161,551,1048.00,958.00,36.00,60.00,1.00,-1,-1,-1
161,553,1131.00,955.00,35.00,64.00,1.00,-1,-1,-1
161,554,939.00,935.00,616.00,103.00,1.00,-1,-1,-1
161,555,489.00,1074.00,31.00,6.00,1.00,-1,-1,-1
161,556,934.00,984.00,12.00,28.00,1.00,-1,-1,-1
161,557,763.00,967.00,13.00,15.00,1.00,-1,-1,-1
161,559,614.00,989.00,8.00,18.00,1.00,-1,-1,-1
161,561,800.00,966.00,31.00,7.00,1.00,-1,-1,-1
161,562,788.00,1019.00,20.00,25.00,1.00,-1,-1,-1
161,563,614.00,991.00,18.00,29.00,1.00,-1,-1,-1
161,565,988.00,951.00,24.00,21.00,1.00,-1,-1,-1
161,566,541.00,939.00,25.00,43.00,1.00,-1,-1,-1
161,568,481.00,958.00,12.00,17.00,1.00,-1,-1,-1
161,569,527.00,977.00,9.00,31.00,1.00,-1,-1,-1
161,570,547.00,955.00,33.00,40.00,1.00,-1,-1,-1
161,572,801.00,955.00,38.00,8.00,1.00,-1,-1,-1
161,577,477.00,951.00,13.00,12.00,1.00,-1,-1,-1
161,580,808.00,997.00,16.00,22.00,1.00,-1,-1,-1
162,5,149.00,1048.00,27.00,59.00,1.00,-1,-1,-1
162,9,321.00,1054.00,43.00,30.00,1.00,-1,-1,-1
162,10,929.00,936.00,229.00,100.00,1.00,-1,-1,-1
162,11,1507.00,574.00,161.00,153.00,1.00,-1,-1,-1
162,12,1069.00,935.00,407.00,103.00,1.00,-1,-1,-1
162,15,-42.00,1034.00,128.00,72.00,1.00,-1,-1,-1
162,18,387.00,405.00,78.00,30.00,1.00,-1,-1,-1
162,21,525.00,276.00,38.00,45.00,1.00,-1,-1,-1
162,32,1.00,663.00,12.00,13.00,1.00,-1,-1,-1
162,34,659.00,410.00,13.00,42.00,1.00,-1,-1,-1
162,37,580.00,340.00,19.00,33.00,1.00,-1,-1,-1
162,38,467.00,426.00,182.00,130.00,1.00,-1,-1,-1
162,39,537.00,351.00,90.00,58.00,1.00,-1,-1,-1
162,40,587.00,354.00,29.00,25.00,1.00,-1,-1,-1
162,41,1549.00,657.00,25.00,44.00,1.00,-1,-1,-1
162,44,506.00,282.00,100.00,115.00,1.00,-1,-1,-1
162,48,128.00,209.00,23.00,61.00,1.00,-1,-1,-1
162,49,548.00,273.00,15.00,11.00,1.00,-1,-1,-1
162,50,555.00,263.00,13.00,19.00,1.00,-1,-1,-1
162,54,94.00,814.00,13.00,23.00,1.00,-1,-1,-1
162,72,205.00,595.00,11.00,15.00,1.00,-1,-1,-1
162,73,1593.00,670.00,64.00,45.00,1.00,-1,-1,-1
162,76,1578.00,655.00,11.00,32.00,1.00,-1,-1,-1
162,77,1474.00,623.00,208.00,46.00,1.00,-1,-1,-1
162,100,124.00,576.00,11.00,36.00,1.00,-1,-1,-1
162,112,627.00,485.00,54.00,12.00,1.00,-1,-1,-1
162,113,1618.00,667.00,27.00,20.00,1.00,-1,-1,-1
162,114,668.00,501.00,22.00,16.00,1.00,-1,-1,-1
162,116,1489.00,496.00,118.00,23.00,1.00,-1,-1,-1
162,126,1589.00,676.00,34.00,16.00,1.00,-1,-1,-1
162,129,323.00,641.00,29.00,21.00,1.00,-1,-1,-1
162,135,325.00,330.00,499.00,99.00,1.00,-1,-1,-1
162,142,686.00,458.00,52.00,14.00,1.00,-1,-1,-1
162,148,476.00,473.00,40.00,25.00,1.00,-1,-1,-1
162,153,990.00,1023.00,11.00,41.00,1.00,-1,-1,-1
162,158,97.00,581.00,429.00,98.00,1.00,-1,-1,-1
162,166,98.00,224.00,75.00,45.00,1.00,-1,-1,-1
162,174,571.00,362.00,39.00,42.00,1.00,-1,-1,-1
162,182,517.00,264.00,165.00,206.00,1.00,-1,-1,-1
162,186,79.00,1066.00,17.00,8.00,1.00,-1,-1,-1
162,191,985.00,951.00,27.00,24.00,1.00,-1,-1,-1
162,193,823.00,975.00,41.00,65.00,1.00,-1,-1,-1
162,201,-6.00,1063.00,11.00,12.00,1.00,-1,-1,-1
162,219,1596.00,647.00,33.00,37.00,1.00,-1,-1,-1
162,244,1503.00,551.00,162.00,177.00,1.00,-1,-1,-1
162,254,573.00,357.00,65.00,44.00,1.00,-1,-1,-1
162,257,409.00,376.00,29.00,22.00,1.00,-1,-1,-1
162,262,554.00,524.00,199.00,123.00,1.00,-1,-1,-1
162,278,1587.00,627.00,42.00,19.00,1.00,-1,-1,-1
162,283,518.00,507.00,27.00,18.00,1.00,-1,-1,-1
162,290,590.00,369.00,23.00,9.00,1.00,-1,-1,-1
162,296,578.00,341.00,25.00,32.00,1.00,-1,-1,-1
162,299,1616.00,693.00,19.00,14.00,1.00,-1,-1,-1
162,305,326.00,402.00,13.00,15.00,1.00,-1,-1,-1
162,306,23.00,548.00,10.00,15.00,1.00,-1,-1,-1
162,307,645.00,391.00,10.00,20.00,1.00,-1,-1,-1
162,309,587.00,348.00,20.00,24.00,1.00,-1,-1,-1
162,312,33.00,463.00,20.00,16.00,1.00,-1,-1,-1
162,316,8.00,888.00,15.00,14.00,1.00,-1,-1,-1
162,325,532.00,343.00,100.00,33.00,1.00,-1,-1,-1
162,332,-4.00,449.00,8.00,16.00,1.00,-1,-1,-1
162,347,577.00,987.00,31.00,31.00,1.00,-1,-1,-1
162,350,600.00,371.00,14.00,20.00,1.00,-1,-1,-1
162,352,616.00,512.00,13.00,33.00,1.00,-1,-1,-1
162,354,1618.00,687.00,16.00,13.00,1.00,-1,-1,-1
162,360,596.00,497.00,134.00,77.00,1.00,-1,-1,-1
162,362,592.00,343.00,15.00,13.00,1.00,-1,-1,-1
162,363,0.00,442.00,27.00,15.00,1.00,-1,-1,-1
162,364,995.00,1028.00,17.00,112.00,1.00,-1,-1,-1
162,365,362.00,405.00,25.00,18.00,1.00,-1,-1,-1
162,373,557.00,322.00,64.00,31.00,1.00,-1,-1,-1
162,375,582.00,632.00,14.00,45.00,1.00,-1,-1,-1
162,382,203.00,341.00,41.00,40.00,1.00,-1,-1,-1
162,387,3.00,344.00,16.00,23.00,1.00,-1,-1,-1
162,388,579.00,293.00,18.00,48.00,1.00,-1,-1,-1
162,389,117.00,168.00,16.00,15.00,1.00,-1,-1,-1
162,390,994.00,1037.00,9.00,29.00,1.00,-1,-1,-1
162,403,626.00,518.00,78.00,26.00,1.00,-1,-1,-1
162,423,348.00,632.00,15.00,18.00,1.00,-1,-1,-1
162,426,90.00,669.00,61.00,45.00,1.00,-1,-1,-1
162,427,542.00,663.00,16.00,36.00,1.00,-1,-1,-1
162,428,265.00,554.00,30.00,29.00,1.00,-1,-1,-1
162,434,594.00,375.00,20.00,7.00,1.00,-1,-1,-1
162,444,570.00,282.00,12.00,15.00,1.00,-1,-1,-1
162,445,562.00,282.00,12.00,14.00,1.00,-1,-1,-1
162,446,-13.00,738.00,12.00,15.00,1.00,-1,-1,-1
162,447,224.00,662.00,11.00,14.00,1.00,-1,-1,-1
162,448,329.00,561.00,12.00,21.00,1.00,-1,-1,-1
162,450,811.00,742.00,15.00,12.00,1.00,-1,-1,-1
162,451,523.00,287.00,36.00,15.00,1.00,-1,-1,-1
162,452,229.00,830.00,14.00,15.00,1.00,-1,-1,-1
162,453,548.00,246.00,39.00,28.00,1.00,-1,-1,-1
162,454,28.00,549.00,27.00,30.00,1.00,-1,-1,-1
162,455,418.00,667.00,16.00,26.00,1.00,-1,-1,-1
162,456,578.00,321.00,22.00,9.00,1.00,-1,-1,-1
162,457,830.00,881.00,18.00,16.00,1.00,-1,-1,-1
162,458,600.00,438.00,109.00,52.00,1.00,-1,-1,-1
162,459,1270.00,966.00,150.00,41.00,1.00,-1,-1,-1
162,461,9.00,265.00,56.00,49.00,1.00,-1,-1,-1
162,470,1539.00,637.00,82.00,22.00,1.00,-1,-1,-1
162,474,1407.00,993.00,48.00,38.00,1.00,-1,-1,-1
162,476,487.00,382.00,193.00,27.00,1.00,-1,-1,-1
162,481,1407.00,993.00,48.00,38.00,1.00,-1,-1,-1
162,483,1192.00,981.00,18.00,29.00,1.00,-1,-1,-1
162,485,457.00,439.00,192.00,96.00,1.00,-1,-1,-1
162,488,176.00,486.00,17.00,21.00,1.00,-1,-1,-1
162,492,1271.00,397.00,20.00,19.00,1.00,-1,-1,-1
162,495,477.00,457.00,172.00,76.00,1.00,-1,-1,-1
162,502,160.00,156.00,48.00,33.00,1.00,-1,-1,-1
162,503,591.00,524.00,43.00,27.00,1.00,-1,-1,-1
162,508,485.00,442.00,22.00,23.00,1.00,-1,-1,-1
162,512,-199.00,578.00,1581.00,222.00,1.00,-1,-1,-1
162,513,1578.00,568.00,14.00,10.00,1.00,-1,-1,-1
162,523,83.00,585.00,453.00,81.00,1.00,-1,-1,-1
162,528,519.00,781.00,77.00,27.00,1.00,-1,-1,-1
162,533,839.00,978.00,17.00,16.00,1.00,-1,-1,-1
162,534,787.00,977.00,46.00,6.00,1.00,-1,-1,-1
162,535,668.00,1017.00,15.00,18.00,1.00,-1,-1,-1
162,536,654.00,984.00,17.00,22.00,1.00,-1,-1,-1
162,538,693.00,996.00,9.00,17.00,1.00,-1,-1,-1
162,539,555.00,935.00,33.00,27.00,1.00,-1,-1,-1
162,540,836.00,947.00,14.00,13.00,1.00,-1,-1,-1
162,543,355.00,962.00,22.00,52.00,1.00,-1,-1,-1
162,545,973.00,971.00,17.00,10.00,1.00,-1,-1,-1
162,548,638.00,974.00,28.00,34.00,1.00,-1,-1,-1
162,549,1022.00,951.00,17.00,16.00,1.00,-1,-1,-1
162,551,1048.00,958.00,36.00,60.00,1.00,-1,-1,-1
162,553,1131.00,955.00,35.00,64.00,1.00,-1,-1,-1
162,554,939.00,935.00,616.00,103.00,1.00,-1,-1,-1
162,555,470.00,1076.00,40.00,4.00,1.00,-1,-1,-1
162,556,923.00,984.00,12.00,28.00,1.00,-1,-1,-1
162,557,763.00,967.00,13.00,15.00,1.00,-1,-1,-1
162,559,612.00,988.00,8.00,18.00,1.00,-1,-1,-1
162,561,800.00,966.00,30.00,7.00,1.00,-1,-1,-1
162,562,776.00,1018.00,20.00,25.00,1.00,-1,-1,-1
162,563,614.00,991.00,18.00,29.00,1.00,-1,-1,-1
162,565,988.00,951.00,24.00,21.00,1.00,-1,-1,-1
162,566,530.00,934.00,25.00,43.00,1.00,-1,-1,-1
162,568,479.00,952.00,15.00,17.00,1.00,-1,-1,-1
162,569,527.00,977.00,9.00,31.00,1.00,-1,-1,-1
162,570,545.00,968.00,33.00,40.00,1.00,-1,-1,-1
162,572,801.00,955.00,34.00,8.00,1.00,-1,-1,-1
162,577,472.00,949.00,13.00,12.00,1.00,-1,-1,-1
162,580,809.00,996.00,16.00,23.00,1.00,-1,-1,-1
162,587,772.00,952.00,15.00,18.00,1.00,-1,-1,-1
162,589,476.00,975.00,17.00,33.00,1.00,-1,-1,-1
162,590,1420.00,955.00,44.00,64.00,1.00,-1,-1,-1
163,5,137.00,1048.00,27.00,59.00,1.00,-1,-1,-1
163,9,308.00,1054.00,43.00,30.00,1.00,-1,-1,-1
163,10,944.00,931.00,208.00,106.00,1.00,-1,-1,-1
163,11,1498.00,518.00,208.00,253.00,1.00,-1,-1,-1
163,12,1151.00,932.00,369.00,107.00,1.00,-1,-1,-1
163,15,-55.00,1034.00,128.00,72.00,1.00,-1,-1,-1
163,18,375.00,405.00,78.00,30.00,1.00,-1,-1,-1
163,21,541.00,284.00,38.00,45.00,1.00,-1,-1,-1
163,32,1.00,663.00,12.00,13.00,1.00,-1,-1,-1
163,34,644.00,408.00,13.00,42.00,1.00,-1,-1,-1
163,37,592.00,351.00,19.00,33.00,1.00,-1,-1,-1
163,38,424.00,387.00,278.00,203.00,1.00,-1,-1,-1
163,39,548.00,361.00,90.00,58.00,1.00,-1,-1,-1
163,40,598.00,364.00,29.00,25.00,1.00,-1,-1,-1
163,41,1574.00,659.00,25.00,44.00,1.00,-1,-1,-1
163,44,514.00,277.00,100.00,115.00,1.00,-1,-1,-1
163,48,115.00,209.00,23.00,61.00,1.00,-1,-1,-1
163,49,565.00,283.00,15.00,11.00,1.00,-1,-1,-1
163,50,571.00,271.00,13.00,19.00,1.00,-1,-1,-1
163,54,81.00,814.00,13.00,23.00,1.00,-1,-1,-1
163,72,182.00,575.00,11.00,15.00,1.00,-1,-1,-1
163,73,1617.00,671.00,64.00,45.00,1.00,-1,-1,-1
163,76,1603.00,656.00,11.00,32.00,1.00,-1,-1,-1
163,77,1499.00,624.00,208.00,46.00,1.00,-1,-1,-1
163,100,101.00,556.00,11.00,36.00,1.00,-1,-1,-1
163,112,615.00,485.00,54.00,12.00,1.00,-1,-1,-1
163,113,1643.00,667.00,27.00,20.00,1.00,-1,-1,-1
163,114,656.00,500.00,22.00,16.00,1.00,-1,-1,-1
163,116,1476.00,496.00,118.00,23.00,1.00,-1,-1,-1
163,126,1612.00,677.00,34.00,16.00,1.00,-1,-1,-1
163,129,310.00,610.00,29.00,21.00,1.00,-1,-1,-1
163,135,337.00,340.00,499.00,99.00,1.00,-1,-1,-1
163,142,674.00,459.00,52.00,14.00,1.00,-1,-1,-1
163,148,482.00,466.00,40.00,25.00,1.00,-1,-1,-1
163,153,977.00,1023.00,11.00,41.00,1.00,-1,-1,-1
163,158,84.00,571.00,415.00,83.00,1.00,-1,-1,-1
163,166,86.00,224.00,75.00,45.00,1.00,-1,-1,-1
163,174,581.00,372.00,39.00,42.00,1.00,-1,-1,-1
163,182,487.00,217.00,253.00,321.00,1.00,-1,-1,-1
163,186,66.00,1066.00,17.00,8.00,1.00,-1,-1,-1
163,191,985.00,951.00,27.00,24.00,1.00,-1,-1,-1
163,193,823.00,975.00,41.00,65.00,1.00,-1,-1,-1
163,201,-6.00,1063.00,11.00,12.00,1.00,-1,-1,-1
163,219,1620.00,647.00,33.00,37.00,1.00,-1,-1,-1
163,244,1528.00,551.00,162.00,177.00,1.00,-1,-1,-1
163,254,584.00,367.00,65.00,44.00,1.00,-1,-1,-1
163,257,397.00,376.00,29.00,22.00,1.00,-1,-1,-1
163,262,542.00,524.00,199.00,123.00,1.00,-1,-1,-1
163,278,1612.00,627.00,42.00,19.00,1.00,-1,-1,-1
163,283,521.00,503.00,27.00,18.00,1.00,-1,-1,-1
163,290,600.00,380.00,23.00,9.00,1.00,-1,-1,-1
163,296,590.00,351.00,25.00,32.00,1.00,-1,-1,-1
163,299,1639.00,694.00,19.00,14.00,1.00,-1,-1,-1
163,305,313.00,402.00,13.00,15.00,1.00,-1,-1,-1
163,306,11.00,548.00,10.00,15.00,1.00,-1,-1,-1
163,307,632.00,391.00,10.00,20.00,1.00,-1,-1,-1
163,309,599.00,357.00,20.00,24.00,1.00,-1,-1,-1
163,312,21.00,463.00,20.00,16.00,1.00,-1,-1,-1
163,316,-12.00,888.00,15.00,14.00,1.00,-1,-1,-1
163,325,544.00,352.00,100.00,33.00,1.00,-1,-1,-1
163,332,-4.00,449.00,8.00,16.00,1.00,-1,-1,-1
163,347,575.00,984.00,31.00,31.00,1.00,-1,-1,-1
163,350,611.00,381.00,14.00,20.00,1.00,-1,-1,-1
163,352,632.00,513.00,13.00,33.00,1.00,-1,-1,-1
163,354,1642.00,689.00,16.00,13.00,1.00,-1,-1,-1
163,360,583.00,496.00,134.00,77.00,1.00,-1,-1,-1
163,362,606.00,353.00,15.00,13.00,1.00,-1,-1,-1
163,363,0.00,442.00,27.00,15.00,1.00,-1,-1,-1
163,364,982.00,1028.00,17.00,112.00,1.00,-1,-1,-1
163,365,350.00,405.00,25.00,18.00,1.00,-1,-1,-1
163,373,571.00,332.00,64.00,31.00,1.00,-1,-1,-1
163,375,569.00,632.00,14.00,45.00,1.00,-1,-1,-1
163,382,191.00,341.00,41.00,40.00,1.00,-1,-1,-1
163,387,3.00,344.00,16.00,23.00,1.00,-1,-1,-1
163,388,596.00,304.00,18.00,48.00,1.00,-1,-1,-1
163,389,105.00,168.00,16.00,15.00,1.00,-1,-1,-1
163,390,982.00,1037.00,9.00,29.00,1.00,-1,-1,-1
163,403,613.00,518.00,78.00,26.00,1.00,-1,-1,-1
163,423,260.00,656.00,15.00,18.00,1.00,-1,-1,-1
163,426,78.00,669.00,61.00,45.00,1.00,-1,-1,-1
163,427,530.00,663.00,16.00,36.00,1.00,-1,-1,-1
163,428,253.00,554.00,30.00,29.00,1.00,-1,-1,-1
163,434,604.00,386.00,20.00,7.00,1.00,-1,-1,-1
163,444,586.00,292.00,12.00,15.00,1.00,-1,-1,-1
163,445,578.00,292.00,12.00,14.00,1.00,-1,-1,-1
163,446,-13.00,738.00,12.00,15.00,1.00,-1,-1,-1
163,447,212.00,662.00,11.00,14.00,1.00,-1,-1,-1
163,448,345.00,565.00,12.00,21.00,1.00,-1,-1,-1
163,450,798.00,742.00,15.00,12.00,1.00,-1,-1,-1
163,451,539.00,297.00,36.00,15.00,1.00,-1,-1,-1
163,452,217.00,830.00,14.00,15.00,1.00,-1,-1,-1
163,453,552.00,249.00,39.00,28.00,1.00,-1,-1,-1
163,454,16.00,549.00,27.00,30.00,1.00,-1,-1,-1
163,455,406.00,666.00,16.00,26.00,1.00,-1,-1,-1
163,456,593.00,330.00,22.00,9.00,1.00,-1,-1,-1
163,457,818.00,881.00,18.00,16.00,1.00,-1,-1,-1
163,458,588.00,426.00,109.00,52.00,1.00,-1,-1,-1
163,459,1270.00,966.00,150.00,41.00,1.00,-1,-1,-1
163,461,-2.00,265.00,56.00,49.00,1.00,-1,-1,-1
163,470,1564.00,638.00,82.00,22.00,1.00,-1,-1,-1
163,474,1407.00,993.00,48.00,38.00,1.00,-1,-1,-1
163,476,497.00,391.00,193.00,27.00,1.00,-1,-1,-1
163,481,1407.00,993.00,48.00,38.00,1.00,-1,-1,-1
163,483,1192.00,981.00,18.00,29.00,1.00,-1,-1,-1
163,485,462.00,436.00,192.00,96.00,1.00,-1,-1,-1
163,488,164.00,487.00,17.00,21.00,1.00,-1,-1,-1
163,492,1258.00,397.00,20.00,19.00,1.00,-1,-1,-1
163,495,496.00,450.00,172.00,76.00,1.00,-1,-1,-1
163,502,148.00,156.00,48.00,33.00,1.00,-1,-1,-1
163,503,596.00,522.00,43.00,27.00,1.00,-1,-1,-1
163,508,491.00,438.00,22.00,23.00,1.00,-1,-1,-1
163,512,-212.00,578.00,1581.00,222.00,1.00,-1,-1,-1
163,513,1605.00,567.00,14.00,10.00,1.00,-1,-1,-1
163,523,57.00,566.00,453.00,81.00,1.00,-1,-1,-1
163,528,507.00,781.00,77.00,27.00,1.00,-1,-1,-1
163,533,839.00,978.00,17.00,16.00,1.00,-1,-1,-1
163,534,787.00,977.00,46.00,6.00,1.00,-1,-1,-1
163,535,656.00,1013.00,15.00,18.00,1.00,-1,-1,-1
163,536,654.00,984.00,17.00,22.00,1.00,-1,-1,-1
163,538,693.00,996.00,9.00,17.00,1.00,-1,-1,-1
163,539,555.00,935.00,33.00,27.00,1.00,-1,-1,-1
163,540,825.00,947.00,14.00,13.00,1.00,-1,-1,-1
163,543,342.00,962.00,22.00,52.00,1.00,-1,-1,-1
163,545,973.00,971.00,17.00,10.00,1.00,-1,-1,-1
163,548,638.00,974.00,28.00,34.00,1.00,-1,-1,-1
163,549,1022.00,951.00,17.00,16.00,1.00,-1,-1,-1
163,551,1048.00,958.00,36.00,60.00,1.00,-1,-1,-1
163,553,1131.00,955.00,35.00,64.00,1.00,-1,-1,-1
163,554,939.00,935.00,616.00,103.00,1.00,-1,-1,-1
163,555,458.00,1076.00,40.00,4.00,1.00,-1,-1,-1
163,556,923.00,984.00,12.00,28.00,1.00,-1,-1,-1
163,557,763.00,967.00,13.00,15.00,1.00,-1,-1,-1
163,559,612.00,988.00,8.00,18.00,1.00,-1,-1,-1
163,561,797.00,966.00,35.00,7.00,1.00,-1,-1,-1
163,562,764.00,1018.00,20.00,25.00,1.00,-1,-1,-1
163,563,614.00,991.00,18.00,29.00,1.00,-1,-1,-1
163,565,988.00,951.00,24.00,21.00,1.00,-1,-1,-1
163,566,526.00,934.00,25.00,43.00,1.00,-1,-1,-1
163,568,478.00,953.00,16.00,10.00,1.00,-1,-1,-1
163,569,527.00,977.00,9.00,31.00,1.00,-1,-1,-1
163,570,544.00,979.00,34.00,30.00,1.00,-1,-1,-1
163,572,821.00,954.00,34.00,8.00,1.00,-1,-1,-1
163,577,464.00,928.00,13.00,12.00,1.00,-1,-1,-1
163,580,808.00,996.00,17.00,23.00,1.00,-1,-1,-1
163,582,938.00,953.00,14.00,21.00,1.00,-1,-1,-1
163,583,1484.00,1073.00,54.00,7.00,1.00,-1,-1,-1
163,587,771.00,952.00,24.00,20.00,1.00,-1,-1,-1
163,589,477.00,976.00,15.00,25.00,1.00,-1,-1,-1
163,590,1419.00,954.00,44.00,64.00,1.00,-1,-1,-1
163,593,406.00,986.00,17.00,34.00,1.00,-1,-1,-1
164,5,124.00,1048.00,27.00,59.00,1.00,-1,-1,-1
164,9,295.00,1054.00,43.00,30.00,1.00,-1,-1,-1
164,10,911.00,925.00,349.00,133.00,1.00,-1,-1,-1
164,11,1524.00,515.00,202.00,259.00,1.00,-1,-1,-1
164,12,1141.00,928.00,443.00,121.00,1.00,-1,-1,-1
164,15,-55.00,1034.00,128.00,72.00,1.00,-1,-1,-1
164,18,362.00,404.00,78.00,30.00,1.00,-1,-1,-1
164,21,555.00,295.00,38.00,45.00,1.00,-1,-1,-1
164,32,1.00,663.00,12.00,13.00,1.00,-1,-1,-1
164,34,644.00,409.00,13.00,42.00,1.00,-1,-1,-1
164,37,605.00,361.00,19.00,33.00,1.00,-1,-1,-1
164,38,424.00,382.00,280.00,204.00,1.00,-1,-1,-1
164,39,559.00,371.00,90.00,58.00,1.00,-1,-1,-1
164,40,611.00,374.00,29.00,25.00,1.00,-1,-1,-1
164,41,1596.00,661.00,25.00,44.00,1.00,-1,-1,-1
164,44,526.00,287.00,100.00,115.00,1.00,-1,-1,-1
164,48,102.00,209.00,23.00,61.00,1.00,-1,-1,-1
164,49,582.00,294.00,15.00,11.00,1.00,-1,-1,-1
164,50,589.00,283.00,13.00,19.00,1.00,-1,-1,-1
164,54,69.00,814.00,13.00,23.00,1.00,-1,-1,-1
164,72,157.00,556.00,11.00,15.00,1.00,-1,-1,-1
164,73,1641.00,674.00,64.00,45.00,1.00,-1,-1,-1
164,76,1627.00,657.00,11.00,32.00,1.00,-1,-1,-1
164,77,1523.00,624.00,208.00,46.00,1.00,-1,-1,-1
164,100,77.00,537.00,11.00,36.00,1.00,-1,-1,-1
164,112,602.00,485.00,54.00,12.00,1.00,-1,-1,-1
164,113,1667.00,668.00,27.00,20.00,1.00,-1,-1,-1
164,114,643.00,500.00,22.00,16.00,1.00,-1,-1,-1
164,116,1464.00,496.00,118.00,23.00,1.00,-1,-1,-1
164,126,1637.00,679.00,34.00,16.00,1.00,-1,-1,-1
164,129,287.00,589.00,29.00,21.00,1.00,-1,-1,-1
164,135,348.00,351.00,499.00,99.00,1.00,-1,-1,-1
164,142,698.00,493.00,52.00,14.00,1.00,-1,-1,-1
164,148,483.00,475.00,40.00,25.00,1.00,-1,-1,-1
164,153,964.00,1023.00,11.00,41.00,1.00,-1,-1,-1
164,158,0.00,508.00,592.00,162.00,1.00,-1,-1,-1
164,166,73.00,224.00,75.00,45.00,1.00,-1,-1,-1
164,174,593.00,382.00,39.00,42.00,1.00,-1,-1,-1
164,182,496.00,224.00,278.00,336.00,1.00,-1,-1,-1
164,186,53.00,1066.00,17.00,8.00,1.00,-1,-1,-1
164,191,985.00,951.00,27.00,24.00,1.00,-1,-1,-1
164,193,823.00,975.00,41.00,65.00,1.00,-1,-1,-1
164,201,-6.00,1063.00,11.00,12.00,1.00,-1,-1,-1
164,219,1645.00,649.00,33.00,37.00,1.00,-1,-1,-1
164,244,1553.00,551.00,162.00,177.00,1.00,-1,-1,-1
164,254,595.00,377.00,65.00,44.00,1.00,-1,-1,-1
164,257,384.00,376.00,29.00,22.00,1.00,-1,-1,-1
164,262,529.00,524.00,199.00,123.00,1.00,-1,-1,-1
164,278,1637.00,628.00,42.00,19.00,1.00,-1,-1,-1
164,283,525.00,500.00,27.00,18.00,1.00,-1,-1,-1
164,290,612.00,390.00,23.00,9.00,1.00,-1,-1,-1
164,296,603.00,361.00,25.00,32.00,1.00,-1,-1,-1
164,299,1664.00,696.00,19.00,14.00,1.00,-1,-1,-1
164,305,301.00,402.00,13.00,15.00,1.00,-1,-1,-1
164,306,-1.00,548.00,10.00,15.00,1.00,-1,-1,-1
164,307,618.00,387.00,10.00,20.00,1.00,-1,-1,-1
164,309,612.00,367.00,20.00,24.00,1.00,-1,-1,-1
164,312,8.00,463.00,20.00,16.00,1.00,-1,-1,-1
164,316,-12.00,888.00,15.00,14.00,1.00,-1,-1,-1
164,325,557.00,362.00,100.00,33.00,1.00,-1,-1,-1
164,332,-4.00,449.00,8.00,16.00,1.00,-1,-1,-1
164,347,575.00,984.00,31.00,31.00,1.00,-1,-1,-1
164,350,623.00,391.00,14.00,20.00,1.00,-1,-1,-1
164,352,624.00,505.00,13.00,33.00,1.00,-1,-1,-1
164,354,1666.00,691.00,16.00,13.00,1.00,-1,-1,-1
164,360,573.00,489.00,134.00,77.00,1.00,-1,-1,-1
164,362,619.00,363.00,15.00,13.00,1.00,-1,-1,-1
164,363,0.00,442.00,27.00,15.00,1.00,-1,-1,-1
164,364,969.00,1028.00,17.00,112.00,1.00,-1,-1,-1
164,365,337.00,405.00,25.00,18.00,1.00,-1,-1,-1
164,373,584.00,342.00,64.00,31.00,1.00,-1,-1,-1
164,375,556.00,632.00,14.00,45.00,1.00,-1,-1,-1
164,382,178.00,341.00,41.00,40.00,1.00,-1,-1,-1
164,387,3.00,344.00,16.00,23.00,1.00,-1,-1,-1
164,388,610.00,314.00,18.00,48.00,1.00,-1,-1,-1
164,389,92.00,168.00,16.00,15.00,1.00,-1,-1,-1
164,390,969.00,1037.00,9.00,29.00,1.00,-1,-1,-1
164,403,601.00,513.00,78.00,26.00,1.00,-1,-1,-1
164,423,244.00,653.00,15.00,18.00,1.00,-1,-1,-1
164,426,65.00,669.00,61.00,45.00,1.00,-1,-1,-1
164,427,517.00,662.00,16.00,36.00,1.00,-1,-1,-1
164,428,220.00,530.00,30.00,29.00,1.00,-1,-1,-1
164,434,616.00,396.00,20.00,7.00,1.00,-1,-1,-1
164,444,603.00,303.00,12.00,15.00,1.00,-1,-1,-1
164,445,595.00,303.00,12.00,14.00,1.00,-1,-1,-1
164,447,199.00,662.00,11.00,14.00,1.00,-1,-1,-1
164,448,306.00,574.00,12.00,21.00,1.00,-1,-1,-1
164,450,785.00,742.00,15.00,12.00,1.00,-1,-1,-1
164,451,554.00,309.00,36.00,15.00,1.00,-1,-1,-1
164,452,204.00,830.00,14.00,15.00,1.00,-1,-1,-1
164,453,566.00,250.00,39.00,28.00,1.00,-1,-1,-1
164,454,3.00,549.00,27.00,30.00,1.00,-1,-1,-1
164,455,393.00,666.00,16.00,26.00,1.00,-1,-1,-1
164,456,607.00,341.00,22.00,9.00,1.00,-1,-1,-1
164,457,805.00,881.00,18.00,16.00,1.00,-1,-1,-1
164,458,586.00,424.00,109.00,52.00,1.00,-1,-1,-1
164,459,1270.00,966.00,150.00,41.00,1.00,-1,-1,-1
164,461,-16.00,265.00,56.00,49.00,1.00,-1,-1,-1
164,470,1588.00,638.00,82.00,22.00,1.00,-1,-1,-1
164,474,1407.00,993.00,48.00,38.00,1.00,-1,-1,-1
164,476,509.00,401.00,193.00,27.00,1.00,-1,-1,-1
164,481,1407.00,993.00,48.00,38.00,1.00,-1,-1,-1
164,483,1192.00,981.00,18.00,29.00,1.00,-1,-1,-1
164,485,469.00,430.00,192.00,96.00,1.00,-1,-1,-1
164,488,151.00,487.00,17.00,21.00,1.00,-1,-1,-1
164,492,1246.00,397.00,20.00,19.00,1.00,-1,-1,-1
164,495,478.00,441.00,172.00,76.00,1.00,-1,-1,-1
164,502,134.00,156.00,48.00,33.00,1.00,-1,-1,-1
164,503,599.00,520.00,43.00,27.00,1.00,-1,-1,-1
164,508,495.00,435.00,22.00,23.00,1.00,-1,-1,-1
164,512,-225.00,578.00,1581.00,222.00,1.00,-1,-1,-1
164,513,1631.00,567.00,14.00,10.00,1.00,-1,-1,-1
164,523,31.00,547.00,453.00,81.00,1.00,-1,-1,-1
164,528,494.00,781.00,77.00,27.00,1.00,-1,-1,-1
164,533,839.00,978.00,17.00,16.00,1.00,-1,-1,-1
164,534,787.00,977.00,46.00,6.00,1.00,-1,-1,-1
164,535,644.00,1014.00,15.00,18.00,1.00,-1,-1,-1
164,536,654.00,984.00,17.00,22.00,1.00,-1,-1,-1
164,538,693.00,996.00,9.00,17.00,1.00,-1,-1,-1
164,539,555.00,935.00,33.00,27.00,1.00,-1,-1,-1
164,540,812.00,947.00,14.00,13.00,1.00,-1,-1,-1
164,543,330.00,962.00,22.00,52.00,1.00,-1,-1,-1
164,545,973.00,971.00,17.00,10.00,1.00,-1,-1,-1
164,548,638.00,974.00,28.00,34.00,1.00,-1,-1,-1
164,549,1022.00,951.00,17.00,16.00,1.00,-1,-1,-1
164,551,1048.00,958.00,36.00,60.00,1.00,-1,-1,-1
164,553,1130.00,954.00,35.00,64.00,1.00,-1,-1,-1
164,554,939.00,935.00,616.00,103.00,1.00,-1,-1,-1
164,555,445.00,1076.00,40.00,4.00,1.00,-1,-1,-1
164,556,923.00,984.00,12.00,28.00,1.00,-1,-1,-1
164,557,763.00,967.00,13.00,15.00,1.00,-1,-1,-1
164,559,612.00,988.00,8.00,18.00,1.00,-1,-1,-1
164,561,800.00,966.00,30.00,7.00,1.00,-1,-1,-1
164,562,750.00,1018.00,20.00,25.00,1.00,-1,-1,-1
164,563,614.00,991.00,18.00,29.00,1.00,-1,-1,-1
164,565,988.00,951.00,24.00,21.00,1.00,-1,-1,-1
164,566,517.00,934.00,25.00,43.00,1.00,-1,-1,-1
164,568,478.00,953.00,16.00,10.00,1.00,-1,-1,-1
164,569,527.00,972.00,9.00,31.00,1.00,-1,-1,-1
164,570,545.00,985.00,26.00,23.00,1.00,-1,-1,-1
164,572,811.00,954.00,34.00,8.00,1.00,-1,-1,-1
164,577,450.00,928.00,13.00,12.00,1.00,-1,-1,-1
164,580,808.00,996.00,15.00,25.00,1.00,-1,-1,-1
164,582,937.00,953.00,14.00,21.00,1.00,-1,-1,-1
164,583,1472.00,1072.00,54.00,7.00,1.00,-1,-1,-1
164,587,765.00,951.00,32.00,25.00,1.00,-1,-1,-1
164,589,476.00,976.00,15.00,25.00,1.00,-1,-1,-1
164,590,1419.00,955.00,44.00,64.00,1.00,-1,-1,-1
164,593,405.00,985.00,17.00,34.00,1.00,-1,-1,-1
165,5,124.00,1048.00,27.00,59.00,1.00,-1,-1,-1
165,9,295.00,1054.00,43.00,30.00,1.00,-1,-1,-1
165,10,911.00,925.00,349.00,133.00,1.00,-1,-1,-1
165,11,1524.00,515.00,202.00,259.00,1.00,-1,-1,-1
165,12,1141.00,928.00,443.00,121.00,1.00,-1,-1,-1
165,15,-55.00,1034.00,128.00,72.00,1.00,-1,-1,-1
165,18,362.00,404.00,78.00,30.00,1.00,-1,-1,-1
165,21,555.00,295.00,38.00,45.00,1.00,-1,-1,-1
165,32,1.00,663.00,12.00,13.00,1.00,-1,-1,-1
165,34,644.00,409.00,13.00,42.00,1.00,-1,-1,-1
165,37,605.00,361.00,19.00,33.00,1.00,-1,-1,-1
165,38,424.00,382.00,280.00,204.00,1.00,-1,-1,-1
165,39,559.00,371.00,90.00,58.00,1.00,-1,-1,-1
165,40,611.00,374.00,29.00,25.00,1.00,-1,-1,-1
165,41,1596.00,661.00,25.00,44.00,1.00,-1,-1,-1
165,44,526.00,287.00,100.00,115.00,1.00,-1,-1,-1
165,48,102.00,209.00,23.00,61.00,1.00,-1,-1,-1
165,49,582.00,294.00,15.00,11.00,1.00,-1,-1,-1
165,50,589.00,283.00,13.00,19.00,1.00,-1,-1,-1
165,54,69.00,814.00,13.00,23.00,1.00,-1,-1,-1
165,72,157.00,556.00,11.00,15.00,1.00,-1,-1,-1
165,73,1641.00,674.00,64.00,45.00,1.00,-1,-1,-1
165,76,1627.00,657.00,11.00,32.00,1.00,-1,-1,-1
165,77,1523.00,624.00,208.00,46.00,1.00,-1,-1,-1
165,100,77.00,537.00,11.00,36.00,1.00,-1,-1,-1
165,112,602.00,485.00,54.00,12.00,1.00,-1,-1,-1
165,113,1667.00,668.00,27.00,20.00,1.00,-1,-1,-1
165,114,643.00,500.00,22.00,16.00,1.00,-1,-1,-1
165,116,1464.00,496.00,118.00,23.00,1.00,-1,-1,-1
165,126,1637.00,679.00,34.00,16.00,1.00,-1,-1,-1
165,129,287.00,589.00,29.00,21.00,1.00,-1,-1,-1
165,135,348.00,351.00,499.00,99.00,1.00,-1,-1,-1
165,142,698.00,493.00,52.00,14.00,1.00,-1,-1,-1
165,148,483.00,475.00,40.00,25.00,1.00,-1,-1,-1
165,153,964.00,1023.00,11.00,41.00,1.00,-1,-1,-1
165,158,0.00,508.00,592.00,162.00,1.00,-1,-1,-1
165,166,73.00,224.00,75.00,45.00,1.00,-1,-1,-1
165,174,593.00,382.00,39.00,42.00,1.00,-1,-1,-1
165,182,496.00,224.00,278.00,336.00,1.00,-1,-1,-1
165,186,53.00,1066.00,17.00,8.00,1.00,-1,-1,-1
165,191,985.00,951.00,27.00,24.00,1.00,-1,-1,-1
165,193,823.00,975.00,41.00,65.00,1.00,-1,-1,-1
165,201,-6.00,1063.00,11.00,12.00,1.00,-1,-1,-1
165,219,1645.00,649.00,33.00,37.00,1.00,-1,-1,-1
165,244,1553.00,551.00,162.00,177.00,1.00,-1,-1,-1
165,254,595.00,377.00,65.00,44.00,1.00,-1,-1,-1
165,257,384.00,376.00,29.00,22.00,1.00,-1,-1,-1
165,262,529.00,524.00,199.00,123.00,1.00,-1,-1,-1
165,278,1637.00,628.00,42.00,19.00,1.00,-1,-1,-1
165,283,525.00,500.00,27.00,18.00,1.00,-1,-1,-1
165,290,612.00,390.00,23.00,9.00,1.00,-1,-1,-1
165,296,603.00,361.00,25.00,32.00,1.00,-1,-1,-1
165,299,1664.00,696.00,19.00,14.00,1.00,-1,-1,-1
165,305,301.00,402.00,13.00,15.00,1.00,-1,-1,-1
165,306,-1.00,548.00,10.00,15.00,1.00,-1,-1,-1
165,307,618.00,387.00,10.00,20.00,1.00,-1,-1,-1
165,309,612.00,367.00,20.00,24.00,1.00,-1,-1,-1
165,312,8.00,463.00,20.00,16.00,1.00,-1,-1,-1
165,316,-12.00,888.00,15.00,14.00,1.00,-1,-1,-1
165,325,557.00,362.00,100.00,33.00,1.00,-1,-1,-1
165,332,-4.00,449.00,8.00,16.00,1.00,-1,-1,-1
165,347,575.00,984.00,31.00,31.00,1.00,-1,-1,-1
165,350,623.00,391.00,14.00,20.00,1.00,-1,-1,-1
165,352,624.00,505.00,13.00,33.00,1.00,-1,-1,-1
165,354,1666.00,691.00,16.00,13.00,1.00,-1,-1,-1
165,360,573.00,489.00,134.00,77.00,1.00,-1,-1,-1
165,362,619.00,363.00,15.00,13.00,1.00,-1,-1,-1
165,363,0.00,442.00,27.00,15.00,1.00,-1,-1,-1
165,364,969.00,1028.00,17.00,112.00,1.00,-1,-1,-1
165,365,337.00,405.00,25.00,18.00,1.00,-1,-1,-1
165,373,584.00,342.00,64.00,31.00,1.00,-1,-1,-1
165,375,556.00,632.00,14.00,45.00,1.00,-1,-1,-1
165,382,178.00,341.00,41.00,40.00,1.00,-1,-1,-1
165,387,3.00,344.00,16.00,23.00,1.00,-1,-1,-1
165,388,610.00,314.00,18.00,48.00,1.00,-1,-1,-1
165,389,92.00,168.00,16.00,15.00,1.00,-1,-1,-1
165,390,969.00,1037.00,9.00,29.00,1.00,-1,-1,-1
165,403,601.00,513.00,78.00,26.00,1.00,-1,-1,-1
165,423,244.00,653.00,15.00,18.00,1.00,-1,-1,-1
165,426,65.00,669.00,61.00,45.00,1.00,-1,-1,-1
165,427,517.00,662.00,16.00,36.00,1.00,-1,-1,-1
165,428,220.00,530.00,30.00,29.00,1.00,-1,-1,-1
165,434,616.00,396.00,20.00,7.00,1.00,-1,-1,-1
165,444,603.00,303.00,12.00,15.00,1.00,-1,-1,-1
165,445,595.00,303.00,12.00,14.00,1.00,-1,-1,-1
165,447,199.00,662.00,11.00,14.00,1.00,-1,-1,-1
165,448,306.00,574.00,12.00,21.00,1.00,-1,-1,-1
165,450,785.00,742.00,15.00,12.00,1.00,-1,-1,-1
165,451,554.00,309.00,36.00,15.00,1.00,-1,-1,-1
165,452,204.00,830.00,14.00,15.00,1.00,-1,-1,-1
165,453,566.00,250.00,39.00,28.00,1.00,-1,-1,-1
165,454,3.00,549.00,27.00,30.00,1.00,-1,-1,-1
165,455,393.00,666.00,16.00,26.00,1.00,-1,-1,-1
165,456,607.00,341.00,22.00,9.00,1.00,-1,-1,-1
165,457,805.00,881.00,18.00,16.00,1.00,-1,-1,-1
165,458,586.00,424.00,109.00,52.00,1.00,-1,-1,-1
165,459,1270.00,966.00,150.00,41.00,1.00,-1,-1,-1
165,461,-16.00,265.00,56.00,49.00,1.00,-1,-1,-1
165,470,1588.00,638.00,82.00,22.00,1.00,-1,-1,-1
165,474,1407.00,993.00,48.00,38.00,1.00,-1,-1,-1
165,476,509.00,401.00,193.00,27.00,1.00,-1,-1,-1
165,481,1407.00,993.00,48.00,38.00,1.00,-1,-1,-1
165,483,1192.00,981.00,18.00,29.00,1.00,-1,-1,-1
165,485,469.00,430.00,192.00,96.00,1.00,-1,-1,-1
165,488,151.00,487.00,17.00,21.00,1.00,-1,-1,-1
165,492,1246.00,397.00,20.00,19.00,1.00,-1,-1,-1
165,495,478.00,441.00,172.00,76.00,1.00,-1,-1,-1
165,502,134.00,156.00,48.00,33.00,1.00,-1,-1,-1
165,503,599.00,520.00,43.00,27.00,1.00,-1,-1,-1
165,508,495.00,435.00,22.00,23.00,1.00,-1,-1,-1
165,512,-225.00,578.00,1581.00,222.00,1.00,-1,-1,-1
165,513,1631.00,567.00,14.00,10.00,1.00,-1,-1,-1
165,523,31.00,547.00,453.00,81.00,1.00,-1,-1,-1
165,528,494.00,781.00,77.00,27.00,1.00,-1,-1,-1
165,533,839.00,978.00,17.00,16.00,1.00,-1,-1,-1
165,534,787.00,977.00,46.00,6.00,1.00,-1,-1,-1
165,535,644.00,1014.00,15.00,18.00,1.00,-1,-1,-1
165,536,654.00,984.00,17.00,22.00,1.00,-1,-1,-1
165,538,693.00,996.00,9.00,17.00,1.00,-1,-1,-1
165,539,555.00,935.00,33.00,27.00,1.00,-1,-1,-1
165,540,812.00,947.00,14.00,13.00,1.00,-1,-1,-1
165,543,330.00,962.00,22.00,52.00,1.00,-1,-1,-1
165,545,973.00,971.00,17.00,10.00,1.00,-1,-1,-1
165,548,638.00,974.00,28.00,34.00,1.00,-1,-1,-1
165,549,1022.00,951.00,17.00,16.00,1.00,-1,-1,-1
165,551,1048.00,958.00,36.00,60.00,1.00,-1,-1,-1
165,553,1130.00,954.00,35.00,64.00,1.00,-1,-1,-1
165,554,939.00,935.00,616.00,103.00,1.00,-1,-1,-1
165,555,445.00,1076.00,40.00,4.00,1.00,-1,-1,-1
165,556,923.00,984.00,12.00,28.00,1.00,-1,-1,-1
165,557,763.00,967.00,13.00,15.00,1.00,-1,-1,-1
165,559,612.00,988.00,8.00,18.00,1.00,-1,-1,-1
165,561,800.00,966.00,30.00,7.00,1.00,-1,-1,-1
165,562,750.00,1018.00,20.00,25.00,1.00,-1,-1,-1
165,563,614.00,991.00,18.00,29.00,1.00,-1,-1,-1
165,565,988.00,951.00,24.00,21.00,1.00,-1,-1,-1
165,566,517.00,934.00,25.00,43.00,1.00,-1,-1,-1
165,568,478.00,953.00,16.00,10.00,1.00,-1,-1,-1
165,569,527.00,971.00,9.00,31.00,1.00,-1,-1,-1
165,570,544.00,984.00,26.00,23.00,1.00,-1,-1,-1
165,572,811.00,954.00,34.00,8.00,1.00,-1,-1,-1
165,577,450.00,928.00,13.00,12.00,1.00,-1,-1,-1
165,580,808.00,996.00,15.00,25.00,1.00,-1,-1,-1
165,582,937.00,953.00,14.00,21.00,1.00,-1,-1,-1
165,583,1471.00,1072.00,54.00,7.00,1.00,-1,-1,-1
165,587,765.00,951.00,32.00,25.00,1.00,-1,-1,-1
165,589,476.00,976.00,15.00,25.00,1.00,-1,-1,-1
165,590,1419.00,954.00,44.00,64.00,1.00,-1,-1,-1
165,593,405.00,985.00,17.00,34.00,1.00,-1,-1,-1
166,5,112.00,1048.00,27.00,59.00,1.00,-1,-1,-1
166,9,284.00,1054.00,43.00,30.00,1.00,-1,-1,-1
166,10,911.00,924.00,349.00,133.00,1.00,-1,-1,-1
166,11,1549.00,516.00,201.00,259.00,1.00,-1,-1,-1
166,12,1141.00,927.00,443.00,121.00,1.00,-1,-1,-1
166,15,-55.00,1034.00,128.00,72.00,1.00,-1,-1,-1
166,18,350.00,404.00,78.00,30.00,1.00,-1,-1,-1
166,21,572.00,305.00,38.00,45.00,1.00,-1,-1,-1
166,32,17.00,708.00,12.00,13.00,1.00,-1,-1,-1
166,34,641.00,407.00,13.00,42.00,1.00,-1,-1,-1
166,37,620.00,370.00,19.00,33.00,1.00,-1,-1,-1
166,38,429.00,379.00,280.00,204.00,1.00,-1,-1,-1
166,39,573.00,380.00,90.00,58.00,1.00,-1,-1,-1
166,40,626.00,383.00,29.00,25.00,1.00,-1,-1,-1
166,41,1622.00,661.00,25.00,44.00,1.00,-1,-1,-1
166,44,541.00,296.00,100.00,115.00,1.00,-1,-1,-1
166,48,90.00,209.00,23.00,61.00,1.00,-1,-1,-1
166,49,601.00,304.00,15.00,11.00,1.00,-1,-1,-1
166,50,607.00,291.00,13.00,19.00,1.00,-1,-1,-1
166,54,57.00,814.00,13.00,23.00,1.00,-1,-1,-1
166,72,134.00,537.00,11.00,15.00,1.00,-1,-1,-1
166,73,1666.00,674.00,64.00,45.00,1.00,-1,-1,-1
166,76,1652.00,657.00,11.00,32.00,1.00,-1,-1,-1
166,77,1550.00,624.00,208.00,46.00,1.00,-1,-1,-1
166,100,54.00,519.00,11.00,36.00,1.00,-1,-1,-1
166,112,590.00,485.00,54.00,12.00,1.00,-1,-1,-1
166,113,1693.00,669.00,27.00,20.00,1.00,-1,-1,-1
166,114,631.00,500.00,22.00,16.00,1.00,-1,-1,-1
166,116,1452.00,496.00,118.00,23.00,1.00,-1,-1,-1
166,126,1662.00,680.00,34.00,16.00,1.00,-1,-1,-1
166,129,262.00,569.00,29.00,21.00,1.00,-1,-1,-1
166,135,362.00,360.00,499.00,99.00,1.00,-1,-1,-1
166,142,669.00,429.00,52.00,14.00,1.00,-1,-1,-1
166,148,471.00,475.00,40.00,25.00,1.00,-1,-1,-1
166,153,953.00,1023.00,11.00,41.00,1.00,-1,-1,-1
166,158,0.00,491.00,560.00,160.00,1.00,-1,-1,-1
166,166,60.00,223.00,75.00,45.00,1.00,-1,-1,-1
166,174,606.00,391.00,39.00,42.00,1.00,-1,-1,-1
166,182,560.00,291.00,173.00,222.00,1.00,-1,-1,-1
166,186,41.00,1066.00,17.00,8.00,1.00,-1,-1,-1
166,191,985.00,951.00,27.00,24.00,1.00,-1,-1,-1
166,193,823.00,975.00,41.00,65.00,1.00,-1,-1,-1
166,201,-6.00,1063.00,11.00,12.00,1.00,-1,-1,-1
166,219,1670.00,649.00,33.00,37.00,1.00,-1,-1,-1
166,244,1579.00,551.00,162.00,177.00,1.00,-1,-1,-1
166,254,609.00,387.00,65.00,44.00,1.00,-1,-1,-1
166,257,372.00,376.00,29.00,22.00,1.00,-1,-1,-1
166,262,517.00,524.00,199.00,123.00,1.00,-1,-1,-1
166,278,1663.00,628.00,42.00,19.00,1.00,-1,-1,-1
166,283,531.00,497.00,27.00,18.00,1.00,-1,-1,-1
166,290,626.00,399.00,23.00,9.00,1.00,-1,-1,-1
166,296,618.00,370.00,25.00,32.00,1.00,-1,-1,-1
166,299,1689.00,697.00,19.00,14.00,1.00,-1,-1,-1
166,305,288.00,402.00,13.00,15.00,1.00,-1,-1,-1
166,306,-1.00,548.00,10.00,15.00,1.00,-1,-1,-1
166,307,631.00,397.00,10.00,20.00,1.00,-1,-1,-1
166,309,627.00,377.00,20.00,24.00,1.00,-1,-1,-1
166,312,-4.00,463.00,20.00,16.00,1.00,-1,-1,-1
166,316,-12.00,888.00,15.00,14.00,1.00,-1,-1,-1
166,325,572.00,372.00,100.00,33.00,1.00,-1,-1,-1
166,332,-4.00,449.00,8.00,16.00,1.00,-1,-1,-1
166,347,575.00,984.00,31.00,31.00,1.00,-1,-1,-1
166,350,636.00,401.00,14.00,20.00,1.00,-1,-1,-1
166,352,624.00,497.00,13.00,33.00,1.00,-1,-1,-1
166,354,1691.00,692.00,16.00,13.00,1.00,-1,-1,-1
166,360,570.00,480.00,134.00,77.00,1.00,-1,-1,-1
166,362,633.00,372.00,15.00,13.00,1.00,-1,-1,-1
166,363,-19.00,475.00,27.00,15.00,1.00,-1,-1,-1
166,364,958.00,1028.00,17.00,112.00,1.00,-1,-1,-1
166,365,325.00,405.00,25.00,18.00,1.00,-1,-1,-1
166,373,600.00,352.00,64.00,31.00,1.00,-1,-1,-1
166,375,545.00,631.00,14.00,45.00,1.00,-1,-1,-1
166,382,166.00,341.00,41.00,40.00,1.00,-1,-1,-1
166,387,21.00,542.00,16.00,23.00,1.00,-1,-1,-1
166,388,626.00,325.00,18.00,48.00,1.00,-1,-1,-1
166,389,80.00,168.00,16.00,15.00,1.00,-1,-1,-1
166,390,958.00,1037.00,9.00,29.00,1.00,-1,-1,-1
166,403,600.00,506.00,78.00,26.00,1.00,-1,-1,-1
166,423,232.00,652.00,15.00,18.00,1.00,-1,-1,-1
166,426,53.00,669.00,61.00,45.00,1.00,-1,-1,-1
166,427,505.00,662.00,16.00,36.00,1.00,-1,-1,-1
166,428,205.00,510.00,30.00,29.00,1.00,-1,-1,-1
166,434,630.00,405.00,20.00,7.00,1.00,-1,-1,-1
166,444,622.00,313.00,12.00,15.00,1.00,-1,-1,-1
166,445,614.00,313.00,12.00,14.00,1.00,-1,-1,-1
166,447,187.00,662.00,11.00,14.00,1.00,-1,-1,-1
166,448,280.00,555.00,12.00,21.00,1.00,-1,-1,-1
166,450,773.00,742.00,15.00,12.00,1.00,-1,-1,-1
166,451,571.00,319.00,36.00,15.00,1.00,-1,-1,-1
166,452,192.00,830.00,14.00,15.00,1.00,-1,-1,-1
166,453,566.00,250.00,39.00,28.00,1.00,-1,-1,-1
166,454,-9.00,550.00,27.00,30.00,1.00,-1,-1,-1
166,455,381.00,666.00,16.00,26.00,1.00,-1,-1,-1
166,456,622.00,351.00,22.00,9.00,1.00,-1,-1,-1
166,457,793.00,880.00,18.00,16.00,1.00,-1,-1,-1
166,458,575.00,421.00,109.00,52.00,1.00,-1,-1,-1
166,459,1270.00,966.00,150.00,41.00,1.00,-1,-1,-1
166,461,-21.00,272.00,56.00,49.00,1.00,-1,-1,-1
166,470,1614.00,638.00,82.00,22.00,1.00,-1,-1,-1
166,474,1407.00,993.00,48.00,38.00,1.00,-1,-1,-1
166,476,521.00,409.00,193.00,27.00,1.00,-1,-1,-1
166,481,1407.00,993.00,48.00,38.00,1.00,-1,-1,-1
166,483,1192.00,981.00,18.00,29.00,1.00,-1,-1,-1
166,485,470.00,423.00,192.00,96.00,1.00,-1,-1,-1
166,488,139.00,486.00,17.00,21.00,1.00,-1,-1,-1
166,492,1234.00,397.00,20.00,19.00,1.00,-1,-1,-1
166,495,481.00,437.00,172.00,76.00,1.00,-1,-1,-1
166,502,123.00,156.00,48.00,33.00,1.00,-1,-1,-1
166,503,604.00,515.00,43.00,27.00,1.00,-1,-1,-1
166,508,501.00,430.00,22.00,23.00,1.00,-1,-1,-1
166,512,-236.00,577.00,1581.00,222.00,1.00,-1,-1,-1
166,513,1657.00,567.00,14.00,10.00,1.00,-1,-1,-1
166,523,8.00,529.00,453.00,81.00,1.00,-1,-1,-1
166,528,482.00,780.00,77.00,27.00,1.00,-1,-1,-1
166,533,839.00,978.00,17.00,16.00,1.00,-1,-1,-1
166,534,787.00,977.00,46.00,6.00,1.00,-1,-1,-1
166,535,633.00,1015.00,15.00,18.00,1.00,-1,-1,-1
166,536,654.00,984.00,17.00,22.00,1.00,-1,-1,-1
166,538,693.00,996.00,9.00,17.00,1.00,-1,-1,-1
166,539,555.00,935.00,33.00,27.00,1.00,-1,-1,-1
166,540,801.00,947.00,14.00,13.00,1.00,-1,-1,-1
166,543,318.00,962.00,22.00,52.00,1.00,-1,-1,-1
166,545,973.00,971.00,17.00,10.00,1.00,-1,-1,-1
166,548,638.00,974.00,28.00,34.00,1.00,-1,-1,-1
166,549,1022.00,951.00,17.00,16.00,1.00,-1,-1,-1
166,551,1048.00,958.00,36.00,60.00,1.00,-1,-1,-1
166,553,1130.00,955.00,35.00,64.00,1.00,-1,-1,-1
166,555,434.00,1076.00,40.00,4.00,1.00,-1,-1,-1
166,556,923.00,984.00,12.00,28.00,1.00,-1,-1,-1
166,557,763.00,967.00,13.00,15.00,1.00,-1,-1,-1
166,559,612.00,988.00,8.00,18.00,1.00,-1,-1,-1
166,561,800.00,966.00,30.00,7.00,1.00,-1,-1,-1
166,562,739.00,1018.00,20.00,25.00,1.00,-1,-1,-1
166,563,614.00,991.00,18.00,29.00,1.00,-1,-1,-1
166,565,988.00,951.00,24.00,21.00,1.00,-1,-1,-1
166,566,507.00,935.00,25.00,43.00,1.00,-1,-1,-1
166,568,478.00,953.00,16.00,10.00,1.00,-1,-1,-1
166,569,527.00,972.00,9.00,31.00,1.00,-1,-1,-1
166,570,545.00,992.00,16.00,30.00,1.00,-1,-1,-1
166,572,799.00,954.00,34.00,8.00,1.00,-1,-1,-1
166,577,439.00,928.00,13.00,12.00,1.00,-1,-1,-1
166,580,805.00,994.00,19.00,26.00,1.00,-1,-1,-1
166,582,937.00,953.00,14.00,21.00,1.00,-1,-1,-1
166,583,1473.00,1070.00,78.00,10.00,1.00,-1,-1,-1
166,587,765.00,950.00,31.00,21.00,1.00,-1,-1,-1
166,589,477.00,976.00,15.00,25.00,1.00,-1,-1,-1
166,590,1419.00,954.00,44.00,64.00,1.00,-1,-1,-1
166,593,407.00,1004.00,17.00,34.00,1.00,-1,-1,-1
167,5,102.00,1048.00,27.00,59.00,1.00,-1,-1,-1
167,9,274.00,1055.00,43.00,30.00,1.00,-1,-1,-1
167,10,929.00,932.00,224.00,105.00,1.00,-1,-1,-1
167,11,1579.00,515.00,198.00,261.00,1.00,-1,-1,-1
167,12,1069.00,929.00,407.00,111.00,1.00,-1,-1,-1
167,15,-55.00,1034.00,128.00,72.00,1.00,-1,-1,-1
167,18,340.00,403.00,78.00,30.00,1.00,-1,-1,-1
167,21,593.00,319.00,38.00,45.00,1.00,-1,-1,-1
167,32,8.00,707.00,12.00,13.00,1.00,-1,-1,-1
167,34,637.00,397.00,13.00,42.00,1.00,-1,-1,-1
167,37,637.00,380.00,19.00,33.00,1.00,-1,-1,-1
167,38,447.00,347.00,272.00,239.00,1.00,-1,-1,-1
167,39,572.00,381.00,90.00,58.00,1.00,-1,-1,-1
167,40,642.00,392.00,29.00,25.00,1.00,-1,-1,-1
167,41,1651.00,661.00,25.00,44.00,1.00,-1,-1,-1
167,43,481.00,952.00,13.00,17.00,1.00,-1,-1,-1
167,44,560.00,308.00,100.00,115.00,1.00,-1,-1,-1
167,48,80.00,208.00,23.00,61.00,1.00,-1,-1,-1
167,49,622.00,313.00,15.00,11.00,1.00,-1,-1,-1
167,50,629.00,300.00,13.00,19.00,1.00,-1,-1,-1
167,54,48.00,813.00,13.00,23.00,1.00,-1,-1,-1
167,72,113.00,519.00,11.00,15.00,1.00,-1,-1,-1
167,73,1694.00,674.00,64.00,45.00,1.00,-1,-1,-1
167,76,1681.00,657.00,11.00,32.00,1.00,-1,-1,-1
167,77,1578.00,625.00,208.00,46.00,1.00,-1,-1,-1
167,100,11.00,511.00,11.00,36.00,1.00,-1,-1,-1
167,112,581.00,484.00,54.00,12.00,1.00,-1,-1,-1
167,113,1722.00,669.00,27.00,20.00,1.00,-1,-1,-1
167,114,605.00,498.00,22.00,16.00,1.00,-1,-1,-1
167,116,1442.00,495.00,118.00,23.00,1.00,-1,-1,-1
167,126,1690.00,680.00,34.00,16.00,1.00,-1,-1,-1
167,129,241.00,550.00,29.00,21.00,1.00,-1,-1,-1
167,135,378.00,369.00,499.00,99.00,1.00,-1,-1,-1
167,142,663.00,442.00,52.00,14.00,1.00,-1,-1,-1
167,148,461.00,474.00,40.00,25.00,1.00,-1,-1,-1
167,153,944.00,1023.00,11.00,41.00,1.00,-1,-1,-1
167,158,0.00,474.00,529.00,154.00,1.00,-1,-1,-1
167,166,50.00,222.00,75.00,45.00,1.00,-1,-1,-1
167,174,596.00,394.00,39.00,42.00,1.00,-1,-1,-1
167,182,527.00,246.00,266.00,323.00,1.00,-1,-1,-1
167,186,32.00,1066.00,17.00,8.00,1.00,-1,-1,-1
167,191,985.00,951.00,27.00,24.00,1.00,-1,-1,-1
167,193,823.00,975.00,41.00,65.00,1.00,-1,-1,-1
167,201,8.00,1063.00,11.00,12.00,1.00,-1,-1,-1
167,219,1698.00,649.00,33.00,37.00,1.00,-1,-1,-1
167,244,1607.00,551.00,162.00,177.00,1.00,-1,-1,-1
167,254,584.00,376.00,65.00,44.00,1.00,-1,-1,-1
167,257,361.00,375.00,29.00,22.00,1.00,-1,-1,-1
167,262,507.00,523.00,199.00,123.00,1.00,-1,-1,-1
167,278,1691.00,628.00,42.00,19.00,1.00,-1,-1,-1
167,283,539.00,494.00,27.00,18.00,1.00,-1,-1,-1
167,290,642.00,409.00,23.00,9.00,1.00,-1,-1,-1
167,296,635.00,380.00,25.00,32.00,1.00,-1,-1,-1
167,299,1717.00,697.00,19.00,14.00,1.00,-1,-1,-1
167,305,279.00,402.00,13.00,15.00,1.00,-1,-1,-1
167,306,14.00,525.00,10.00,15.00,1.00,-1,-1,-1
167,307,648.00,407.00,10.00,20.00,1.00,-1,-1,-1
167,309,645.00,389.00,20.00,24.00,1.00,-1,-1,-1
167,312,-4.00,463.00,20.00,16.00,1.00,-1,-1,-1
167,316,-12.00,888.00,15.00,14.00,1.00,-1,-1,-1
167,325,589.00,381.00,100.00,33.00,1.00,-1,-1,-1
167,332,-4.00,449.00,8.00,16.00,1.00,-1,-1,-1
167,347,575.00,984.00,31.00,31.00,1.00,-1,-1,-1
167,350,612.00,395.00,14.00,20.00,1.00,-1,-1,-1
167,352,602.00,487.00,13.00,33.00,1.00,-1,-1,-1
167,354,1719.00,691.00,16.00,13.00,1.00,-1,-1,-1
167,360,548.00,470.00,134.00,77.00,1.00,-1,-1,-1
167,362,658.00,374.00,15.00,13.00,1.00,-1,-1,-1
167,363,-19.00,475.00,27.00,15.00,1.00,-1,-1,-1
167,364,949.00,1028.00,17.00,112.00,1.00,-1,-1,-1
167,365,315.00,404.00,25.00,18.00,1.00,-1,-1,-1
167,373,617.00,362.00,64.00,31.00,1.00,-1,-1,-1
167,375,535.00,630.00,14.00,45.00,1.00,-1,-1,-1
167,382,156.00,340.00,41.00,40.00,1.00,-1,-1,-1
167,387,23.00,536.00,16.00,23.00,1.00,-1,-1,-1
167,388,648.00,337.00,18.00,48.00,1.00,-1,-1,-1
167,389,70.00,167.00,16.00,15.00,1.00,-1,-1,-1
167,390,949.00,1037.00,9.00,29.00,1.00,-1,-1,-1
167,403,585.00,497.00,78.00,26.00,1.00,-1,-1,-1
167,423,222.00,651.00,15.00,18.00,1.00,-1,-1,-1
167,426,44.00,668.00,61.00,45.00,1.00,-1,-1,-1
167,427,496.00,662.00,16.00,36.00,1.00,-1,-1,-1
167,428,192.00,491.00,30.00,29.00,1.00,-1,-1,-1
167,434,647.00,416.00,20.00,7.00,1.00,-1,-1,-1
167,444,643.00,323.00,12.00,15.00,1.00,-1,-1,-1
167,445,636.00,323.00,12.00,14.00,1.00,-1,-1,-1
167,447,177.00,661.00,11.00,14.00,1.00,-1,-1,-1
167,448,258.00,536.00,12.00,21.00,1.00,-1,-1,-1
167,450,764.00,741.00,15.00,12.00,1.00,-1,-1,-1
167,451,591.00,330.00,36.00,15.00,1.00,-1,-1,-1
167,452,182.00,829.00,14.00,15.00,1.00,-1,-1,-1
167,453,566.00,250.00,39.00,28.00,1.00,-1,-1,-1
167,454,-14.00,525.00,27.00,30.00,1.00,-1,-1,-1
167,455,371.00,665.00,16.00,26.00,1.00,-1,-1,-1
167,456,642.00,359.00,22.00,9.00,1.00,-1,-1,-1
167,457,784.00,880.00,18.00,16.00,1.00,-1,-1,-1
167,458,565.00,420.00,109.00,52.00,1.00,-1,-1,-1
167,459,1270.00,966.00,150.00,41.00,1.00,-1,-1,-1
167,461,-34.00,275.00,56.00,49.00,1.00,-1,-1,-1
167,470,1643.00,638.00,82.00,22.00,1.00,-1,-1,-1
167,474,1407.00,993.00,48.00,38.00,1.00,-1,-1,-1
167,476,508.00,412.00,193.00,27.00,1.00,-1,-1,-1
167,481,1407.00,993.00,48.00,38.00,1.00,-1,-1,-1
167,483,1192.00,981.00,18.00,29.00,1.00,-1,-1,-1
167,485,479.00,419.00,192.00,96.00,1.00,-1,-1,-1
167,488,129.00,485.00,17.00,21.00,1.00,-1,-1,-1
167,492,1225.00,397.00,20.00,19.00,1.00,-1,-1,-1
167,495,490.00,433.00,172.00,76.00,1.00,-1,-1,-1
167,502,113.00,156.00,48.00,33.00,1.00,-1,-1,-1
167,503,593.00,505.00,43.00,27.00,1.00,-1,-1,-1
167,508,510.00,426.00,22.00,23.00,1.00,-1,-1,-1
167,512,-246.00,577.00,1581.00,222.00,1.00,-1,-1,-1
167,513,1686.00,566.00,14.00,10.00,1.00,-1,-1,-1
167,523,-13.00,511.00,453.00,81.00,1.00,-1,-1,-1
167,528,473.00,780.00,77.00,27.00,1.00,-1,-1,-1
167,533,839.00,978.00,17.00,16.00,1.00,-1,-1,-1
167,534,787.00,977.00,46.00,7.00,1.00,-1,-1,-1
167,535,625.00,1015.00,15.00,18.00,1.00,-1,-1,-1
167,536,654.00,984.00,17.00,22.00,1.00,-1,-1,-1
167,538,693.00,995.00,9.00,17.00,1.00,-1,-1,-1
167,539,555.00,935.00,33.00,27.00,1.00,-1,-1,-1
167,540,799.00,947.00,14.00,13.00,1.00,-1,-1,-1
167,543,309.00,961.00,22.00,52.00,1.00,-1,-1,-1
167,545,973.00,971.00,17.00,10.00,1.00,-1,-1,-1
167,548,638.00,975.00,28.00,34.00,1.00,-1,-1,-1
167,549,1022.00,951.00,17.00,16.00,1.00,-1,-1,-1
167,551,1048.00,958.00,36.00,60.00,1.00,-1,-1,-1
167,553,1131.00,955.00,35.00,64.00,1.00,-1,-1,-1
167,555,428.00,1075.00,40.00,4.00,1.00,-1,-1,-1
167,556,913.00,984.00,12.00,28.00,1.00,-1,-1,-1
167,557,759.00,964.00,13.00,15.00,1.00,-1,-1,-1
167,559,612.00,988.00,8.00,18.00,1.00,-1,-1,-1
167,561,800.00,966.00,30.00,7.00,1.00,-1,-1,-1
167,562,731.00,1017.00,20.00,25.00,1.00,-1,-1,-1
167,563,614.00,991.00,18.00,29.00,1.00,-1,-1,-1
167,565,988.00,951.00,24.00,21.00,1.00,-1,-1,-1
167,566,504.00,936.00,25.00,43.00,1.00,-1,-1,-1
167,568,477.00,953.00,16.00,10.00,1.00,-1,-1,-1
167,569,527.00,824.00,9.00,31.00,1.00,-1,-1,-1
167,570,544.00,998.00,17.00,11.00,1.00,-1,-1,-1
167,572,793.00,954.00,34.00,8.00,1.00,-1,-1,-1
167,577,430.00,927.00,13.00,12.00,1.00,-1,-1,-1
167,580,811.00,996.00,13.00,21.00,1.00,-1,-1,-1
167,582,937.00,953.00,14.00,21.00,1.00,-1,-1,-1
167,583,1472.00,1070.00,78.00,10.00,1.00,-1,-1,-1
167,587,752.00,965.00,31.00,21.00,1.00,-1,-1,-1
167,589,479.00,984.00,13.00,16.00,1.00,-1,-1,-1
167,590,1422.00,957.00,39.00,60.00,1.00,-1,-1,-1
167,592,105.00,293.00,21.00,31.00,1.00,-1,-1,-1
167,593,404.00,994.00,17.00,34.00,1.00,-1,-1,-1
167,609,398.00,961.00,12.00,13.00,1.00,-1,-1,-1
168,5,90.00,1048.00,27.00,59.00,1.00,-1,-1,-1
168,9,266.00,1054.00,43.00,30.00,1.00,-1,-1,-1
168,10,927.00,933.00,239.00,104.00,1.00,-1,-1,-1
168,11,1608.00,513.00,198.00,266.00,1.00,-1,-1,-1
168,12,1185.00,929.00,371.00,111.00,1.00,-1,-1,-1
168,15,-67.00,1034.00,128.00,72.00,1.00,-1,-1,-1
168,18,332.00,402.00,78.00,30.00,1.00,-1,-1,-1
168,21,615.00,329.00,38.00,45.00,1.00,-1,-1,-1
168,32,0.00,706.00,12.00,13.00,1.00,-1,-1,-1
168,34,655.00,406.00,13.00,42.00,1.00,-1,-1,-1
168,37,656.00,391.00,19.00,33.00,1.00,-1,-1,-1
168,38,407.00,271.00,272.00,239.00,1.00,-1,-1,-1
168,39,581.00,382.00,90.00,58.00,1.00,-1,-1,-1
168,40,661.00,401.00,29.00,25.00,1.00,-1,-1,-1
168,41,1681.00,661.00,25.00,44.00,1.00,-1,-1,-1
168,43,482.00,951.00,12.00,18.00,1.00,-1,-1,-1
168,44,594.00,312.00,153.00,209.00,1.00,-1,-1,-1
168,48,71.00,207.00,23.00,61.00,1.00,-1,-1,-1
168,49,646.00,324.00,15.00,11.00,1.00,-1,-1,-1
168,50,653.00,311.00,13.00,19.00,1.00,-1,-1,-1
168,54,39.00,812.00,13.00,23.00,1.00,-1,-1,-1
168,72,93.00,501.00,11.00,15.00,1.00,-1,-1,-1
168,73,1723.00,674.00,64.00,45.00,1.00,-1,-1,-1
168,76,1710.00,657.00,11.00,32.00,1.00,-1,-1,-1
168,77,1608.00,624.00,208.00,46.00,1.00,-1,-1,-1
168,100,13.00,503.00,11.00,36.00,1.00,-1,-1,-1
168,112,574.00,469.00,54.00,12.00,1.00,-1,-1,-1
168,113,1751.00,668.00,27.00,20.00,1.00,-1,-1,-1
168,114,616.00,496.00,22.00,16.00,1.00,-1,-1,-1
168,116,1433.00,494.00,118.00,23.00,1.00,-1,-1,-1
168,126,1719.00,680.00,34.00,16.00,1.00,-1,-1,-1
168,129,222.00,529.00,29.00,21.00,1.00,-1,-1,-1
168,135,392.00,373.00,499.00,99.00,1.00,-1,-1,-1
168,142,680.00,452.00,52.00,14.00,1.00,-1,-1,-1
168,148,453.00,473.00,40.00,25.00,1.00,-1,-1,-1
168,153,936.00,1021.00,11.00,41.00,1.00,-1,-1,-1
168,158,0.00,458.00,508.00,149.00,1.00,-1,-1,-1
168,166,42.00,221.00,75.00,45.00,1.00,-1,-1,-1
168,174,615.00,403.00,39.00,42.00,1.00,-1,-1,-1
168,182,546.00,255.00,266.00,323.00,1.00,-1,-1,-1
168,186,24.00,1066.00,17.00,8.00,1.00,-1,-1,-1
168,191,985.00,951.00,27.00,24.00,1.00,-1,-1,-1
168,193,823.00,975.00,41.00,65.00,1.00,-1,-1,-1
168,201,0.00,1063.00,11.00,12.00,1.00,-1,-1,-1
168,219,1727.00,649.00,33.00,37.00,1.00,-1,-1,-1
168,244,1636.00,551.00,162.00,177.00,1.00,-1,-1,-1
168,254,577.00,376.00,65.00,44.00,1.00,-1,-1,-1
168,257,353.00,374.00,29.00,22.00,1.00,-1,-1,-1
168,262,499.00,522.00,199.00,123.00,1.00,-1,-1,-1
168,278,1602.00,642.00,42.00,19.00,1.00,-1,-1,-1
168,283,537.00,490.00,27.00,18.00,1.00,-1,-1,-1
168,290,661.00,419.00,23.00,9.00,1.00,-1,-1,-1
168,296,654.00,391.00,25.00,32.00,1.00,-1,-1,-1
168,299,1745.00,697.00,19.00,14.00,1.00,-1,-1,-1
168,305,270.00,400.00,13.00,15.00,1.00,-1,-1,-1
168,306,7.00,525.00,10.00,15.00,1.00,-1,-1,-1
168,307,667.00,416.00,10.00,20.00,1.00,-1,-1,-1
168,309,663.00,396.00,20.00,24.00,1.00,-1,-1,-1
168,312,3.00,479.00,20.00,16.00,1.00,-1,-1,-1
168,316,-12.00,888.00,15.00,14.00,1.00,-1,-1,-1
168,325,607.00,391.00,100.00,33.00,1.00,-1,-1,-1
168,347,575.00,984.00,31.00,31.00,1.00,-1,-1,-1
168,350,619.00,397.00,14.00,20.00,1.00,-1,-1,-1
168,352,599.00,479.00,13.00,33.00,1.00,-1,-1,-1
168,354,1747.00,692.00,16.00,13.00,1.00,-1,-1,-1
168,360,563.00,467.00,134.00,77.00,1.00,-1,-1,-1
168,362,677.00,366.00,15.00,13.00,1.00,-1,-1,-1
168,363,-19.00,475.00,27.00,15.00,1.00,-1,-1,-1
168,364,941.00,1028.00,17.00,112.00,1.00,-1,-1,-1
168,365,312.00,411.00,19.00,11.00,1.00,-1,-1,-1
168,373,639.00,370.00,64.00,31.00,1.00,-1,-1,-1
168,375,527.00,629.00,14.00,45.00,1.00,-1,-1,-1
168,382,147.00,339.00,41.00,40.00,1.00,-1,-1,-1
168,387,14.00,534.00,16.00,23.00,1.00,-1,-1,-1
168,388,669.00,343.00,18.00,48.00,1.00,-1,-1,-1
168,389,61.00,166.00,16.00,15.00,1.00,-1,-1,-1
168,390,940.00,1035.00,9.00,29.00,1.00,-1,-1,-1
168,403,603.00,495.00,78.00,26.00,1.00,-1,-1,-1
168,423,214.00,650.00,15.00,18.00,1.00,-1,-1,-1
168,426,35.00,667.00,61.00,45.00,1.00,-1,-1,-1
168,427,487.00,660.00,16.00,36.00,1.00,-1,-1,-1
168,428,179.00,470.00,30.00,29.00,1.00,-1,-1,-1
168,434,665.00,425.00,20.00,7.00,1.00,-1,-1,-1
168,444,667.00,335.00,12.00,15.00,1.00,-1,-1,-1
168,445,659.00,333.00,12.00,14.00,1.00,-1,-1,-1
168,447,169.00,660.00,11.00,14.00,1.00,-1,-1,-1
168,448,238.00,515.00,12.00,21.00,1.00,-1,-1,-1
168,450,756.00,740.00,15.00,12.00,1.00,-1,-1,-1
168,451,613.00,339.00,36.00,15.00,1.00,-1,-1,-1
168,452,174.00,828.00,14.00,15.00,1.00,-1,-1,-1
168,453,566.00,250.00,39.00,28.00,1.00,-1,-1,-1
168,454,-14.00,525.00,27.00,30.00,1.00,-1,-1,-1
168,455,363.00,664.00,16.00,26.00,1.00,-1,-1,-1
168,456,666.00,366.00,22.00,9.00,1.00,-1,-1,-1
168,457,776.00,879.00,18.00,16.00,1.00,-1,-1,-1
168,458,557.00,419.00,109.00,52.00,1.00,-1,-1,-1
168,459,1270.00,966.00,150.00,41.00,1.00,-1,-1,-1
168,461,-34.00,275.00,56.00,49.00,1.00,-1,-1,-1
168,470,1673.00,638.00,82.00,22.00,1.00,-1,-1,-1
168,474,1407.00,993.00,48.00,38.00,1.00,-1,-1,-1
168,476,509.00,407.00,193.00,27.00,1.00,-1,-1,-1
168,481,1407.00,993.00,48.00,38.00,1.00,-1,-1,-1
168,483,1192.00,981.00,18.00,29.00,1.00,-1,-1,-1
168,485,488.00,411.00,192.00,96.00,1.00,-1,-1,-1
168,488,109.00,453.00,17.00,21.00,1.00,-1,-1,-1
168,492,1216.00,395.00,20.00,19.00,1.00,-1,-1,-1
168,495,500.00,427.00,172.00,76.00,1.00,-1,-1,-1
168,502,104.00,154.00,48.00,33.00,1.00,-1,-1,-1
168,503,590.00,494.00,43.00,27.00,1.00,-1,-1,-1
168,508,534.00,438.00,22.00,23.00,1.00,-1,-1,-1
168,512,-254.00,575.00,1581.00,222.00,1.00,-1,-1,-1
168,513,1716.00,564.00,14.00,10.00,1.00,-1,-1,-1
168,523,-34.00,491.00,453.00,81.00,1.00,-1,-1,-1
168,528,465.00,778.00,77.00,27.00,1.00,-1,-1,-1
168,533,839.00,978.00,17.00,16.00,1.00,-1,-1,-1
168,534,787.00,977.00,46.00,7.00,1.00,-1,-1,-1
168,535,618.00,1014.00,15.00,18.00,1.00,-1,-1,-1
168,536,654.00,984.00,17.00,22.00,1.00,-1,-1,-1
168,538,693.00,995.00,9.00,17.00,1.00,-1,-1,-1
168,539,555.00,935.00,33.00,27.00,1.00,-1,-1,-1
168,540,799.00,947.00,14.00,13.00,1.00,-1,-1,-1
168,543,301.00,960.00,22.00,52.00,1.00,-1,-1,-1
168,545,973.00,971.00,17.00,10.00,1.00,-1,-1,-1
168,548,638.00,975.00,28.00,34.00,1.00,-1,-1,-1
168,549,1022.00,951.00,17.00,16.00,1.00,-1,-1,-1
168,551,1048.00,958.00,36.00,60.00,1.00,-1,-1,-1
168,553,1131.00,952.00,28.00,61.00,1.00,-1,-1,-1
168,555,422.00,1076.00,40.00,4.00,1.00,-1,-1,-1
168,556,912.00,984.00,12.00,28.00,1.00,-1,-1,-1
168,557,759.00,959.00,13.00,15.00,1.00,-1,-1,-1
168,559,612.00,988.00,8.00,18.00,1.00,-1,-1,-1
168,561,800.00,966.00,30.00,7.00,1.00,-1,-1,-1
168,562,721.00,1015.00,20.00,25.00,1.00,-1,-1,-1
168,563,614.00,991.00,18.00,29.00,1.00,-1,-1,-1
168,565,988.00,951.00,24.00,21.00,1.00,-1,-1,-1
168,566,504.00,936.00,25.00,43.00,1.00,-1,-1,-1
168,568,477.00,952.00,16.00,10.00,1.00,-1,-1,-1
168,569,519.00,822.00,9.00,31.00,1.00,-1,-1,-1
168,570,543.00,998.00,17.00,11.00,1.00,-1,-1,-1
168,572,793.00,954.00,34.00,8.00,1.00,-1,-1,-1
168,577,421.00,924.00,13.00,12.00,1.00,-1,-1,-1
168,580,811.00,996.00,13.00,21.00,1.00,-1,-1,-1
168,582,937.00,953.00,14.00,21.00,1.00,-1,-1,-1
168,583,1472.00,1070.00,78.00,10.00,1.00,-1,-1,-1
168,587,752.00,960.00,31.00,21.00,1.00,-1,-1,-1
168,589,476.00,975.00,17.00,33.00,1.00,-1,-1,-1
168,590,1422.00,957.00,39.00,60.00,1.00,-1,-1,-1
168,592,96.00,291.00,21.00,31.00,1.00,-1,-1,-1
168,593,400.00,989.00,17.00,34.00,1.00,-1,-1,-1
168,609,397.00,961.00,12.00,13.00,1.00,-1,-1,-1
168,615,527.00,984.00,9.00,19.00,1.00,-1,-1,-1
168,617,396.00,950.00,45.00,27.00,1.00,-1,-1,-1
168,618,432.00,993.00,16.00,16.00,1.00,-1,-1,-1
168,619,868.00,950.00,21.00,13.00,1.00,-1,-1,-1
168,620,500.00,975.00,9.00,20.00,1.00,-1,-1,-1
168,622,896.00,967.00,22.00,8.00,1.00,-1,-1,-1
169,5,72.00,1048.00,27.00,59.00,1.00,-1,-1,-1
169,9,258.00,1053.00,43.00,30.00,1.00,-1,-1,-1
169,10,927.00,932.00,239.00,104.00,1.00,-1,-1,-1
169,11,1636.00,510.00,201.00,267.00,1.00,-1,-1,-1
169,12,1185.00,928.00,371.00,111.00,1.00,-1,-1,-1
169,15,-67.00,1034.00,128.00,72.00,1.00,-1,-1,-1
169,18,324.00,400.00,78.00,30.00,1.00,-1,-1,-1
169,21,636.00,339.00,38.00,45.00,1.00,-1,-1,-1
169,32,-9.00,704.00,12.00,13.00,1.00,-1,-1,-1
169,34,674.00,415.00,13.00,42.00,1.00,-1,-1,-1
169,37,676.00,400.00,19.00,33.00,1.00,-1,-1,-1
169,38,522.00,323.00,241.00,208.00,1.00,-1,-1,-1
169,39,594.00,389.00,90.00,58.00,1.00,-1,-1,-1
169,40,681.00,410.00,29.00,25.00,1.00,-1,-1,-1
169,41,1711.00,659.00,25.00,44.00,1.00,-1,-1,-1
169,43,481.00,950.00,12.00,18.00,1.00,-1,-1,-1
169,44,614.00,320.00,153.00,209.00,1.00,-1,-1,-1
169,48,63.00,205.00,23.00,61.00,1.00,-1,-1,-1
169,49,670.00,334.00,15.00,11.00,1.00,-1,-1,-1
169,50,677.00,321.00,13.00,19.00,1.00,-1,-1,-1
169,54,31.00,810.00,13.00,23.00,1.00,-1,-1,-1
169,72,74.00,483.00,11.00,15.00,1.00,-1,-1,-1
169,73,1651.00,635.00,64.00,45.00,1.00,-1,-1,-1
169,76,1740.00,656.00,11.00,32.00,1.00,-1,-1,-1
169,77,1638.00,623.00,208.00,46.00,1.00,-1,-1,-1
169,100,-5.00,491.00,11.00,36.00,1.00,-1,-1,-1
169,112,561.00,458.00,54.00,12.00,1.00,-1,-1,-1
169,113,1781.00,666.00,27.00,20.00,1.00,-1,-1,-1
169,114,620.00,485.00,22.00,16.00,1.00,-1,-1,-1
169,116,1425.00,492.00,118.00,23.00,1.00,-1,-1,-1
169,126,1748.00,679.00,34.00,16.00,1.00,-1,-1,-1
169,129,202.00,508.00,29.00,21.00,1.00,-1,-1,-1
169,135,384.00,373.00,499.00,99.00,1.00,-1,-1,-1
169,142,701.00,463.00,52.00,14.00,1.00,-1,-1,-1
169,148,445.00,471.00,40.00,25.00,1.00,-1,-1,-1
169,153,928.00,1018.00,11.00,41.00,1.00,-1,-1,-1
169,158,0.00,455.00,469.00,132.00,1.00,-1,-1,-1
169,166,34.00,220.00,75.00,45.00,1.00,-1,-1,-1
169,174,613.00,381.00,39.00,42.00,1.00,-1,-1,-1
169,182,565.00,264.00,266.00,323.00,1.00,-1,-1,-1
169,186,16.00,1066.00,17.00,8.00,1.00,-1,-1,-1
169,191,985.00,951.00,27.00,24.00,1.00,-1,-1,-1
169,193,823.00,975.00,41.00,65.00,1.00,-1,-1,-1
169,201,-7.00,1063.00,11.00,12.00,1.00,-1,-1,-1
169,219,1757.00,648.00,33.00,37.00,1.00,-1,-1,-1
169,244,1667.00,550.00,162.00,177.00,1.00,-1,-1,-1
169,254,568.00,374.00,65.00,44.00,1.00,-1,-1,-1
169,257,345.00,372.00,29.00,22.00,1.00,-1,-1,-1
169,262,491.00,520.00,199.00,123.00,1.00,-1,-1,-1
169,278,1602.00,642.00,42.00,19.00,1.00,-1,-1,-1
169,283,530.00,487.00,27.00,18.00,1.00,-1,-1,-1
169,290,681.00,428.00,23.00,9.00,1.00,-1,-1,-1
169,296,674.00,400.00,25.00,32.00,1.00,-1,-1,-1
169,299,1775.00,696.00,19.00,14.00,1.00,-1,-1,-1
169,305,262.00,399.00,13.00,15.00,1.00,-1,-1,-1
169,306,0.00,523.00,10.00,15.00,1.00,-1,-1,-1
169,307,686.00,425.00,10.00,20.00,1.00,-1,-1,-1
169,309,683.00,406.00,20.00,24.00,1.00,-1,-1,-1
169,312,3.00,479.00,20.00,16.00,1.00,-1,-1,-1
169,325,628.00,400.00,100.00,33.00,1.00,-1,-1,-1
169,347,575.00,984.00,31.00,31.00,1.00,-1,-1,-1
169,350,611.00,395.00,14.00,20.00,1.00,-1,-1,-1
169,352,609.00,474.00,13.00,33.00,1.00,-1,-1,-1
169,354,1777.00,690.00,16.00,13.00,1.00,-1,-1,-1
169,360,557.00,457.00,134.00,77.00,1.00,-1,-1,-1
169,362,697.00,367.00,15.00,13.00,1.00,-1,-1,-1
169,363,-19.00,475.00,27.00,15.00,1.00,-1,-1,-1
169,364,933.00,1028.00,17.00,112.00,1.00,-1,-1,-1
169,365,304.00,408.00,19.00,11.00,1.00,-1,-1,-1
169,373,662.00,382.00,64.00,31.00,1.00,-1,-1,-1
169,375,519.00,627.00,14.00,45.00,1.00,-1,-1,-1
169,382,139.00,337.00,41.00,40.00,1.00,-1,-1,-1
169,387,6.00,532.00,16.00,23.00,1.00,-1,-1,-1
169,388,693.00,343.00,18.00,48.00,1.00,-1,-1,-1
169,389,53.00,164.00,16.00,15.00,1.00,-1,-1,-1
169,390,932.00,1033.00,9.00,29.00,1.00,-1,-1,-1
169,403,596.00,487.00,78.00,26.00,1.00,-1,-1,-1
169,423,206.00,649.00,15.00,18.00,1.00,-1,-1,-1
169,426,27.00,665.00,61.00,45.00,1.00,-1,-1,-1
169,427,479.00,658.00,16.00,36.00,1.00,-1,-1,-1
169,428,198.00,482.00,30.00,29.00,1.00,-1,-1,-1
169,434,684.00,434.00,20.00,7.00,1.00,-1,-1,-1
169,444,690.00,345.00,12.00,15.00,1.00,-1,-1,-1
169,445,683.00,344.00,12.00,14.00,1.00,-1,-1,-1
169,447,161.00,658.00,11.00,14.00,1.00,-1,-1,-1
169,448,217.00,494.00,12.00,21.00,1.00,-1,-1,-1
169,450,748.00,738.00,15.00,12.00,1.00,-1,-1,-1
169,451,635.00,348.00,36.00,15.00,1.00,-1,-1,-1
169,452,166.00,826.00,14.00,15.00,1.00,-1,-1,-1
169,453,566.00,250.00,39.00,28.00,1.00,-1,-1,-1
169,454,-14.00,525.00,27.00,30.00,1.00,-1,-1,-1
169,455,355.00,662.00,16.00,26.00,1.00,-1,-1,-1
169,456,691.00,365.00,22.00,9.00,1.00,-1,-1,-1
169,457,768.00,876.00,18.00,16.00,1.00,-1,-1,-1
169,458,549.00,417.00,109.00,52.00,1.00,-1,-1,-1
169,459,1270.00,966.00,150.00,41.00,1.00,-1,-1,-1
169,461,-34.00,275.00,56.00,49.00,1.00,-1,-1,-1
169,470,1703.00,636.00,82.00,22.00,1.00,-1,-1,-1
169,474,1407.00,993.00,48.00,38.00,1.00,-1,-1,-1
169,476,501.00,406.00,193.00,27.00,1.00,-1,-1,-1
169,481,1407.00,993.00,48.00,38.00,1.00,-1,-1,-1
169,483,1192.00,981.00,18.00,29.00,1.00,-1,-1,-1
169,485,468.00,366.00,192.00,96.00,1.00,-1,-1,-1
169,488,101.00,451.00,17.00,21.00,1.00,-1,-1,-1
169,492,1208.00,393.00,20.00,19.00,1.00,-1,-1,-1
169,495,495.00,405.00,172.00,76.00,1.00,-1,-1,-1
169,502,96.00,152.00,48.00,33.00,1.00,-1,-1,-1
169,503,593.00,485.00,43.00,27.00,1.00,-1,-1,-1
169,508,546.00,433.00,22.00,23.00,1.00,-1,-1,-1
169,512,-262.00,573.00,1581.00,222.00,1.00,-1,-1,-1
169,513,1747.00,562.00,14.00,10.00,1.00,-1,-1,-1
169,523,-53.00,472.00,453.00,81.00,1.00,-1,-1,-1
169,528,457.00,776.00,77.00,27.00,1.00,-1,-1,-1
169,533,839.00,978.00,17.00,16.00,1.00,-1,-1,-1
169,534,787.00,977.00,46.00,7.00,1.00,-1,-1,-1
169,535,615.00,1014.00,15.00,18.00,1.00,-1,-1,-1
169,536,654.00,984.00,17.00,22.00,1.00,-1,-1,-1
169,538,693.00,995.00,9.00,17.00,1.00,-1,-1,-1
169,539,555.00,935.00,33.00,27.00,1.00,-1,-1,-1
169,540,789.00,946.00,14.00,13.00,1.00,-1,-1,-1
169,543,293.00,958.00,22.00,52.00,1.00,-1,-1,-1
169,545,973.00,971.00,17.00,10.00,1.00,-1,-1,-1
169,548,638.00,975.00,28.00,34.00,1.00,-1,-1,-1
169,549,1022.00,951.00,17.00,16.00,1.00,-1,-1,-1
169,551,1048.00,958.00,36.00,60.00,1.00,-1,-1,-1
169,553,1130.00,951.00,28.00,61.00,1.00,-1,-1,-1
169,555,414.00,1075.00,40.00,4.00,1.00,-1,-1,-1
169,556,903.00,982.00,12.00,28.00,1.00,-1,-1,-1
169,557,755.00,953.00,13.00,15.00,1.00,-1,-1,-1
169,559,612.00,988.00,8.00,18.00,1.00,-1,-1,-1
169,561,800.00,966.00,30.00,7.00,1.00,-1,-1,-1
169,562,719.00,1015.00,20.00,25.00,1.00,-1,-1,-1
169,563,614.00,991.00,18.00,29.00,1.00,-1,-1,-1
169,565,988.00,951.00,24.00,21.00,1.00,-1,-1,-1
169,566,504.00,936.00,25.00,43.00,1.00,-1,-1,-1
169,568,477.00,952.00,16.00,10.00,1.00,-1,-1,-1
169,569,511.00,820.00,9.00,31.00,1.00,-1,-1,-1
169,570,543.00,998.00,17.00,11.00,1.00,-1,-1,-1
169,572,793.00,954.00,34.00,8.00,1.00,-1,-1,-1
169,577,413.00,922.00,13.00,12.00,1.00,-1,-1,-1
169,580,811.00,995.00,13.00,21.00,1.00,-1,-1,-1
169,582,937.00,953.00,14.00,21.00,1.00,-1,-1,-1
169,583,1472.00,1070.00,78.00,10.00,1.00,-1,-1,-1
169,587,744.00,958.00,31.00,21.00,1.00,-1,-1,-1
169,589,478.00,975.00,15.00,28.00,1.00,-1,-1,-1
169,590,1422.00,956.00,39.00,59.00,1.00,-1,-1,-1
169,592,88.00,290.00,21.00,31.00,1.00,-1,-1,-1
169,593,394.00,980.00,17.00,34.00,1.00,-1,-1,-1
169,609,397.00,960.00,12.00,13.00,1.00,-1,-1,-1
169,615,526.00,984.00,9.00,19.00,1.00,-1,-1,-1
169,617,395.00,950.00,45.00,27.00,1.00,-1,-1,-1
169,618,431.00,993.00,16.00,16.00,1.00,-1,-1,-1
169,619,866.00,949.00,25.00,14.00,1.00,-1,-1,-1
169,620,500.00,975.00,9.00,20.00,1.00,-1,-1,-1
169,622,896.00,966.00,22.00,8.00,1.00,-1,-1,-1
170,5,64.00,1048.00,27.00,59.00,1.00,-1,-1,-1
170,9,250.00,1052.00,43.00,30.00,1.00,-1,-1,-1
170,10,927.00,932.00,239.00,104.00,1.00,-1,-1,-1
170,11,1679.00,511.00,183.00,264.00,1.00,-1,-1,-1
170,12,1185.00,929.00,371.00,111.00,1.00,-1,-1,-1
170,15,-67.00,1034.00,128.00,72.00,1.00,-1,-1,-1
170,18,316.00,398.00,78.00,30.00,1.00,-1,-1,-1
170,21,659.00,341.00,38.00,45.00,1.00,-1,-1,-1
170,32,-9.00,704.00,12.00,13.00,1.00,-1,-1,-1
170,34,693.00,423.00,13.00,42.00,1.00,-1,-1,-1
170,37,696.00,409.00,19.00,33.00,1.00,-1,-1,-1
170,38,542.00,352.00,198.00,370.00,1.00,-1,-1,-1
170,39,611.00,405.00,90.00,58.00,1.00,-1,-1,-1
170,40,701.00,419.00,29.00,25.00,1.00,-1,-1,-1
170,41,1745.00,659.00,25.00,44.00,1.00,-1,-1,-1
170,43,482.00,950.00,12.00,18.00,1.00,-1,-1,-1
170,44,634.00,329.00,153.00,209.00,1.00,-1,-1,-1
170,48,55.00,203.00,23.00,61.00,1.00,-1,-1,-1
170,49,694.00,340.00,15.00,11.00,1.00,-1,-1,-1
170,50,703.00,329.00,13.00,19.00,1.00,-1,-1,-1
170,54,23.00,808.00,13.00,23.00,1.00,-1,-1,-1
170,72,56.00,466.00,11.00,15.00,1.00,-1,-1,-1
170,73,1651.00,635.00,64.00,45.00,1.00,-1,-1,-1
170,76,1770.00,655.00,11.00,32.00,1.00,-1,-1,-1
170,77,1669.00,621.00,208.00,46.00,1.00,-1,-1,-1
170,100,-5.00,491.00,11.00,36.00,1.00,-1,-1,-1
170,112,556.00,433.00,54.00,12.00,1.00,-1,-1,-1
170,113,1777.00,682.00,27.00,20.00,1.00,-1,-1,-1
170,114,627.00,480.00,22.00,16.00,1.00,-1,-1,-1
170,116,1417.00,490.00,118.00,23.00,1.00,-1,-1,-1
170,126,1779.00,677.00,34.00,16.00,1.00,-1,-1,-1
170,129,183.00,487.00,29.00,21.00,1.00,-1,-1,-1
170,135,393.00,393.00,499.00,99.00,1.00,-1,-1,-1
170,142,720.00,473.00,52.00,14.00,1.00,-1,-1,-1
170,148,437.00,469.00,40.00,25.00,1.00,-1,-1,-1
170,153,920.00,1016.00,11.00,41.00,1.00,-1,-1,-1
170,158,0.00,411.00,352.00,133.00,1.00,-1,-1,-1
170,166,25.00,218.00,75.00,45.00,1.00,-1,-1,-1
170,174,605.00,379.00,39.00,42.00,1.00,-1,-1,-1
170,182,586.00,273.00,266.00,323.00,1.00,-1,-1,-1
170,186,10.00,1066.00,17.00,8.00,1.00,-1,-1,-1
170,191,985.00,951.00,27.00,24.00,1.00,-1,-1,-1
170,193,823.00,975.00,41.00,65.00,1.00,-1,-1,-1
170,201,-7.00,1063.00,11.00,12.00,1.00,-1,-1,-1
170,219,1788.00,646.00,33.00,37.00,1.00,-1,-1,-1
170,244,1697.00,548.00,162.00,177.00,1.00,-1,-1,-1
170,254,561.00,372.00,65.00,44.00,1.00,-1,-1,-1
170,257,337.00,370.00,29.00,22.00,1.00,-1,-1,-1
170,262,483.00,518.00,199.00,123.00,1.00,-1,-1,-1
170,278,1602.00,642.00,42.00,19.00,1.00,-1,-1,-1
170,283,522.00,486.00,27.00,18.00,1.00,-1,-1,-1
170,290,701.00,436.00,23.00,9.00,1.00,-1,-1,-1
170,296,694.00,409.00,25.00,32.00,1.00,-1,-1,-1
170,299,1804.00,695.00,19.00,14.00,1.00,-1,-1,-1
170,305,254.00,396.00,13.00,15.00,1.00,-1,-1,-1
170,306,-8.00,521.00,10.00,15.00,1.00,-1,-1,-1
170,307,705.00,433.00,10.00,20.00,1.00,-1,-1,-1
170,309,704.00,415.00,20.00,24.00,1.00,-1,-1,-1
170,312,3.00,479.00,20.00,16.00,1.00,-1,-1,-1
170,325,648.00,408.00,100.00,33.00,1.00,-1,-1,-1
170,347,575.00,984.00,31.00,31.00,1.00,-1,-1,-1
170,350,603.00,393.00,14.00,20.00,1.00,-1,-1,-1
170,352,619.00,469.00,13.00,33.00,1.00,-1,-1,-1
170,354,1686.00,662.00,16.00,13.00,1.00,-1,-1,-1
170,360,569.00,452.00,134.00,77.00,1.00,-1,-1,-1
170,362,717.00,357.00,15.00,13.00,1.00,-1,-1,-1
170,363,45.00,485.00,27.00,15.00,1.00,-1,-1,-1
170,364,925.00,1028.00,17.00,112.00,1.00,-1,-1,-1
170,365,296.00,407.00,19.00,11.00,1.00,-1,-1,-1
170,373,686.00,392.00,64.00,31.00,1.00,-1,-1,-1
170,375,511.00,625.00,14.00,45.00,1.00,-1,-1,-1
170,382,131.00,335.00,41.00,40.00,1.00,-1,-1,-1
170,387,-1.00,530.00,16.00,23.00,1.00,-1,-1,-1
170,388,716.00,333.00,18.00,48.00,1.00,-1,-1,-1
170,389,45.00,162.00,16.00,15.00,1.00,-1,-1,-1
170,390,924.00,1031.00,9.00,29.00,1.00,-1,-1,-1
170,403,622.00,484.00,78.00,26.00,1.00,-1,-1,-1
170,423,198.00,647.00,15.00,18.00,1.00,-1,-1,-1
170,426,19.00,664.00,61.00,45.00,1.00,-1,-1,-1
170,427,471.00,656.00,16.00,36.00,1.00,-1,-1,-1
170,428,181.00,462.00,30.00,29.00,1.00,-1,-1,-1
170,434,703.00,443.00,20.00,7.00,1.00,-1,-1,-1
170,444,715.00,354.00,12.00,15.00,1.00,-1,-1,-1
170,445,708.00,354.00,12.00,14.00,1.00,-1,-1,-1
170,447,153.00,656.00,11.00,14.00,1.00,-1,-1,-1
170,448,198.00,474.00,12.00,21.00,1.00,-1,-1,-1
170,450,740.00,736.00,15.00,12.00,1.00,-1,-1,-1
170,451,658.00,359.00,36.00,15.00,1.00,-1,-1,-1
170,452,158.00,824.00,14.00,15.00,1.00,-1,-1,-1
170,454,-14.00,525.00,27.00,30.00,1.00,-1,-1,-1
170,455,347.00,660.00,16.00,26.00,1.00,-1,-1,-1
170,456,714.00,354.00,22.00,9.00,1.00,-1,-1,-1
170,457,760.00,874.00,18.00,16.00,1.00,-1,-1,-1
170,458,532.00,407.00,109.00,52.00,1.00,-1,-1,-1
170,459,1270.00,966.00,150.00,41.00,1.00,-1,-1,-1
170,461,-34.00,275.00,56.00,49.00,1.00,-1,-1,-1
170,470,1734.00,635.00,82.00,22.00,1.00,-1,-1,-1
170,474,1407.00,993.00,48.00,38.00,1.00,-1,-1,-1
170,476,493.00,404.00,193.00,27.00,1.00,-1,-1,-1
170,481,1407.00,993.00,48.00,38.00,1.00,-1,-1,-1
170,483,1192.00,981.00,18.00,29.00,1.00,-1,-1,-1
170,485,482.00,364.00,192.00,96.00,1.00,-1,-1,-1
170,488,93.00,449.00,17.00,21.00,1.00,-1,-1,-1
170,492,1199.00,391.00,20.00,19.00,1.00,-1,-1,-1
170,495,527.00,417.00,172.00,76.00,1.00,-1,-1,-1
170,502,88.00,150.00,48.00,33.00,1.00,-1,-1,-1
170,503,588.00,480.00,43.00,27.00,1.00,-1,-1,-1
170,508,557.00,428.00,22.00,23.00,1.00,-1,-1,-1
170,512,-270.00,572.00,1581.00,222.00,1.00,-1,-1,-1
170,513,1778.00,562.00,14.00,10.00,1.00,-1,-1,-1
170,523,-71.00,454.00,453.00,81.00,1.00,-1,-1,-1
170,528,449.00,774.00,77.00,27.00,1.00,-1,-1,-1
170,533,839.00,978.00,17.00,16.00,1.00,-1,-1,-1
170,534,787.00,977.00,46.00,7.00,1.00,-1,-1,-1
170,535,615.00,1014.00,15.00,18.00,1.00,-1,-1,-1
170,536,654.00,984.00,17.00,22.00,1.00,-1,-1,-1
170,538,693.00,996.00,9.00,17.00,1.00,-1,-1,-1
170,539,555.00,935.00,33.00,27.00,1.00,-1,-1,-1
170,540,778.00,946.00,14.00,13.00,1.00,-1,-1,-1
170,543,285.00,956.00,22.00,52.00,1.00,-1,-1,-1
170,545,973.00,971.00,17.00,10.00,1.00,-1,-1,-1
170,548,638.00,975.00,28.00,34.00,1.00,-1,-1,-1
170,549,1022.00,951.00,17.00,16.00,1.00,-1,-1,-1
170,551,1048.00,958.00,36.00,60.00,1.00,-1,-1,-1
170,553,1131.00,952.00,28.00,61.00,1.00,-1,-1,-1
170,555,406.00,1075.00,40.00,4.00,1.00,-1,-1,-1
170,556,903.00,982.00,12.00,28.00,1.00,-1,-1,-1
170,557,749.00,953.00,13.00,15.00,1.00,-1,-1,-1
170,559,612.00,988.00,8.00,18.00,1.00,-1,-1,-1
170,561,799.00,966.00,30.00,7.00,1.00,-1,-1,-1
170,562,718.00,1015.00,20.00,25.00,1.00,-1,-1,-1
170,563,614.00,991.00,18.00,29.00,1.00,-1,-1,-1
170,565,988.00,951.00,24.00,21.00,1.00,-1,-1,-1
170,566,503.00,936.00,25.00,43.00,1.00,-1,-1,-1
170,568,478.00,953.00,16.00,10.00,1.00,-1,-1,-1
170,569,503.00,818.00,9.00,31.00,1.00,-1,-1,-1
170,570,543.00,998.00,17.00,11.00,1.00,-1,-1,-1
170,572,793.00,954.00,34.00,8.00,1.00,-1,-1,-1
170,577,405.00,919.00,13.00,12.00,1.00,-1,-1,-1
170,580,811.00,995.00,13.00,21.00,1.00,-1,-1,-1
170,582,937.00,953.00,14.00,21.00,1.00,-1,-1,-1
170,583,1472.00,1070.00,78.00,10.00,1.00,-1,-1,-1
170,587,744.00,958.00,31.00,21.00,1.00,-1,-1,-1
170,589,477.00,975.00,15.00,28.00,1.00,-1,-1,-1
170,590,1422.00,955.00,39.00,59.00,1.00,-1,-1,-1
170,592,80.00,288.00,21.00,31.00,1.00,-1,-1,-1
170,593,387.00,977.00,17.00,34.00,1.00,-1,-1,-1
170,609,397.00,960.00,12.00,13.00,1.00,-1,-1,-1
170,615,527.00,984.00,9.00,19.00,1.00,-1,-1,-1
170,617,395.00,949.00,45.00,27.00,1.00,-1,-1,-1
170,618,431.00,993.00,16.00,16.00,1.00,-1,-1,-1
170,619,866.00,949.00,25.00,14.00,1.00,-1,-1,-1
170,620,499.00,975.00,9.00,20.00,1.00,-1,-1,-1
170,622,896.00,967.00,22.00,8.00,1.00,-1,-1,-1
170,626,1894.00,543.00,26.00,22.00,1.00,-1,-1,-1
171,5,64.00,1048.00,27.00,59.00,1.00,-1,-1,-1
171,9,250.00,1052.00,43.00,30.00,1.00,-1,-1,-1
171,10,927.00,933.00,239.00,104.00,1.00,-1,-1,-1
171,11,1679.00,511.00,183.00,264.00,1.00,-1,-1,-1
171,12,1185.00,929.00,371.00,111.00,1.00,-1,-1,-1
171,15,-67.00,1034.00,128.00,72.00,1.00,-1,-1,-1
171,18,316.00,398.00,78.00,30.00,1.00,-1,-1,-1
171,21,659.00,341.00,38.00,45.00,1.00,-1,-1,-1
171,32,-9.00,704.00,12.00,13.00,1.00,-1,-1,-1
171,34,693.00,423.00,13.00,42.00,1.00,-1,-1,-1
171,37,696.00,409.00,19.00,33.00,1.00,-1,-1,-1
171,38,542.00,352.00,198.00,370.00,1.00,-1,-1,-1
171,39,611.00,405.00,90.00,58.00,1.00,-1,-1,-1
171,40,701.00,419.00,29.00,25.00,1.00,-1,-1,-1
171,41,1745.00,659.00,25.00,44.00,1.00,-1,-1,-1
171,43,482.00,950.00,12.00,18.00,1.00,-1,-1,-1
171,44,634.00,329.00,153.00,209.00,1.00,-1,-1,-1
171,48,55.00,203.00,23.00,61.00,1.00,-1,-1,-1
171,49,694.00,340.00,15.00,11.00,1.00,-1,-1,-1
171,50,702.00,329.00,13.00,19.00,1.00,-1,-1,-1
171,54,23.00,808.00,13.00,23.00,1.00,-1,-1,-1
171,72,56.00,466.00,11.00,15.00,1.00,-1,-1,-1
171,73,1651.00,635.00,64.00,45.00,1.00,-1,-1,-1
171,76,1770.00,655.00,11.00,32.00,1.00,-1,-1,-1
171,77,1669.00,621.00,208.00,46.00,1.00,-1,-1,-1
171,100,-5.00,491.00,11.00,36.00,1.00,-1,-1,-1
171,112,556.00,433.00,54.00,12.00,1.00,-1,-1,-1
171,113,1777.00,682.00,27.00,20.00,1.00,-1,-1,-1
171,114,627.00,480.00,22.00,16.00,1.00,-1,-1,-1
171,116,1417.00,490.00,118.00,23.00,1.00,-1,-1,-1
171,126,1779.00,677.00,34.00,16.00,1.00,-1,-1,-1
171,129,183.00,487.00,29.00,21.00,1.00,-1,-1,-1
171,135,393.00,393.00,499.00,99.00,1.00,-1,-1,-1
171,142,720.00,473.00,52.00,14.00,1.00,-1,-1,-1
171,148,437.00,469.00,40.00,25.00,1.00,-1,-1,-1
171,153,920.00,1016.00,11.00,41.00,1.00,-1,-1,-1
171,158,0.00,411.00,352.00,133.00,1.00,-1,-1,-1
171,166,25.00,218.00,75.00,45.00,1.00,-1,-1,-1
171,174,605.00,379.00,39.00,42.00,1.00,-1,-1,-1
171,182,586.00,273.00,266.00,323.00,1.00,-1,-1,-1
171,186,10.00,1066.00,17.00,8.00,1.00,-1,-1,-1
171,191,985.00,951.00,27.00,24.00,1.00,-1,-1,-1
171,193,823.00,975.00,41.00,65.00,1.00,-1,-1,-1
171,201,-7.00,1063.00,11.00,12.00,1.00,-1,-1,-1
171,219,1788.00,646.00,33.00,37.00,1.00,-1,-1,-1
171,244,1697.00,548.00,162.00,177.00,1.00,-1,-1,-1
171,254,561.00,372.00,65.00,44.00,1.00,-1,-1,-1
171,257,337.00,370.00,29.00,22.00,1.00,-1,-1,-1
171,262,483.00,518.00,199.00,123.00,1.00,-1,-1,-1
171,278,1602.00,642.00,42.00,19.00,1.00,-1,-1,-1
171,283,522.00,486.00,27.00,18.00,1.00,-1,-1,-1
171,290,701.00,436.00,23.00,9.00,1.00,-1,-1,-1
171,296,694.00,409.00,25.00,32.00,1.00,-1,-1,-1
171,299,1804.00,695.00,19.00,14.00,1.00,-1,-1,-1
171,305,254.00,396.00,13.00,15.00,1.00,-1,-1,-1
171,306,-8.00,521.00,10.00,15.00,1.00,-1,-1,-1
171,307,705.00,433.00,10.00,20.00,1.00,-1,-1,-1
171,309,704.00,415.00,20.00,24.00,1.00,-1,-1,-1
171,312,3.00,479.00,20.00,16.00,1.00,-1,-1,-1
171,325,648.00,408.00,100.00,33.00,1.00,-1,-1,-1
171,347,575.00,984.00,31.00,31.00,1.00,-1,-1,-1
171,350,603.00,393.00,14.00,20.00,1.00,-1,-1,-1
171,352,619.00,469.00,13.00,33.00,1.00,-1,-1,-1
171,354,1686.00,662.00,16.00,13.00,1.00,-1,-1,-1
171,360,569.00,452.00,134.00,77.00,1.00,-1,-1,-1
171,362,717.00,357.00,15.00,13.00,1.00,-1,-1,-1
171,363,45.00,485.00,27.00,15.00,1.00,-1,-1,-1
171,364,925.00,1028.00,17.00,112.00,1.00,-1,-1,-1
171,365,296.00,407.00,19.00,11.00,1.00,-1,-1,-1
171,373,686.00,392.00,64.00,31.00,1.00,-1,-1,-1
171,375,511.00,625.00,14.00,45.00,1.00,-1,-1,-1
171,382,131.00,335.00,41.00,40.00,1.00,-1,-1,-1
171,387,-1.00,530.00,16.00,23.00,1.00,-1,-1,-1
171,388,716.00,333.00,18.00,48.00,1.00,-1,-1,-1
171,389,45.00,162.00,16.00,15.00,1.00,-1,-1,-1
171,390,924.00,1031.00,9.00,29.00,1.00,-1,-1,-1
171,403,622.00,484.00,78.00,26.00,1.00,-1,-1,-1
171,423,198.00,647.00,15.00,18.00,1.00,-1,-1,-1
171,426,19.00,664.00,61.00,45.00,1.00,-1,-1,-1
171,427,471.00,656.00,16.00,36.00,1.00,-1,-1,-1
171,428,181.00,462.00,30.00,29.00,1.00,-1,-1,-1
171,434,703.00,443.00,20.00,7.00,1.00,-1,-1,-1
171,444,715.00,354.00,12.00,15.00,1.00,-1,-1,-1
171,445,708.00,354.00,12.00,14.00,1.00,-1,-1,-1
171,447,153.00,656.00,11.00,14.00,1.00,-1,-1,-1
171,448,198.00,474.00,12.00,21.00,1.00,-1,-1,-1
171,450,740.00,736.00,15.00,12.00,1.00,-1,-1,-1
171,451,658.00,359.00,36.00,15.00,1.00,-1,-1,-1
171,452,158.00,824.00,14.00,15.00,1.00,-1,-1,-1
171,454,-14.00,525.00,27.00,30.00,1.00,-1,-1,-1
171,455,347.00,660.00,16.00,26.00,1.00,-1,-1,-1
171,456,714.00,354.00,22.00,9.00,1.00,-1,-1,-1
171,457,760.00,874.00,18.00,16.00,1.00,-1,-1,-1
171,458,532.00,407.00,109.00,52.00,1.00,-1,-1,-1
171,459,1270.00,966.00,150.00,41.00,1.00,-1,-1,-1
171,461,-34.00,275.00,56.00,49.00,1.00,-1,-1,-1
171,470,1734.00,635.00,82.00,22.00,1.00,-1,-1,-1
171,474,1407.00,993.00,48.00,38.00,1.00,-1,-1,-1
171,476,493.00,404.00,193.00,27.00,1.00,-1,-1,-1
171,481,1407.00,993.00,48.00,38.00,1.00,-1,-1,-1
171,483,1192.00,981.00,18.00,29.00,1.00,-1,-1,-1
171,485,482.00,364.00,192.00,96.00,1.00,-1,-1,-1
171,488,93.00,449.00,17.00,21.00,1.00,-1,-1,-1
171,492,1199.00,391.00,20.00,19.00,1.00,-1,-1,-1
171,495,527.00,417.00,172.00,76.00,1.00,-1,-1,-1
171,502,88.00,150.00,48.00,33.00,1.00,-1,-1,-1
171,503,588.00,480.00,43.00,27.00,1.00,-1,-1,-1
171,508,557.00,428.00,22.00,23.00,1.00,-1,-1,-1
171,512,-270.00,572.00,1581.00,222.00,1.00,-1,-1,-1
171,513,1778.00,562.00,14.00,10.00,1.00,-1,-1,-1
171,523,-71.00,454.00,453.00,81.00,1.00,-1,-1,-1
171,528,449.00,774.00,77.00,27.00,1.00,-1,-1,-1
171,533,839.00,978.00,17.00,16.00,1.00,-1,-1,-1
171,534,787.00,977.00,46.00,7.00,1.00,-1,-1,-1
171,535,615.00,1014.00,15.00,18.00,1.00,-1,-1,-1
171,536,654.00,984.00,17.00,22.00,1.00,-1,-1,-1
171,538,693.00,996.00,9.00,17.00,1.00,-1,-1,-1
171,539,555.00,935.00,33.00,27.00,1.00,-1,-1,-1
171,540,778.00,946.00,14.00,13.00,1.00,-1,-1,-1
171,543,285.00,956.00,22.00,52.00,1.00,-1,-1,-1
171,545,973.00,971.00,17.00,10.00,1.00,-1,-1,-1
171,548,638.00,975.00,28.00,34.00,1.00,-1,-1,-1
171,549,1022.00,951.00,17.00,16.00,1.00,-1,-1,-1
171,551,1048.00,958.00,36.00,60.00,1.00,-1,-1,-1
171,553,1131.00,952.00,28.00,61.00,1.00,-1,-1,-1
171,555,406.00,1075.00,40.00,4.00,1.00,-1,-1,-1
171,556,903.00,982.00,12.00,28.00,1.00,-1,-1,-1
171,557,749.00,953.00,13.00,15.00,1.00,-1,-1,-1
171,559,612.00,988.00,8.00,18.00,1.00,-1,-1,-1
171,561,799.00,966.00,30.00,7.00,1.00,-1,-1,-1
171,562,718.00,1015.00,20.00,25.00,1.00,-1,-1,-1
171,563,614.00,991.00,18.00,29.00,1.00,-1,-1,-1
171,565,988.00,951.00,24.00,21.00,1.00,-1,-1,-1
171,566,503.00,936.00,25.00,43.00,1.00,-1,-1,-1
171,568,478.00,953.00,16.00,10.00,1.00,-1,-1,-1
171,569,503.00,818.00,9.00,31.00,1.00,-1,-1,-1
171,570,543.00,998.00,17.00,11.00,1.00,-1,-1,-1
171,572,793.00,954.00,34.00,8.00,1.00,-1,-1,-1
171,577,405.00,919.00,13.00,12.00,1.00,-1,-1,-1
171,580,811.00,995.00,13.00,21.00,1.00,-1,-1,-1
171,582,937.00,953.00,14.00,21.00,1.00,-1,-1,-1
171,583,1472.00,1070.00,78.00,10.00,1.00,-1,-1,-1
171,587,744.00,958.00,31.00,21.00,1.00,-1,-1,-1
171,589,477.00,975.00,15.00,28.00,1.00,-1,-1,-1
171,590,1422.00,956.00,39.00,59.00,1.00,-1,-1,-1
171,592,80.00,288.00,21.00,31.00,1.00,-1,-1,-1
171,593,387.00,977.00,17.00,34.00,1.00,-1,-1,-1
171,609,397.00,960.00,12.00,13.00,1.00,-1,-1,-1
171,615,527.00,984.00,9.00,19.00,1.00,-1,-1,-1
171,617,395.00,949.00,45.00,27.00,1.00,-1,-1,-1
171,618,431.00,993.00,16.00,16.00,1.00,-1,-1,-1
171,619,866.00,949.00,25.00,14.00,1.00,-1,-1,-1
171,620,499.00,975.00,9.00,20.00,1.00,-1,-1,-1
171,622,896.00,967.00,22.00,8.00,1.00,-1,-1,-1
171,626,1894.00,543.00,26.00,22.00,1.00,-1,-1,-1
172,5,58.00,1048.00,27.00,59.00,1.00,-1,-1,-1
172,9,241.00,1051.00,43.00,30.00,1.00,-1,-1,-1
172,10,927.00,933.00,239.00,104.00,1.00,-1,-1,-1
172,11,1697.00,508.00,204.00,267.00,1.00,-1,-1,-1
172,12,850.00,931.00,777.00,107.00,1.00,-1,-1,-1
172,15,-67.00,1034.00,128.00,72.00,1.00,-1,-1,-1
172,18,307.00,396.00,78.00,30.00,1.00,-1,-1,-1
172,21,682.00,346.00,38.00,45.00,1.00,-1,-1,-1
172,32,-9.00,704.00,12.00,13.00,1.00,-1,-1,-1
172,34,713.00,431.00,13.00,42.00,1.00,-1,-1,-1
172,37,716.00,417.00,19.00,33.00,1.00,-1,-1,-1
172,38,542.00,341.00,250.00,204.00,1.00,-1,-1,-1
172,39,632.00,414.00,90.00,58.00,1.00,-1,-1,-1
172,40,722.00,426.00,29.00,25.00,1.00,-1,-1,-1
172,41,1775.00,657.00,25.00,44.00,1.00,-1,-1,-1
172,43,482.00,951.00,12.00,18.00,1.00,-1,-1,-1
172,44,654.00,337.00,153.00,209.00,1.00,-1,-1,-1
172,48,46.00,201.00,23.00,61.00,1.00,-1,-1,-1
172,49,719.00,346.00,15.00,11.00,1.00,-1,-1,-1
172,50,728.00,336.00,13.00,19.00,1.00,-1,-1,-1
172,54,15.00,806.00,13.00,23.00,1.00,-1,-1,-1
172,72,38.00,449.00,11.00,15.00,1.00,-1,-1,-1
172,73,1651.00,635.00,64.00,45.00,1.00,-1,-1,-1
172,76,1800.00,653.00,11.00,32.00,1.00,-1,-1,-1
172,77,1699.00,619.00,208.00,46.00,1.00,-1,-1,-1
172,100,-5.00,491.00,11.00,36.00,1.00,-1,-1,-1
172,112,581.00,439.00,54.00,12.00,1.00,-1,-1,-1
172,113,1806.00,680.00,27.00,20.00,1.00,-1,-1,-1
172,114,626.00,472.00,22.00,16.00,1.00,-1,-1,-1
172,116,1409.00,487.00,118.00,23.00,1.00,-1,-1,-1
172,126,1808.00,676.00,34.00,16.00,1.00,-1,-1,-1
172,129,162.00,467.00,29.00,21.00,1.00,-1,-1,-1
172,135,384.00,391.00,499.00,99.00,1.00,-1,-1,-1
172,142,739.00,481.00,52.00,14.00,1.00,-1,-1,-1
172,148,428.00,466.00,40.00,25.00,1.00,-1,-1,-1
172,153,911.00,1015.00,11.00,41.00,1.00,-1,-1,-1
172,158,0.00,430.00,449.00,118.00,1.00,-1,-1,-1
172,166,17.00,215.00,75.00,45.00,1.00,-1,-1,-1
172,174,597.00,376.00,39.00,42.00,1.00,-1,-1,-1
172,182,608.00,281.00,266.00,323.00,1.00,-1,-1,-1
172,186,0.00,1066.00,17.00,8.00,1.00,-1,-1,-1
172,191,985.00,951.00,27.00,24.00,1.00,-1,-1,-1
172,193,823.00,975.00,41.00,65.00,1.00,-1,-1,-1
172,201,-7.00,1063.00,11.00,12.00,1.00,-1,-1,-1
172,219,1817.00,645.00,33.00,37.00,1.00,-1,-1,-1
172,244,1727.00,547.00,162.00,177.00,1.00,-1,-1,-1
172,254,529.00,372.00,65.00,44.00,1.00,-1,-1,-1
172,257,328.00,368.00,29.00,22.00,1.00,-1,-1,-1
172,262,474.00,516.00,199.00,123.00,1.00,-1,-1,-1
172,278,1602.00,642.00,42.00,19.00,1.00,-1,-1,-1
172,283,513.00,483.00,27.00,18.00,1.00,-1,-1,-1
172,290,721.00,444.00,23.00,9.00,1.00,-1,-1,-1
172,296,714.00,418.00,25.00,32.00,1.00,-1,-1,-1
172,299,1833.00,693.00,19.00,14.00,1.00,-1,-1,-1
172,305,245.00,394.00,13.00,15.00,1.00,-1,-1,-1
172,306,-8.00,521.00,10.00,15.00,1.00,-1,-1,-1
172,307,724.00,441.00,10.00,20.00,1.00,-1,-1,-1
172,309,725.00,423.00,20.00,24.00,1.00,-1,-1,-1
172,312,3.00,479.00,20.00,16.00,1.00,-1,-1,-1
172,325,668.00,416.00,100.00,33.00,1.00,-1,-1,-1
172,347,575.00,984.00,31.00,31.00,1.00,-1,-1,-1
172,350,595.00,391.00,14.00,20.00,1.00,-1,-1,-1
172,352,631.00,463.00,13.00,33.00,1.00,-1,-1,-1
172,354,1686.00,662.00,16.00,13.00,1.00,-1,-1,-1
172,360,563.00,443.00,134.00,77.00,1.00,-1,-1,-1
172,362,744.00,355.00,15.00,13.00,1.00,-1,-1,-1
172,363,26.00,468.00,27.00,15.00,1.00,-1,-1,-1
172,364,916.00,1028.00,17.00,112.00,1.00,-1,-1,-1
172,365,287.00,404.00,19.00,11.00,1.00,-1,-1,-1
172,373,707.00,398.00,64.00,31.00,1.00,-1,-1,-1
172,375,502.00,623.00,14.00,45.00,1.00,-1,-1,-1
172,382,122.00,333.00,41.00,40.00,1.00,-1,-1,-1
172,387,-7.00,532.00,16.00,23.00,1.00,-1,-1,-1
172,388,742.00,331.00,18.00,48.00,1.00,-1,-1,-1
172,389,37.00,160.00,16.00,15.00,1.00,-1,-1,-1
172,390,916.00,1029.00,9.00,29.00,1.00,-1,-1,-1
172,403,612.00,473.00,78.00,26.00,1.00,-1,-1,-1
172,423,189.00,644.00,15.00,18.00,1.00,-1,-1,-1
172,426,10.00,661.00,61.00,45.00,1.00,-1,-1,-1
172,427,463.00,654.00,16.00,36.00,1.00,-1,-1,-1
172,428,161.00,442.00,30.00,29.00,1.00,-1,-1,-1
172,434,723.00,451.00,20.00,7.00,1.00,-1,-1,-1
172,444,742.00,351.00,12.00,15.00,1.00,-1,-1,-1
172,445,734.00,355.00,12.00,14.00,1.00,-1,-1,-1
172,447,144.00,654.00,11.00,14.00,1.00,-1,-1,-1
172,448,177.00,454.00,12.00,21.00,1.00,-1,-1,-1
172,450,731.00,734.00,15.00,12.00,1.00,-1,-1,-1
172,451,681.00,361.00,36.00,15.00,1.00,-1,-1,-1
172,452,149.00,822.00,14.00,15.00,1.00,-1,-1,-1
172,454,-13.00,497.00,27.00,30.00,1.00,-1,-1,-1
172,455,338.00,658.00,16.00,26.00,1.00,-1,-1,-1
172,456,741.00,352.00,22.00,9.00,1.00,-1,-1,-1
172,457,751.00,872.00,18.00,16.00,1.00,-1,-1,-1
172,458,507.00,372.00,109.00,52.00,1.00,-1,-1,-1
172,459,1270.00,966.00,150.00,41.00,1.00,-1,-1,-1
172,461,-34.00,275.00,56.00,49.00,1.00,-1,-1,-1
172,470,1763.00,633.00,82.00,22.00,1.00,-1,-1,-1
172,474,1407.00,993.00,48.00,38.00,1.00,-1,-1,-1
172,476,468.00,391.00,193.00,27.00,1.00,-1,-1,-1
172,481,1407.00,993.00,48.00,38.00,1.00,-1,-1,-1
172,483,1192.00,981.00,18.00,29.00,1.00,-1,-1,-1
172,485,496.00,381.00,192.00,96.00,1.00,-1,-1,-1
172,488,80.00,431.00,17.00,21.00,1.00,-1,-1,-1
172,492,1191.00,389.00,20.00,19.00,1.00,-1,-1,-1
172,495,508.00,392.00,172.00,76.00,1.00,-1,-1,-1
172,502,79.00,148.00,48.00,33.00,1.00,-1,-1,-1
172,503,589.00,477.00,43.00,27.00,1.00,-1,-1,-1
172,508,568.00,421.00,22.00,23.00,1.00,-1,-1,-1
172,512,-279.00,569.00,1581.00,222.00,1.00,-1,-1,-1
172,513,1809.00,562.00,14.00,10.00,1.00,-1,-1,-1
172,523,-91.00,434.00,453.00,81.00,1.00,-1,-1,-1
172,528,440.00,772.00,77.00,27.00,1.00,-1,-1,-1
172,533,838.00,978.00,17.00,16.00,1.00,-1,-1,-1
172,534,787.00,977.00,46.00,6.00,1.00,-1,-1,-1
172,535,614.00,1014.00,15.00,18.00,1.00,-1,-1,-1
172,536,654.00,984.00,17.00,22.00,1.00,-1,-1,-1
172,538,693.00,996.00,9.00,17.00,1.00,-1,-1,-1
172,539,555.00,935.00,33.00,27.00,1.00,-1,-1,-1
172,540,765.00,956.00,14.00,13.00,1.00,-1,-1,-1
172,543,276.00,954.00,22.00,52.00,1.00,-1,-1,-1
172,545,973.00,971.00,17.00,10.00,1.00,-1,-1,-1
172,548,638.00,975.00,28.00,34.00,1.00,-1,-1,-1
172,549,1022.00,951.00,17.00,16.00,1.00,-1,-1,-1
172,551,1048.00,958.00,36.00,60.00,1.00,-1,-1,-1
172,553,1131.00,952.00,28.00,61.00,1.00,-1,-1,-1
172,555,396.00,1075.00,40.00,4.00,1.00,-1,-1,-1
172,556,903.00,986.00,12.00,28.00,1.00,-1,-1,-1
172,557,749.00,953.00,13.00,15.00,1.00,-1,-1,-1
172,559,612.00,988.00,8.00,18.00,1.00,-1,-1,-1
172,561,800.00,966.00,31.00,7.00,1.00,-1,-1,-1
172,562,717.00,1014.00,20.00,25.00,1.00,-1,-1,-1
172,563,614.00,991.00,18.00,29.00,1.00,-1,-1,-1
172,565,988.00,951.00,24.00,21.00,1.00,-1,-1,-1
172,566,503.00,936.00,25.00,43.00,1.00,-1,-1,-1
172,568,478.00,953.00,16.00,10.00,1.00,-1,-1,-1
172,569,494.00,816.00,9.00,31.00,1.00,-1,-1,-1
172,570,543.00,998.00,17.00,11.00,1.00,-1,-1,-1
172,572,793.00,954.00,34.00,8.00,1.00,-1,-1,-1
172,577,396.00,918.00,13.00,12.00,1.00,-1,-1,-1
172,580,811.00,995.00,13.00,21.00,1.00,-1,-1,-1
172,582,937.00,953.00,14.00,21.00,1.00,-1,-1,-1
172,583,1472.00,1070.00,78.00,10.00,1.00,-1,-1,-1
172,587,743.00,958.00,31.00,21.00,1.00,-1,-1,-1
172,589,472.00,964.00,20.00,43.00,1.00,-1,-1,-1
172,590,1422.00,955.00,39.00,59.00,1.00,-1,-1,-1
172,592,72.00,286.00,21.00,31.00,1.00,-1,-1,-1
172,593,378.00,975.00,17.00,34.00,1.00,-1,-1,-1
172,609,397.00,960.00,12.00,13.00,1.00,-1,-1,-1
172,615,526.00,984.00,9.00,19.00,1.00,-1,-1,-1
172,617,395.00,949.00,45.00,27.00,1.00,-1,-1,-1
172,618,431.00,993.00,16.00,16.00,1.00,-1,-1,-1
172,619,866.00,950.00,23.00,12.00,1.00,-1,-1,-1
172,620,498.00,983.00,10.00,19.00,1.00,-1,-1,-1
172,622,896.00,967.00,22.00,8.00,1.00,-1,-1,-1
172,626,1885.00,540.00,26.00,22.00,1.00,-1,-1,-1
172,627,399.00,960.00,28.00,60.00,1.00,-1,-1,-1
173,5,49.00,1048.00,27.00,59.00,1.00,-1,-1,-1
173,9,231.00,1050.00,43.00,30.00,1.00,-1,-1,-1
173,10,870.00,929.00,639.00,112.00,1.00,-1,-1,-1
173,11,1725.00,506.00,195.00,271.00,1.00,-1,-1,-1
173,12,850.00,931.00,777.00,107.00,1.00,-1,-1,-1
173,15,-67.00,1034.00,128.00,72.00,1.00,-1,-1,-1
173,18,297.00,394.00,78.00,30.00,1.00,-1,-1,-1
173,21,703.00,347.00,38.00,45.00,1.00,-1,-1,-1
173,32,-9.00,704.00,12.00,13.00,1.00,-1,-1,-1
173,34,732.00,439.00,13.00,42.00,1.00,-1,-1,-1
173,37,737.00,427.00,19.00,33.00,1.00,-1,-1,-1
173,38,561.00,353.00,239.00,193.00,1.00,-1,-1,-1
173,39,651.00,424.00,90.00,58.00,1.00,-1,-1,-1
173,40,742.00,435.00,29.00,25.00,1.00,-1,-1,-1
173,41,1804.00,655.00,25.00,44.00,1.00,-1,-1,-1
173,43,482.00,951.00,12.00,18.00,1.00,-1,-1,-1
173,44,674.00,346.00,153.00,209.00,1.00,-1,-1,-1
173,48,37.00,199.00,23.00,61.00,1.00,-1,-1,-1
173,49,744.00,354.00,15.00,11.00,1.00,-1,-1,-1
173,50,754.00,344.00,13.00,19.00,1.00,-1,-1,-1
173,54,5.00,804.00,13.00,23.00,1.00,-1,-1,-1
173,72,18.00,430.00,11.00,15.00,1.00,-1,-1,-1
173,73,1651.00,635.00,64.00,45.00,1.00,-1,-1,-1
173,76,1828.00,652.00,11.00,32.00,1.00,-1,-1,-1
173,77,1727.00,619.00,208.00,46.00,1.00,-1,-1,-1
173,100,65.00,471.00,11.00,36.00,1.00,-1,-1,-1
173,112,581.00,397.00,54.00,12.00,1.00,-1,-1,-1
173,113,1834.00,679.00,27.00,20.00,1.00,-1,-1,-1
173,114,621.00,479.00,22.00,16.00,1.00,-1,-1,-1
173,116,1397.00,486.00,118.00,23.00,1.00,-1,-1,-1
173,126,1836.00,675.00,34.00,16.00,1.00,-1,-1,-1
173,129,142.00,449.00,29.00,21.00,1.00,-1,-1,-1
173,135,308.00,345.00,499.00,99.00,1.00,-1,-1,-1
173,142,757.00,490.00,52.00,14.00,1.00,-1,-1,-1
173,148,418.00,465.00,40.00,25.00,1.00,-1,-1,-1
173,153,901.00,1011.00,11.00,41.00,1.00,-1,-1,-1
173,158,0.00,398.00,421.00,132.00,1.00,-1,-1,-1
173,166,7.00,214.00,75.00,45.00,1.00,-1,-1,-1
173,174,601.00,379.00,39.00,42.00,1.00,-1,-1,-1
173,182,628.00,290.00,266.00,323.00,1.00,-1,-1,-1
173,186,0.00,1066.00,17.00,8.00,1.00,-1,-1,-1
173,191,985.00,951.00,27.00,24.00,1.00,-1,-1,-1
173,193,823.00,975.00,41.00,65.00,1.00,-1,-1,-1
173,201,2.00,1060.00,11.00,12.00,1.00,-1,-1,-1
173,219,1845.00,644.00,33.00,37.00,1.00,-1,-1,-1
173,244,1755.00,546.00,162.00,177.00,1.00,-1,-1,-1
173,254,523.00,373.00,65.00,44.00,1.00,-1,-1,-1
173,257,317.00,366.00,29.00,22.00,1.00,-1,-1,-1
173,262,464.00,514.00,199.00,123.00,1.00,-1,-1,-1
173,278,1602.00,642.00,42.00,19.00,1.00,-1,-1,-1
173,283,504.00,481.00,27.00,18.00,1.00,-1,-1,-1
173,290,740.00,454.00,23.00,9.00,1.00,-1,-1,-1
173,296,735.00,427.00,25.00,32.00,1.00,-1,-1,-1
173,299,1861.00,692.00,19.00,14.00,1.00,-1,-1,-1
173,305,236.00,392.00,13.00,15.00,1.00,-1,-1,-1
173,306,-8.00,521.00,10.00,15.00,1.00,-1,-1,-1
173,307,744.00,451.00,10.00,20.00,1.00,-1,-1,-1
173,309,746.00,432.00,20.00,24.00,1.00,-1,-1,-1
173,312,3.00,479.00,20.00,16.00,1.00,-1,-1,-1
173,325,689.00,425.00,100.00,33.00,1.00,-1,-1,-1
173,347,575.00,984.00,31.00,31.00,1.00,-1,-1,-1
173,350,597.00,398.00,14.00,20.00,1.00,-1,-1,-1
173,352,627.00,471.00,13.00,33.00,1.00,-1,-1,-1
173,354,1686.00,662.00,16.00,13.00,1.00,-1,-1,-1
173,360,548.00,424.00,134.00,77.00,1.00,-1,-1,-1
173,362,769.00,363.00,15.00,13.00,1.00,-1,-1,-1
173,363,-6.00,449.00,27.00,15.00,1.00,-1,-1,-1
173,364,907.00,1028.00,17.00,112.00,1.00,-1,-1,-1
173,365,277.00,402.00,19.00,11.00,1.00,-1,-1,-1
173,373,729.00,409.00,64.00,31.00,1.00,-1,-1,-1
173,375,492.00,621.00,14.00,45.00,1.00,-1,-1,-1
173,382,113.00,331.00,41.00,40.00,1.00,-1,-1,-1
173,387,-7.00,532.00,16.00,23.00,1.00,-1,-1,-1
173,388,768.00,339.00,18.00,48.00,1.00,-1,-1,-1
173,389,27.00,157.00,16.00,15.00,1.00,-1,-1,-1
173,390,905.00,1026.00,9.00,29.00,1.00,-1,-1,-1
173,403,627.00,557.00,78.00,26.00,1.00,-1,-1,-1
173,423,179.00,642.00,15.00,18.00,1.00,-1,-1,-1
173,426,1.00,659.00,61.00,45.00,1.00,-1,-1,-1
173,427,453.00,652.00,16.00,36.00,1.00,-1,-1,-1
173,428,141.00,423.00,30.00,29.00,1.00,-1,-1,-1
173,434,743.00,460.00,20.00,7.00,1.00,-1,-1,-1
173,444,767.00,359.00,12.00,15.00,1.00,-1,-1,-1
173,445,760.00,364.00,12.00,14.00,1.00,-1,-1,-1
173,447,134.00,652.00,11.00,14.00,1.00,-1,-1,-1
173,448,157.00,435.00,12.00,21.00,1.00,-1,-1,-1
173,450,721.00,732.00,15.00,12.00,1.00,-1,-1,-1
173,451,705.00,356.00,36.00,15.00,1.00,-1,-1,-1
173,452,139.00,820.00,14.00,15.00,1.00,-1,-1,-1
173,454,-13.00,497.00,27.00,30.00,1.00,-1,-1,-1
173,455,328.00,656.00,16.00,26.00,1.00,-1,-1,-1
173,456,766.00,360.00,22.00,9.00,1.00,-1,-1,-1
173,457,741.00,871.00,18.00,16.00,1.00,-1,-1,-1
173,458,515.00,380.00,109.00,52.00,1.00,-1,-1,-1
173,459,1270.00,966.00,150.00,41.00,1.00,-1,-1,-1
173,470,1792.00,633.00,82.00,22.00,1.00,-1,-1,-1
173,474,1407.00,993.00,48.00,38.00,1.00,-1,-1,-1
173,476,475.00,400.00,193.00,27.00,1.00,-1,-1,-1
173,481,1407.00,993.00,48.00,38.00,1.00,-1,-1,-1
173,483,1192.00,981.00,18.00,29.00,1.00,-1,-1,-1
173,485,503.00,393.00,192.00,96.00,1.00,-1,-1,-1
173,488,63.00,414.00,17.00,21.00,1.00,-1,-1,-1
173,492,1181.00,387.00,20.00,19.00,1.00,-1,-1,-1
173,495,512.00,397.00,172.00,76.00,1.00,-1,-1,-1
173,502,69.00,146.00,48.00,33.00,1.00,-1,-1,-1
173,503,579.00,474.00,43.00,27.00,1.00,-1,-1,-1
173,508,564.00,422.00,22.00,23.00,1.00,-1,-1,-1
173,512,-289.00,567.00,1581.00,222.00,1.00,-1,-1,-1
173,513,1837.00,562.00,14.00,10.00,1.00,-1,-1,-1
173,523,-111.00,416.00,453.00,81.00,1.00,-1,-1,-1
173,528,430.00,770.00,77.00,27.00,1.00,-1,-1,-1
173,533,838.00,978.00,17.00,16.00,1.00,-1,-1,-1
173,534,787.00,977.00,46.00,6.00,1.00,-1,-1,-1
173,535,614.00,1014.00,15.00,18.00,1.00,-1,-1,-1
173,536,654.00,984.00,17.00,22.00,1.00,-1,-1,-1
173,538,693.00,996.00,9.00,17.00,1.00,-1,-1,-1
173,539,555.00,935.00,33.00,27.00,1.00,-1,-1,-1
173,540,768.00,951.00,18.00,22.00,1.00,-1,-1,-1
173,543,266.00,953.00,22.00,52.00,1.00,-1,-1,-1
173,545,973.00,971.00,17.00,10.00,1.00,-1,-1,-1
173,548,638.00,975.00,28.00,34.00,1.00,-1,-1,-1
173,549,1022.00,951.00,17.00,16.00,1.00,-1,-1,-1
173,551,1048.00,958.00,36.00,60.00,1.00,-1,-1,-1
173,553,1131.00,952.00,28.00,61.00,1.00,-1,-1,-1
173,555,386.00,1075.00,40.00,4.00,1.00,-1,-1,-1
173,556,903.00,986.00,12.00,28.00,1.00,-1,-1,-1
173,557,748.00,953.00,13.00,15.00,1.00,-1,-1,-1
173,559,612.00,988.00,8.00,18.00,1.00,-1,-1,-1
173,561,800.00,966.00,31.00,7.00,1.00,-1,-1,-1
173,562,717.00,1014.00,20.00,25.00,1.00,-1,-1,-1
173,563,614.00,991.00,18.00,29.00,1.00,-1,-1,-1
173,565,988.00,951.00,24.00,21.00,1.00,-1,-1,-1
173,566,503.00,936.00,25.00,43.00,1.00,-1,-1,-1
173,568,478.00,953.00,16.00,10.00,1.00,-1,-1,-1
173,569,484.00,814.00,9.00,31.00,1.00,-1,-1,-1
173,570,543.00,998.00,17.00,11.00,1.00,-1,-1,-1
173,572,793.00,954.00,34.00,8.00,1.00,-1,-1,-1
173,577,386.00,916.00,13.00,12.00,1.00,-1,-1,-1
173,580,811.00,995.00,13.00,21.00,1.00,-1,-1,-1
173,582,935.00,956.00,14.00,21.00,1.00,-1,-1,-1
173,587,743.00,958.00,31.00,21.00,1.00,-1,-1,-1
173,589,464.00,980.00,20.00,43.00,1.00,-1,-1,-1
173,590,1422.00,957.00,39.00,59.00,1.00,-1,-1,-1
173,592,62.00,284.00,21.00,31.00,1.00,-1,-1,-1
173,593,368.00,973.00,17.00,34.00,1.00,-1,-1,-1
173,601,472.00,961.00,20.00,42.00,1.00,-1,-1,-1
173,609,397.00,960.00,12.00,13.00,1.00,-1,-1,-1
173,615,526.00,984.00,9.00,19.00,1.00,-1,-1,-1
173,617,395.00,949.00,45.00,27.00,1.00,-1,-1,-1
173,618,431.00,993.00,16.00,16.00,1.00,-1,-1,-1
173,619,865.00,950.00,24.00,13.00,1.00,-1,-1,-1
173,620,496.00,987.00,12.00,22.00,1.00,-1,-1,-1
173,622,896.00,967.00,22.00,8.00,1.00,-1,-1,-1
173,626,1875.00,538.00,26.00,22.00,1.00,-1,-1,-1
173,627,392.00,960.00,22.00,51.00,1.00,-1,-1,-1
173,644,703.00,949.00,9.00,16.00,1.00,-1,-1,-1
174,5,37.00,1048.00,27.00,59.00,1.00,-1,-1,-1
174,9,219.00,1049.00,43.00,30.00,1.00,-1,-1,-1
174,10,1051.00,927.00,530.00,112.00,1.00,-1,-1,-1
174,11,1752.00,469.00,168.00,313.00,1.00,-1,-1,-1
174,12,850.00,931.00,777.00,107.00,1.00,-1,-1,-1
174,15,-67.00,1034.00,128.00,72.00,1.00,-1,-1,-1
174,18,286.00,393.00,78.00,30.00,1.00,-1,-1,-1
174,21,726.00,356.00,38.00,45.00,1.00,-1,-1,-1
174,32,-9.00,704.00,12.00,13.00,1.00,-1,-1,-1
174,34,750.00,449.00,13.00,42.00,1.00,-1,-1,-1
174,37,756.00,437.00,19.00,33.00,1.00,-1,-1,-1
174,38,575.00,361.00,241.00,196.00,1.00,-1,-1,-1
174,39,670.00,433.00,90.00,58.00,1.00,-1,-1,-1
174,40,762.00,445.00,29.00,25.00,1.00,-1,-1,-1
174,41,1831.00,654.00,25.00,44.00,1.00,-1,-1,-1
174,43,482.00,951.00,12.00,18.00,1.00,-1,-1,-1
174,44,695.00,357.00,153.00,209.00,1.00,-1,-1,-1
174,48,25.00,197.00,23.00,61.00,1.00,-1,-1,-1
174,49,768.00,362.00,15.00,11.00,1.00,-1,-1,-1
174,50,778.00,354.00,13.00,19.00,1.00,-1,-1,-1
174,54,-4.00,807.00,13.00,23.00,1.00,-1,-1,-1
174,72,18.00,430.00,11.00,15.00,1.00,-1,-1,-1
174,73,1651.00,635.00,64.00,45.00,1.00,-1,-1,-1
174,76,1855.00,651.00,11.00,32.00,1.00,-1,-1,-1
174,77,1754.00,618.00,208.00,46.00,1.00,-1,-1,-1
174,100,62.00,484.00,11.00,36.00,1.00,-1,-1,-1
174,112,573.00,415.00,54.00,12.00,1.00,-1,-1,-1
174,113,1861.00,678.00,27.00,20.00,1.00,-1,-1,-1
174,114,607.00,474.00,22.00,16.00,1.00,-1,-1,-1
174,116,1388.00,484.00,118.00,23.00,1.00,-1,-1,-1
174,126,1862.00,674.00,34.00,16.00,1.00,-1,-1,-1
174,129,119.00,434.00,29.00,21.00,1.00,-1,-1,-1
174,135,298.00,344.00,499.00,99.00,1.00,-1,-1,-1
174,142,775.00,501.00,52.00,14.00,1.00,-1,-1,-1
174,148,407.00,463.00,40.00,25.00,1.00,-1,-1,-1
174,153,889.00,1011.00,11.00,41.00,1.00,-1,-1,-1
174,158,0.00,385.00,389.00,125.00,1.00,-1,-1,-1
174,166,-3.00,212.00,75.00,45.00,1.00,-1,-1,-1
174,174,612.00,370.00,39.00,42.00,1.00,-1,-1,-1
174,182,648.00,300.00,266.00,323.00,1.00,-1,-1,-1
174,186,-4.00,1066.00,17.00,8.00,1.00,-1,-1,-1
174,191,985.00,951.00,27.00,24.00,1.00,-1,-1,-1
174,193,823.00,975.00,41.00,65.00,1.00,-1,-1,-1
174,201,-9.00,1057.00,11.00,12.00,1.00,-1,-1,-1
174,219,1872.00,643.00,33.00,37.00,1.00,-1,-1,-1
174,244,1782.00,546.00,162.00,177.00,1.00,-1,-1,-1
174,254,512.00,371.00,65.00,44.00,1.00,-1,-1,-1
174,257,307.00,365.00,29.00,22.00,1.00,-1,-1,-1
174,262,452.00,513.00,199.00,123.00,1.00,-1,-1,-1
174,283,492.00,480.00,27.00,18.00,1.00,-1,-1,-1
174,290,759.00,464.00,23.00,9.00,1.00,-1,-1,-1
174,296,755.00,437.00,25.00,32.00,1.00,-1,-1,-1
174,299,1888.00,690.00,19.00,14.00,1.00,-1,-1,-1
174,305,224.00,391.00,13.00,15.00,1.00,-1,-1,-1
174,306,73.00,557.00,10.00,15.00,1.00,-1,-1,-1
174,307,763.00,461.00,10.00,20.00,1.00,-1,-1,-1
174,309,766.00,442.00,20.00,24.00,1.00,-1,-1,-1
174,325,709.00,435.00,100.00,33.00,1.00,-1,-1,-1
174,347,575.00,984.00,31.00,31.00,1.00,-1,-1,-1
174,350,608.00,393.00,14.00,20.00,1.00,-1,-1,-1
174,352,612.00,466.00,13.00,33.00,1.00,-1,-1,-1
174,354,1686.00,662.00,16.00,13.00,1.00,-1,-1,-1
174,360,531.00,445.00,134.00,77.00,1.00,-1,-1,-1
174,362,786.00,357.00,15.00,13.00,1.00,-1,-1,-1
174,363,-6.00,449.00,27.00,15.00,1.00,-1,-1,-1
174,364,895.00,1028.00,17.00,112.00,1.00,-1,-1,-1
174,365,266.00,401.00,19.00,11.00,1.00,-1,-1,-1
174,373,750.00,420.00,64.00,31.00,1.00,-1,-1,-1
174,375,480.00,620.00,14.00,45.00,1.00,-1,-1,-1
174,382,101.00,330.00,41.00,40.00,1.00,-1,-1,-1
174,387,-7.00,532.00,16.00,23.00,1.00,-1,-1,-1
174,388,776.00,329.00,18.00,48.00,1.00,-1,-1,-1
174,389,16.00,157.00,16.00,15.00,1.00,-1,-1,-1
174,390,894.00,1026.00,9.00,29.00,1.00,-1,-1,-1
174,403,615.00,556.00,78.00,26.00,1.00,-1,-1,-1
174,423,168.00,641.00,15.00,18.00,1.00,-1,-1,-1
174,426,-10.00,658.00,61.00,45.00,1.00,-1,-1,-1
174,427,441.00,651.00,16.00,36.00,1.00,-1,-1,-1
174,428,120.00,407.00,30.00,29.00,1.00,-1,-1,-1
174,434,761.00,471.00,20.00,7.00,1.00,-1,-1,-1
174,444,791.00,357.00,12.00,15.00,1.00,-1,-1,-1
174,445,784.00,365.00,12.00,14.00,1.00,-1,-1,-1
174,447,122.00,651.00,11.00,14.00,1.00,-1,-1,-1
174,448,135.00,418.00,12.00,21.00,1.00,-1,-1,-1
174,450,709.00,731.00,15.00,12.00,1.00,-1,-1,-1
174,451,728.00,366.00,36.00,15.00,1.00,-1,-1,-1
174,452,127.00,819.00,14.00,15.00,1.00,-1,-1,-1
174,454,-13.00,497.00,27.00,30.00,1.00,-1,-1,-1
174,455,316.00,655.00,16.00,26.00,1.00,-1,-1,-1
174,456,778.00,351.00,22.00,9.00,1.00,-1,-1,-1
174,457,729.00,869.00,18.00,16.00,1.00,-1,-1,-1
174,458,504.00,379.00,109.00,52.00,1.00,-1,-1,-1
174,459,1270.00,966.00,150.00,41.00,1.00,-1,-1,-1
174,470,1819.00,631.00,82.00,22.00,1.00,-1,-1,-1
174,474,1407.00,993.00,48.00,38.00,1.00,-1,-1,-1
174,476,464.00,398.00,193.00,27.00,1.00,-1,-1,-1
174,481,1407.00,993.00,48.00,38.00,1.00,-1,-1,-1
174,483,1192.00,981.00,18.00,29.00,1.00,-1,-1,-1
174,485,506.00,392.00,192.00,96.00,1.00,-1,-1,-1
174,488,43.00,395.00,17.00,21.00,1.00,-1,-1,-1
174,492,1169.00,385.00,20.00,19.00,1.00,-1,-1,-1
174,495,508.00,423.00,172.00,76.00,1.00,-1,-1,-1
174,502,58.00,144.00,48.00,33.00,1.00,-1,-1,-1
174,503,567.00,473.00,43.00,27.00,1.00,-1,-1,-1
174,508,552.00,420.00,22.00,23.00,1.00,-1,-1,-1
174,512,-301.00,566.00,1581.00,222.00,1.00,-1,-1,-1
174,513,1864.00,560.00,14.00,10.00,1.00,-1,-1,-1
174,523,-133.00,399.00,453.00,81.00,1.00,-1,-1,-1
174,528,418.00,769.00,77.00,27.00,1.00,-1,-1,-1
174,533,838.00,978.00,17.00,16.00,1.00,-1,-1,-1
174,534,787.00,977.00,46.00,6.00,1.00,-1,-1,-1
174,535,614.00,1014.00,15.00,18.00,1.00,-1,-1,-1
174,536,654.00,984.00,17.00,22.00,1.00,-1,-1,-1
174,538,693.00,996.00,9.00,17.00,1.00,-1,-1,-1
174,539,555.00,935.00,33.00,27.00,1.00,-1,-1,-1
174,540,767.00,950.00,19.00,23.00,1.00,-1,-1,-1
174,543,254.00,951.00,22.00,52.00,1.00,-1,-1,-1
174,545,973.00,971.00,17.00,10.00,1.00,-1,-1,-1
174,548,638.00,975.00,28.00,34.00,1.00,-1,-1,-1
174,549,1022.00,951.00,17.00,16.00,1.00,-1,-1,-1
174,551,1048.00,958.00,36.00,60.00,1.00,-1,-1,-1
174,553,1131.00,952.00,28.00,61.00,1.00,-1,-1,-1
174,555,374.00,1075.00,40.00,4.00,1.00,-1,-1,-1
174,556,903.00,986.00,12.00,28.00,1.00,-1,-1,-1
174,557,748.00,953.00,13.00,15.00,1.00,-1,-1,-1
174,559,612.00,988.00,8.00,18.00,1.00,-1,-1,-1
174,561,800.00,966.00,31.00,7.00,1.00,-1,-1,-1
174,562,716.00,1014.00,20.00,25.00,1.00,-1,-1,-1
174,563,614.00,991.00,18.00,29.00,1.00,-1,-1,-1
174,565,988.00,951.00,24.00,21.00,1.00,-1,-1,-1
174,566,503.00,936.00,25.00,43.00,1.00,-1,-1,-1
174,568,478.00,954.00,16.00,10.00,1.00,-1,-1,-1
174,569,472.00,813.00,9.00,31.00,1.00,-1,-1,-1
174,570,543.00,998.00,17.00,11.00,1.00,-1,-1,-1
174,572,793.00,954.00,34.00,8.00,1.00,-1,-1,-1
174,577,374.00,915.00,13.00,12.00,1.00,-1,-1,-1
174,580,807.00,989.00,14.00,28.00,1.00,-1,-1,-1
174,582,934.00,956.00,14.00,21.00,1.00,-1,-1,-1
174,587,743.00,958.00,31.00,21.00,1.00,-1,-1,-1
174,589,464.00,980.00,20.00,43.00,1.00,-1,-1,-1
174,590,1421.00,957.00,39.00,59.00,1.00,-1,-1,-1
174,592,50.00,282.00,21.00,31.00,1.00,-1,-1,-1
174,593,356.00,972.00,17.00,34.00,1.00,-1,-1,-1
174,601,472.00,964.00,20.00,39.00,1.00,-1,-1,-1
174,609,397.00,960.00,12.00,13.00,1.00,-1,-1,-1
174,615,526.00,984.00,9.00,19.00,1.00,-1,-1,-1
174,617,395.00,949.00,45.00,27.00,1.00,-1,-1,-1
174,618,431.00,993.00,16.00,16.00,1.00,-1,-1,-1
174,619,864.00,950.00,24.00,13.00,1.00,-1,-1,-1
174,620,496.00,986.00,12.00,22.00,1.00,-1,-1,-1
174,622,896.00,967.00,22.00,8.00,1.00,-1,-1,-1
174,626,1863.00,536.00,26.00,22.00,1.00,-1,-1,-1
174,627,380.00,948.00,22.00,51.00,1.00,-1,-1,-1
174,644,701.00,950.00,11.00,15.00,1.00,-1,-1,-1
174,645,616.00,953.00,11.00,44.00,1.00,-1,-1,-1
175,5,24.00,1048.00,27.00,59.00,1.00,-1,-1,-1
175,9,205.00,1047.00,43.00,30.00,1.00,-1,-1,-1
175,10,1051.00,927.00,530.00,112.00,1.00,-1,-1,-1
175,11,1752.00,469.00,168.00,313.00,1.00,-1,-1,-1
175,12,850.00,931.00,777.00,107.00,1.00,-1,-1,-1
175,15,-67.00,1034.00,128.00,72.00,1.00,-1,-1,-1
175,18,272.00,392.00,78.00,30.00,1.00,-1,-1,-1
175,21,736.00,361.00,78.00,44.00,1.00,-1,-1,-1
175,34,767.00,459.00,13.00,42.00,1.00,-1,-1,-1
175,37,775.00,447.00,19.00,33.00,1.00,-1,-1,-1
175,38,570.00,356.00,241.00,196.00,1.00,-1,-1,-1
175,39,690.00,442.00,90.00,58.00,1.00,-1,-1,-1
175,40,780.00,455.00,29.00,25.00,1.00,-1,-1,-1
175,41,1856.00,653.00,25.00,44.00,1.00,-1,-1,-1
175,43,482.00,951.00,12.00,18.00,1.00,-1,-1,-1
175,44,713.00,367.00,153.00,209.00,1.00,-1,-1,-1
175,48,12.00,196.00,23.00,61.00,1.00,-1,-1,-1
175,49,790.00,367.00,15.00,11.00,1.00,-1,-1,-1
175,50,801.00,359.00,13.00,19.00,1.00,-1,-1,-1
175,54,-4.00,807.00,13.00,23.00,1.00,-1,-1,-1
175,72,18.00,430.00,11.00,15.00,1.00,-1,-1,-1
175,76,1881.00,650.00,11.00,32.00,1.00,-1,-1,-1
175,77,1780.00,617.00,208.00,46.00,1.00,-1,-1,-1
175,100,49.00,483.00,11.00,36.00,1.00,-1,-1,-1
175,112,545.00,397.00,54.00,12.00,1.00,-1,-1,-1
175,113,1886.00,677.00,27.00,20.00,1.00,-1,-1,-1
175,114,582.00,467.00,22.00,16.00,1.00,-1,-1,-1
175,116,1376.00,482.00,118.00,23.00,1.00,-1,-1,-1
175,126,1887.00,673.00,34.00,16.00,1.00,-1,-1,-1
175,129,98.00,418.00,29.00,21.00,1.00,-1,-1,-1
175,135,284.00,342.00,499.00,99.00,1.00,-1,-1,-1
175,142,790.00,512.00,52.00,14.00,1.00,-1,-1,-1
175,148,394.00,462.00,40.00,25.00,1.00,-1,-1,-1
175,153,876.00,1010.00,11.00,41.00,1.00,-1,-1,-1
175,158,0.00,388.00,283.00,81.00,1.00,-1,-1,-1
175,166,-16.00,211.00,75.00,45.00,1.00,-1,-1,-1
175,174,612.00,370.00,39.00,42.00,1.00,-1,-1,-1
175,182,667.00,311.00,266.00,323.00,1.00,-1,-1,-1
175,186,-4.00,1066.00,17.00,8.00,1.00,-1,-1,-1
175,191,985.00,951.00,27.00,24.00,1.00,-1,-1,-1
175,193,823.00,975.00,41.00,65.00,1.00,-1,-1,-1
175,201,-9.00,1057.00,11.00,12.00,1.00,-1,-1,-1
175,219,1896.00,642.00,33.00,37.00,1.00,-1,-1,-1
175,244,1808.00,546.00,162.00,177.00,1.00,-1,-1,-1
175,254,499.00,370.00,65.00,44.00,1.00,-1,-1,-1
175,257,294.00,363.00,29.00,22.00,1.00,-1,-1,-1
175,262,440.00,511.00,199.00,123.00,1.00,-1,-1,-1
175,283,478.00,479.00,27.00,18.00,1.00,-1,-1,-1
175,290,777.00,474.00,23.00,9.00,1.00,-1,-1,-1
175,296,774.00,448.00,25.00,32.00,1.00,-1,-1,-1
175,299,1888.00,690.00,19.00,14.00,1.00,-1,-1,-1
175,305,211.00,390.00,13.00,15.00,1.00,-1,-1,-1
175,306,60.00,556.00,10.00,15.00,1.00,-1,-1,-1
175,307,780.00,471.00,10.00,20.00,1.00,-1,-1,-1
175,309,784.00,452.00,20.00,24.00,1.00,-1,-1,-1
175,325,727.00,446.00,100.00,33.00,1.00,-1,-1,-1
175,347,575.00,984.00,31.00,31.00,1.00,-1,-1,-1
175,350,608.00,393.00,14.00,20.00,1.00,-1,-1,-1
175,352,586.00,459.00,13.00,33.00,1.00,-1,-1,-1
175,354,1686.00,662.00,16.00,13.00,1.00,-1,-1,-1
175,360,519.00,444.00,134.00,77.00,1.00,-1,-1,-1
175,362,795.00,357.00,15.00,13.00,1.00,-1,-1,-1
175,363,-6.00,449.00,27.00,15.00,1.00,-1,-1,-1
175,364,882.00,1028.00,17.00,112.00,1.00,-1,-1,-1
175,365,253.00,400.00,19.00,11.00,1.00,-1,-1,-1
175,373,769.00,432.00,64.00,31.00,1.00,-1,-1,-1
175,375,467.00,619.00,14.00,45.00,1.00,-1,-1,-1
175,382,88.00,328.00,41.00,40.00,1.00,-1,-1,-1
175,387,-7.00,532.00,16.00,23.00,1.00,-1,-1,-1
175,388,806.00,333.00,18.00,48.00,1.00,-1,-1,-1
175,389,2.00,155.00,16.00,15.00,1.00,-1,-1,-1
175,390,881.00,1025.00,9.00,29.00,1.00,-1,-1,-1
175,403,602.00,555.00,78.00,26.00,1.00,-1,-1,-1
175,423,154.00,640.00,15.00,18.00,1.00,-1,-1,-1
175,426,-24.00,657.00,61.00,45.00,1.00,-1,-1,-1
175,427,428.00,649.00,16.00,36.00,1.00,-1,-1,-1
175,428,96.00,392.00,30.00,29.00,1.00,-1,-1,-1
175,434,780.00,481.00,20.00,7.00,1.00,-1,-1,-1
175,444,812.00,356.00,12.00,15.00,1.00,-1,-1,-1
175,445,807.00,369.00,12.00,14.00,1.00,-1,-1,-1
175,447,109.00,649.00,11.00,14.00,1.00,-1,-1,-1
175,448,112.00,403.00,12.00,21.00,1.00,-1,-1,-1
175,450,696.00,730.00,15.00,12.00,1.00,-1,-1,-1
175,451,750.00,374.00,36.00,15.00,1.00,-1,-1,-1
175,452,114.00,817.00,14.00,15.00,1.00,-1,-1,-1
175,454,-13.00,497.00,27.00,30.00,1.00,-1,-1,-1
175,455,303.00,654.00,16.00,26.00,1.00,-1,-1,-1
175,456,809.00,354.00,22.00,9.00,1.00,-1,-1,-1
175,457,716.00,868.00,18.00,16.00,1.00,-1,-1,-1
175,458,491.00,378.00,109.00,52.00,1.00,-1,-1,-1
175,459,1270.00,966.00,150.00,41.00,1.00,-1,-1,-1
175,470,1845.00,631.00,82.00,22.00,1.00,-1,-1,-1
175,474,1407.00,993.00,48.00,38.00,1.00,-1,-1,-1
175,476,451.00,397.00,193.00,27.00,1.00,-1,-1,-1
175,481,1407.00,993.00,48.00,38.00,1.00,-1,-1,-1
175,483,1192.00,981.00,18.00,29.00,1.00,-1,-1,-1
175,485,591.00,416.00,139.00,97.00,1.00,-1,-1,-1
175,488,17.00,377.00,17.00,21.00,1.00,-1,-1,-1
175,492,1157.00,384.00,20.00,19.00,1.00,-1,-1,-1
175,495,498.00,453.00,172.00,76.00,1.00,-1,-1,-1
175,502,44.00,143.00,48.00,33.00,1.00,-1,-1,-1
175,503,555.00,472.00,43.00,27.00,1.00,-1,-1,-1
175,508,539.00,419.00,22.00,23.00,1.00,-1,-1,-1
175,512,-314.00,565.00,1581.00,222.00,1.00,-1,-1,-1
175,513,1864.00,560.00,14.00,10.00,1.00,-1,-1,-1
175,523,-157.00,381.00,453.00,81.00,1.00,-1,-1,-1
175,528,405.00,768.00,77.00,27.00,1.00,-1,-1,-1
175,533,838.00,978.00,17.00,16.00,1.00,-1,-1,-1
175,534,787.00,976.00,46.00,6.00,1.00,-1,-1,-1
175,535,614.00,1014.00,15.00,18.00,1.00,-1,-1,-1
175,536,654.00,984.00,17.00,22.00,1.00,-1,-1,-1
175,538,693.00,996.00,9.00,17.00,1.00,-1,-1,-1
175,539,555.00,935.00,33.00,27.00,1.00,-1,-1,-1
175,540,766.00,950.00,19.00,23.00,1.00,-1,-1,-1
175,543,241.00,950.00,22.00,52.00,1.00,-1,-1,-1
175,545,973.00,971.00,17.00,10.00,1.00,-1,-1,-1
175,548,638.00,974.00,28.00,34.00,1.00,-1,-1,-1
175,549,1022.00,951.00,17.00,16.00,1.00,-1,-1,-1
175,551,1048.00,958.00,36.00,60.00,1.00,-1,-1,-1
175,553,1131.00,952.00,28.00,61.00,1.00,-1,-1,-1
175,555,358.00,1075.00,40.00,4.00,1.00,-1,-1,-1
175,556,903.00,986.00,12.00,28.00,1.00,-1,-1,-1
175,557,748.00,953.00,13.00,15.00,1.00,-1,-1,-1
175,559,612.00,988.00,8.00,18.00,1.00,-1,-1,-1
175,561,799.00,966.00,31.00,7.00,1.00,-1,-1,-1
175,562,718.00,1015.00,20.00,25.00,1.00,-1,-1,-1
175,563,614.00,991.00,18.00,29.00,1.00,-1,-1,-1
175,565,988.00,951.00,24.00,21.00,1.00,-1,-1,-1
175,566,503.00,936.00,25.00,43.00,1.00,-1,-1,-1
175,568,478.00,954.00,16.00,10.00,1.00,-1,-1,-1
175,569,459.00,811.00,9.00,31.00,1.00,-1,-1,-1
175,570,543.00,998.00,17.00,11.00,1.00,-1,-1,-1
175,572,782.00,954.00,34.00,8.00,1.00,-1,-1,-1
175,577,361.00,914.00,13.00,12.00,1.00,-1,-1,-1
175,580,805.00,988.00,14.00,28.00,1.00,-1,-1,-1
175,582,934.00,956.00,14.00,21.00,1.00,-1,-1,-1
175,587,743.00,958.00,31.00,21.00,1.00,-1,-1,-1
175,589,464.00,979.00,20.00,43.00,1.00,-1,-1,-1
175,590,1421.00,957.00,39.00,59.00,1.00,-1,-1,-1
175,592,33.00,276.00,26.00,47.00,1.00,-1,-1,-1
175,593,343.00,971.00,17.00,34.00,1.00,-1,-1,-1
175,601,469.00,963.00,20.00,39.00,1.00,-1,-1,-1
175,609,397.00,960.00,12.00,13.00,1.00,-1,-1,-1
175,615,526.00,984.00,9.00,19.00,1.00,-1,-1,-1
175,617,395.00,949.00,45.00,27.00,1.00,-1,-1,-1
175,618,431.00,993.00,16.00,16.00,1.00,-1,-1,-1
175,619,863.00,949.00,24.00,13.00,1.00,-1,-1,-1
175,620,496.00,986.00,12.00,22.00,1.00,-1,-1,-1
175,622,896.00,967.00,22.00,8.00,1.00,-1,-1,-1
175,626,1850.00,536.00,26.00,22.00,1.00,-1,-1,-1
175,627,367.00,947.00,22.00,51.00,1.00,-1,-1,-1
175,644,697.00,947.00,11.00,15.00,1.00,-1,-1,-1
175,645,615.00,953.00,11.00,44.00,1.00,-1,-1,-1
175,648,518.00,606.00,26.00,47.00,1.00,-1,-1,-1
176,5,15.00,1048.00,27.00,59.00,1.00,-1,-1,-1
176,9,193.00,1046.00,43.00,30.00,1.00,-1,-1,-1
176,10,1051.00,927.00,530.00,112.00,1.00,-1,-1,-1
176,11,1752.00,469.00,168.00,313.00,1.00,-1,-1,-1
176,12,850.00,931.00,777.00,107.00,1.00,-1,-1,-1
176,15,-67.00,1034.00,128.00,72.00,1.00,-1,-1,-1
176,18,260.00,390.00,78.00,30.00,1.00,-1,-1,-1
176,21,759.00,370.00,78.00,44.00,1.00,-1,-1,-1
176,34,786.00,469.00,13.00,42.00,1.00,-1,-1,-1
176,37,794.00,457.00,19.00,33.00,1.00,-1,-1,-1
176,38,613.00,411.00,211.00,100.00,1.00,-1,-1,-1
176,39,708.00,451.00,90.00,58.00,1.00,-1,-1,-1
176,40,800.00,465.00,29.00,25.00,1.00,-1,-1,-1
176,41,1883.00,651.00,25.00,44.00,1.00,-1,-1,-1
176,43,482.00,951.00,12.00,18.00,1.00,-1,-1,-1
176,44,732.00,377.00,153.00,209.00,1.00,-1,-1,-1
176,48,12.00,196.00,23.00,61.00,1.00,-1,-1,-1
176,49,813.00,378.00,15.00,11.00,1.00,-1,-1,-1
176,50,798.00,362.00,13.00,19.00,1.00,-1,-1,-1
176,54,-4.00,807.00,13.00,23.00,1.00,-1,-1,-1
176,72,84.00,397.00,11.00,15.00,1.00,-1,-1,-1
176,76,1907.00,649.00,11.00,32.00,1.00,-1,-1,-1
176,77,1806.00,617.00,208.00,46.00,1.00,-1,-1,-1
176,100,36.00,481.00,11.00,36.00,1.00,-1,-1,-1
176,112,533.00,395.00,54.00,12.00,1.00,-1,-1,-1
176,113,1886.00,677.00,27.00,20.00,1.00,-1,-1,-1
176,114,569.00,464.00,22.00,16.00,1.00,-1,-1,-1
176,116,1363.00,482.00,118.00,23.00,1.00,-1,-1,-1
176,126,1905.00,680.00,34.00,16.00,1.00,-1,-1,-1
176,129,76.00,403.00,29.00,21.00,1.00,-1,-1,-1
176,135,272.00,341.00,499.00,99.00,1.00,-1,-1,-1
176,142,808.00,522.00,52.00,14.00,1.00,-1,-1,-1
176,148,381.00,460.00,40.00,25.00,1.00,-1,-1,-1
176,153,863.00,1008.00,11.00,41.00,1.00,-1,-1,-1
176,158,0.00,373.00,255.00,80.00,1.00,-1,-1,-1
176,166,-16.00,211.00,75.00,45.00,1.00,-1,-1,-1
176,174,612.00,370.00,39.00,42.00,1.00,-1,-1,-1
176,182,686.00,320.00,266.00,323.00,1.00,-1,-1,-1
176,186,-4.00,1066.00,17.00,8.00,1.00,-1,-1,-1
176,191,985.00,951.00,27.00,24.00,1.00,-1,-1,-1
176,193,823.00,975.00,41.00,65.00,1.00,-1,-1,-1
176,201,-9.00,1057.00,11.00,12.00,1.00,-1,-1,-1
176,219,1896.00,642.00,33.00,37.00,1.00,-1,-1,-1
176,244,1835.00,545.00,162.00,177.00,1.00,-1,-1,-1
176,254,487.00,369.00,65.00,44.00,1.00,-1,-1,-1
176,257,281.00,361.00,29.00,22.00,1.00,-1,-1,-1
176,262,426.00,509.00,199.00,123.00,1.00,-1,-1,-1
176,283,466.00,477.00,27.00,18.00,1.00,-1,-1,-1
176,290,796.00,484.00,23.00,9.00,1.00,-1,-1,-1
176,296,793.00,457.00,25.00,32.00,1.00,-1,-1,-1
176,299,1778.00,623.00,19.00,14.00,1.00,-1,-1,-1
176,305,185.00,399.00,13.00,15.00,1.00,-1,-1,-1
176,306,47.00,554.00,10.00,15.00,1.00,-1,-1,-1
176,307,799.00,481.00,10.00,20.00,1.00,-1,-1,-1
176,309,804.00,462.00,20.00,24.00,1.00,-1,-1,-1
176,325,747.00,455.00,100.00,33.00,1.00,-1,-1,-1
176,328,1873.00,607.00,47.00,79.00,1.00,-1,-1,-1
176,347,575.00,984.00,31.00,31.00,1.00,-1,-1,-1
176,350,618.00,388.00,14.00,20.00,1.00,-1,-1,-1
176,352,573.00,456.00,13.00,33.00,1.00,-1,-1,-1
176,360,505.00,442.00,134.00,77.00,1.00,-1,-1,-1
176,362,817.00,358.00,15.00,13.00,1.00,-1,-1,-1
176,363,-6.00,449.00,27.00,15.00,1.00,-1,-1,-1
176,364,869.00,1028.00,17.00,112.00,1.00,-1,-1,-1
176,365,240.00,398.00,19.00,11.00,1.00,-1,-1,-1
176,373,791.00,440.00,64.00,31.00,1.00,-1,-1,-1
176,375,454.00,617.00,14.00,45.00,1.00,-1,-1,-1
176,382,75.00,327.00,41.00,40.00,1.00,-1,-1,-1
176,387,-7.00,532.00,16.00,23.00,1.00,-1,-1,-1
176,388,767.00,334.00,18.00,48.00,1.00,-1,-1,-1
176,389,2.00,155.00,16.00,15.00,1.00,-1,-1,-1
176,390,867.00,1022.00,9.00,29.00,1.00,-1,-1,-1
176,403,589.00,553.00,78.00,26.00,1.00,-1,-1,-1
176,423,141.00,638.00,15.00,18.00,1.00,-1,-1,-1
176,426,-24.00,657.00,61.00,45.00,1.00,-1,-1,-1
176,427,415.00,648.00,16.00,36.00,1.00,-1,-1,-1
176,428,73.00,377.00,30.00,29.00,1.00,-1,-1,-1
176,434,798.00,491.00,20.00,7.00,1.00,-1,-1,-1
176,444,799.00,353.00,12.00,15.00,1.00,-1,-1,-1
176,445,831.00,381.00,12.00,14.00,1.00,-1,-1,-1
176,447,96.00,647.00,11.00,14.00,1.00,-1,-1,-1
176,448,90.00,389.00,12.00,21.00,1.00,-1,-1,-1
176,450,683.00,727.00,15.00,12.00,1.00,-1,-1,-1
176,451,779.00,378.00,36.00,15.00,1.00,-1,-1,-1
176,452,101.00,815.00,14.00,15.00,1.00,-1,-1,-1
176,454,-13.00,497.00,27.00,30.00,1.00,-1,-1,-1
176,455,290.00,652.00,16.00,26.00,1.00,-1,-1,-1
176,456,796.00,352.00,22.00,9.00,1.00,-1,-1,-1
176,457,703.00,866.00,18.00,16.00,1.00,-1,-1,-1
176,458,478.00,376.00,109.00,52.00,1.00,-1,-1,-1
176,459,1270.00,966.00,150.00,41.00,1.00,-1,-1,-1
176,470,1871.00,630.00,82.00,22.00,1.00,-1,-1,-1
176,474,1407.00,993.00,48.00,38.00,1.00,-1,-1,-1
176,476,438.00,396.00,193.00,27.00,1.00,-1,-1,-1
176,481,1407.00,993.00,48.00,38.00,1.00,-1,-1,-1
176,483,1192.00,981.00,18.00,29.00,1.00,-1,-1,-1
176,485,599.00,411.00,139.00,97.00,1.00,-1,-1,-1
176,488,-7.00,367.00,17.00,21.00,1.00,-1,-1,-1
176,492,1144.00,382.00,20.00,19.00,1.00,-1,-1,-1
176,495,485.00,450.00,172.00,76.00,1.00,-1,-1,-1
176,502,32.00,142.00,48.00,33.00,1.00,-1,-1,-1
176,503,542.00,470.00,43.00,27.00,1.00,-1,-1,-1
176,508,526.00,417.00,22.00,23.00,1.00,-1,-1,-1
176,512,-327.00,563.00,1581.00,222.00,1.00,-1,-1,-1
176,513,1864.00,560.00,14.00,10.00,1.00,-1,-1,-1
176,523,-179.00,365.00,453.00,81.00,1.00,-1,-1,-1
176,528,392.00,766.00,77.00,27.00,1.00,-1,-1,-1
176,533,838.00,978.00,17.00,16.00,1.00,-1,-1,-1
176,534,787.00,976.00,46.00,6.00,1.00,-1,-1,-1
176,535,613.00,1014.00,15.00,18.00,1.00,-1,-1,-1
176,536,654.00,984.00,17.00,22.00,1.00,-1,-1,-1
176,538,693.00,996.00,9.00,17.00,1.00,-1,-1,-1
176,539,555.00,935.00,33.00,27.00,1.00,-1,-1,-1
176,540,766.00,950.00,19.00,23.00,1.00,-1,-1,-1
176,543,228.00,948.00,22.00,52.00,1.00,-1,-1,-1
176,545,973.00,971.00,17.00,10.00,1.00,-1,-1,-1
176,548,638.00,974.00,28.00,34.00,1.00,-1,-1,-1
176,549,1022.00,951.00,17.00,16.00,1.00,-1,-1,-1
176,551,1048.00,958.00,36.00,60.00,1.00,-1,-1,-1
176,553,1131.00,952.00,28.00,61.00,1.00,-1,-1,-1
176,555,346.00,1075.00,40.00,4.00,1.00,-1,-1,-1
176,556,903.00,986.00,12.00,28.00,1.00,-1,-1,-1
176,557,748.00,953.00,13.00,15.00,1.00,-1,-1,-1
176,559,611.00,987.00,8.00,18.00,1.00,-1,-1,-1
176,561,800.00,965.00,31.00,7.00,1.00,-1,-1,-1
176,562,714.00,1017.00,20.00,25.00,1.00,-1,-1,-1
176,563,614.00,991.00,18.00,29.00,1.00,-1,-1,-1
176,565,988.00,951.00,24.00,21.00,1.00,-1,-1,-1
176,566,503.00,936.00,25.00,43.00,1.00,-1,-1,-1
176,568,478.00,954.00,16.00,10.00,1.00,-1,-1,-1
176,569,447.00,810.00,9.00,31.00,1.00,-1,-1,-1
176,570,543.00,998.00,17.00,11.00,1.00,-1,-1,-1
176,572,782.00,954.00,34.00,8.00,1.00,-1,-1,-1
176,577,348.00,912.00,13.00,12.00,1.00,-1,-1,-1
176,580,802.00,983.00,14.00,28.00,1.00,-1,-1,-1
176,582,934.00,956.00,14.00,21.00,1.00,-1,-1,-1
176,587,743.00,958.00,31.00,21.00,1.00,-1,-1,-1
176,589,464.00,980.00,20.00,43.00,1.00,-1,-1,-1
176,590,1421.00,957.00,39.00,59.00,1.00,-1,-1,-1
176,592,20.00,274.00,26.00,47.00,1.00,-1,-1,-1
176,593,330.00,969.00,17.00,34.00,1.00,-1,-1,-1
176,601,468.00,963.00,20.00,39.00,1.00,-1,-1,-1
176,609,397.00,960.00,12.00,13.00,1.00,-1,-1,-1
176,615,526.00,984.00,9.00,19.00,1.00,-1,-1,-1
176,617,395.00,949.00,45.00,27.00,1.00,-1,-1,-1
176,618,431.00,993.00,16.00,16.00,1.00,-1,-1,-1
176,619,863.00,949.00,24.00,13.00,1.00,-1,-1,-1
176,620,496.00,986.00,12.00,22.00,1.00,-1,-1,-1
176,622,896.00,967.00,22.00,8.00,1.00,-1,-1,-1
176,626,1837.00,534.00,26.00,22.00,1.00,-1,-1,-1
176,627,354.00,945.00,22.00,51.00,1.00,-1,-1,-1
176,644,710.00,940.00,11.00,15.00,1.00,-1,-1,-1
176,645,615.00,952.00,11.00,44.00,1.00,-1,-1,-1
176,648,505.00,604.00,26.00,47.00,1.00,-1,-1,-1
176,656,554.00,1074.00,23.00,6.00,1.00,-1,-1,-1
177,5,15.00,1048.00,27.00,59.00,1.00,-1,-1,-1
177,9,193.00,1046.00,43.00,30.00,1.00,-1,-1,-1
177,10,1050.00,927.00,530.00,112.00,1.00,-1,-1,-1
177,11,1752.00,469.00,168.00,313.00,1.00,-1,-1,-1
177,12,850.00,931.00,777.00,107.00,1.00,-1,-1,-1
177,15,-67.00,1034.00,128.00,72.00,1.00,-1,-1,-1
177,18,260.00,390.00,78.00,30.00,1.00,-1,-1,-1
177,21,759.00,370.00,78.00,44.00,1.00,-1,-1,-1
177,34,786.00,469.00,13.00,42.00,1.00,-1,-1,-1
177,37,794.00,457.00,19.00,33.00,1.00,-1,-1,-1
177,38,613.00,411.00,211.00,100.00,1.00,-1,-1,-1
177,39,708.00,451.00,90.00,58.00,1.00,-1,-1,-1
177,40,800.00,465.00,29.00,25.00,1.00,-1,-1,-1
177,41,1883.00,651.00,25.00,44.00,1.00,-1,-1,-1
177,43,482.00,951.00,12.00,18.00,1.00,-1,-1,-1
177,44,732.00,377.00,153.00,209.00,1.00,-1,-1,-1
177,48,12.00,196.00,23.00,61.00,1.00,-1,-1,-1
177,49,813.00,378.00,15.00,11.00,1.00,-1,-1,-1
177,50,798.00,362.00,13.00,19.00,1.00,-1,-1,-1
177,54,-4.00,807.00,13.00,23.00,1.00,-1,-1,-1
177,72,84.00,397.00,11.00,15.00,1.00,-1,-1,-1
177,76,1907.00,649.00,11.00,32.00,1.00,-1,-1,-1
177,77,1806.00,617.00,208.00,46.00,1.00,-1,-1,-1
177,100,36.00,481.00,11.00,36.00,1.00,-1,-1,-1
177,112,533.00,395.00,54.00,12.00,1.00,-1,-1,-1
177,113,1886.00,677.00,27.00,20.00,1.00,-1,-1,-1
177,114,569.00,464.00,22.00,16.00,1.00,-1,-1,-1
177,116,1363.00,482.00,118.00,23.00,1.00,-1,-1,-1
177,126,1905.00,680.00,34.00,16.00,1.00,-1,-1,-1
177,129,76.00,403.00,29.00,21.00,1.00,-1,-1,-1
177,135,272.00,341.00,499.00,99.00,1.00,-1,-1,-1
177,142,808.00,522.00,52.00,14.00,1.00,-1,-1,-1
177,148,381.00,460.00,40.00,25.00,1.00,-1,-1,-1
177,153,863.00,1008.00,11.00,41.00,1.00,-1,-1,-1
177,158,0.00,373.00,255.00,80.00,1.00,-1,-1,-1
177,166,-16.00,211.00,75.00,45.00,1.00,-1,-1,-1
177,174,612.00,370.00,39.00,42.00,1.00,-1,-1,-1
177,182,686.00,320.00,266.00,323.00,1.00,-1,-1,-1
177,186,-4.00,1066.00,17.00,8.00,1.00,-1,-1,-1
177,191,985.00,951.00,27.00,24.00,1.00,-1,-1,-1
177,193,823.00,975.00,41.00,65.00,1.00,-1,-1,-1
177,201,-9.00,1057.00,11.00,12.00,1.00,-1,-1,-1
177,219,1896.00,642.00,33.00,37.00,1.00,-1,-1,-1
177,244,1835.00,545.00,162.00,177.00,1.00,-1,-1,-1
177,254,487.00,369.00,65.00,44.00,1.00,-1,-1,-1
177,257,281.00,361.00,29.00,22.00,1.00,-1,-1,-1
177,262,426.00,509.00,199.00,123.00,1.00,-1,-1,-1
177,283,466.00,477.00,27.00,18.00,1.00,-1,-1,-1
177,290,796.00,484.00,23.00,9.00,1.00,-1,-1,-1
177,296,793.00,457.00,25.00,32.00,1.00,-1,-1,-1
177,299,1778.00,623.00,19.00,14.00,1.00,-1,-1,-1
177,305,185.00,399.00,13.00,15.00,1.00,-1,-1,-1
177,306,47.00,554.00,10.00,15.00,1.00,-1,-1,-1
177,307,799.00,481.00,10.00,20.00,1.00,-1,-1,-1
177,309,804.00,462.00,20.00,24.00,1.00,-1,-1,-1
177,325,747.00,455.00,100.00,33.00,1.00,-1,-1,-1
177,328,1873.00,607.00,47.00,79.00,1.00,-1,-1,-1
177,347,575.00,984.00,31.00,31.00,1.00,-1,-1,-1
177,350,618.00,388.00,14.00,20.00,1.00,-1,-1,-1
177,352,573.00,456.00,13.00,33.00,1.00,-1,-1,-1
177,360,505.00,442.00,134.00,77.00,1.00,-1,-1,-1
177,362,817.00,358.00,15.00,13.00,1.00,-1,-1,-1
177,363,-6.00,449.00,27.00,15.00,1.00,-1,-1,-1
177,364,869.00,1028.00,17.00,112.00,1.00,-1,-1,-1
177,365,240.00,398.00,19.00,11.00,1.00,-1,-1,-1
177,373,791.00,440.00,64.00,31.00,1.00,-1,-1,-1
177,375,454.00,617.00,14.00,45.00,1.00,-1,-1,-1
177,382,75.00,327.00,41.00,40.00,1.00,-1,-1,-1
177,387,-7.00,532.00,16.00,23.00,1.00,-1,-1,-1
177,388,767.00,334.00,18.00,48.00,1.00,-1,-1,-1
177,389,2.00,155.00,16.00,15.00,1.00,-1,-1,-1
177,390,867.00,1022.00,9.00,29.00,1.00,-1,-1,-1
177,403,589.00,553.00,78.00,26.00,1.00,-1,-1,-1
177,423,141.00,638.00,15.00,18.00,1.00,-1,-1,-1
177,426,-24.00,657.00,61.00,45.00,1.00,-1,-1,-1
177,427,415.00,648.00,16.00,36.00,1.00,-1,-1,-1
177,428,73.00,377.00,30.00,29.00,1.00,-1,-1,-1
177,434,798.00,491.00,20.00,7.00,1.00,-1,-1,-1
177,444,799.00,353.00,12.00,15.00,1.00,-1,-1,-1
177,445,831.00,381.00,12.00,14.00,1.00,-1,-1,-1
177,447,96.00,647.00,11.00,14.00,1.00,-1,-1,-1
177,448,90.00,389.00,12.00,21.00,1.00,-1,-1,-1
177,450,683.00,727.00,15.00,12.00,1.00,-1,-1,-1
177,451,779.00,378.00,36.00,15.00,1.00,-1,-1,-1
177,452,101.00,815.00,14.00,15.00,1.00,-1,-1,-1
177,454,-13.00,497.00,27.00,30.00,1.00,-1,-1,-1
177,455,290.00,652.00,16.00,26.00,1.00,-1,-1,-1
177,456,796.00,352.00,22.00,9.00,1.00,-1,-1,-1
177,457,703.00,866.00,18.00,16.00,1.00,-1,-1,-1
177,458,478.00,376.00,109.00,52.00,1.00,-1,-1,-1
177,459,1270.00,966.00,150.00,41.00,1.00,-1,-1,-1
177,470,1871.00,630.00,82.00,22.00,1.00,-1,-1,-1
177,474,1407.00,993.00,48.00,38.00,1.00,-1,-1,-1
177,476,438.00,396.00,193.00,27.00,1.00,-1,-1,-1
177,481,1407.00,993.00,48.00,38.00,1.00,-1,-1,-1
177,483,1192.00,981.00,18.00,29.00,1.00,-1,-1,-1
177,485,599.00,411.00,139.00,97.00,1.00,-1,-1,-1
177,488,-7.00,367.00,17.00,21.00,1.00,-1,-1,-1
177,492,1144.00,382.00,20.00,19.00,1.00,-1,-1,-1
177,495,485.00,450.00,172.00,76.00,1.00,-1,-1,-1
177,502,32.00,142.00,48.00,33.00,1.00,-1,-1,-1
177,503,542.00,470.00,43.00,27.00,1.00,-1,-1,-1
177,508,526.00,417.00,22.00,23.00,1.00,-1,-1,-1
177,512,-327.00,563.00,1581.00,222.00,1.00,-1,-1,-1
177,513,1864.00,560.00,14.00,10.00,1.00,-1,-1,-1
177,523,-179.00,365.00,453.00,81.00,1.00,-1,-1,-1
177,528,392.00,766.00,77.00,27.00,1.00,-1,-1,-1
177,533,838.00,978.00,17.00,16.00,1.00,-1,-1,-1
177,534,787.00,976.00,46.00,6.00,1.00,-1,-1,-1
177,535,613.00,1014.00,15.00,18.00,1.00,-1,-1,-1
177,536,654.00,984.00,17.00,22.00,1.00,-1,-1,-1
177,538,693.00,996.00,9.00,17.00,1.00,-1,-1,-1
177,539,555.00,935.00,33.00,27.00,1.00,-1,-1,-1
177,540,766.00,950.00,19.00,23.00,1.00,-1,-1,-1
177,543,228.00,948.00,22.00,52.00,1.00,-1,-1,-1
177,545,973.00,971.00,17.00,10.00,1.00,-1,-1,-1
177,548,638.00,974.00,28.00,34.00,1.00,-1,-1,-1
177,549,1022.00,951.00,17.00,16.00,1.00,-1,-1,-1
177,551,1048.00,958.00,36.00,60.00,1.00,-1,-1,-1
177,553,1131.00,952.00,28.00,61.00,1.00,-1,-1,-1
177,555,346.00,1075.00,40.00,4.00,1.00,-1,-1,-1
177,556,903.00,986.00,12.00,28.00,1.00,-1,-1,-1
177,557,748.00,953.00,13.00,15.00,1.00,-1,-1,-1
177,559,611.00,987.00,8.00,18.00,1.00,-1,-1,-1
177,561,800.00,966.00,31.00,7.00,1.00,-1,-1,-1
177,562,714.00,1017.00,20.00,25.00,1.00,-1,-1,-1
177,563,614.00,991.00,18.00,29.00,1.00,-1,-1,-1
177,565,988.00,951.00,24.00,21.00,1.00,-1,-1,-1
177,566,503.00,936.00,25.00,43.00,1.00,-1,-1,-1
177,568,478.00,954.00,16.00,10.00,1.00,-1,-1,-1
177,569,447.00,810.00,9.00,31.00,1.00,-1,-1,-1
177,570,543.00,998.00,17.00,11.00,1.00,-1,-1,-1
177,572,782.00,954.00,34.00,8.00,1.00,-1,-1,-1
177,577,348.00,912.00,13.00,12.00,1.00,-1,-1,-1
177,580,802.00,983.00,14.00,28.00,1.00,-1,-1,-1
177,582,934.00,956.00,14.00,21.00,1.00,-1,-1,-1
177,587,743.00,958.00,31.00,21.00,1.00,-1,-1,-1
177,589,464.00,980.00,20.00,43.00,1.00,-1,-1,-1
177,590,1421.00,957.00,39.00,59.00,1.00,-1,-1,-1
177,592,20.00,274.00,26.00,47.00,1.00,-1,-1,-1
177,593,330.00,969.00,17.00,34.00,1.00,-1,-1,-1
177,601,468.00,963.00,20.00,39.00,1.00,-1,-1,-1
177,609,397.00,960.00,12.00,13.00,1.00,-1,-1,-1
177,615,526.00,984.00,9.00,19.00,1.00,-1,-1,-1
177,617,395.00,949.00,45.00,27.00,1.00,-1,-1,-1
177,618,431.00,993.00,16.00,16.00,1.00,-1,-1,-1
177,619,863.00,949.00,24.00,13.00,1.00,-1,-1,-1
177,620,496.00,986.00,12.00,22.00,1.00,-1,-1,-1
177,622,896.00,967.00,22.00,8.00,1.00,-1,-1,-1
177,626,1837.00,534.00,26.00,22.00,1.00,-1,-1,-1
177,627,354.00,945.00,22.00,51.00,1.00,-1,-1,-1
177,644,710.00,940.00,11.00,15.00,1.00,-1,-1,-1
177,645,615.00,952.00,11.00,44.00,1.00,-1,-1,-1
177,648,505.00,604.00,26.00,47.00,1.00,-1,-1,-1
177,656,554.00,1074.00,23.00,6.00,1.00,-1,-1,-1
178,5,4.00,1048.00,27.00,59.00,1.00,-1,-1,-1
178,9,181.00,1044.00,43.00,30.00,1.00,-1,-1,-1
178,10,913.00,926.00,688.00,117.00,1.00,-1,-1,-1
178,11,1752.00,469.00,168.00,313.00,1.00,-1,-1,-1
178,15,-67.00,1034.00,128.00,72.00,1.00,-1,-1,-1
178,18,248.00,388.00,78.00,30.00,1.00,-1,-1,-1
178,21,784.00,379.00,78.00,44.00,1.00,-1,-1,-1
178,34,807.00,478.00,13.00,42.00,1.00,-1,-1,-1
178,37,816.00,467.00,19.00,33.00,1.00,-1,-1,-1
178,38,601.00,363.00,263.00,227.00,1.00,-1,-1,-1
178,39,729.00,460.00,90.00,58.00,1.00,-1,-1,-1
178,40,821.00,474.00,29.00,25.00,1.00,-1,-1,-1
178,41,1883.00,651.00,25.00,44.00,1.00,-1,-1,-1
178,43,482.00,951.00,12.00,18.00,1.00,-1,-1,-1
178,44,753.00,387.00,153.00,209.00,1.00,-1,-1,-1
178,48,12.00,196.00,23.00,61.00,1.00,-1,-1,-1
178,49,840.00,385.00,15.00,11.00,1.00,-1,-1,-1
178,50,791.00,357.00,13.00,19.00,1.00,-1,-1,-1
178,54,-4.00,807.00,13.00,23.00,1.00,-1,-1,-1
178,72,62.00,382.00,11.00,15.00,1.00,-1,-1,-1
178,76,1907.00,649.00,11.00,32.00,1.00,-1,-1,-1
178,77,1806.00,617.00,208.00,46.00,1.00,-1,-1,-1
178,100,25.00,480.00,11.00,36.00,1.00,-1,-1,-1
178,112,521.00,392.00,54.00,12.00,1.00,-1,-1,-1
178,113,1838.00,539.00,27.00,20.00,1.00,-1,-1,-1
178,114,557.00,462.00,22.00,16.00,1.00,-1,-1,-1
178,116,1351.00,479.00,118.00,23.00,1.00,-1,-1,-1
178,126,1905.00,680.00,34.00,16.00,1.00,-1,-1,-1
178,129,49.00,391.00,29.00,21.00,1.00,-1,-1,-1
178,135,260.00,339.00,499.00,99.00,1.00,-1,-1,-1
178,142,827.00,533.00,52.00,14.00,1.00,-1,-1,-1
178,148,369.00,457.00,40.00,25.00,1.00,-1,-1,-1
178,153,852.00,1007.00,11.00,41.00,1.00,-1,-1,-1
178,158,0.00,362.00,172.00,67.00,1.00,-1,-1,-1
178,166,-16.00,211.00,75.00,45.00,1.00,-1,-1,-1
178,174,612.00,370.00,39.00,42.00,1.00,-1,-1,-1
178,182,707.00,329.00,266.00,323.00,1.00,-1,-1,-1
178,186,-4.00,1066.00,17.00,8.00,1.00,-1,-1,-1
178,191,985.00,951.00,27.00,24.00,1.00,-1,-1,-1
178,193,813.00,972.00,41.00,65.00,1.00,-1,-1,-1
178,201,-9.00,1057.00,11.00,12.00,1.00,-1,-1,-1
178,219,1804.00,645.00,33.00,37.00,1.00,-1,-1,-1
178,244,1835.00,545.00,162.00,177.00,1.00,-1,-1,-1
178,254,474.00,366.00,65.00,44.00,1.00,-1,-1,-1
178,257,269.00,359.00,29.00,22.00,1.00,-1,-1,-1
178,262,415.00,507.00,199.00,123.00,1.00,-1,-1,-1
178,283,454.00,475.00,27.00,18.00,1.00,-1,-1,-1
178,290,817.00,493.00,23.00,9.00,1.00,-1,-1,-1
178,296,815.00,467.00,25.00,32.00,1.00,-1,-1,-1
178,299,1778.00,623.00,19.00,14.00,1.00,-1,-1,-1
178,305,169.00,387.00,13.00,15.00,1.00,-1,-1,-1
178,306,35.00,552.00,10.00,15.00,1.00,-1,-1,-1
178,307,819.00,490.00,10.00,20.00,1.00,-1,-1,-1
178,309,825.00,471.00,20.00,24.00,1.00,-1,-1,-1
178,325,768.00,465.00,100.00,33.00,1.00,-1,-1,-1
178,328,1871.00,575.00,49.00,118.00,1.00,-1,-1,-1
178,347,575.00,984.00,31.00,31.00,1.00,-1,-1,-1
178,350,629.00,382.00,14.00,20.00,1.00,-1,-1,-1
178,352,562.00,454.00,13.00,33.00,1.00,-1,-1,-1
178,360,494.00,440.00,134.00,77.00,1.00,-1,-1,-1
178,362,804.00,356.00,15.00,13.00,1.00,-1,-1,-1
178,363,-6.00,449.00,27.00,15.00,1.00,-1,-1,-1
178,364,858.00,1028.00,17.00,112.00,1.00,-1,-1,-1
178,365,228.00,396.00,19.00,11.00,1.00,-1,-1,-1
178,373,814.00,450.00,64.00,31.00,1.00,-1,-1,-1
178,375,443.00,614.00,14.00,45.00,1.00,-1,-1,-1
178,382,63.00,325.00,41.00,40.00,1.00,-1,-1,-1
178,388,753.00,332.00,18.00,48.00,1.00,-1,-1,-1
178,389,2.00,155.00,16.00,15.00,1.00,-1,-1,-1
178,390,857.00,1021.00,9.00,29.00,1.00,-1,-1,-1
178,403,578.00,551.00,78.00,26.00,1.00,-1,-1,-1
178,423,130.00,636.00,15.00,18.00,1.00,-1,-1,-1
178,426,-24.00,657.00,61.00,45.00,1.00,-1,-1,-1
178,427,403.00,645.00,16.00,36.00,1.00,-1,-1,-1
178,428,51.00,362.00,30.00,29.00,1.00,-1,-1,-1
178,434,818.00,500.00,20.00,7.00,1.00,-1,-1,-1
178,444,787.00,352.00,12.00,15.00,1.00,-1,-1,-1
178,445,850.00,390.00,12.00,14.00,1.00,-1,-1,-1
178,447,84.00,645.00,11.00,14.00,1.00,-1,-1,-1
178,448,68.00,374.00,12.00,21.00,1.00,-1,-1,-1
178,450,672.00,725.00,15.00,12.00,1.00,-1,-1,-1
178,451,805.00,387.00,36.00,15.00,1.00,-1,-1,-1
178,452,90.00,813.00,14.00,15.00,1.00,-1,-1,-1
178,455,279.00,650.00,16.00,26.00,1.00,-1,-1,-1
178,456,784.00,350.00,22.00,9.00,1.00,-1,-1,-1
178,457,692.00,863.00,18.00,16.00,1.00,-1,-1,-1
178,458,466.00,374.00,109.00,52.00,1.00,-1,-1,-1
178,459,1270.00,966.00,150.00,41.00,1.00,-1,-1,-1
178,470,1871.00,630.00,82.00,22.00,1.00,-1,-1,-1
178,474,1407.00,993.00,48.00,38.00,1.00,-1,-1,-1
178,476,426.00,393.00,193.00,27.00,1.00,-1,-1,-1
178,481,1407.00,993.00,48.00,38.00,1.00,-1,-1,-1
178,483,1192.00,981.00,18.00,29.00,1.00,-1,-1,-1
178,485,608.00,405.00,139.00,97.00,1.00,-1,-1,-1
178,488,-7.00,367.00,17.00,21.00,1.00,-1,-1,-1
178,492,1131.00,380.00,20.00,19.00,1.00,-1,-1,-1
178,495,473.00,448.00,172.00,76.00,1.00,-1,-1,-1
178,502,20.00,139.00,48.00,33.00,1.00,-1,-1,-1
178,503,530.00,468.00,43.00,27.00,1.00,-1,-1,-1
178,508,514.00,415.00,22.00,23.00,1.00,-1,-1,-1
178,512,-338.00,561.00,1581.00,222.00,1.00,-1,-1,-1
178,513,1864.00,560.00,14.00,10.00,1.00,-1,-1,-1
178,523,-200.00,349.00,453.00,81.00,1.00,-1,-1,-1
178,528,381.00,764.00,77.00,27.00,1.00,-1,-1,-1
178,533,823.00,972.00,17.00,16.00,1.00,-1,-1,-1
178,534,787.00,976.00,46.00,6.00,1.00,-1,-1,-1
178,535,613.00,1015.00,15.00,18.00,1.00,-1,-1,-1
178,536,654.00,984.00,17.00,22.00,1.00,-1,-1,-1
178,538,693.00,996.00,9.00,17.00,1.00,-1,-1,-1
178,539,555.00,935.00,33.00,27.00,1.00,-1,-1,-1
178,540,766.00,950.00,19.00,23.00,1.00,-1,-1,-1
178,543,216.00,946.00,22.00,52.00,1.00,-1,-1,-1
178,545,973.00,971.00,17.00,10.00,1.00,-1,-1,-1
178,548,638.00,974.00,28.00,34.00,1.00,-1,-1,-1
178,549,1022.00,951.00,17.00,16.00,1.00,-1,-1,-1
178,551,1048.00,958.00,36.00,60.00,1.00,-1,-1,-1
178,553,1131.00,952.00,28.00,61.00,1.00,-1,-1,-1
178,555,334.00,1075.00,40.00,4.00,1.00,-1,-1,-1
178,556,903.00,986.00,12.00,28.00,1.00,-1,-1,-1
178,557,748.00,953.00,13.00,15.00,1.00,-1,-1,-1
178,559,611.00,987.00,8.00,18.00,1.00,-1,-1,-1
178,561,799.00,965.00,31.00,7.00,1.00,-1,-1,-1
178,562,705.00,1017.00,20.00,25.00,1.00,-1,-1,-1
178,563,614.00,991.00,18.00,29.00,1.00,-1,-1,-1
178,565,988.00,951.00,24.00,21.00,1.00,-1,-1,-1
178,566,503.00,936.00,25.00,43.00,1.00,-1,-1,-1
178,568,478.00,954.00,16.00,10.00,1.00,-1,-1,-1
178,569,435.00,808.00,9.00,31.00,1.00,-1,-1,-1
178,570,543.00,998.00,17.00,11.00,1.00,-1,-1,-1
178,572,782.00,954.00,34.00,8.00,1.00,-1,-1,-1
178,577,336.00,910.00,13.00,12.00,1.00,-1,-1,-1
178,580,791.00,983.00,14.00,28.00,1.00,-1,-1,-1
178,582,934.00,956.00,14.00,21.00,1.00,-1,-1,-1
178,587,743.00,958.00,31.00,21.00,1.00,-1,-1,-1
178,589,464.00,980.00,20.00,43.00,1.00,-1,-1,-1
178,590,1421.00,957.00,39.00,59.00,1.00,-1,-1,-1
178,592,8.00,271.00,26.00,47.00,1.00,-1,-1,-1
178,593,318.00,967.00,17.00,34.00,1.00,-1,-1,-1
178,601,468.00,963.00,20.00,39.00,1.00,-1,-1,-1
178,609,397.00,960.00,12.00,13.00,1.00,-1,-1,-1
178,615,526.00,984.00,9.00,19.00,1.00,-1,-1,-1
178,617,396.00,950.00,37.00,67.00,1.00,-1,-1,-1
178,618,432.00,991.00,27.00,18.00,1.00,-1,-1,-1
178,619,863.00,949.00,24.00,13.00,1.00,-1,-1,-1
178,620,496.00,986.00,12.00,22.00,1.00,-1,-1,-1
178,622,896.00,966.00,22.00,8.00,1.00,-1,-1,-1
178,626,1825.00,532.00,26.00,22.00,1.00,-1,-1,-1
178,627,343.00,943.00,22.00,51.00,1.00,-1,-1,-1
178,644,698.00,940.00,11.00,15.00,1.00,-1,-1,-1
178,645,615.00,953.00,12.00,48.00,1.00,-1,-1,-1
178,648,493.00,601.00,26.00,47.00,1.00,-1,-1,-1
178,653,912.00,954.00,37.00,51.00,1.00,-1,-1,-1
178,656,540.00,1074.00,23.00,6.00,1.00,-1,-1,-1
179,5,-4.00,1048.00,27.00,59.00,1.00,-1,-1,-1
179,9,170.00,1042.00,43.00,30.00,1.00,-1,-1,-1
179,10,1219.00,930.00,331.00,110.00,1.00,-1,-1,-1
179,11,1752.00,469.00,168.00,313.00,1.00,-1,-1,-1
179,15,-47.00,1028.00,128.00,72.00,1.00,-1,-1,-1
179,18,236.00,385.00,78.00,30.00,1.00,-1,-1,-1
179,21,813.00,390.00,78.00,44.00,1.00,-1,-1,-1
179,34,829.00,488.00,13.00,42.00,1.00,-1,-1,-1
179,37,838.00,476.00,19.00,33.00,1.00,-1,-1,-1
179,38,767.00,398.00,115.00,200.00,1.00,-1,-1,-1
179,39,750.00,468.00,90.00,58.00,1.00,-1,-1,-1
179,40,844.00,483.00,29.00,25.00,1.00,-1,-1,-1
179,41,1883.00,651.00,25.00,44.00,1.00,-1,-1,-1
179,43,482.00,951.00,12.00,18.00,1.00,-1,-1,-1
179,44,776.00,396.00,153.00,209.00,1.00,-1,-1,-1
179,48,12.00,196.00,23.00,61.00,1.00,-1,-1,-1
179,49,867.00,395.00,15.00,11.00,1.00,-1,-1,-1
179,50,780.00,355.00,13.00,19.00,1.00,-1,-1,-1
179,54,-4.00,807.00,13.00,23.00,1.00,-1,-1,-1
179,72,41.00,366.00,11.00,15.00,1.00,-1,-1,-1
179,76,1907.00,649.00,11.00,32.00,1.00,-1,-1,-1
179,77,1806.00,617.00,208.00,46.00,1.00,-1,-1,-1
179,100,13.00,477.00,11.00,36.00,1.00,-1,-1,-1
179,112,510.00,390.00,54.00,12.00,1.00,-1,-1,-1
179,113,1827.00,536.00,27.00,20.00,1.00,-1,-1,-1
179,114,545.00,460.00,22.00,16.00,1.00,-1,-1,-1
179,116,1339.00,477.00,118.00,23.00,1.00,-1,-1,-1
179,126,1905.00,680.00,34.00,16.00,1.00,-1,-1,-1
179,129,29.00,374.00,29.00,21.00,1.00,-1,-1,-1
179,135,249.00,337.00,499.00,99.00,1.00,-1,-1,-1
179,142,848.00,544.00,52.00,14.00,1.00,-1,-1,-1
179,148,357.00,455.00,40.00,25.00,1.00,-1,-1,-1
179,153,841.00,1004.00,11.00,41.00,1.00,-1,-1,-1
179,158,0.00,347.00,145.00,67.00,1.00,-1,-1,-1
179,166,-16.00,211.00,75.00,45.00,1.00,-1,-1,-1
179,174,612.00,370.00,39.00,42.00,1.00,-1,-1,-1
179,182,730.00,339.00,266.00,323.00,1.00,-1,-1,-1
179,186,-4.00,1066.00,17.00,8.00,1.00,-1,-1,-1
179,191,985.00,951.00,27.00,24.00,1.00,-1,-1,-1
179,193,803.00,975.00,41.00,65.00,1.00,-1,-1,-1
179,201,-9.00,1057.00,11.00,12.00,1.00,-1,-1,-1
179,219,1804.00,645.00,33.00,37.00,1.00,-1,-1,-1
179,244,1835.00,545.00,162.00,177.00,1.00,-1,-1,-1
179,254,463.00,364.00,65.00,44.00,1.00,-1,-1,-1
179,257,257.00,357.00,29.00,22.00,1.00,-1,-1,-1
179,262,404.00,505.00,199.00,123.00,1.00,-1,-1,-1
179,283,443.00,472.00,27.00,18.00,1.00,-1,-1,-1
179,290,839.00,503.00,23.00,9.00,1.00,-1,-1,-1
179,296,837.00,476.00,25.00,32.00,1.00,-1,-1,-1
179,299,1778.00,623.00,19.00,14.00,1.00,-1,-1,-1
179,305,143.00,372.00,13.00,15.00,1.00,-1,-1,-1
179,306,24.00,550.00,10.00,15.00,1.00,-1,-1,-1
179,307,841.00,499.00,10.00,20.00,1.00,-1,-1,-1
179,309,848.00,480.00,20.00,24.00,1.00,-1,-1,-1
179,325,791.00,473.00,100.00,33.00,1.00,-1,-1,-1
179,328,1871.00,575.00,49.00,118.00,1.00,-1,-1,-1
179,347,575.00,985.00,31.00,31.00,1.00,-1,-1,-1
179,350,641.00,375.00,14.00,20.00,1.00,-1,-1,-1
179,352,550.00,452.00,13.00,33.00,1.00,-1,-1,-1
179,360,482.00,437.00,134.00,77.00,1.00,-1,-1,-1
179,362,792.00,353.00,15.00,13.00,1.00,-1,-1,-1
179,364,847.00,1028.00,17.00,112.00,1.00,-1,-1,-1
179,365,216.00,393.00,19.00,11.00,1.00,-1,-1,-1
179,373,838.00,455.00,64.00,31.00,1.00,-1,-1,-1
179,375,431.00,612.00,14.00,45.00,1.00,-1,-1,-1
179,382,52.00,323.00,41.00,40.00,1.00,-1,-1,-1
179,388,741.00,329.00,18.00,48.00,1.00,-1,-1,-1
179,389,2.00,155.00,16.00,15.00,1.00,-1,-1,-1
179,390,845.00,1019.00,9.00,29.00,1.00,-1,-1,-1
179,403,566.00,548.00,78.00,26.00,1.00,-1,-1,-1
179,423,118.00,633.00,15.00,18.00,1.00,-1,-1,-1
179,426,-24.00,657.00,61.00,45.00,1.00,-1,-1,-1
179,427,392.00,643.00,16.00,36.00,1.00,-1,-1,-1
179,428,30.00,346.00,30.00,29.00,1.00,-1,-1,-1
179,434,840.00,509.00,20.00,7.00,1.00,-1,-1,-1
179,444,776.00,349.00,12.00,15.00,1.00,-1,-1,-1
179,445,882.00,395.00,12.00,14.00,1.00,-1,-1,-1
179,447,73.00,643.00,11.00,14.00,1.00,-1,-1,-1
179,448,47.00,359.00,12.00,21.00,1.00,-1,-1,-1
179,450,661.00,723.00,15.00,12.00,1.00,-1,-1,-1
179,451,822.00,415.00,36.00,15.00,1.00,-1,-1,-1
179,452,78.00,811.00,14.00,15.00,1.00,-1,-1,-1
179,455,267.00,647.00,16.00,26.00,1.00,-1,-1,-1
179,456,773.00,347.00,22.00,9.00,1.00,-1,-1,-1
179,457,681.00,861.00,18.00,16.00,1.00,-1,-1,-1
179,458,455.00,371.00,109.00,52.00,1.00,-1,-1,-1
179,459,1270.00,966.00,150.00,41.00,1.00,-1,-1,-1
179,470,1871.00,630.00,82.00,22.00,1.00,-1,-1,-1
179,474,1407.00,993.00,48.00,38.00,1.00,-1,-1,-1
179,476,415.00,391.00,193.00,27.00,1.00,-1,-1,-1
179,481,1407.00,993.00,48.00,38.00,1.00,-1,-1,-1
179,483,1192.00,981.00,18.00,29.00,1.00,-1,-1,-1
179,485,618.00,400.00,139.00,97.00,1.00,-1,-1,-1
179,488,9.00,431.00,17.00,21.00,1.00,-1,-1,-1
179,492,1120.00,378.00,20.00,19.00,1.00,-1,-1,-1
179,495,461.00,446.00,172.00,76.00,1.00,-1,-1,-1
179,502,9.00,137.00,48.00,33.00,1.00,-1,-1,-1
179,503,519.00,465.00,43.00,27.00,1.00,-1,-1,-1
179,508,503.00,413.00,22.00,23.00,1.00,-1,-1,-1
179,512,-349.00,558.00,1581.00,222.00,1.00,-1,-1,-1
179,513,1864.00,560.00,14.00,10.00,1.00,-1,-1,-1
179,523,-200.00,349.00,453.00,81.00,1.00,-1,-1,-1
179,528,369.00,761.00,77.00,27.00,1.00,-1,-1,-1
179,533,824.00,973.00,17.00,16.00,1.00,-1,-1,-1
179,534,786.00,977.00,46.00,6.00,1.00,-1,-1,-1
179,535,613.00,1015.00,15.00,18.00,1.00,-1,-1,-1
179,536,654.00,984.00,17.00,22.00,1.00,-1,-1,-1
179,538,693.00,996.00,9.00,17.00,1.00,-1,-1,-1
179,539,555.00,935.00,33.00,27.00,1.00,-1,-1,-1
179,540,764.00,953.00,19.00,23.00,1.00,-1,-1,-1
179,543,205.00,944.00,22.00,52.00,1.00,-1,-1,-1
179,545,973.00,971.00,17.00,10.00,1.00,-1,-1,-1
179,548,638.00,974.00,28.00,34.00,1.00,-1,-1,-1
179,549,1022.00,951.00,17.00,16.00,1.00,-1,-1,-1
179,551,1048.00,958.00,36.00,60.00,1.00,-1,-1,-1
179,553,1131.00,952.00,28.00,61.00,1.00,-1,-1,-1
179,555,321.00,1075.00,40.00,4.00,1.00,-1,-1,-1
179,556,903.00,986.00,12.00,28.00,1.00,-1,-1,-1
179,557,748.00,953.00,13.00,15.00,1.00,-1,-1,-1
179,559,611.00,987.00,8.00,18.00,1.00,-1,-1,-1
179,561,799.00,966.00,31.00,7.00,1.00,-1,-1,-1
179,562,702.00,1017.00,20.00,25.00,1.00,-1,-1,-1
179,563,614.00,991.00,18.00,29.00,1.00,-1,-1,-1
179,565,988.00,951.00,24.00,21.00,1.00,-1,-1,-1
179,566,503.00,936.00,25.00,43.00,1.00,-1,-1,-1
179,568,478.00,954.00,16.00,10.00,1.00,-1,-1,-1
179,569,424.00,805.00,9.00,31.00,1.00,-1,-1,-1
179,570,543.00,998.00,17.00,11.00,1.00,-1,-1,-1
179,572,782.00,954.00,34.00,8.00,1.00,-1,-1,-1
179,577,325.00,908.00,13.00,12.00,1.00,-1,-1,-1
179,580,786.00,983.00,14.00,28.00,1.00,-1,-1,-1
179,582,934.00,957.00,14.00,21.00,1.00,-1,-1,-1
179,587,743.00,958.00,31.00,21.00,1.00,-1,-1,-1
179,589,464.00,980.00,20.00,43.00,1.00,-1,-1,-1
179,590,1421.00,957.00,39.00,59.00,1.00,-1,-1,-1
179,592,-3.00,269.00,26.00,47.00,1.00,-1,-1,-1
179,593,307.00,964.00,17.00,34.00,1.00,-1,-1,-1
179,601,468.00,963.00,20.00,39.00,1.00,-1,-1,-1
179,609,397.00,960.00,12.00,13.00,1.00,-1,-1,-1
179,615,526.00,984.00,9.00,19.00,1.00,-1,-1,-1
179,617,396.00,950.00,32.00,66.00,1.00,-1,-1,-1
179,618,431.00,991.00,27.00,18.00,1.00,-1,-1,-1
179,619,863.00,949.00,24.00,13.00,1.00,-1,-1,-1
179,620,496.00,986.00,12.00,22.00,1.00,-1,-1,-1
179,622,896.00,967.00,22.00,8.00,1.00,-1,-1,-1
179,626,1814.00,529.00,26.00,22.00,1.00,-1,-1,-1
179,627,331.00,941.00,22.00,51.00,1.00,-1,-1,-1
179,644,687.00,937.00,11.00,15.00,1.00,-1,-1,-1
179,645,616.00,971.00,8.00,27.00,1.00,-1,-1,-1
179,648,482.00,599.00,26.00,47.00,1.00,-1,-1,-1
179,650,1000.00,931.00,322.00,110.00,1.00,-1,-1,-1
179,653,912.00,953.00,37.00,52.00,1.00,-1,-1,-1
179,656,532.00,1074.00,23.00,6.00,1.00,-1,-1,-1
179,676,618.00,1072.00,18.00,8.00,1.00,-1,-1,-1
180,5,-4.00,1048.00,27.00,59.00,1.00,-1,-1,-1
180,9,158.00,1039.00,43.00,30.00,1.00,-1,-1,-1
180,10,1219.00,927.00,331.00,112.00,1.00,-1,-1,-1
180,15,-68.00,1024.00,128.00,72.00,1.00,-1,-1,-1
180,18,225.00,383.00,78.00,30.00,1.00,-1,-1,-1
180,21,839.00,398.00,78.00,44.00,1.00,-1,-1,-1
180,34,850.00,497.00,13.00,42.00,1.00,-1,-1,-1
180,37,860.00,485.00,19.00,33.00,1.00,-1,-1,-1
180,38,788.00,411.00,120.00,197.00,1.00,-1,-1,-1
180,39,773.00,476.00,90.00,58.00,1.00,-1,-1,-1
180,40,867.00,493.00,29.00,25.00,1.00,-1,-1,-1
180,41,1883.00,651.00,25.00,44.00,1.00,-1,-1,-1
180,43,482.00,951.00,12.00,18.00,1.00,-1,-1,-1
180,44,799.00,406.00,153.00,209.00,1.00,-1,-1,-1
180,48,35.00,182.00,23.00,61.00,1.00,-1,-1,-1
180,49,893.00,407.00,15.00,11.00,1.00,-1,-1,-1
180,50,767.00,353.00,13.00,19.00,1.00,-1,-1,-1
180,72,20.00,350.00,11.00,15.00,1.00,-1,-1,-1
180,76,1907.00,649.00,11.00,32.00,1.00,-1,-1,-1
180,77,1806.00,617.00,208.00,46.00,1.00,-1,-1,-1
180,100,4.00,485.00,11.00,36.00,1.00,-1,-1,-1
180,112,498.00,387.00,54.00,12.00,1.00,-1,-1,-1
180,113,1815.00,533.00,27.00,20.00,1.00,-1,-1,-1
180,114,534.00,457.00,22.00,16.00,1.00,-1,-1,-1
180,116,1339.00,477.00,118.00,23.00,1.00,-1,-1,-1
180,126,1905.00,680.00,34.00,16.00,1.00,-1,-1,-1
180,129,7.00,359.00,29.00,21.00,1.00,-1,-1,-1
180,135,238.00,334.00,499.00,99.00,1.00,-1,-1,-1
180,142,868.00,554.00,52.00,14.00,1.00,-1,-1,-1
180,148,346.00,452.00,40.00,25.00,1.00,-1,-1,-1
180,153,825.00,974.00,11.00,41.00,1.00,-1,-1,-1
180,158,0.00,314.00,238.00,105.00,1.00,-1,-1,-1
180,166,-9.00,188.00,75.00,45.00,1.00,-1,-1,-1
180,182,753.00,349.00,266.00,323.00,1.00,-1,-1,-1
180,191,985.00,951.00,27.00,24.00,1.00,-1,-1,-1
180,193,803.00,975.00,41.00,65.00,1.00,-1,-1,-1
180,219,1804.00,645.00,33.00,37.00,1.00,-1,-1,-1
180,244,1835.00,545.00,162.00,177.00,1.00,-1,-1,-1
180,254,452.00,361.00,65.00,44.00,1.00,-1,-1,-1
180,257,249.00,357.00,29.00,10.00,1.00,-1,-1,-1
180,262,392.00,502.00,199.00,123.00,1.00,-1,-1,-1
180,283,431.00,470.00,27.00,18.00,1.00,-1,-1,-1
180,290,862.00,513.00,23.00,9.00,1.00,-1,-1,-1
180,296,859.00,485.00,25.00,32.00,1.00,-1,-1,-1
180,299,1778.00,623.00,19.00,14.00,1.00,-1,-1,-1
180,305,123.00,359.00,13.00,15.00,1.00,-1,-1,-1
180,306,12.00,548.00,10.00,15.00,1.00,-1,-1,-1
180,307,864.00,509.00,10.00,20.00,1.00,-1,-1,-1
180,309,871.00,490.00,20.00,24.00,1.00,-1,-1,-1
180,325,814.00,482.00,100.00,33.00,1.00,-1,-1,-1
180,328,1871.00,575.00,49.00,118.00,1.00,-1,-1,-1
180,347,575.00,985.00,31.00,31.00,1.00,-1,-1,-1
180,350,653.00,369.00,14.00,20.00,1.00,-1,-1,-1
180,352,539.00,449.00,13.00,33.00,1.00,-1,-1,-1
180,360,471.00,435.00,134.00,77.00,1.00,-1,-1,-1
180,362,780.00,351.00,15.00,13.00,1.00,-1,-1,-1
180,364,835.00,1028.00,17.00,112.00,1.00,-1,-1,-1
180,365,204.00,391.00,19.00,11.00,1.00,-1,-1,-1
180,373,861.00,465.00,64.00,31.00,1.00,-1,-1,-1
180,375,420.00,609.00,14.00,45.00,1.00,-1,-1,-1
180,382,37.00,303.00,41.00,40.00,1.00,-1,-1,-1
180,388,735.00,327.00,18.00,48.00,1.00,-1,-1,-1
180,389,2.00,155.00,16.00,15.00,1.00,-1,-1,-1
180,390,834.00,1016.00,9.00,29.00,1.00,-1,-1,-1
180,403,555.00,545.00,78.00,26.00,1.00,-1,-1,-1
180,423,106.00,630.00,15.00,18.00,1.00,-1,-1,-1
180,426,-24.00,657.00,61.00,45.00,1.00,-1,-1,-1
180,427,380.00,640.00,16.00,36.00,1.00,-1,-1,-1
180,428,9.00,330.00,30.00,29.00,1.00,-1,-1,-1
180,434,863.00,520.00,20.00,7.00,1.00,-1,-1,-1
180,444,764.00,347.00,12.00,15.00,1.00,-1,-1,-1
180,445,880.00,409.00,12.00,14.00,1.00,-1,-1,-1
180,447,61.00,640.00,11.00,14.00,1.00,-1,-1,-1
180,448,27.00,343.00,12.00,21.00,1.00,-1,-1,-1
180,450,649.00,720.00,15.00,12.00,1.00,-1,-1,-1
180,451,846.00,422.00,36.00,15.00,1.00,-1,-1,-1
180,452,67.00,808.00,14.00,15.00,1.00,-1,-1,-1
180,455,256.00,645.00,16.00,26.00,1.00,-1,-1,-1
180,456,760.00,345.00,22.00,9.00,1.00,-1,-1,-1
180,457,668.00,858.00,18.00,16.00,1.00,-1,-1,-1
180,458,443.00,369.00,109.00,52.00,1.00,-1,-1,-1
180,459,1270.00,966.00,150.00,41.00,1.00,-1,-1,-1
180,470,1871.00,630.00,82.00,22.00,1.00,-1,-1,-1
180,474,1407.00,993.00,48.00,38.00,1.00,-1,-1,-1
180,476,403.00,388.00,193.00,27.00,1.00,-1,-1,-1
180,481,1407.00,993.00,48.00,38.00,1.00,-1,-1,-1
180,483,1192.00,981.00,18.00,29.00,1.00,-1,-1,-1
180,485,628.00,395.00,139.00,97.00,1.00,-1,-1,-1
180,488,-2.00,429.00,17.00,21.00,1.00,-1,-1,-1
180,492,1108.00,375.00,20.00,19.00,1.00,-1,-1,-1
180,495,450.00,443.00,172.00,76.00,1.00,-1,-1,-1
180,502,-1.00,135.00,48.00,33.00,1.00,-1,-1,-1
180,503,507.00,462.00,43.00,27.00,1.00,-1,-1,-1
180,508,491.00,410.00,22.00,23.00,1.00,-1,-1,-1
180,512,-361.00,556.00,1581.00,222.00,1.00,-1,-1,-1
180,523,-200.00,349.00,453.00,81.00,1.00,-1,-1,-1
180,528,357.00,759.00,77.00,27.00,1.00,-1,-1,-1
180,533,824.00,973.00,17.00,16.00,1.00,-1,-1,-1
180,534,786.00,977.00,46.00,6.00,1.00,-1,-1,-1
180,535,611.00,1015.00,15.00,18.00,1.00,-1,-1,-1
180,536,654.00,984.00,17.00,22.00,1.00,-1,-1,-1
180,538,693.00,996.00,9.00,17.00,1.00,-1,-1,-1
180,539,554.00,935.00,33.00,27.00,1.00,-1,-1,-1
180,540,764.00,953.00,19.00,23.00,1.00,-1,-1,-1
180,543,193.00,941.00,22.00,52.00,1.00,-1,-1,-1
180,545,973.00,971.00,17.00,10.00,1.00,-1,-1,-1
180,548,638.00,974.00,28.00,34.00,1.00,-1,-1,-1
180,549,1022.00,951.00,17.00,16.00,1.00,-1,-1,-1
180,551,1048.00,958.00,36.00,60.00,1.00,-1,-1,-1
180,553,1131.00,952.00,28.00,61.00,1.00,-1,-1,-1
180,555,309.00,1075.00,40.00,4.00,1.00,-1,-1,-1
180,556,903.00,986.00,12.00,28.00,1.00,-1,-1,-1
180,557,748.00,953.00,13.00,15.00,1.00,-1,-1,-1
180,559,611.00,987.00,8.00,18.00,1.00,-1,-1,-1
180,561,798.00,966.00,31.00,7.00,1.00,-1,-1,-1
180,562,699.00,1030.00,20.00,25.00,1.00,-1,-1,-1
180,563,614.00,991.00,18.00,29.00,1.00,-1,-1,-1
180,565,988.00,951.00,24.00,21.00,1.00,-1,-1,-1
180,566,503.00,936.00,25.00,43.00,1.00,-1,-1,-1
180,568,478.00,954.00,16.00,10.00,1.00,-1,-1,-1
180,569,412.00,802.00,9.00,31.00,1.00,-1,-1,-1
180,570,543.00,998.00,17.00,11.00,1.00,-1,-1,-1
180,572,782.00,954.00,34.00,8.00,1.00,-1,-1,-1
180,577,313.00,905.00,13.00,12.00,1.00,-1,-1,-1
180,580,784.00,984.00,14.00,28.00,1.00,-1,-1,-1
180,582,934.00,957.00,14.00,21.00,1.00,-1,-1,-1
180,587,743.00,958.00,31.00,21.00,1.00,-1,-1,-1
180,589,464.00,980.00,20.00,43.00,1.00,-1,-1,-1
180,590,1421.00,957.00,39.00,59.00,1.00,-1,-1,-1
180,592,-15.00,263.00,26.00,47.00,1.00,-1,-1,-1
180,593,295.00,962.00,17.00,34.00,1.00,-1,-1,-1
180,601,468.00,963.00,20.00,39.00,1.00,-1,-1,-1
180,606,615.00,972.00,8.00,27.00,1.00,-1,-1,-1
180,609,397.00,960.00,12.00,13.00,1.00,-1,-1,-1
180,615,526.00,984.00,9.00,19.00,1.00,-1,-1,-1
180,617,407.00,972.00,16.00,44.00,1.00,-1,-1,-1
180,618,430.00,991.00,27.00,18.00,1.00,-1,-1,-1
180,619,863.00,949.00,24.00,13.00,1.00,-1,-1,-1
180,620,496.00,986.00,12.00,22.00,1.00,-1,-1,-1
180,622,896.00,967.00,22.00,8.00,1.00,-1,-1,-1
180,626,1802.00,526.00,26.00,22.00,1.00,-1,-1,-1
180,627,319.00,938.00,22.00,51.00,1.00,-1,-1,-1
180,644,669.00,944.00,11.00,15.00,1.00,-1,-1,-1
180,645,611.00,982.00,8.00,27.00,1.00,-1,-1,-1
180,648,470.00,596.00,26.00,47.00,1.00,-1,-1,-1
180,650,1000.00,926.00,322.00,113.00,1.00,-1,-1,-1
180,653,910.00,953.00,37.00,52.00,1.00,-1,-1,-1
180,656,520.00,1074.00,23.00,6.00,1.00,-1,-1,-1
180,676,608.00,1073.00,17.00,7.00,1.00,-1,-1,-1
180,677,557.00,971.00,17.00,22.00,1.00,-1,-1,-1
180,680,964.00,952.00,47.00,63.00,1.00,-1,-1,-1
181,5,17.00,1048.00,27.00,59.00,1.00,-1,-1,-1
181,9,145.00,1036.00,43.00,30.00,1.00,-1,-1,-1
181,10,953.00,927.00,642.00,114.00,1.00,-1,-1,-1
181,15,-49.00,1025.00,128.00,72.00,1.00,-1,-1,-1
181,18,212.00,380.00,78.00,30.00,1.00,-1,-1,-1
181,21,864.00,407.00,78.00,44.00,1.00,-1,-1,-1
181,34,872.00,508.00,13.00,42.00,1.00,-1,-1,-1
181,37,882.00,495.00,19.00,33.00,1.00,-1,-1,-1
181,38,773.00,356.00,202.00,323.00,1.00,-1,-1,-1
181,39,793.00,485.00,90.00,58.00,1.00,-1,-1,-1
181,40,889.00,503.00,29.00,25.00,1.00,-1,-1,-1
181,41,1883.00,651.00,25.00,44.00,1.00,-1,-1,-1
181,43,482.00,951.00,12.00,18.00,1.00,-1,-1,-1
181,44,820.00,417.00,153.00,209.00,1.00,-1,-1,-1
181,48,22.00,180.00,23.00,61.00,1.00,-1,-1,-1
181,49,918.00,410.00,15.00,11.00,1.00,-1,-1,-1
181,50,756.00,350.00,13.00,19.00,1.00,-1,-1,-1
181,72,20.00,350.00,11.00,15.00,1.00,-1,-1,-1
181,76,1907.00,649.00,11.00,32.00,1.00,-1,-1,-1
181,77,1806.00,617.00,208.00,46.00,1.00,-1,-1,-1
181,100,-2.00,478.00,11.00,36.00,1.00,-1,-1,-1
181,112,485.00,385.00,54.00,12.00,1.00,-1,-1,-1
181,113,1804.00,530.00,27.00,20.00,1.00,-1,-1,-1
181,114,521.00,455.00,22.00,16.00,1.00,-1,-1,-1
181,116,1339.00,477.00,118.00,23.00,1.00,-1,-1,-1
181,126,1905.00,680.00,34.00,16.00,1.00,-1,-1,-1
181,129,7.00,359.00,29.00,21.00,1.00,-1,-1,-1
181,135,225.00,331.00,499.00,99.00,1.00,-1,-1,-1
181,142,889.00,565.00,52.00,14.00,1.00,-1,-1,-1
181,148,332.00,450.00,40.00,25.00,1.00,-1,-1,-1
181,153,825.00,975.00,11.00,41.00,1.00,-1,-1,-1
181,158,-23.00,299.00,238.00,105.00,1.00,-1,-1,-1
181,166,-22.00,186.00,75.00,45.00,1.00,-1,-1,-1
181,182,776.00,359.00,266.00,323.00,1.00,-1,-1,-1
181,191,985.00,951.00,27.00,24.00,1.00,-1,-1,-1
181,193,801.00,972.00,41.00,65.00,1.00,-1,-1,-1
181,219,1804.00,645.00,33.00,37.00,1.00,-1,-1,-1
181,244,1835.00,545.00,162.00,177.00,1.00,-1,-1,-1
181,254,439.00,359.00,65.00,44.00,1.00,-1,-1,-1
181,257,236.00,354.00,29.00,10.00,1.00,-1,-1,-1
181,262,379.00,500.00,199.00,123.00,1.00,-1,-1,-1
181,283,418.00,467.00,27.00,18.00,1.00,-1,-1,-1
181,290,882.00,523.00,23.00,9.00,1.00,-1,-1,-1
181,296,881.00,495.00,25.00,32.00,1.00,-1,-1,-1
181,299,1778.00,623.00,19.00,14.00,1.00,-1,-1,-1
181,305,100.00,345.00,13.00,15.00,1.00,-1,-1,-1
181,306,12.00,548.00,10.00,15.00,1.00,-1,-1,-1
181,307,884.00,519.00,10.00,20.00,1.00,-1,-1,-1
181,309,893.00,500.00,20.00,24.00,1.00,-1,-1,-1
181,325,836.00,491.00,100.00,33.00,1.00,-1,-1,-1
181,328,1871.00,575.00,49.00,118.00,1.00,-1,-1,-1
181,347,575.00,985.00,31.00,31.00,1.00,-1,-1,-1
181,350,664.00,362.00,14.00,20.00,1.00,-1,-1,-1
181,352,525.00,447.00,13.00,33.00,1.00,-1,-1,-1
181,360,457.00,432.00,134.00,77.00,1.00,-1,-1,-1
181,362,769.00,348.00,15.00,13.00,1.00,-1,-1,-1
181,364,821.00,1028.00,17.00,112.00,1.00,-1,-1,-1
181,365,191.00,388.00,19.00,11.00,1.00,-1,-1,-1
181,373,885.00,475.00,64.00,31.00,1.00,-1,-1,-1
181,375,406.00,607.00,14.00,45.00,1.00,-1,-1,-1
181,382,24.00,300.00,41.00,40.00,1.00,-1,-1,-1
181,388,726.00,324.00,18.00,48.00,1.00,-1,-1,-1
181,389,-14.00,143.00,16.00,15.00,1.00,-1,-1,-1
181,390,817.00,1002.00,9.00,29.00,1.00,-1,-1,-1
181,403,542.00,543.00,78.00,26.00,1.00,-1,-1,-1
181,423,93.00,627.00,15.00,18.00,1.00,-1,-1,-1
181,427,367.00,638.00,16.00,36.00,1.00,-1,-1,-1
181,428,9.00,330.00,30.00,29.00,1.00,-1,-1,-1
181,434,884.00,530.00,20.00,7.00,1.00,-1,-1,-1
181,444,753.00,344.00,12.00,15.00,1.00,-1,-1,-1
181,445,905.00,416.00,12.00,14.00,1.00,-1,-1,-1
181,447,48.00,637.00,11.00,14.00,1.00,-1,-1,-1
181,448,27.00,343.00,12.00,21.00,1.00,-1,-1,-1
181,450,635.00,718.00,15.00,12.00,1.00,-1,-1,-1
181,451,871.00,430.00,36.00,15.00,1.00,-1,-1,-1
181,452,53.00,805.00,14.00,15.00,1.00,-1,-1,-1
181,455,242.00,642.00,16.00,26.00,1.00,-1,-1,-1
181,456,750.00,343.00,22.00,9.00,1.00,-1,-1,-1
181,457,655.00,856.00,18.00,16.00,1.00,-1,-1,-1
181,458,430.00,366.00,109.00,52.00,1.00,-1,-1,-1
181,459,1270.00,966.00,150.00,41.00,1.00,-1,-1,-1
181,470,1871.00,630.00,82.00,22.00,1.00,-1,-1,-1
181,474,1407.00,993.00,48.00,38.00,1.00,-1,-1,-1
181,476,390.00,385.00,193.00,27.00,1.00,-1,-1,-1
181,481,1407.00,993.00,48.00,38.00,1.00,-1,-1,-1
181,483,1192.00,981.00,18.00,29.00,1.00,-1,-1,-1
181,485,630.00,336.00,137.00,158.00,1.00,-1,-1,-1
181,488,0.00,470.00,17.00,21.00,1.00,-1,-1,-1
181,492,1095.00,373.00,20.00,19.00,1.00,-1,-1,-1
181,495,437.00,441.00,172.00,76.00,1.00,-1,-1,-1
181,502,-15.00,132.00,48.00,33.00,1.00,-1,-1,-1
181,503,494.00,460.00,43.00,27.00,1.00,-1,-1,-1
181,508,478.00,407.00,22.00,23.00,1.00,-1,-1,-1
181,512,-374.00,553.00,1581.00,222.00,1.00,-1,-1,-1
181,523,-200.00,349.00,453.00,81.00,1.00,-1,-1,-1
181,528,344.00,756.00,77.00,27.00,1.00,-1,-1,-1
181,533,824.00,973.00,17.00,16.00,1.00,-1,-1,-1
181,534,776.00,977.00,46.00,6.00,1.00,-1,-1,-1
181,535,607.00,1013.00,15.00,18.00,1.00,-1,-1,-1
181,536,654.00,984.00,17.00,22.00,1.00,-1,-1,-1
181,538,693.00,996.00,9.00,17.00,1.00,-1,-1,-1
181,539,554.00,935.00,33.00,27.00,1.00,-1,-1,-1
181,540,764.00,953.00,19.00,23.00,1.00,-1,-1,-1
181,543,180.00,939.00,22.00,52.00,1.00,-1,-1,-1
181,545,973.00,971.00,17.00,10.00,1.00,-1,-1,-1
181,548,638.00,974.00,28.00,34.00,1.00,-1,-1,-1
181,549,1022.00,951.00,17.00,16.00,1.00,-1,-1,-1
181,551,1048.00,958.00,36.00,60.00,1.00,-1,-1,-1
181,553,1131.00,952.00,28.00,61.00,1.00,-1,-1,-1
181,555,296.00,1075.00,40.00,4.00,1.00,-1,-1,-1
181,556,903.00,986.00,12.00,28.00,1.00,-1,-1,-1
181,557,748.00,953.00,13.00,15.00,1.00,-1,-1,-1
181,559,611.00,987.00,8.00,18.00,1.00,-1,-1,-1
181,561,783.00,966.00,31.00,7.00,1.00,-1,-1,-1
181,562,685.00,1027.00,20.00,25.00,1.00,-1,-1,-1
181,563,614.00,991.00,18.00,29.00,1.00,-1,-1,-1
181,565,988.00,951.00,24.00,21.00,1.00,-1,-1,-1
181,566,503.00,936.00,25.00,43.00,1.00,-1,-1,-1
181,568,478.00,954.00,16.00,10.00,1.00,-1,-1,-1
181,569,398.00,800.00,9.00,31.00,1.00,-1,-1,-1
181,570,543.00,998.00,17.00,11.00,1.00,-1,-1,-1
181,572,782.00,954.00,34.00,8.00,1.00,-1,-1,-1
181,577,300.00,903.00,13.00,12.00,1.00,-1,-1,-1
181,580,771.00,983.00,14.00,28.00,1.00,-1,-1,-1
181,582,934.00,957.00,14.00,21.00,1.00,-1,-1,-1
181,587,743.00,958.00,31.00,21.00,1.00,-1,-1,-1
181,589,464.00,980.00,20.00,43.00,1.00,-1,-1,-1
181,590,1421.00,957.00,39.00,59.00,1.00,-1,-1,-1
181,592,-15.00,263.00,26.00,47.00,1.00,-1,-1,-1
181,593,282.00,959.00,17.00,34.00,1.00,-1,-1,-1
181,601,468.00,963.00,20.00,39.00,1.00,-1,-1,-1
181,606,614.00,972.00,9.00,27.00,1.00,-1,-1,-1
181,609,397.00,960.00,12.00,13.00,1.00,-1,-1,-1
181,615,526.00,984.00,9.00,19.00,1.00,-1,-1,-1
181,617,409.00,863.00,16.00,44.00,1.00,-1,-1,-1
181,618,426.00,991.00,27.00,18.00,1.00,-1,-1,-1
181,619,863.00,949.00,24.00,13.00,1.00,-1,-1,-1
181,620,496.00,986.00,12.00,22.00,1.00,-1,-1,-1
181,622,896.00,967.00,22.00,8.00,1.00,-1,-1,-1
181,626,1789.00,523.00,26.00,22.00,1.00,-1,-1,-1
181,627,306.00,936.00,22.00,51.00,1.00,-1,-1,-1
181,644,657.00,938.00,11.00,15.00,1.00,-1,-1,-1
181,645,611.00,982.00,8.00,27.00,1.00,-1,-1,-1
181,648,456.00,594.00,26.00,47.00,1.00,-1,-1,-1
181,650,1000.00,926.00,322.00,113.00,1.00,-1,-1,-1
181,653,911.00,953.00,37.00,52.00,1.00,-1,-1,-1
181,656,507.00,1074.00,23.00,6.00,1.00,-1,-1,-1
181,676,595.00,1072.00,17.00,7.00,1.00,-1,-1,-1
181,677,555.00,950.00,19.00,44.00,1.00,-1,-1,-1
181,680,963.00,952.00,47.00,63.00,1.00,-1,-1,-1
181,685,736.00,928.00,357.00,105.00,1.00,-1,-1,-1
182,5,2.00,1048.00,27.00,59.00,1.00,-1,-1,-1
182,9,128.00,1033.00,43.00,30.00,1.00,-1,-1,-1
182,10,899.00,925.00,436.00,117.00,1.00,-1,-1,-1
182,15,-49.00,1025.00,128.00,72.00,1.00,-1,-1,-1
182,18,196.00,377.00,78.00,30.00,1.00,-1,-1,-1
182,21,886.00,415.00,78.00,44.00,1.00,-1,-1,-1
182,34,891.00,517.00,13.00,42.00,1.00,-1,-1,-1
182,37,902.00,505.00,19.00,33.00,1.00,-1,-1,-1
182,38,790.00,369.00,211.00,321.00,1.00,-1,-1,-1
182,39,812.00,493.00,90.00,58.00,1.00,-1,-1,-1
182,40,909.00,512.00,29.00,25.00,1.00,-1,-1,-1
182,41,1883.00,651.00,25.00,44.00,1.00,-1,-1,-1
182,43,482.00,951.00,12.00,18.00,1.00,-1,-1,-1
182,44,840.00,426.00,153.00,209.00,1.00,-1,-1,-1
182,48,6.00,177.00,23.00,61.00,1.00,-1,-1,-1
182,49,942.00,411.00,15.00,11.00,1.00,-1,-1,-1
182,50,740.00,347.00,13.00,19.00,1.00,-1,-1,-1
182,72,20.00,350.00,11.00,15.00,1.00,-1,-1,-1
182,76,1907.00,649.00,11.00,32.00,1.00,-1,-1,-1
182,77,1806.00,617.00,208.00,46.00,1.00,-1,-1,-1
182,100,-2.00,478.00,11.00,36.00,1.00,-1,-1,-1
182,112,469.00,382.00,54.00,12.00,1.00,-1,-1,-1
182,113,1787.00,527.00,27.00,20.00,1.00,-1,-1,-1
182,114,505.00,452.00,22.00,16.00,1.00,-1,-1,-1
182,116,1339.00,477.00,118.00,23.00,1.00,-1,-1,-1
182,126,1905.00,680.00,34.00,16.00,1.00,-1,-1,-1
182,129,7.00,359.00,29.00,21.00,1.00,-1,-1,-1
182,135,208.00,328.00,499.00,99.00,1.00,-1,-1,-1
182,142,908.00,574.00,52.00,14.00,1.00,-1,-1,-1
182,148,317.00,447.00,40.00,25.00,1.00,-1,-1,-1
182,153,825.00,975.00,11.00,41.00,1.00,-1,-1,-1
182,158,-48.00,285.00,238.00,105.00,1.00,-1,-1,-1
182,166,-38.00,184.00,75.00,45.00,1.00,-1,-1,-1
182,182,795.00,369.00,266.00,323.00,1.00,-1,-1,-1
182,191,985.00,951.00,27.00,24.00,1.00,-1,-1,-1
182,193,802.00,975.00,41.00,65.00,1.00,-1,-1,-1
182,219,1804.00,645.00,33.00,37.00,1.00,-1,-1,-1
182,244,1835.00,545.00,162.00,177.00,1.00,-1,-1,-1
182,254,422.00,356.00,65.00,44.00,1.00,-1,-1,-1
182,257,220.00,351.00,29.00,10.00,1.00,-1,-1,-1
182,262,363.00,497.00,199.00,123.00,1.00,-1,-1,-1
182,283,402.00,464.00,27.00,18.00,1.00,-1,-1,-1
182,290,902.00,533.00,23.00,9.00,1.00,-1,-1,-1
182,296,901.00,505.00,25.00,32.00,1.00,-1,-1,-1
182,305,74.00,330.00,13.00,15.00,1.00,-1,-1,-1
182,306,12.00,548.00,10.00,15.00,1.00,-1,-1,-1
182,307,904.00,529.00,10.00,20.00,1.00,-1,-1,-1
182,309,913.00,510.00,20.00,24.00,1.00,-1,-1,-1
182,325,856.00,502.00,100.00,33.00,1.00,-1,-1,-1
182,328,1871.00,575.00,49.00,118.00,1.00,-1,-1,-1
182,347,582.00,997.00,26.00,20.00,1.00,-1,-1,-1
182,350,674.00,356.00,14.00,20.00,1.00,-1,-1,-1
182,352,510.00,444.00,13.00,33.00,1.00,-1,-1,-1
182,360,442.00,430.00,134.00,77.00,1.00,-1,-1,-1
182,362,752.00,345.00,15.00,13.00,1.00,-1,-1,-1
182,364,806.00,1028.00,17.00,112.00,1.00,-1,-1,-1
182,365,176.00,386.00,19.00,11.00,1.00,-1,-1,-1
182,373,905.00,485.00,64.00,31.00,1.00,-1,-1,-1
182,375,390.00,604.00,14.00,45.00,1.00,-1,-1,-1
182,382,6.00,287.00,41.00,40.00,1.00,-1,-1,-1
182,388,726.00,324.00,18.00,48.00,1.00,-1,-1,-1
182,389,-14.00,143.00,16.00,15.00,1.00,-1,-1,-1
182,390,793.00,977.00,9.00,29.00,1.00,-1,-1,-1
182,403,526.00,540.00,78.00,26.00,1.00,-1,-1,-1
182,423,77.00,625.00,15.00,18.00,1.00,-1,-1,-1
182,427,351.00,635.00,16.00,36.00,1.00,-1,-1,-1
182,428,-15.00,330.00,30.00,29.00,1.00,-1,-1,-1
182,434,904.00,540.00,20.00,7.00,1.00,-1,-1,-1
182,444,736.00,342.00,12.00,15.00,1.00,-1,-1,-1
182,445,927.00,425.00,12.00,14.00,1.00,-1,-1,-1
182,447,32.00,635.00,11.00,14.00,1.00,-1,-1,-1
182,448,-12.00,333.00,12.00,21.00,1.00,-1,-1,-1
182,450,619.00,715.00,15.00,12.00,1.00,-1,-1,-1
182,451,892.00,441.00,36.00,15.00,1.00,-1,-1,-1
182,452,37.00,803.00,14.00,15.00,1.00,-1,-1,-1
182,455,226.00,639.00,16.00,26.00,1.00,-1,-1,-1
182,456,733.00,340.00,22.00,9.00,1.00,-1,-1,-1
182,457,639.00,853.00,18.00,16.00,1.00,-1,-1,-1
182,458,414.00,363.00,109.00,52.00,1.00,-1,-1,-1
182,459,1270.00,966.00,150.00,41.00,1.00,-1,-1,-1
182,470,1871.00,630.00,82.00,22.00,1.00,-1,-1,-1
182,474,1407.00,993.00,48.00,38.00,1.00,-1,-1,-1
182,476,374.00,383.00,193.00,27.00,1.00,-1,-1,-1
182,481,1407.00,993.00,48.00,38.00,1.00,-1,-1,-1
182,483,1192.00,981.00,18.00,29.00,1.00,-1,-1,-1
182,485,638.00,330.00,135.00,165.00,1.00,-1,-1,-1
182,488,-3.00,496.00,17.00,21.00,1.00,-1,-1,-1
182,492,1079.00,370.00,20.00,19.00,1.00,-1,-1,-1
182,495,421.00,438.00,172.00,76.00,1.00,-1,-1,-1
182,502,-24.00,139.00,48.00,33.00,1.00,-1,-1,-1
182,503,478.00,457.00,43.00,27.00,1.00,-1,-1,-1
182,508,462.00,405.00,22.00,23.00,1.00,-1,-1,-1
182,512,-390.00,550.00,1581.00,222.00,1.00,-1,-1,-1
182,523,-200.00,349.00,453.00,81.00,1.00,-1,-1,-1
182,528,328.00,753.00,77.00,27.00,1.00,-1,-1,-1
182,533,824.00,973.00,17.00,16.00,1.00,-1,-1,-1
182,534,776.00,976.00,46.00,6.00,1.00,-1,-1,-1
182,535,597.00,1006.00,15.00,18.00,1.00,-1,-1,-1
182,536,654.00,984.00,17.00,22.00,1.00,-1,-1,-1
182,538,693.00,996.00,9.00,17.00,1.00,-1,-1,-1
182,539,554.00,935.00,33.00,27.00,1.00,-1,-1,-1
182,540,758.00,966.00,19.00,23.00,1.00,-1,-1,-1
182,543,163.00,936.00,22.00,52.00,1.00,-1,-1,-1
182,545,973.00,971.00,17.00,10.00,1.00,-1,-1,-1
182,548,638.00,975.00,28.00,34.00,1.00,-1,-1,-1
182,549,1022.00,951.00,17.00,16.00,1.00,-1,-1,-1
182,551,1048.00,958.00,36.00,60.00,1.00,-1,-1,-1
182,553,1131.00,952.00,28.00,61.00,1.00,-1,-1,-1
182,555,280.00,1075.00,40.00,4.00,1.00,-1,-1,-1
182,556,903.00,986.00,12.00,28.00,1.00,-1,-1,-1
182,557,748.00,953.00,13.00,15.00,1.00,-1,-1,-1
182,559,611.00,987.00,8.00,18.00,1.00,-1,-1,-1
182,561,783.00,966.00,31.00,7.00,1.00,-1,-1,-1
182,562,669.00,1024.00,20.00,25.00,1.00,-1,-1,-1
182,563,614.00,991.00,18.00,29.00,1.00,-1,-1,-1
182,565,988.00,951.00,24.00,21.00,1.00,-1,-1,-1
182,566,503.00,936.00,25.00,43.00,1.00,-1,-1,-1
182,568,478.00,954.00,16.00,10.00,1.00,-1,-1,-1
182,569,382.00,797.00,9.00,31.00,1.00,-1,-1,-1
182,570,543.00,998.00,17.00,11.00,1.00,-1,-1,-1
182,572,782.00,954.00,34.00,8.00,1.00,-1,-1,-1
182,577,283.00,900.00,13.00,12.00,1.00,-1,-1,-1
182,580,770.00,983.00,14.00,28.00,1.00,-1,-1,-1
182,582,934.00,957.00,14.00,21.00,1.00,-1,-1,-1
182,587,743.00,958.00,31.00,21.00,1.00,-1,-1,-1
182,589,464.00,980.00,20.00,43.00,1.00,-1,-1,-1
182,590,1421.00,957.00,39.00,59.00,1.00,-1,-1,-1
182,592,-15.00,263.00,26.00,47.00,1.00,-1,-1,-1
182,593,265.00,957.00,17.00,34.00,1.00,-1,-1,-1
182,601,468.00,964.00,20.00,39.00,1.00,-1,-1,-1
182,606,602.00,958.00,9.00,27.00,1.00,-1,-1,-1
182,609,397.00,962.00,12.00,13.00,1.00,-1,-1,-1
182,615,526.00,984.00,9.00,19.00,1.00,-1,-1,-1
182,617,393.00,860.00,16.00,44.00,1.00,-1,-1,-1
182,618,426.00,992.00,27.00,18.00,1.00,-1,-1,-1
182,619,863.00,949.00,24.00,13.00,1.00,-1,-1,-1
182,620,496.00,986.00,12.00,22.00,1.00,-1,-1,-1
182,622,896.00,967.00,22.00,8.00,1.00,-1,-1,-1
182,626,1773.00,521.00,26.00,22.00,1.00,-1,-1,-1
182,627,290.00,933.00,22.00,51.00,1.00,-1,-1,-1
182,644,641.00,937.00,11.00,15.00,1.00,-1,-1,-1
182,645,611.00,982.00,8.00,27.00,1.00,-1,-1,-1
182,648,441.00,591.00,26.00,47.00,1.00,-1,-1,-1
182,650,1000.00,926.00,322.00,113.00,1.00,-1,-1,-1
182,653,911.00,953.00,37.00,52.00,1.00,-1,-1,-1
182,656,496.00,1074.00,23.00,6.00,1.00,-1,-1,-1
182,676,578.00,1072.00,33.00,8.00,1.00,-1,-1,-1
182,677,553.00,950.00,24.00,49.00,1.00,-1,-1,-1
182,680,963.00,952.00,47.00,63.00,1.00,-1,-1,-1
182,685,744.00,927.00,244.00,112.00,1.00,-1,-1,-1
182,688,694.00,948.00,19.00,18.00,1.00,-1,-1,-1
182,690,0.00,313.00,116.00,44.00,1.00,-1,-1,-1
183,5,2.00,1048.00,27.00,59.00,1.00,-1,-1,-1
183,9,128.00,1033.00,43.00,30.00,1.00,-1,-1,-1
183,10,899.00,924.00,436.00,117.00,1.00,-1,-1,-1
183,15,-49.00,1025.00,128.00,72.00,1.00,-1,-1,-1
183,18,196.00,377.00,78.00,30.00,1.00,-1,-1,-1
183,21,886.00,415.00,78.00,44.00,1.00,-1,-1,-1
183,34,891.00,517.00,13.00,42.00,1.00,-1,-1,-1
183,37,902.00,505.00,19.00,33.00,1.00,-1,-1,-1
183,38,790.00,369.00,211.00,321.00,1.00,-1,-1,-1
183,39,812.00,493.00,90.00,58.00,1.00,-1,-1,-1
183,40,909.00,512.00,29.00,25.00,1.00,-1,-1,-1
183,43,482.00,951.00,12.00,18.00,1.00,-1,-1,-1
183,44,840.00,426.00,153.00,209.00,1.00,-1,-1,-1
183,48,6.00,177.00,23.00,61.00,1.00,-1,-1,-1
183,49,942.00,411.00,15.00,11.00,1.00,-1,-1,-1
183,50,740.00,347.00,13.00,19.00,1.00,-1,-1,-1
183,72,20.00,350.00,11.00,15.00,1.00,-1,-1,-1
183,100,-2.00,478.00,11.00,36.00,1.00,-1,-1,-1
183,112,469.00,382.00,54.00,12.00,1.00,-1,-1,-1
183,113,1787.00,527.00,27.00,20.00,1.00,-1,-1,-1
183,114,505.00,452.00,22.00,16.00,1.00,-1,-1,-1
183,116,1339.00,477.00,118.00,23.00,1.00,-1,-1,-1
183,129,7.00,359.00,29.00,21.00,1.00,-1,-1,-1
183,135,208.00,328.00,499.00,99.00,1.00,-1,-1,-1
183,142,908.00,574.00,52.00,14.00,1.00,-1,-1,-1
183,148,317.00,447.00,40.00,25.00,1.00,-1,-1,-1
183,153,825.00,975.00,11.00,41.00,1.00,-1,-1,-1
183,158,-48.00,285.00,238.00,105.00,1.00,-1,-1,-1
183,166,-38.00,184.00,75.00,45.00,1.00,-1,-1,-1
183,182,795.00,369.00,266.00,323.00,1.00,-1,-1,-1
183,191,985.00,951.00,27.00,24.00,1.00,-1,-1,-1
183,193,802.00,975.00,41.00,65.00,1.00,-1,-1,-1
183,219,1804.00,645.00,33.00,37.00,1.00,-1,-1,-1
183,254,422.00,356.00,65.00,44.00,1.00,-1,-1,-1
183,257,220.00,351.00,29.00,10.00,1.00,-1,-1,-1
183,262,363.00,497.00,199.00,123.00,1.00,-1,-1,-1
183,283,402.00,464.00,27.00,18.00,1.00,-1,-1,-1
183,290,902.00,533.00,23.00,9.00,1.00,-1,-1,-1
183,296,901.00,505.00,25.00,32.00,1.00,-1,-1,-1
183,305,74.00,330.00,13.00,15.00,1.00,-1,-1,-1
183,306,12.00,548.00,10.00,15.00,1.00,-1,-1,-1
183,307,904.00,529.00,10.00,20.00,1.00,-1,-1,-1
183,309,913.00,510.00,20.00,24.00,1.00,-1,-1,-1
183,325,856.00,502.00,100.00,33.00,1.00,-1,-1,-1
183,328,1871.00,575.00,49.00,118.00,1.00,-1,-1,-1
183,347,582.00,997.00,26.00,20.00,1.00,-1,-1,-1
183,350,674.00,356.00,14.00,20.00,1.00,-1,-1,-1
183,352,510.00,444.00,13.00,33.00,1.00,-1,-1,-1
183,360,442.00,430.00,134.00,77.00,1.00,-1,-1,-1
183,362,752.00,345.00,15.00,13.00,1.00,-1,-1,-1
183,364,806.00,1028.00,17.00,112.00,1.00,-1,-1,-1
183,365,176.00,386.00,19.00,11.00,1.00,-1,-1,-1
183,373,905.00,485.00,64.00,31.00,1.00,-1,-1,-1
183,375,390.00,604.00,14.00,45.00,1.00,-1,-1,-1
183,382,6.00,287.00,41.00,40.00,1.00,-1,-1,-1
183,388,726.00,324.00,18.00,48.00,1.00,-1,-1,-1
183,389,-14.00,143.00,16.00,15.00,1.00,-1,-1,-1
183,390,793.00,977.00,9.00,29.00,1.00,-1,-1,-1
183,403,526.00,540.00,78.00,26.00,1.00,-1,-1,-1
183,423,77.00,625.00,15.00,18.00,1.00,-1,-1,-1
183,427,351.00,635.00,16.00,36.00,1.00,-1,-1,-1
183,428,-15.00,330.00,30.00,29.00,1.00,-1,-1,-1
183,434,904.00,540.00,20.00,7.00,1.00,-1,-1,-1
183,444,736.00,342.00,12.00,15.00,1.00,-1,-1,-1
183,445,927.00,425.00,12.00,14.00,1.00,-1,-1,-1
183,447,32.00,635.00,11.00,14.00,1.00,-1,-1,-1
183,448,-12.00,333.00,12.00,21.00,1.00,-1,-1,-1
183,450,619.00,715.00,15.00,12.00,1.00,-1,-1,-1
183,451,892.00,441.00,36.00,15.00,1.00,-1,-1,-1
183,452,37.00,803.00,14.00,15.00,1.00,-1,-1,-1
183,455,226.00,639.00,16.00,26.00,1.00,-1,-1,-1
183,456,733.00,340.00,22.00,9.00,1.00,-1,-1,-1
183,457,639.00,853.00,18.00,16.00,1.00,-1,-1,-1
183,458,414.00,363.00,109.00,52.00,1.00,-1,-1,-1
183,459,1270.00,966.00,150.00,41.00,1.00,-1,-1,-1
183,474,1407.00,993.00,48.00,38.00,1.00,-1,-1,-1
183,476,374.00,383.00,193.00,27.00,1.00,-1,-1,-1
183,481,1407.00,993.00,48.00,38.00,1.00,-1,-1,-1
183,483,1192.00,981.00,18.00,29.00,1.00,-1,-1,-1
183,485,638.00,330.00,135.00,165.00,1.00,-1,-1,-1
183,488,-3.00,496.00,17.00,21.00,1.00,-1,-1,-1
183,492,1079.00,370.00,20.00,19.00,1.00,-1,-1,-1
183,495,421.00,438.00,172.00,76.00,1.00,-1,-1,-1
183,502,-24.00,139.00,48.00,33.00,1.00,-1,-1,-1
183,503,478.00,457.00,43.00,27.00,1.00,-1,-1,-1
183,508,462.00,405.00,22.00,23.00,1.00,-1,-1,-1
183,512,-390.00,550.00,1581.00,222.00,1.00,-1,-1,-1
183,523,-200.00,349.00,453.00,81.00,1.00,-1,-1,-1
183,528,328.00,753.00,77.00,27.00,1.00,-1,-1,-1
183,533,824.00,973.00,17.00,16.00,1.00,-1,-1,-1
183,534,776.00,976.00,46.00,6.00,1.00,-1,-1,-1
183,535,597.00,1006.00,15.00,18.00,1.00,-1,-1,-1
183,536,654.00,984.00,17.00,22.00,1.00,-1,-1,-1
183,538,693.00,996.00,9.00,17.00,1.00,-1,-1,-1
183,539,554.00,935.00,33.00,27.00,1.00,-1,-1,-1
183,540,758.00,966.00,19.00,23.00,1.00,-1,-1,-1
183,543,163.00,936.00,22.00,52.00,1.00,-1,-1,-1
183,545,973.00,971.00,17.00,10.00,1.00,-1,-1,-1
183,548,638.00,975.00,28.00,34.00,1.00,-1,-1,-1
183,549,1022.00,951.00,17.00,16.00,1.00,-1,-1,-1
183,551,1048.00,958.00,36.00,60.00,1.00,-1,-1,-1
183,553,1131.00,952.00,28.00,61.00,1.00,-1,-1,-1
183,555,280.00,1075.00,40.00,4.00,1.00,-1,-1,-1
183,556,903.00,986.00,12.00,28.00,1.00,-1,-1,-1
183,557,748.00,953.00,13.00,15.00,1.00,-1,-1,-1
183,559,611.00,987.00,8.00,18.00,1.00,-1,-1,-1
183,561,783.00,966.00,31.00,7.00,1.00,-1,-1,-1
183,562,669.00,1024.00,20.00,25.00,1.00,-1,-1,-1
183,563,614.00,991.00,18.00,29.00,1.00,-1,-1,-1
183,565,988.00,951.00,24.00,21.00,1.00,-1,-1,-1
183,566,503.00,936.00,25.00,43.00,1.00,-1,-1,-1
183,568,478.00,954.00,16.00,10.00,1.00,-1,-1,-1
183,569,382.00,797.00,9.00,31.00,1.00,-1,-1,-1
183,570,543.00,998.00,17.00,11.00,1.00,-1,-1,-1
183,572,782.00,954.00,34.00,8.00,1.00,-1,-1,-1
183,577,283.00,900.00,13.00,12.00,1.00,-1,-1,-1
183,580,770.00,983.00,14.00,28.00,1.00,-1,-1,-1
183,582,934.00,957.00,14.00,21.00,1.00,-1,-1,-1
183,587,743.00,958.00,31.00,21.00,1.00,-1,-1,-1
183,589,464.00,980.00,20.00,43.00,1.00,-1,-1,-1
183,590,1421.00,957.00,39.00,59.00,1.00,-1,-1,-1
183,592,-15.00,263.00,26.00,47.00,1.00,-1,-1,-1
183,593,265.00,957.00,17.00,34.00,1.00,-1,-1,-1
183,601,468.00,964.00,20.00,39.00,1.00,-1,-1,-1
183,606,602.00,958.00,9.00,27.00,1.00,-1,-1,-1
183,609,397.00,962.00,12.00,13.00,1.00,-1,-1,-1
183,615,526.00,984.00,9.00,19.00,1.00,-1,-1,-1
183,617,393.00,860.00,16.00,44.00,1.00,-1,-1,-1
183,618,426.00,992.00,27.00,18.00,1.00,-1,-1,-1
183,619,863.00,949.00,24.00,13.00,1.00,-1,-1,-1
183,620,496.00,986.00,12.00,22.00,1.00,-1,-1,-1
183,622,896.00,967.00,22.00,8.00,1.00,-1,-1,-1
183,626,1773.00,521.00,26.00,22.00,1.00,-1,-1,-1
183,627,290.00,933.00,22.00,51.00,1.00,-1,-1,-1
183,644,641.00,937.00,11.00,15.00,1.00,-1,-1,-1
183,645,611.00,982.00,8.00,27.00,1.00,-1,-1,-1
183,648,441.00,591.00,26.00,47.00,1.00,-1,-1,-1
183,650,999.00,925.00,322.00,113.00,1.00,-1,-1,-1
183,653,911.00,953.00,37.00,52.00,1.00,-1,-1,-1
183,656,496.00,1074.00,23.00,6.00,1.00,-1,-1,-1
183,676,578.00,1072.00,33.00,8.00,1.00,-1,-1,-1
183,677,553.00,950.00,24.00,49.00,1.00,-1,-1,-1
183,680,963.00,951.00,47.00,63.00,1.00,-1,-1,-1
183,685,744.00,926.00,244.00,112.00,1.00,-1,-1,-1
183,688,694.00,948.00,19.00,18.00,1.00,-1,-1,-1
183,690,0.00,313.00,116.00,44.00,1.00,-1,-1,-1
184,5,-5.00,1048.00,27.00,59.00,1.00,-1,-1,-1
184,9,110.00,1030.00,43.00,30.00,1.00,-1,-1,-1
184,10,898.00,924.00,436.00,117.00,1.00,-1,-1,-1
184,15,-49.00,1025.00,128.00,72.00,1.00,-1,-1,-1
184,18,178.00,374.00,78.00,30.00,1.00,-1,-1,-1
184,21,906.00,422.00,78.00,44.00,1.00,-1,-1,-1
184,34,909.00,526.00,13.00,42.00,1.00,-1,-1,-1
184,37,921.00,514.00,19.00,33.00,1.00,-1,-1,-1
184,38,807.00,378.00,211.00,321.00,1.00,-1,-1,-1
184,39,830.00,502.00,90.00,58.00,1.00,-1,-1,-1
184,40,927.00,522.00,29.00,25.00,1.00,-1,-1,-1
184,43,482.00,951.00,12.00,18.00,1.00,-1,-1,-1
184,44,858.00,436.00,153.00,209.00,1.00,-1,-1,-1
184,48,-10.00,174.00,23.00,61.00,1.00,-1,-1,-1
184,49,983.00,419.00,15.00,11.00,1.00,-1,-1,-1
184,50,721.00,343.00,13.00,19.00,1.00,-1,-1,-1
184,72,20.00,350.00,11.00,15.00,1.00,-1,-1,-1
184,100,-2.00,478.00,11.00,36.00,1.00,-1,-1,-1
184,112,451.00,379.00,54.00,12.00,1.00,-1,-1,-1
184,113,1769.00,524.00,27.00,20.00,1.00,-1,-1,-1
184,114,487.00,448.00,22.00,16.00,1.00,-1,-1,-1
184,116,1339.00,477.00,118.00,23.00,1.00,-1,-1,-1
184,129,7.00,359.00,29.00,21.00,1.00,-1,-1,-1
184,135,190.00,325.00,499.00,99.00,1.00,-1,-1,-1
184,142,926.00,580.00,52.00,14.00,1.00,-1,-1,-1
184,148,299.00,444.00,40.00,25.00,1.00,-1,-1,-1
184,153,825.00,975.00,11.00,41.00,1.00,-1,-1,-1
184,158,-73.00,271.00,238.00,105.00,1.00,-1,-1,-1
184,166,-38.00,184.00,75.00,45.00,1.00,-1,-1,-1
184,182,814.00,378.00,266.00,323.00,1.00,-1,-1,-1
184,191,985.00,951.00,27.00,24.00,1.00,-1,-1,-1
184,193,802.00,975.00,41.00,65.00,1.00,-1,-1,-1
184,254,404.00,352.00,65.00,44.00,1.00,-1,-1,-1
184,257,203.00,348.00,29.00,10.00,1.00,-1,-1,-1
184,262,345.00,493.00,199.00,123.00,1.00,-1,-1,-1
184,283,384.00,461.00,27.00,18.00,1.00,-1,-1,-1
184,290,920.00,542.00,23.00,9.00,1.00,-1,-1,-1
184,296,919.00,514.00,25.00,32.00,1.00,-1,-1,-1
184,305,42.00,316.00,13.00,15.00,1.00,-1,-1,-1
184,306,50.00,570.00,10.00,15.00,1.00,-1,-1,-1
184,307,922.00,538.00,10.00,20.00,1.00,-1,-1,-1
184,309,931.00,519.00,20.00,24.00,1.00,-1,-1,-1
184,325,875.00,511.00,100.00,33.00,1.00,-1,-1,-1
184,347,581.00,996.00,26.00,20.00,1.00,-1,-1,-1
184,350,680.00,349.00,14.00,20.00,1.00,-1,-1,-1
184,352,492.00,440.00,13.00,33.00,1.00,-1,-1,-1
184,360,424.00,426.00,134.00,77.00,1.00,-1,-1,-1
184,362,733.00,342.00,15.00,13.00,1.00,-1,-1,-1
184,364,789.00,1028.00,17.00,112.00,1.00,-1,-1,-1
184,365,158.00,382.00,19.00,11.00,1.00,-1,-1,-1
184,373,923.00,496.00,64.00,31.00,1.00,-1,-1,-1
184,375,372.00,601.00,14.00,45.00,1.00,-1,-1,-1
184,382,6.00,287.00,41.00,40.00,1.00,-1,-1,-1
184,388,726.00,324.00,18.00,48.00,1.00,-1,-1,-1
184,389,-14.00,143.00,16.00,15.00,1.00,-1,-1,-1
184,390,775.00,975.00,9.00,29.00,1.00,-1,-1,-1
184,403,508.00,537.00,78.00,26.00,1.00,-1,-1,-1
184,423,59.00,622.00,15.00,18.00,1.00,-1,-1,-1
184,427,333.00,631.00,16.00,36.00,1.00,-1,-1,-1
184,428,-15.00,330.00,30.00,29.00,1.00,-1,-1,-1
184,434,922.00,548.00,20.00,7.00,1.00,-1,-1,-1
184,444,718.00,338.00,12.00,15.00,1.00,-1,-1,-1
184,445,948.00,432.00,12.00,14.00,1.00,-1,-1,-1
184,447,14.00,631.00,11.00,14.00,1.00,-1,-1,-1
184,448,-12.00,333.00,12.00,21.00,1.00,-1,-1,-1
184,450,601.00,711.00,15.00,12.00,1.00,-1,-1,-1
184,451,913.00,450.00,36.00,15.00,1.00,-1,-1,-1
184,452,19.00,800.00,14.00,15.00,1.00,-1,-1,-1
184,455,208.00,636.00,16.00,26.00,1.00,-1,-1,-1
184,456,714.00,337.00,22.00,9.00,1.00,-1,-1,-1
184,457,621.00,849.00,18.00,16.00,1.00,-1,-1,-1
184,458,396.00,360.00,109.00,52.00,1.00,-1,-1,-1
184,459,1270.00,966.00,150.00,41.00,1.00,-1,-1,-1
184,474,1407.00,993.00,48.00,38.00,1.00,-1,-1,-1
184,476,356.00,379.00,193.00,27.00,1.00,-1,-1,-1
184,481,1407.00,993.00,48.00,38.00,1.00,-1,-1,-1
184,483,1192.00,981.00,18.00,29.00,1.00,-1,-1,-1
184,485,644.00,322.00,90.00,130.00,1.00,-1,-1,-1
184,488,0.00,551.00,17.00,21.00,1.00,-1,-1,-1
184,492,1061.00,367.00,20.00,19.00,1.00,-1,-1,-1
184,495,403.00,434.00,172.00,76.00,1.00,-1,-1,-1
184,502,-24.00,139.00,48.00,33.00,1.00,-1,-1,-1
184,503,460.00,454.00,43.00,27.00,1.00,-1,-1,-1
184,508,444.00,401.00,22.00,23.00,1.00,-1,-1,-1
184,512,-408.00,547.00,1581.00,222.00,1.00,-1,-1,-1
184,528,314.00,733.00,77.00,27.00,1.00,-1,-1,-1
184,533,824.00,973.00,17.00,16.00,1.00,-1,-1,-1
184,534,776.00,976.00,46.00,6.00,1.00,-1,-1,-1
184,535,597.00,1006.00,15.00,18.00,1.00,-1,-1,-1
184,536,654.00,984.00,17.00,22.00,1.00,-1,-1,-1
184,538,693.00,996.00,9.00,17.00,1.00,-1,-1,-1
184,539,554.00,935.00,33.00,27.00,1.00,-1,-1,-1
184,540,750.00,979.00,19.00,23.00,1.00,-1,-1,-1
184,543,145.00,932.00,22.00,52.00,1.00,-1,-1,-1
184,545,973.00,971.00,17.00,10.00,1.00,-1,-1,-1
184,548,638.00,974.00,28.00,34.00,1.00,-1,-1,-1
184,549,1022.00,951.00,17.00,16.00,1.00,-1,-1,-1
184,551,1048.00,958.00,36.00,60.00,1.00,-1,-1,-1
184,553,1131.00,952.00,28.00,61.00,1.00,-1,-1,-1
184,555,261.00,1075.00,40.00,4.00,1.00,-1,-1,-1
184,556,903.00,986.00,12.00,28.00,1.00,-1,-1,-1
184,557,748.00,953.00,13.00,15.00,1.00,-1,-1,-1
184,559,611.00,987.00,8.00,18.00,1.00,-1,-1,-1
184,561,783.00,966.00,31.00,7.00,1.00,-1,-1,-1
184,562,650.00,1021.00,20.00,25.00,1.00,-1,-1,-1
184,563,614.00,991.00,18.00,29.00,1.00,-1,-1,-1
184,565,988.00,951.00,24.00,21.00,1.00,-1,-1,-1
184,566,503.00,936.00,25.00,43.00,1.00,-1,-1,-1
184,568,477.00,954.00,16.00,10.00,1.00,-1,-1,-1
184,569,364.00,794.00,9.00,31.00,1.00,-1,-1,-1
184,570,543.00,998.00,17.00,11.00,1.00,-1,-1,-1
184,572,782.00,954.00,34.00,8.00,1.00,-1,-1,-1
184,577,265.00,897.00,13.00,12.00,1.00,-1,-1,-1
184,580,744.00,977.00,14.00,28.00,1.00,-1,-1,-1
184,582,934.00,956.00,14.00,21.00,1.00,-1,-1,-1
184,587,743.00,958.00,31.00,21.00,1.00,-1,-1,-1
184,589,464.00,980.00,20.00,43.00,1.00,-1,-1,-1
184,590,1421.00,957.00,39.00,59.00,1.00,-1,-1,-1
184,592,-15.00,263.00,26.00,47.00,1.00,-1,-1,-1
184,593,247.00,953.00,17.00,34.00,1.00,-1,-1,-1
184,601,468.00,963.00,20.00,39.00,1.00,-1,-1,-1
184,606,601.00,956.00,9.00,27.00,1.00,-1,-1,-1
184,609,387.00,981.00,12.00,13.00,1.00,-1,-1,-1
184,615,526.00,984.00,9.00,19.00,1.00,-1,-1,-1
184,617,375.00,857.00,16.00,44.00,1.00,-1,-1,-1
184,618,426.00,992.00,27.00,18.00,1.00,-1,-1,-1
184,619,863.00,949.00,24.00,13.00,1.00,-1,-1,-1
184,620,496.00,986.00,12.00,22.00,1.00,-1,-1,-1
184,622,896.00,967.00,22.00,8.00,1.00,-1,-1,-1
184,626,1755.00,517.00,26.00,22.00,1.00,-1,-1,-1
184,627,271.00,929.00,22.00,51.00,1.00,-1,-1,-1
184,644,623.00,933.00,11.00,15.00,1.00,-1,-1,-1
184,645,612.00,982.00,8.00,27.00,1.00,-1,-1,-1
184,648,423.00,587.00,26.00,47.00,1.00,-1,-1,-1
184,650,1000.00,926.00,322.00,113.00,1.00,-1,-1,-1
184,653,911.00,953.00,37.00,52.00,1.00,-1,-1,-1
184,656,478.00,1074.00,23.00,6.00,1.00,-1,-1,-1
184,676,561.00,1071.00,33.00,8.00,1.00,-1,-1,-1
184,677,554.00,998.00,24.00,49.00,1.00,-1,-1,-1
184,680,964.00,951.00,47.00,63.00,1.00,-1,-1,-1
184,685,744.00,927.00,244.00,112.00,1.00,-1,-1,-1
184,688,693.00,948.00,19.00,18.00,1.00,-1,-1,-1
184,690,0.00,302.00,91.00,42.00,1.00,-1,-1,-1
185,5,-5.00,1048.00,27.00,59.00,1.00,-1,-1,-1
185,9,91.00,1025.00,43.00,30.00,1.00,-1,-1,-1
185,10,899.00,922.00,432.00,121.00,1.00,-1,-1,-1
185,15,-49.00,1025.00,128.00,72.00,1.00,-1,-1,-1
185,18,159.00,370.00,78.00,30.00,1.00,-1,-1,-1
185,21,925.00,428.00,78.00,44.00,1.00,-1,-1,-1
185,34,926.00,534.00,13.00,42.00,1.00,-1,-1,-1
185,37,939.00,522.00,19.00,33.00,1.00,-1,-1,-1
185,38,824.00,383.00,215.00,327.00,1.00,-1,-1,-1
185,39,847.00,511.00,90.00,58.00,1.00,-1,-1,-1
185,40,946.00,530.00,29.00,25.00,1.00,-1,-1,-1
185,43,482.00,951.00,12.00,18.00,1.00,-1,-1,-1
185,44,877.00,444.00,153.00,209.00,1.00,-1,-1,-1
185,48,-10.00,174.00,23.00,61.00,1.00,-1,-1,-1
185,49,854.00,439.00,15.00,11.00,1.00,-1,-1,-1
185,50,703.00,340.00,13.00,19.00,1.00,-1,-1,-1
185,72,20.00,350.00,11.00,15.00,1.00,-1,-1,-1
185,100,-2.00,478.00,11.00,36.00,1.00,-1,-1,-1
185,112,432.00,374.00,54.00,12.00,1.00,-1,-1,-1
185,113,1750.00,519.00,27.00,20.00,1.00,-1,-1,-1
185,114,468.00,444.00,22.00,16.00,1.00,-1,-1,-1
185,129,7.00,359.00,29.00,21.00,1.00,-1,-1,-1
185,135,171.00,320.00,499.00,99.00,1.00,-1,-1,-1
185,142,941.00,590.00,52.00,14.00,1.00,-1,-1,-1
185,148,280.00,440.00,40.00,25.00,1.00,-1,-1,-1
185,153,825.00,975.00,11.00,41.00,1.00,-1,-1,-1
185,158,-103.00,258.00,238.00,105.00,1.00,-1,-1,-1
185,166,-38.00,184.00,75.00,45.00,1.00,-1,-1,-1
185,182,832.00,386.00,266.00,323.00,1.00,-1,-1,-1
185,191,985.00,951.00,27.00,24.00,1.00,-1,-1,-1
185,193,802.00,975.00,41.00,65.00,1.00,-1,-1,-1
185,254,386.00,348.00,65.00,44.00,1.00,-1,-1,-1
185,257,183.00,344.00,29.00,10.00,1.00,-1,-1,-1
185,262,326.00,489.00,199.00,123.00,1.00,-1,-1,-1
185,283,365.00,456.00,27.00,18.00,1.00,-1,-1,-1
185,290,938.00,549.00,23.00,9.00,1.00,-1,-1,-1
185,296,938.00,522.00,25.00,32.00,1.00,-1,-1,-1
185,305,12.00,302.00,13.00,15.00,1.00,-1,-1,-1
185,306,32.00,566.00,10.00,15.00,1.00,-1,-1,-1
185,307,940.00,545.00,10.00,20.00,1.00,-1,-1,-1
185,309,950.00,527.00,20.00,24.00,1.00,-1,-1,-1
185,325,893.00,519.00,100.00,33.00,1.00,-1,-1,-1
185,347,581.00,996.00,26.00,20.00,1.00,-1,-1,-1
185,350,686.00,342.00,14.00,20.00,1.00,-1,-1,-1
185,352,472.00,436.00,13.00,33.00,1.00,-1,-1,-1
185,360,405.00,422.00,134.00,77.00,1.00,-1,-1,-1
185,362,714.00,337.00,15.00,13.00,1.00,-1,-1,-1
185,364,771.00,1028.00,17.00,112.00,1.00,-1,-1,-1
185,365,139.00,378.00,19.00,11.00,1.00,-1,-1,-1
185,373,942.00,503.00,64.00,31.00,1.00,-1,-1,-1
185,375,353.00,596.00,14.00,45.00,1.00,-1,-1,-1
185,382,-17.00,272.00,41.00,40.00,1.00,-1,-1,-1
185,388,726.00,324.00,18.00,48.00,1.00,-1,-1,-1
185,389,-14.00,143.00,16.00,15.00,1.00,-1,-1,-1
185,390,766.00,973.00,9.00,29.00,1.00,-1,-1,-1
185,403,489.00,533.00,78.00,26.00,1.00,-1,-1,-1
185,423,40.00,617.00,15.00,18.00,1.00,-1,-1,-1
185,427,314.00,627.00,16.00,36.00,1.00,-1,-1,-1
185,428,33.00,322.00,30.00,29.00,1.00,-1,-1,-1
185,434,940.00,556.00,20.00,7.00,1.00,-1,-1,-1
185,444,680.00,303.00,12.00,15.00,1.00,-1,-1,-1
185,445,967.00,437.00,12.00,14.00,1.00,-1,-1,-1
185,447,-7.00,626.00,11.00,14.00,1.00,-1,-1,-1
185,448,-12.00,333.00,12.00,21.00,1.00,-1,-1,-1
185,450,582.00,707.00,15.00,12.00,1.00,-1,-1,-1
185,451,928.00,463.00,36.00,15.00,1.00,-1,-1,-1
185,452,0.00,795.00,14.00,15.00,1.00,-1,-1,-1
185,455,189.00,632.00,16.00,26.00,1.00,-1,-1,-1
185,456,711.00,330.00,22.00,9.00,1.00,-1,-1,-1
185,457,602.00,845.00,18.00,16.00,1.00,-1,-1,-1
185,458,377.00,356.00,109.00,52.00,1.00,-1,-1,-1
185,459,1270.00,966.00,150.00,41.00,1.00,-1,-1,-1
185,469,0.00,298.00,58.00,35.00,1.00,-1,-1,-1
185,474,1407.00,993.00,48.00,38.00,1.00,-1,-1,-1
185,476,338.00,375.00,193.00,27.00,1.00,-1,-1,-1
185,481,1407.00,993.00,48.00,38.00,1.00,-1,-1,-1
185,483,1192.00,981.00,18.00,29.00,1.00,-1,-1,-1
185,485,650.00,315.00,130.00,168.00,1.00,-1,-1,-1
185,488,0.00,551.00,17.00,21.00,1.00,-1,-1,-1
185,492,1043.00,362.00,20.00,19.00,1.00,-1,-1,-1
185,495,384.00,430.00,172.00,76.00,1.00,-1,-1,-1
185,502,-24.00,139.00,48.00,33.00,1.00,-1,-1,-1
185,503,441.00,449.00,43.00,27.00,1.00,-1,-1,-1
185,508,425.00,397.00,22.00,23.00,1.00,-1,-1,-1
185,512,-428.00,543.00,1581.00,222.00,1.00,-1,-1,-1
185,528,295.00,729.00,77.00,27.00,1.00,-1,-1,-1
185,533,824.00,973.00,17.00,16.00,1.00,-1,-1,-1
185,534,776.00,976.00,46.00,6.00,1.00,-1,-1,-1
185,535,597.00,1006.00,15.00,18.00,1.00,-1,-1,-1
185,536,654.00,984.00,17.00,22.00,1.00,-1,-1,-1
185,538,693.00,996.00,9.00,17.00,1.00,-1,-1,-1
185,539,554.00,935.00,33.00,27.00,1.00,-1,-1,-1
185,540,744.00,992.00,19.00,23.00,1.00,-1,-1,-1
185,543,127.00,927.00,22.00,52.00,1.00,-1,-1,-1
185,545,973.00,971.00,17.00,10.00,1.00,-1,-1,-1
185,548,638.00,974.00,28.00,34.00,1.00,-1,-1,-1
185,549,1022.00,951.00,17.00,16.00,1.00,-1,-1,-1
185,551,1048.00,958.00,36.00,60.00,1.00,-1,-1,-1
185,553,1131.00,952.00,28.00,61.00,1.00,-1,-1,-1
185,555,240.00,1075.00,40.00,4.00,1.00,-1,-1,-1
185,556,903.00,986.00,12.00,28.00,1.00,-1,-1,-1
185,557,738.00,953.00,13.00,15.00,1.00,-1,-1,-1
185,559,611.00,987.00,8.00,18.00,1.00,-1,-1,-1
185,561,783.00,966.00,31.00,7.00,1.00,-1,-1,-1
185,562,655.00,1012.00,20.00,25.00,1.00,-1,-1,-1
185,563,614.00,991.00,18.00,29.00,1.00,-1,-1,-1
185,565,988.00,951.00,24.00,21.00,1.00,-1,-1,-1
185,566,503.00,936.00,25.00,43.00,1.00,-1,-1,-1
185,568,477.00,954.00,16.00,10.00,1.00,-1,-1,-1
185,569,345.00,789.00,9.00,31.00,1.00,-1,-1,-1
185,570,543.00,998.00,17.00,11.00,1.00,-1,-1,-1
185,572,782.00,954.00,34.00,8.00,1.00,-1,-1,-1
185,577,246.00,892.00,13.00,12.00,1.00,-1,-1,-1
185,580,744.00,977.00,14.00,28.00,1.00,-1,-1,-1
185,582,934.00,956.00,14.00,21.00,1.00,-1,-1,-1
185,587,731.00,966.00,31.00,21.00,1.00,-1,-1,-1
185,589,468.00,978.00,16.00,24.00,1.00,-1,-1,-1
185,590,1421.00,957.00,39.00,59.00,1.00,-1,-1,-1
185,592,-15.00,263.00,26.00,47.00,1.00,-1,-1,-1
185,593,228.00,949.00,17.00,34.00,1.00,-1,-1,-1
185,601,468.00,963.00,20.00,39.00,1.00,-1,-1,-1
185,606,601.00,956.00,9.00,27.00,1.00,-1,-1,-1
185,609,372.00,993.00,12.00,13.00,1.00,-1,-1,-1
185,615,527.00,984.00,9.00,19.00,1.00,-1,-1,-1
185,617,356.00,852.00,16.00,44.00,1.00,-1,-1,-1
185,618,426.00,992.00,27.00,18.00,1.00,-1,-1,-1
185,619,863.00,949.00,24.00,13.00,1.00,-1,-1,-1
185,620,496.00,986.00,12.00,22.00,1.00,-1,-1,-1
185,622,896.00,967.00,22.00,8.00,1.00,-1,-1,-1
185,626,1736.00,512.00,26.00,22.00,1.00,-1,-1,-1
185,627,252.00,925.00,22.00,51.00,1.00,-1,-1,-1
185,644,603.00,929.00,11.00,15.00,1.00,-1,-1,-1
185,645,612.00,982.00,8.00,27.00,1.00,-1,-1,-1
185,648,408.00,580.00,26.00,47.00,1.00,-1,-1,-1
185,650,1000.00,926.00,322.00,113.00,1.00,-1,-1,-1
185,653,911.00,953.00,37.00,52.00,1.00,-1,-1,-1
185,656,464.00,1074.00,23.00,6.00,1.00,-1,-1,-1
185,676,543.00,1071.00,33.00,8.00,1.00,-1,-1,-1
185,677,533.00,1005.00,24.00,49.00,1.00,-1,-1,-1
185,680,964.00,951.00,47.00,63.00,1.00,-1,-1,-1
185,685,721.00,928.00,271.00,105.00,1.00,-1,-1,-1
185,688,693.00,948.00,19.00,18.00,1.00,-1,-1,-1
185,690,-29.00,288.00,91.00,42.00,1.00,-1,-1,-1
185,692,1219.00,926.00,331.00,118.00,1.00,-1,-1,-1
185,693,388.00,945.00,40.00,70.00,1.00,-1,-1,-1
185,695,609.00,951.00,16.00,45.00,1.00,-1,-1,-1
186,5,-5.00,1048.00,27.00,59.00,1.00,-1,-1,-1
186,9,72.00,1020.00,43.00,30.00,1.00,-1,-1,-1
186,10,853.00,922.00,758.00,127.00,1.00,-1,-1,-1
186,15,-49.00,1025.00,128.00,72.00,1.00,-1,-1,-1
186,18,139.00,364.00,78.00,30.00,1.00,-1,-1,-1
186,21,944.00,436.00,78.00,44.00,1.00,-1,-1,-1
186,34,945.00,542.00,13.00,42.00,1.00,-1,-1,-1
186,37,957.00,530.00,19.00,33.00,1.00,-1,-1,-1
186,38,839.00,394.00,219.00,317.00,1.00,-1,-1,-1
186,39,865.00,519.00,90.00,58.00,1.00,-1,-1,-1
186,40,964.00,538.00,29.00,25.00,1.00,-1,-1,-1
186,43,482.00,951.00,12.00,18.00,1.00,-1,-1,-1
186,44,895.00,453.00,153.00,209.00,1.00,-1,-1,-1
186,48,-10.00,174.00,23.00,61.00,1.00,-1,-1,-1
186,49,835.00,433.00,15.00,11.00,1.00,-1,-1,-1
186,50,710.00,332.00,13.00,19.00,1.00,-1,-1,-1
186,100,-2.00,478.00,11.00,36.00,1.00,-1,-1,-1
186,112,413.00,369.00,54.00,12.00,1.00,-1,-1,-1
186,113,1730.00,514.00,27.00,20.00,1.00,-1,-1,-1
186,114,448.00,439.00,22.00,16.00,1.00,-1,-1,-1
186,135,152.00,315.00,499.00,99.00,1.00,-1,-1,-1
186,142,958.00,598.00,52.00,14.00,1.00,-1,-1,-1
186,148,260.00,434.00,40.00,25.00,1.00,-1,-1,-1
186,153,825.00,975.00,11.00,41.00,1.00,-1,-1,-1
186,158,-103.00,258.00,238.00,105.00,1.00,-1,-1,-1
186,166,-38.00,184.00,75.00,45.00,1.00,-1,-1,-1
186,182,850.00,395.00,266.00,323.00,1.00,-1,-1,-1
186,191,985.00,951.00,27.00,24.00,1.00,-1,-1,-1
186,193,802.00,975.00,41.00,65.00,1.00,-1,-1,-1
186,254,366.00,343.00,65.00,44.00,1.00,-1,-1,-1
186,257,164.00,339.00,29.00,10.00,1.00,-1,-1,-1
186,262,306.00,483.00,199.00,123.00,1.00,-1,-1,-1
186,283,346.00,451.00,27.00,18.00,1.00,-1,-1,-1
186,290,956.00,558.00,23.00,9.00,1.00,-1,-1,-1
186,296,956.00,531.00,25.00,32.00,1.00,-1,-1,-1
186,305,12.00,302.00,13.00,15.00,1.00,-1,-1,-1
186,306,12.00,560.00,10.00,15.00,1.00,-1,-1,-1
186,307,958.00,553.00,10.00,20.00,1.00,-1,-1,-1
186,309,968.00,536.00,20.00,24.00,1.00,-1,-1,-1
186,325,911.00,527.00,100.00,33.00,1.00,-1,-1,-1
186,347,582.00,997.00,26.00,20.00,1.00,-1,-1,-1
186,350,692.00,334.00,14.00,20.00,1.00,-1,-1,-1
186,352,453.00,431.00,13.00,33.00,1.00,-1,-1,-1
186,360,385.00,416.00,134.00,77.00,1.00,-1,-1,-1
186,362,718.00,329.00,15.00,13.00,1.00,-1,-1,-1
186,364,754.00,1028.00,17.00,112.00,1.00,-1,-1,-1
186,365,119.00,373.00,19.00,11.00,1.00,-1,-1,-1
186,373,960.00,512.00,64.00,31.00,1.00,-1,-1,-1
186,375,333.00,591.00,14.00,45.00,1.00,-1,-1,-1
186,382,-17.00,272.00,41.00,40.00,1.00,-1,-1,-1
186,388,726.00,324.00,18.00,48.00,1.00,-1,-1,-1
186,389,-14.00,143.00,16.00,15.00,1.00,-1,-1,-1
186,390,766.00,973.00,9.00,29.00,1.00,-1,-1,-1
186,403,470.00,527.00,78.00,26.00,1.00,-1,-1,-1
186,423,21.00,612.00,15.00,18.00,1.00,-1,-1,-1
186,427,294.00,622.00,16.00,36.00,1.00,-1,-1,-1
186,428,13.00,317.00,30.00,29.00,1.00,-1,-1,-1
186,434,958.00,564.00,20.00,7.00,1.00,-1,-1,-1
186,444,686.00,295.00,12.00,15.00,1.00,-1,-1,-1
186,445,986.00,445.00,12.00,14.00,1.00,-1,-1,-1
186,447,-7.00,626.00,11.00,14.00,1.00,-1,-1,-1
186,448,-12.00,333.00,12.00,21.00,1.00,-1,-1,-1
186,450,563.00,701.00,15.00,12.00,1.00,-1,-1,-1
186,451,946.00,473.00,36.00,15.00,1.00,-1,-1,-1
186,452,0.00,795.00,14.00,15.00,1.00,-1,-1,-1
186,455,198.00,660.00,16.00,26.00,1.00,-1,-1,-1
186,456,678.00,310.00,22.00,9.00,1.00,-1,-1,-1
186,457,583.00,839.00,18.00,16.00,1.00,-1,-1,-1
186,458,358.00,350.00,109.00,52.00,1.00,-1,-1,-1
186,459,1270.00,966.00,150.00,41.00,1.00,-1,-1,-1
186,469,-29.00,286.00,58.00,35.00,1.00,-1,-1,-1
186,474,1407.00,993.00,48.00,38.00,1.00,-1,-1,-1
186,476,318.00,370.00,193.00,27.00,1.00,-1,-1,-1
186,481,1407.00,993.00,48.00,38.00,1.00,-1,-1,-1
186,483,1192.00,981.00,18.00,29.00,1.00,-1,-1,-1
186,485,657.00,309.00,123.00,168.00,1.00,-1,-1,-1
186,488,0.00,551.00,17.00,21.00,1.00,-1,-1,-1
186,492,1023.00,356.00,20.00,19.00,1.00,-1,-1,-1
186,495,364.00,425.00,172.00,76.00,1.00,-1,-1,-1
186,502,-24.00,139.00,48.00,33.00,1.00,-1,-1,-1
186,503,421.00,444.00,43.00,27.00,1.00,-1,-1,-1
186,508,406.00,392.00,22.00,23.00,1.00,-1,-1,-1
186,512,-447.00,537.00,1581.00,222.00,1.00,-1,-1,-1
186,528,275.00,723.00,77.00,27.00,1.00,-1,-1,-1
186,533,824.00,973.00,17.00,16.00,1.00,-1,-1,-1
186,534,776.00,976.00,46.00,6.00,1.00,-1,-1,-1
186,535,596.00,1005.00,15.00,18.00,1.00,-1,-1,-1
186,536,654.00,984.00,17.00,22.00,1.00,-1,-1,-1
186,538,693.00,996.00,9.00,17.00,1.00,-1,-1,-1
186,539,554.00,935.00,33.00,27.00,1.00,-1,-1,-1
186,540,743.00,992.00,19.00,23.00,1.00,-1,-1,-1
186,543,107.00,922.00,22.00,52.00,1.00,-1,-1,-1
186,545,973.00,971.00,17.00,10.00,1.00,-1,-1,-1
186,548,638.00,974.00,28.00,34.00,1.00,-1,-1,-1
186,549,1022.00,951.00,17.00,16.00,1.00,-1,-1,-1
186,551,1048.00,958.00,36.00,60.00,1.00,-1,-1,-1
186,553,1131.00,952.00,28.00,61.00,1.00,-1,-1,-1
186,555,220.00,1075.00,40.00,4.00,1.00,-1,-1,-1
186,556,903.00,986.00,12.00,28.00,1.00,-1,-1,-1
186,557,738.00,953.00,13.00,15.00,1.00,-1,-1,-1
186,559,611.00,987.00,8.00,18.00,1.00,-1,-1,-1
186,561,783.00,966.00,31.00,7.00,1.00,-1,-1,-1
186,562,646.00,1024.00,20.00,25.00,1.00,-1,-1,-1
186,563,614.00,991.00,18.00,29.00,1.00,-1,-1,-1
186,565,988.00,951.00,24.00,21.00,1.00,-1,-1,-1
186,566,503.00,936.00,25.00,43.00,1.00,-1,-1,-1
186,568,477.00,954.00,16.00,10.00,1.00,-1,-1,-1
186,569,325.00,784.00,9.00,31.00,1.00,-1,-1,-1
186,570,543.00,998.00,17.00,11.00,1.00,-1,-1,-1
186,572,782.00,954.00,34.00,8.00,1.00,-1,-1,-1
186,577,226.00,886.00,13.00,12.00,1.00,-1,-1,-1
186,580,744.00,977.00,14.00,28.00,1.00,-1,-1,-1
186,582,934.00,956.00,14.00,21.00,1.00,-1,-1,-1
186,587,731.00,966.00,31.00,21.00,1.00,-1,-1,-1
186,589,468.00,978.00,16.00,24.00,1.00,-1,-1,-1
186,590,1421.00,957.00,39.00,59.00,1.00,-1,-1,-1
186,593,208.00,944.00,17.00,34.00,1.00,-1,-1,-1
186,601,468.00,963.00,20.00,39.00,1.00,-1,-1,-1
186,606,592.00,939.00,9.00,27.00,1.00,-1,-1,-1
186,609,352.00,987.00,12.00,13.00,1.00,-1,-1,-1
186,615,526.00,984.00,9.00,19.00,1.00,-1,-1,-1
186,617,336.00,847.00,16.00,44.00,1.00,-1,-1,-1
186,618,426.00,992.00,27.00,18.00,1.00,-1,-1,-1
186,619,863.00,949.00,24.00,13.00,1.00,-1,-1,-1
186,620,496.00,986.00,12.00,22.00,1.00,-1,-1,-1
186,622,896.00,967.00,22.00,8.00,1.00,-1,-1,-1
186,626,1717.00,507.00,26.00,22.00,1.00,-1,-1,-1
186,627,233.00,919.00,22.00,51.00,1.00,-1,-1,-1
186,644,584.00,924.00,11.00,15.00,1.00,-1,-1,-1
186,645,611.00,982.00,8.00,27.00,1.00,-1,-1,-1
186,648,429.00,580.00,26.00,47.00,1.00,-1,-1,-1
186,650,1000.00,926.00,322.00,113.00,1.00,-1,-1,-1
186,653,911.00,953.00,37.00,52.00,1.00,-1,-1,-1
186,656,445.00,1074.00,23.00,6.00,1.00,-1,-1,-1
186,669,28.00,315.00,28.00,20.00,1.00,-1,-1,-1
186,676,522.00,1072.00,39.00,8.00,1.00,-1,-1,-1
186,677,513.00,1001.00,24.00,49.00,1.00,-1,-1,-1
186,680,964.00,951.00,47.00,63.00,1.00,-1,-1,-1
186,685,715.00,924.00,278.00,120.00,1.00,-1,-1,-1
186,688,693.00,948.00,19.00,18.00,1.00,-1,-1,-1
186,690,-29.00,288.00,91.00,42.00,1.00,-1,-1,-1
186,692,1219.00,926.00,331.00,118.00,1.00,-1,-1,-1
186,693,388.00,946.00,39.00,39.00,1.00,-1,-1,-1
186,695,596.00,900.00,16.00,45.00,1.00,-1,-1,-1
186,701,688.00,945.00,20.00,10.00,1.00,-1,-1,-1
186,704,1903.00,301.00,17.00,11.00,1.00,-1,-1,-1
187,5,-5.00,1048.00,27.00,59.00,1.00,-1,-1,-1
187,9,50.00,1014.00,43.00,30.00,1.00,-1,-1,-1
187,10,853.00,922.00,758.00,127.00,1.00,-1,-1,-1
187,18,119.00,358.00,78.00,30.00,1.00,-1,-1,-1
187,21,964.00,445.00,78.00,44.00,1.00,-1,-1,-1
187,34,961.00,549.00,13.00,42.00,1.00,-1,-1,-1
187,37,974.00,537.00,19.00,33.00,1.00,-1,-1,-1
187,38,856.00,402.00,224.00,315.00,1.00,-1,-1,-1
187,39,883.00,525.00,90.00,58.00,1.00,-1,-1,-1
187,40,981.00,545.00,29.00,25.00,1.00,-1,-1,-1
187,43,481.00,951.00,12.00,18.00,1.00,-1,-1,-1
187,44,912.00,460.00,153.00,209.00,1.00,-1,-1,-1
187,48,-10.00,174.00,23.00,61.00,1.00,-1,-1,-1
187,49,815.00,427.00,15.00,11.00,1.00,-1,-1,-1
187,50,714.00,324.00,13.00,19.00,1.00,-1,-1,-1
187,112,392.00,363.00,54.00,12.00,1.00,-1,-1,-1
187,113,1708.00,508.00,27.00,20.00,1.00,-1,-1,-1
187,114,473.00,445.00,22.00,16.00,1.00,-1,-1,-1
187,135,131.00,309.00,499.00,99.00,1.00,-1,-1,-1
187,142,974.00,604.00,52.00,14.00,1.00,-1,-1,-1
187,148,239.00,428.00,40.00,25.00,1.00,-1,-1,-1
187,153,825.00,975.00,11.00,41.00,1.00,-1,-1,-1
187,158,-103.00,258.00,238.00,105.00,1.00,-1,-1,-1
187,166,-10.00,453.00,75.00,45.00,1.00,-1,-1,-1
187,182,867.00,402.00,266.00,323.00,1.00,-1,-1,-1
187,191,985.00,951.00,27.00,24.00,1.00,-1,-1,-1
187,193,802.00,975.00,41.00,65.00,1.00,-1,-1,-1
187,254,345.00,337.00,65.00,44.00,1.00,-1,-1,-1
187,257,143.00,333.00,29.00,10.00,1.00,-1,-1,-1
187,262,286.00,477.00,199.00,123.00,1.00,-1,-1,-1
187,283,325.00,445.00,27.00,18.00,1.00,-1,-1,-1
187,290,973.00,565.00,23.00,9.00,1.00,-1,-1,-1
187,296,972.00,537.00,25.00,32.00,1.00,-1,-1,-1
187,305,12.00,302.00,13.00,15.00,1.00,-1,-1,-1
187,306,12.00,560.00,10.00,15.00,1.00,-1,-1,-1
187,307,974.00,561.00,10.00,20.00,1.00,-1,-1,-1
187,309,985.00,542.00,20.00,24.00,1.00,-1,-1,-1
187,325,928.00,534.00,100.00,33.00,1.00,-1,-1,-1
187,347,581.00,996.00,26.00,20.00,1.00,-1,-1,-1
187,350,696.00,327.00,14.00,20.00,1.00,-1,-1,-1
187,352,474.00,439.00,13.00,33.00,1.00,-1,-1,-1
187,360,401.00,429.00,134.00,77.00,1.00,-1,-1,-1
187,362,719.00,321.00,15.00,13.00,1.00,-1,-1,-1
187,364,733.00,1028.00,17.00,112.00,1.00,-1,-1,-1
187,365,99.00,367.00,19.00,11.00,1.00,-1,-1,-1
187,373,978.00,519.00,64.00,31.00,1.00,-1,-1,-1
187,375,313.00,585.00,14.00,45.00,1.00,-1,-1,-1
187,382,-17.00,272.00,41.00,40.00,1.00,-1,-1,-1
187,390,766.00,973.00,9.00,29.00,1.00,-1,-1,-1
187,403,449.00,521.00,78.00,26.00,1.00,-1,-1,-1
187,423,0.00,607.00,15.00,18.00,1.00,-1,-1,-1
187,427,274.00,616.00,16.00,36.00,1.00,-1,-1,-1
187,428,13.00,317.00,30.00,29.00,1.00,-1,-1,-1
187,434,975.00,572.00,20.00,7.00,1.00,-1,-1,-1
187,444,690.00,288.00,12.00,15.00,1.00,-1,-1,-1
187,445,1006.00,455.00,12.00,14.00,1.00,-1,-1,-1
187,447,-7.00,626.00,11.00,14.00,1.00,-1,-1,-1
187,448,-12.00,333.00,12.00,21.00,1.00,-1,-1,-1
187,450,542.00,695.00,15.00,12.00,1.00,-1,-1,-1
187,451,968.00,475.00,36.00,15.00,1.00,-1,-1,-1
187,452,-1.00,819.00,14.00,15.00,1.00,-1,-1,-1
187,455,196.00,678.00,16.00,26.00,1.00,-1,-1,-1
187,456,682.00,302.00,22.00,9.00,1.00,-1,-1,-1
187,457,562.00,833.00,18.00,16.00,1.00,-1,-1,-1
187,458,337.00,344.00,109.00,52.00,1.00,-1,-1,-1
187,459,1270.00,966.00,150.00,41.00,1.00,-1,-1,-1
187,469,-28.00,296.00,58.00,35.00,1.00,-1,-1,-1
187,474,1407.00,993.00,48.00,38.00,1.00,-1,-1,-1
187,476,297.00,364.00,193.00,27.00,1.00,-1,-1,-1
187,481,1407.00,993.00,48.00,38.00,1.00,-1,-1,-1
187,483,1192.00,981.00,18.00,29.00,1.00,-1,-1,-1
187,485,663.00,303.00,120.00,171.00,1.00,-1,-1,-1
187,488,0.00,551.00,17.00,21.00,1.00,-1,-1,-1
187,492,1002.00,350.00,20.00,19.00,1.00,-1,-1,-1
187,495,344.00,419.00,172.00,76.00,1.00,-1,-1,-1
187,502,-24.00,139.00,48.00,33.00,1.00,-1,-1,-1
187,503,400.00,438.00,43.00,27.00,1.00,-1,-1,-1
187,508,385.00,386.00,22.00,23.00,1.00,-1,-1,-1
187,512,-468.00,531.00,1581.00,222.00,1.00,-1,-1,-1
187,528,254.00,717.00,77.00,27.00,1.00,-1,-1,-1
187,533,824.00,973.00,17.00,16.00,1.00,-1,-1,-1
187,534,776.00,976.00,46.00,6.00,1.00,-1,-1,-1
187,535,596.00,1005.00,15.00,18.00,1.00,-1,-1,-1
187,536,654.00,984.00,17.00,22.00,1.00,-1,-1,-1
187,538,693.00,996.00,9.00,17.00,1.00,-1,-1,-1
187,539,553.00,930.00,33.00,27.00,1.00,-1,-1,-1
187,540,743.00,992.00,19.00,23.00,1.00,-1,-1,-1
187,543,86.00,916.00,22.00,52.00,1.00,-1,-1,-1
187,545,973.00,971.00,17.00,10.00,1.00,-1,-1,-1
187,548,638.00,974.00,28.00,34.00,1.00,-1,-1,-1
187,549,1022.00,951.00,17.00,16.00,1.00,-1,-1,-1
187,551,1048.00,958.00,36.00,60.00,1.00,-1,-1,-1
187,553,1131.00,952.00,28.00,61.00,1.00,-1,-1,-1
187,555,199.00,1075.00,40.00,4.00,1.00,-1,-1,-1
187,556,903.00,986.00,12.00,28.00,1.00,-1,-1,-1
187,557,738.00,953.00,13.00,15.00,1.00,-1,-1,-1
187,559,611.00,987.00,8.00,18.00,1.00,-1,-1,-1
187,561,783.00,966.00,31.00,7.00,1.00,-1,-1,-1
187,562,625.00,1018.00,20.00,25.00,1.00,-1,-1,-1
187,563,614.00,991.00,18.00,29.00,1.00,-1,-1,-1
187,565,988.00,951.00,24.00,21.00,1.00,-1,-1,-1
187,566,503.00,936.00,25.00,43.00,1.00,-1,-1,-1
187,568,477.00,953.00,16.00,10.00,1.00,-1,-1,-1
187,569,304.00,778.00,9.00,31.00,1.00,-1,-1,-1
187,570,543.00,998.00,17.00,11.00,1.00,-1,-1,-1
187,572,782.00,954.00,34.00,8.00,1.00,-1,-1,-1
187,577,205.00,880.00,13.00,12.00,1.00,-1,-1,-1
187,580,744.00,977.00,14.00,28.00,1.00,-1,-1,-1
187,582,936.00,952.00,14.00,21.00,1.00,-1,-1,-1
187,587,731.00,966.00,31.00,21.00,1.00,-1,-1,-1
187,589,463.00,979.00,16.00,24.00,1.00,-1,-1,-1
187,590,1421.00,957.00,39.00,59.00,1.00,-1,-1,-1
187,593,187.00,938.00,17.00,34.00,1.00,-1,-1,-1
187,601,468.00,964.00,20.00,39.00,1.00,-1,-1,-1
187,606,597.00,949.00,9.00,27.00,1.00,-1,-1,-1
187,609,331.00,981.00,12.00,13.00,1.00,-1,-1,-1
187,615,526.00,984.00,9.00,19.00,1.00,-1,-1,-1
187,617,315.00,841.00,16.00,44.00,1.00,-1,-1,-1
187,618,426.00,991.00,27.00,18.00,1.00,-1,-1,-1
187,619,863.00,949.00,24.00,13.00,1.00,-1,-1,-1
187,620,496.00,986.00,12.00,22.00,1.00,-1,-1,-1
187,622,896.00,967.00,22.00,8.00,1.00,-1,-1,-1
187,626,1695.00,501.00,26.00,22.00,1.00,-1,-1,-1
187,627,212.00,913.00,22.00,51.00,1.00,-1,-1,-1
187,644,563.00,918.00,11.00,15.00,1.00,-1,-1,-1
187,645,611.00,982.00,8.00,27.00,1.00,-1,-1,-1
187,648,404.00,602.00,26.00,47.00,1.00,-1,-1,-1
187,650,1000.00,926.00,322.00,113.00,1.00,-1,-1,-1
187,656,426.00,1074.00,23.00,6.00,1.00,-1,-1,-1
187,669,5.00,310.00,18.00,14.00,1.00,-1,-1,-1
187,676,502.00,1071.00,39.00,8.00,1.00,-1,-1,-1
187,677,495.00,1001.00,24.00,49.00,1.00,-1,-1,-1
187,680,964.00,951.00,47.00,63.00,1.00,-1,-1,-1
187,685,715.00,924.00,278.00,120.00,1.00,-1,-1,-1
187,688,693.00,948.00,19.00,18.00,1.00,-1,-1,-1
187,690,-29.00,288.00,91.00,42.00,1.00,-1,-1,-1
187,692,1219.00,926.00,331.00,118.00,1.00,-1,-1,-1
187,693,387.00,946.00,39.00,39.00,1.00,-1,-1,-1
187,695,574.00,894.00,16.00,45.00,1.00,-1,-1,-1
187,701,687.00,950.00,20.00,10.00,1.00,-1,-1,-1
187,704,1900.00,301.00,20.00,10.00,1.00,-1,-1,-1
188,5,-5.00,1048.00,27.00,59.00,1.00,-1,-1,-1
188,9,27.00,1007.00,43.00,30.00,1.00,-1,-1,-1
188,10,853.00,922.00,758.00,127.00,1.00,-1,-1,-1
188,18,96.00,352.00,78.00,30.00,1.00,-1,-1,-1
188,21,982.00,450.00,78.00,44.00,1.00,-1,-1,-1
188,33,0.00,796.00,103.00,284.00,1.00,-1,-1,-1
188,34,977.00,556.00,13.00,42.00,1.00,-1,-1,-1
188,37,989.00,544.00,19.00,33.00,1.00,-1,-1,-1
188,38,871.00,408.00,224.00,315.00,1.00,-1,-1,-1
188,39,895.00,534.00,90.00,58.00,1.00,-1,-1,-1
188,40,996.00,552.00,29.00,25.00,1.00,-1,-1,-1
188,43,482.00,951.00,12.00,18.00,1.00,-1,-1,-1
188,44,945.00,479.00,94.00,140.00,1.00,-1,-1,-1
188,48,-10.00,174.00,23.00,61.00,1.00,-1,-1,-1
188,49,792.00,420.00,15.00,11.00,1.00,-1,-1,-1
188,50,717.00,315.00,13.00,19.00,1.00,-1,-1,-1
188,112,369.00,356.00,54.00,12.00,1.00,-1,-1,-1
188,113,1686.00,501.00,27.00,20.00,1.00,-1,-1,-1
188,114,450.00,438.00,22.00,16.00,1.00,-1,-1,-1
188,135,108.00,302.00,499.00,99.00,1.00,-1,-1,-1
188,142,989.00,611.00,52.00,14.00,1.00,-1,-1,-1
188,148,216.00,422.00,40.00,25.00,1.00,-1,-1,-1
188,153,825.00,975.00,11.00,41.00,1.00,-1,-1,-1
188,158,-103.00,258.00,238.00,105.00,1.00,-1,-1,-1
188,166,-34.00,448.00,75.00,45.00,1.00,-1,-1,-1
188,182,883.00,408.00,266.00,323.00,1.00,-1,-1,-1
188,191,985.00,951.00,27.00,24.00,1.00,-1,-1,-1
188,193,802.00,975.00,41.00,65.00,1.00,-1,-1,-1
188,254,322.00,330.00,65.00,44.00,1.00,-1,-1,-1
188,257,120.00,326.00,29.00,10.00,1.00,-1,-1,-1
188,262,317.00,475.00,199.00,123.00,1.00,-1,-1,-1
188,283,333.00,456.00,27.00,18.00,1.00,-1,-1,-1
188,290,988.00,571.00,23.00,9.00,1.00,-1,-1,-1
188,296,988.00,544.00,25.00,32.00,1.00,-1,-1,-1
188,305,12.00,302.00,13.00,15.00,1.00,-1,-1,-1
188,306,12.00,560.00,10.00,15.00,1.00,-1,-1,-1
188,307,990.00,567.00,10.00,20.00,1.00,-1,-1,-1
188,309,1000.00,549.00,20.00,24.00,1.00,-1,-1,-1
188,325,944.00,540.00,100.00,33.00,1.00,-1,-1,-1
188,347,581.00,996.00,26.00,20.00,1.00,-1,-1,-1
188,350,699.00,310.00,19.00,24.00,1.00,-1,-1,-1
188,352,451.00,432.00,13.00,33.00,1.00,-1,-1,-1
188,360,373.00,402.00,134.00,77.00,1.00,-1,-1,-1
188,362,720.00,311.00,15.00,13.00,1.00,-1,-1,-1
188,364,711.00,1028.00,17.00,112.00,1.00,-1,-1,-1
188,365,76.00,360.00,19.00,11.00,1.00,-1,-1,-1
188,373,995.00,525.00,64.00,31.00,1.00,-1,-1,-1
188,375,296.00,588.00,14.00,45.00,1.00,-1,-1,-1
188,382,-17.00,272.00,41.00,40.00,1.00,-1,-1,-1
188,390,766.00,973.00,9.00,29.00,1.00,-1,-1,-1
188,403,426.00,514.00,78.00,26.00,1.00,-1,-1,-1
188,423,0.00,607.00,15.00,18.00,1.00,-1,-1,-1
188,427,250.00,609.00,16.00,36.00,1.00,-1,-1,-1
188,428,13.00,317.00,30.00,29.00,1.00,-1,-1,-1
188,434,991.00,577.00,20.00,7.00,1.00,-1,-1,-1
188,444,692.00,280.00,12.00,15.00,1.00,-1,-1,-1
188,445,1024.00,459.00,12.00,14.00,1.00,-1,-1,-1
188,447,-7.00,626.00,11.00,14.00,1.00,-1,-1,-1
188,450,518.00,688.00,15.00,12.00,1.00,-1,-1,-1
188,451,990.00,470.00,36.00,15.00,1.00,-1,-1,-1
188,452,-1.00,819.00,14.00,15.00,1.00,-1,-1,-1
188,455,192.00,681.00,16.00,26.00,1.00,-1,-1,-1
188,456,684.00,294.00,22.00,9.00,1.00,-1,-1,-1
188,457,538.00,826.00,18.00,16.00,1.00,-1,-1,-1
188,458,314.00,338.00,109.00,52.00,1.00,-1,-1,-1
188,459,1270.00,966.00,150.00,41.00,1.00,-1,-1,-1
188,469,-28.00,296.00,58.00,35.00,1.00,-1,-1,-1
188,474,1407.00,993.00,48.00,38.00,1.00,-1,-1,-1
188,476,274.00,357.00,193.00,27.00,1.00,-1,-1,-1
188,481,1407.00,993.00,48.00,38.00,1.00,-1,-1,-1
188,483,1192.00,981.00,18.00,29.00,1.00,-1,-1,-1
188,485,664.00,295.00,120.00,171.00,1.00,-1,-1,-1
188,488,0.00,551.00,17.00,21.00,1.00,-1,-1,-1
188,492,980.00,343.00,20.00,19.00,1.00,-1,-1,-1
188,495,357.00,416.00,172.00,76.00,1.00,-1,-1,-1
188,502,-24.00,139.00,48.00,33.00,1.00,-1,-1,-1
188,503,377.00,431.00,43.00,27.00,1.00,-1,-1,-1
188,508,362.00,379.00,22.00,23.00,1.00,-1,-1,-1
188,512,-491.00,524.00,1581.00,222.00,1.00,-1,-1,-1
188,528,230.00,710.00,77.00,27.00,1.00,-1,-1,-1
188,533,824.00,973.00,17.00,16.00,1.00,-1,-1,-1
188,534,776.00,976.00,46.00,6.00,1.00,-1,-1,-1
188,535,595.00,1005.00,15.00,18.00,1.00,-1,-1,-1
188,536,654.00,984.00,17.00,22.00,1.00,-1,-1,-1
188,538,689.00,1027.00,9.00,17.00,1.00,-1,-1,-1
188,539,560.00,931.00,33.00,27.00,1.00,-1,-1,-1
188,540,743.00,992.00,19.00,23.00,1.00,-1,-1,-1
188,543,62.00,909.00,22.00,52.00,1.00,-1,-1,-1
188,545,973.00,971.00,17.00,10.00,1.00,-1,-1,-1
188,548,638.00,974.00,28.00,34.00,1.00,-1,-1,-1
188,549,1022.00,951.00,17.00,16.00,1.00,-1,-1,-1
188,551,1048.00,958.00,36.00,60.00,1.00,-1,-1,-1
188,553,1131.00,952.00,28.00,61.00,1.00,-1,-1,-1
188,555,177.00,1075.00,40.00,4.00,1.00,-1,-1,-1
188,556,903.00,986.00,12.00,28.00,1.00,-1,-1,-1
188,557,738.00,953.00,13.00,15.00,1.00,-1,-1,-1
188,559,611.00,987.00,8.00,18.00,1.00,-1,-1,-1
188,561,783.00,966.00,31.00,7.00,1.00,-1,-1,-1
188,562,601.00,1011.00,20.00,25.00,1.00,-1,-1,-1
188,563,614.00,991.00,18.00,29.00,1.00,-1,-1,-1
188,565,988.00,951.00,24.00,21.00,1.00,-1,-1,-1
188,566,503.00,936.00,25.00,43.00,1.00,-1,-1,-1
188,568,477.00,954.00,16.00,10.00,1.00,-1,-1,-1
188,569,281.00,684.00,9.00,31.00,1.00,-1,-1,-1
188,570,543.00,998.00,17.00,11.00,1.00,-1,-1,-1
188,572,782.00,954.00,34.00,8.00,1.00,-1,-1,-1
188,577,182.00,873.00,13.00,12.00,1.00,-1,-1,-1
188,580,744.00,977.00,14.00,28.00,1.00,-1,-1,-1
188,582,936.00,951.00,14.00,21.00,1.00,-1,-1,-1
188,587,731.00,966.00,31.00,21.00,1.00,-1,-1,-1
188,589,463.00,979.00,16.00,24.00,1.00,-1,-1,-1
188,590,1421.00,957.00,39.00,59.00,1.00,-1,-1,-1
188,593,163.00,931.00,17.00,34.00,1.00,-1,-1,-1
188,601,468.00,964.00,20.00,39.00,1.00,-1,-1,-1
188,606,587.00,934.00,9.00,27.00,1.00,-1,-1,-1
188,609,307.00,974.00,12.00,13.00,1.00,-1,-1,-1
188,615,526.00,984.00,9.00,19.00,1.00,-1,-1,-1
188,617,292.00,834.00,16.00,44.00,1.00,-1,-1,-1
188,618,426.00,991.00,27.00,18.00,1.00,-1,-1,-1
188,619,863.00,949.00,24.00,13.00,1.00,-1,-1,-1
188,620,496.00,986.00,12.00,22.00,1.00,-1,-1,-1
188,622,896.00,966.00,22.00,8.00,1.00,-1,-1,-1
188,626,1672.00,494.00,26.00,22.00,1.00,-1,-1,-1
188,627,188.00,906.00,22.00,51.00,1.00,-1,-1,-1
188,630,182.00,951.00,50.00,129.00,1.00,-1,-1,-1
188,635,792.00,334.00,43.00,21.00,1.00,-1,-1,-1
188,637,925.00,775.00,26.00,12.00,1.00,-1,-1,-1
188,644,539.00,910.00,11.00,15.00,1.00,-1,-1,-1
188,645,612.00,982.00,8.00,27.00,1.00,-1,-1,-1
188,648,384.00,571.00,26.00,47.00,1.00,-1,-1,-1
188,650,1000.00,926.00,322.00,113.00,1.00,-1,-1,-1
188,656,404.00,1074.00,23.00,6.00,1.00,-1,-1,-1
188,669,5.00,310.00,18.00,14.00,1.00,-1,-1,-1
188,676,480.00,1072.00,39.00,8.00,1.00,-1,-1,-1
188,677,476.00,1002.00,24.00,49.00,1.00,-1,-1,-1
188,680,964.00,951.00,47.00,63.00,1.00,-1,-1,-1
188,685,715.00,924.00,278.00,120.00,1.00,-1,-1,-1
188,688,705.00,959.00,19.00,18.00,1.00,-1,-1,-1
188,690,-29.00,288.00,91.00,42.00,1.00,-1,-1,-1
188,692,1219.00,926.00,331.00,118.00,1.00,-1,-1,-1
188,693,387.00,946.00,39.00,39.00,1.00,-1,-1,-1
188,695,551.00,887.00,16.00,45.00,1.00,-1,-1,-1
188,701,688.00,957.00,20.00,10.00,1.00,-1,-1,-1
188,704,1877.00,294.00,20.00,10.00,1.00,-1,-1,-1
189,5,-5.00,1048.00,27.00,59.00,1.00,-1,-1,-1
189,9,27.00,1007.00,43.00,30.00,1.00,-1,-1,-1
189,10,853.00,922.00,758.00,127.00,1.00,-1,-1,-1
189,18,96.00,352.00,78.00,30.00,1.00,-1,-1,-1
189,21,982.00,450.00,78.00,44.00,1.00,-1,-1,-1
189,33,0.00,796.00,103.00,284.00,1.00,-1,-1,-1
189,34,977.00,556.00,13.00,42.00,1.00,-1,-1,-1
189,37,989.00,544.00,19.00,33.00,1.00,-1,-1,-1
189,38,871.00,408.00,224.00,315.00,1.00,-1,-1,-1
189,39,895.00,534.00,90.00,58.00,1.00,-1,-1,-1
189,40,996.00,552.00,29.00,25.00,1.00,-1,-1,-1
189,43,482.00,951.00,12.00,18.00,1.00,-1,-1,-1
189,44,945.00,479.00,94.00,140.00,1.00,-1,-1,-1
189,48,-10.00,174.00,23.00,61.00,1.00,-1,-1,-1
189,49,792.00,420.00,15.00,11.00,1.00,-1,-1,-1
189,50,717.00,315.00,13.00,19.00,1.00,-1,-1,-1
189,112,369.00,356.00,54.00,12.00,1.00,-1,-1,-1
189,113,1686.00,501.00,27.00,20.00,1.00,-1,-1,-1
189,114,450.00,438.00,22.00,16.00,1.00,-1,-1,-1
189,135,108.00,302.00,499.00,99.00,1.00,-1,-1,-1
189,142,989.00,611.00,52.00,14.00,1.00,-1,-1,-1
189,148,216.00,422.00,40.00,25.00,1.00,-1,-1,-1
189,153,825.00,975.00,11.00,41.00,1.00,-1,-1,-1
189,158,-103.00,258.00,238.00,105.00,1.00,-1,-1,-1
189,166,-34.00,448.00,75.00,45.00,1.00,-1,-1,-1
189,182,883.00,408.00,266.00,323.00,1.00,-1,-1,-1
189,191,985.00,951.00,27.00,24.00,1.00,-1,-1,-1
189,193,802.00,975.00,41.00,65.00,1.00,-1,-1,-1
189,254,322.00,330.00,65.00,44.00,1.00,-1,-1,-1
189,257,120.00,326.00,29.00,10.00,1.00,-1,-1,-1
189,262,317.00,475.00,199.00,123.00,1.00,-1,-1,-1
189,283,333.00,456.00,27.00,18.00,1.00,-1,-1,-1
189,290,988.00,571.00,23.00,9.00,1.00,-1,-1,-1
189,296,988.00,544.00,25.00,32.00,1.00,-1,-1,-1
189,305,12.00,302.00,13.00,15.00,1.00,-1,-1,-1
189,306,12.00,560.00,10.00,15.00,1.00,-1,-1,-1
189,307,990.00,567.00,10.00,20.00,1.00,-1,-1,-1
189,309,1000.00,549.00,20.00,24.00,1.00,-1,-1,-1
189,325,944.00,540.00,100.00,33.00,1.00,-1,-1,-1
189,347,581.00,996.00,26.00,20.00,1.00,-1,-1,-1
189,350,699.00,310.00,19.00,24.00,1.00,-1,-1,-1
189,352,451.00,432.00,13.00,33.00,1.00,-1,-1,-1
189,360,373.00,402.00,134.00,77.00,1.00,-1,-1,-1
189,362,720.00,311.00,15.00,13.00,1.00,-1,-1,-1
189,364,711.00,1028.00,17.00,112.00,1.00,-1,-1,-1
189,365,76.00,360.00,19.00,11.00,1.00,-1,-1,-1
189,373,995.00,525.00,64.00,31.00,1.00,-1,-1,-1
189,375,296.00,588.00,14.00,45.00,1.00,-1,-1,-1
189,382,-17.00,272.00,41.00,40.00,1.00,-1,-1,-1
189,390,766.00,973.00,9.00,29.00,1.00,-1,-1,-1
189,403,426.00,514.00,78.00,26.00,1.00,-1,-1,-1
189,423,0.00,607.00,15.00,18.00,1.00,-1,-1,-1
189,427,250.00,609.00,16.00,36.00,1.00,-1,-1,-1
189,428,13.00,317.00,30.00,29.00,1.00,-1,-1,-1
189,434,991.00,577.00,20.00,7.00,1.00,-1,-1,-1
189,444,692.00,280.00,12.00,15.00,1.00,-1,-1,-1
189,445,1024.00,459.00,12.00,14.00,1.00,-1,-1,-1
189,447,-7.00,626.00,11.00,14.00,1.00,-1,-1,-1
189,450,518.00,688.00,15.00,12.00,1.00,-1,-1,-1
189,451,990.00,470.00,36.00,15.00,1.00,-1,-1,-1
189,452,-1.00,819.00,14.00,15.00,1.00,-1,-1,-1
189,455,192.00,681.00,16.00,26.00,1.00,-1,-1,-1
189,456,684.00,294.00,22.00,9.00,1.00,-1,-1,-1
189,457,538.00,826.00,18.00,16.00,1.00,-1,-1,-1
189,458,314.00,338.00,109.00,52.00,1.00,-1,-1,-1
189,459,1270.00,966.00,150.00,41.00,1.00,-1,-1,-1
189,469,-28.00,296.00,58.00,35.00,1.00,-1,-1,-1
189,474,1407.00,993.00,48.00,38.00,1.00,-1,-1,-1
189,476,274.00,357.00,193.00,27.00,1.00,-1,-1,-1
189,481,1407.00,993.00,48.00,38.00,1.00,-1,-1,-1
189,483,1192.00,981.00,18.00,29.00,1.00,-1,-1,-1
189,485,664.00,295.00,120.00,171.00,1.00,-1,-1,-1
189,488,0.00,551.00,17.00,21.00,1.00,-1,-1,-1
189,492,980.00,343.00,20.00,19.00,1.00,-1,-1,-1
189,495,357.00,416.00,172.00,76.00,1.00,-1,-1,-1
189,503,377.00,431.00,43.00,27.00,1.00,-1,-1,-1
189,508,362.00,379.00,22.00,23.00,1.00,-1,-1,-1
189,512,-491.00,524.00,1581.00,222.00,1.00,-1,-1,-1
189,528,230.00,710.00,77.00,27.00,1.00,-1,-1,-1
189,533,824.00,973.00,17.00,16.00,1.00,-1,-1,-1
189,534,776.00,976.00,46.00,6.00,1.00,-1,-1,-1
189,535,595.00,1005.00,15.00,18.00,1.00,-1,-1,-1
189,536,654.00,984.00,17.00,22.00,1.00,-1,-1,-1
189,538,689.00,1027.00,9.00,17.00,1.00,-1,-1,-1
189,539,560.00,931.00,33.00,27.00,1.00,-1,-1,-1
189,540,743.00,992.00,19.00,23.00,1.00,-1,-1,-1
189,543,62.00,909.00,22.00,52.00,1.00,-1,-1,-1
189,545,973.00,971.00,17.00,10.00,1.00,-1,-1,-1
189,548,638.00,974.00,28.00,34.00,1.00,-1,-1,-1
189,549,1022.00,951.00,17.00,16.00,1.00,-1,-1,-1
189,551,1048.00,958.00,36.00,60.00,1.00,-1,-1,-1
189,553,1131.00,952.00,28.00,61.00,1.00,-1,-1,-1
189,555,177.00,1075.00,40.00,4.00,1.00,-1,-1,-1
189,556,903.00,986.00,12.00,28.00,1.00,-1,-1,-1
189,557,738.00,953.00,13.00,15.00,1.00,-1,-1,-1
189,559,611.00,987.00,8.00,18.00,1.00,-1,-1,-1
189,561,783.00,966.00,31.00,7.00,1.00,-1,-1,-1
189,562,601.00,1011.00,20.00,25.00,1.00,-1,-1,-1
189,563,614.00,991.00,18.00,29.00,1.00,-1,-1,-1
189,565,988.00,951.00,24.00,21.00,1.00,-1,-1,-1
189,566,503.00,936.00,25.00,43.00,1.00,-1,-1,-1
189,568,477.00,954.00,16.00,10.00,1.00,-1,-1,-1
189,569,281.00,684.00,9.00,31.00,1.00,-1,-1,-1
189,570,543.00,998.00,17.00,11.00,1.00,-1,-1,-1
189,572,782.00,954.00,34.00,8.00,1.00,-1,-1,-1
189,577,182.00,873.00,13.00,12.00,1.00,-1,-1,-1
189,580,744.00,977.00,14.00,28.00,1.00,-1,-1,-1
189,582,936.00,951.00,14.00,21.00,1.00,-1,-1,-1
189,587,731.00,966.00,31.00,21.00,1.00,-1,-1,-1
189,589,463.00,979.00,16.00,24.00,1.00,-1,-1,-1
189,590,1421.00,957.00,39.00,59.00,1.00,-1,-1,-1
189,593,163.00,931.00,17.00,34.00,1.00,-1,-1,-1
189,601,468.00,964.00,20.00,39.00,1.00,-1,-1,-1
189,606,587.00,934.00,9.00,27.00,1.00,-1,-1,-1
189,609,307.00,974.00,12.00,13.00,1.00,-1,-1,-1
189,615,526.00,984.00,9.00,19.00,1.00,-1,-1,-1
189,617,292.00,834.00,16.00,44.00,1.00,-1,-1,-1
189,618,426.00,991.00,27.00,18.00,1.00,-1,-1,-1
189,619,863.00,949.00,24.00,13.00,1.00,-1,-1,-1
189,620,496.00,986.00,12.00,22.00,1.00,-1,-1,-1
189,622,896.00,966.00,22.00,8.00,1.00,-1,-1,-1
189,626,1672.00,494.00,26.00,22.00,1.00,-1,-1,-1
189,627,188.00,906.00,22.00,51.00,1.00,-1,-1,-1
189,630,182.00,951.00,50.00,129.00,1.00,-1,-1,-1
189,635,792.00,334.00,43.00,21.00,1.00,-1,-1,-1
189,637,925.00,775.00,26.00,12.00,1.00,-1,-1,-1
189,644,539.00,910.00,11.00,15.00,1.00,-1,-1,-1
189,645,612.00,982.00,8.00,27.00,1.00,-1,-1,-1
189,648,384.00,571.00,26.00,47.00,1.00,-1,-1,-1
189,650,1000.00,926.00,322.00,113.00,1.00,-1,-1,-1
189,656,404.00,1074.00,23.00,6.00,1.00,-1,-1,-1
189,669,5.00,310.00,18.00,14.00,1.00,-1,-1,-1
189,676,480.00,1072.00,39.00,8.00,1.00,-1,-1,-1
189,677,476.00,1002.00,24.00,49.00,1.00,-1,-1,-1
189,680,964.00,951.00,47.00,63.00,1.00,-1,-1,-1
189,685,715.00,924.00,278.00,120.00,1.00,-1,-1,-1
189,688,705.00,959.00,19.00,18.00,1.00,-1,-1,-1
189,690,-29.00,288.00,91.00,42.00,1.00,-1,-1,-1
189,692,1219.00,926.00,331.00,118.00,1.00,-1,-1,-1
189,693,387.00,946.00,39.00,39.00,1.00,-1,-1,-1
189,695,551.00,887.00,16.00,45.00,1.00,-1,-1,-1
189,701,688.00,957.00,20.00,10.00,1.00,-1,-1,-1
189,704,1877.00,294.00,20.00,10.00,1.00,-1,-1,-1
190,9,0.00,999.00,43.00,30.00,1.00,-1,-1,-1
190,10,853.00,922.00,758.00,127.00,1.00,-1,-1,-1
190,18,69.00,344.00,78.00,30.00,1.00,-1,-1,-1
190,21,996.00,445.00,78.00,44.00,1.00,-1,-1,-1
190,33,-26.00,788.00,103.00,284.00,1.00,-1,-1,-1
190,34,990.00,562.00,13.00,42.00,1.00,-1,-1,-1
190,37,1002.00,549.00,19.00,33.00,1.00,-1,-1,-1
190,38,884.00,412.00,229.00,316.00,1.00,-1,-1,-1
190,39,908.00,539.00,90.00,58.00,1.00,-1,-1,-1
190,40,1010.00,557.00,29.00,25.00,1.00,-1,-1,-1
190,43,482.00,951.00,12.00,18.00,1.00,-1,-1,-1
190,44,957.00,485.00,94.00,140.00,1.00,-1,-1,-1
190,48,87.00,197.00,23.00,61.00,1.00,-1,-1,-1
190,49,794.00,407.00,15.00,11.00,1.00,-1,-1,-1
190,50,717.00,306.00,13.00,19.00,1.00,-1,-1,-1
190,112,335.00,378.00,54.00,12.00,1.00,-1,-1,-1
190,113,1660.00,492.00,27.00,20.00,1.00,-1,-1,-1
190,114,424.00,430.00,22.00,16.00,1.00,-1,-1,-1
190,135,82.00,295.00,499.00,99.00,1.00,-1,-1,-1
190,142,1001.00,616.00,52.00,14.00,1.00,-1,-1,-1
190,148,190.00,414.00,40.00,25.00,1.00,-1,-1,-1
190,153,825.00,975.00,11.00,41.00,1.00,-1,-1,-1
190,158,-103.00,258.00,238.00,105.00,1.00,-1,-1,-1
190,166,-42.00,413.00,75.00,45.00,1.00,-1,-1,-1
190,182,896.00,414.00,266.00,323.00,1.00,-1,-1,-1
190,191,985.00,951.00,27.00,24.00,1.00,-1,-1,-1
190,193,802.00,975.00,41.00,65.00,1.00,-1,-1,-1
190,254,296.00,322.00,65.00,44.00,1.00,-1,-1,-1
190,257,93.00,318.00,29.00,10.00,1.00,-1,-1,-1
190,262,291.00,468.00,199.00,123.00,1.00,-1,-1,-1
190,283,307.00,448.00,27.00,18.00,1.00,-1,-1,-1
190,290,1001.00,577.00,23.00,9.00,1.00,-1,-1,-1
190,296,1001.00,549.00,25.00,32.00,1.00,-1,-1,-1
190,305,12.00,302.00,13.00,15.00,1.00,-1,-1,-1
190,306,228.00,772.00,10.00,15.00,1.00,-1,-1,-1
190,307,1002.00,572.00,10.00,20.00,1.00,-1,-1,-1
190,309,1014.00,554.00,20.00,24.00,1.00,-1,-1,-1
190,325,957.00,545.00,100.00,33.00,1.00,-1,-1,-1
190,347,591.00,1007.00,26.00,20.00,1.00,-1,-1,-1
190,350,698.00,301.00,19.00,24.00,1.00,-1,-1,-1
190,352,425.00,425.00,13.00,33.00,1.00,-1,-1,-1
190,360,394.00,501.00,134.00,77.00,1.00,-1,-1,-1
190,362,717.00,299.00,15.00,13.00,1.00,-1,-1,-1
190,364,632.00,825.00,17.00,112.00,1.00,-1,-1,-1
190,365,49.00,352.00,19.00,11.00,1.00,-1,-1,-1
190,373,1008.00,531.00,64.00,31.00,1.00,-1,-1,-1
190,375,299.00,600.00,14.00,45.00,1.00,-1,-1,-1
190,382,-17.00,272.00,41.00,40.00,1.00,-1,-1,-1
190,390,766.00,973.00,9.00,29.00,1.00,-1,-1,-1
190,403,399.00,506.00,78.00,26.00,1.00,-1,-1,-1
190,423,0.00,607.00,15.00,18.00,1.00,-1,-1,-1
190,427,224.00,601.00,16.00,36.00,1.00,-1,-1,-1
190,428,13.00,317.00,30.00,29.00,1.00,-1,-1,-1
190,434,1004.00,583.00,20.00,7.00,1.00,-1,-1,-1
190,444,692.00,272.00,12.00,15.00,1.00,-1,-1,-1
190,445,1040.00,457.00,12.00,14.00,1.00,-1,-1,-1
190,447,-7.00,626.00,11.00,14.00,1.00,-1,-1,-1
190,450,492.00,681.00,15.00,12.00,1.00,-1,-1,-1
190,451,1019.00,458.00,36.00,15.00,1.00,-1,-1,-1
190,452,-1.00,819.00,14.00,15.00,1.00,-1,-1,-1
190,455,160.00,664.00,16.00,26.00,1.00,-1,-1,-1
190,456,684.00,286.00,22.00,9.00,1.00,-1,-1,-1
190,457,512.00,819.00,18.00,16.00,1.00,-1,-1,-1
190,458,324.00,343.00,109.00,52.00,1.00,-1,-1,-1
190,459,1270.00,966.00,150.00,41.00,1.00,-1,-1,-1
190,469,-28.00,296.00,58.00,35.00,1.00,-1,-1,-1
190,474,1407.00,993.00,48.00,38.00,1.00,-1,-1,-1
190,476,294.00,372.00,193.00,27.00,1.00,-1,-1,-1
190,481,1407.00,993.00,48.00,38.00,1.00,-1,-1,-1
190,483,1192.00,981.00,18.00,29.00,1.00,-1,-1,-1
190,485,663.00,286.00,120.00,171.00,1.00,-1,-1,-1
190,488,7.00,571.00,17.00,21.00,1.00,-1,-1,-1
190,492,954.00,336.00,20.00,19.00,1.00,-1,-1,-1
190,495,338.00,380.00,172.00,76.00,1.00,-1,-1,-1
190,503,385.00,440.00,43.00,27.00,1.00,-1,-1,-1
190,508,393.00,391.00,22.00,23.00,1.00,-1,-1,-1
190,512,-489.00,520.00,1581.00,222.00,1.00,-1,-1,-1
190,528,204.00,702.00,77.00,27.00,1.00,-1,-1,-1
190,533,824.00,973.00,17.00,16.00,1.00,-1,-1,-1
190,534,776.00,976.00,46.00,6.00,1.00,-1,-1,-1
190,535,599.00,1007.00,15.00,18.00,1.00,-1,-1,-1
190,536,654.00,984.00,17.00,22.00,1.00,-1,-1,-1
190,538,665.00,1023.00,9.00,17.00,1.00,-1,-1,-1
190,539,542.00,933.00,33.00,27.00,1.00,-1,-1,-1
190,540,743.00,992.00,19.00,23.00,1.00,-1,-1,-1
190,543,35.00,902.00,22.00,52.00,1.00,-1,-1,-1
190,545,973.00,971.00,17.00,10.00,1.00,-1,-1,-1
190,548,638.00,974.00,28.00,34.00,1.00,-1,-1,-1
190,549,1022.00,951.00,17.00,16.00,1.00,-1,-1,-1
190,551,1048.00,958.00,36.00,60.00,1.00,-1,-1,-1
190,553,1131.00,952.00,28.00,61.00,1.00,-1,-1,-1
190,555,177.00,1075.00,40.00,4.00,1.00,-1,-1,-1
190,556,903.00,986.00,12.00,28.00,1.00,-1,-1,-1
190,557,738.00,953.00,13.00,15.00,1.00,-1,-1,-1
190,559,611.00,987.00,8.00,18.00,1.00,-1,-1,-1
190,561,783.00,966.00,31.00,7.00,1.00,-1,-1,-1
190,562,596.00,1009.00,20.00,25.00,1.00,-1,-1,-1
190,563,614.00,991.00,18.00,29.00,1.00,-1,-1,-1
190,565,988.00,951.00,24.00,21.00,1.00,-1,-1,-1
190,566,503.00,936.00,25.00,43.00,1.00,-1,-1,-1
190,568,477.00,954.00,16.00,10.00,1.00,-1,-1,-1
190,569,254.00,676.00,9.00,31.00,1.00,-1,-1,-1
190,570,543.00,998.00,17.00,11.00,1.00,-1,-1,-1
190,572,782.00,954.00,34.00,8.00,1.00,-1,-1,-1
190,577,155.00,865.00,13.00,12.00,1.00,-1,-1,-1
190,580,744.00,977.00,14.00,28.00,1.00,-1,-1,-1
190,582,936.00,951.00,14.00,21.00,1.00,-1,-1,-1
190,587,731.00,966.00,31.00,21.00,1.00,-1,-1,-1
190,589,462.00,979.00,16.00,24.00,1.00,-1,-1,-1
190,590,1421.00,957.00,39.00,59.00,1.00,-1,-1,-1
190,593,137.00,923.00,17.00,34.00,1.00,-1,-1,-1
190,601,467.00,964.00,20.00,39.00,1.00,-1,-1,-1
190,606,608.00,923.00,9.00,27.00,1.00,-1,-1,-1
190,609,281.00,967.00,12.00,13.00,1.00,-1,-1,-1
190,615,526.00,984.00,9.00,19.00,1.00,-1,-1,-1
190,617,266.00,827.00,16.00,44.00,1.00,-1,-1,-1
190,618,427.00,991.00,27.00,18.00,1.00,-1,-1,-1
190,619,863.00,950.00,24.00,13.00,1.00,-1,-1,-1
190,620,495.00,986.00,12.00,22.00,1.00,-1,-1,-1
190,622,896.00,966.00,22.00,8.00,1.00,-1,-1,-1
190,626,1646.00,485.00,26.00,22.00,1.00,-1,-1,-1
190,627,161.00,898.00,22.00,51.00,1.00,-1,-1,-1
190,630,160.00,504.00,50.00,129.00,1.00,-1,-1,-1
190,635,765.00,326.00,43.00,21.00,1.00,-1,-1,-1
190,637,899.00,767.00,26.00,12.00,1.00,-1,-1,-1
190,644,513.00,902.00,11.00,15.00,1.00,-1,-1,-1
190,645,612.00,982.00,8.00,27.00,1.00,-1,-1,-1
190,648,363.00,547.00,26.00,47.00,1.00,-1,-1,-1
190,650,1000.00,926.00,322.00,113.00,1.00,-1,-1,-1
190,656,399.00,1074.00,23.00,6.00,1.00,-1,-1,-1
190,667,152.00,673.00,17.00,20.00,1.00,-1,-1,-1
190,669,5.00,310.00,18.00,14.00,1.00,-1,-1,-1
190,676,480.00,1072.00,39.00,8.00,1.00,-1,-1,-1
190,677,452.00,1003.00,24.00,49.00,1.00,-1,-1,-1
190,680,964.00,951.00,47.00,63.00,1.00,-1,-1,-1
190,685,715.00,924.00,278.00,120.00,1.00,-1,-1,-1
190,688,705.00,959.00,19.00,18.00,1.00,-1,-1,-1
190,690,-29.00,288.00,91.00,42.00,1.00,-1,-1,-1
190,692,1219.00,926.00,331.00,118.00,1.00,-1,-1,-1
190,693,387.00,945.00,39.00,39.00,1.00,-1,-1,-1
190,695,525.00,879.00,16.00,45.00,1.00,-1,-1,-1
190,701,688.00,964.00,20.00,10.00,1.00,-1,-1,-1
190,704,1851.00,286.00,20.00,10.00,1.00,-1,-1,-1
191,9,0.00,999.00,43.00,30.00,1.00,-1,-1,-1
191,10,146.00,900.00,1615.00,177.00,1.00,-1,-1,-1
191,18,40.00,336.00,78.00,30.00,1.00,-1,-1,-1
191,21,986.00,435.00,78.00,44.00,1.00,-1,-1,-1
191,33,-26.00,788.00,103.00,284.00,1.00,-1,-1,-1
191,34,999.00,566.00,13.00,42.00,1.00,-1,-1,-1
191,37,1012.00,553.00,19.00,33.00,1.00,-1,-1,-1
191,38,894.00,416.00,232.00,315.00,1.00,-1,-1,-1
191,39,918.00,543.00,90.00,58.00,1.00,-1,-1,-1
191,40,1020.00,563.00,29.00,25.00,1.00,-1,-1,-1
191,43,482.00,951.00,12.00,18.00,1.00,-1,-1,-1
191,44,968.00,490.00,94.00,140.00,1.00,-1,-1,-1
191,48,87.00,197.00,23.00,61.00,1.00,-1,-1,-1
191,49,784.00,395.00,15.00,11.00,1.00,-1,-1,-1
191,50,713.00,295.00,13.00,19.00,1.00,-1,-1,-1
191,112,305.00,370.00,54.00,12.00,1.00,-1,-1,-1
191,113,1661.00,470.00,27.00,20.00,1.00,-1,-1,-1
191,114,424.00,430.00,22.00,16.00,1.00,-1,-1,-1
191,135,53.00,286.00,499.00,99.00,1.00,-1,-1,-1
191,142,1009.00,620.00,52.00,14.00,1.00,-1,-1,-1
191,148,160.00,406.00,40.00,25.00,1.00,-1,-1,-1
191,153,825.00,975.00,11.00,41.00,1.00,-1,-1,-1
191,166,9.00,433.00,75.00,45.00,1.00,-1,-1,-1
191,182,906.00,419.00,266.00,323.00,1.00,-1,-1,-1
191,191,985.00,951.00,27.00,24.00,1.00,-1,-1,-1
191,193,802.00,975.00,41.00,65.00,1.00,-1,-1,-1
191,254,266.00,314.00,65.00,44.00,1.00,-1,-1,-1
191,257,64.00,310.00,29.00,10.00,1.00,-1,-1,-1
191,262,261.00,459.00,199.00,123.00,1.00,-1,-1,-1
191,283,332.00,423.00,27.00,18.00,1.00,-1,-1,-1
191,290,1011.00,582.00,23.00,9.00,1.00,-1,-1,-1
191,296,1011.00,554.00,25.00,32.00,1.00,-1,-1,-1
191,306,201.00,746.00,10.00,15.00,1.00,-1,-1,-1
191,307,1012.00,577.00,10.00,20.00,1.00,-1,-1,-1
191,309,1024.00,559.00,20.00,24.00,1.00,-1,-1,-1
191,325,969.00,550.00,100.00,33.00,1.00,-1,-1,-1
191,347,591.00,1006.00,26.00,20.00,1.00,-1,-1,-1
191,350,694.00,292.00,19.00,24.00,1.00,-1,-1,-1
191,352,395.00,417.00,13.00,33.00,1.00,-1,-1,-1
191,360,373.00,519.00,134.00,77.00,1.00,-1,-1,-1
191,362,712.00,284.00,15.00,13.00,1.00,-1,-1,-1
191,364,632.00,825.00,17.00,112.00,1.00,-1,-1,-1
191,365,19.00,344.00,19.00,11.00,1.00,-1,-1,-1
191,373,1018.00,537.00,64.00,31.00,1.00,-1,-1,-1
191,375,300.00,592.00,14.00,45.00,1.00,-1,-1,-1
191,390,766.00,973.00,9.00,29.00,1.00,-1,-1,-1
191,403,370.00,498.00,78.00,26.00,1.00,-1,-1,-1
191,423,116.00,629.00,15.00,18.00,1.00,-1,-1,-1
191,427,194.00,593.00,16.00,36.00,1.00,-1,-1,-1
191,428,13.00,317.00,30.00,29.00,1.00,-1,-1,-1
191,434,1014.00,588.00,20.00,7.00,1.00,-1,-1,-1
191,444,688.00,263.00,12.00,15.00,1.00,-1,-1,-1
191,445,1014.00,463.00,12.00,14.00,1.00,-1,-1,-1
191,450,473.00,695.00,15.00,12.00,1.00,-1,-1,-1
191,451,1041.00,442.00,36.00,15.00,1.00,-1,-1,-1
191,452,-1.00,819.00,14.00,15.00,1.00,-1,-1,-1
191,455,127.00,641.00,16.00,26.00,1.00,-1,-1,-1
191,456,681.00,277.00,22.00,9.00,1.00,-1,-1,-1
191,457,481.00,810.00,18.00,16.00,1.00,-1,-1,-1
191,458,294.00,335.00,109.00,52.00,1.00,-1,-1,-1
191,459,1270.00,966.00,150.00,41.00,1.00,-1,-1,-1
191,469,-28.00,296.00,58.00,35.00,1.00,-1,-1,-1
191,474,1407.00,993.00,48.00,38.00,1.00,-1,-1,-1
191,476,264.00,364.00,193.00,27.00,1.00,-1,-1,-1
191,481,1407.00,993.00,48.00,38.00,1.00,-1,-1,-1
191,483,1192.00,981.00,18.00,29.00,1.00,-1,-1,-1
191,485,660.00,278.00,116.00,166.00,1.00,-1,-1,-1
191,488,7.00,571.00,17.00,21.00,1.00,-1,-1,-1
191,492,924.00,327.00,20.00,19.00,1.00,-1,-1,-1
191,495,308.00,372.00,172.00,76.00,1.00,-1,-1,-1
191,503,390.00,442.00,43.00,27.00,1.00,-1,-1,-1
191,508,373.00,401.00,22.00,23.00,1.00,-1,-1,-1
191,512,-500.00,531.00,1581.00,222.00,1.00,-1,-1,-1
191,528,174.00,694.00,77.00,27.00,1.00,-1,-1,-1
191,533,824.00,973.00,17.00,16.00,1.00,-1,-1,-1
191,534,776.00,976.00,46.00,6.00,1.00,-1,-1,-1
191,535,599.00,1007.00,15.00,18.00,1.00,-1,-1,-1
191,536,653.00,983.00,17.00,22.00,1.00,-1,-1,-1
191,538,637.00,1023.00,9.00,17.00,1.00,-1,-1,-1
191,539,557.00,930.00,33.00,27.00,1.00,-1,-1,-1
191,540,743.00,992.00,19.00,23.00,1.00,-1,-1,-1
191,543,35.00,902.00,22.00,52.00,1.00,-1,-1,-1
191,545,973.00,971.00,17.00,10.00,1.00,-1,-1,-1
191,548,638.00,975.00,28.00,34.00,1.00,-1,-1,-1
191,549,1022.00,951.00,17.00,16.00,1.00,-1,-1,-1
191,551,1048.00,958.00,36.00,60.00,1.00,-1,-1,-1
191,553,1131.00,952.00,28.00,61.00,1.00,-1,-1,-1
191,555,230.00,1063.00,40.00,4.00,1.00,-1,-1,-1
191,556,903.00,986.00,12.00,28.00,1.00,-1,-1,-1
191,557,738.00,953.00,13.00,15.00,1.00,-1,-1,-1
191,559,611.00,987.00,8.00,18.00,1.00,-1,-1,-1
191,561,783.00,966.00,31.00,7.00,1.00,-1,-1,-1
191,562,569.00,999.00,20.00,25.00,1.00,-1,-1,-1
191,563,614.00,991.00,18.00,29.00,1.00,-1,-1,-1
191,565,988.00,951.00,24.00,21.00,1.00,-1,-1,-1
191,566,503.00,936.00,25.00,43.00,1.00,-1,-1,-1
191,567,497.00,841.00,8.00,17.00,1.00,-1,-1,-1
191,568,477.00,954.00,16.00,10.00,1.00,-1,-1,-1
191,569,224.00,668.00,9.00,31.00,1.00,-1,-1,-1
191,570,543.00,998.00,17.00,11.00,1.00,-1,-1,-1
191,572,782.00,954.00,34.00,8.00,1.00,-1,-1,-1
191,577,126.00,824.00,13.00,12.00,1.00,-1,-1,-1
191,580,744.00,977.00,14.00,28.00,1.00,-1,-1,-1
191,582,936.00,951.00,14.00,21.00,1.00,-1,-1,-1
191,587,731.00,966.00,31.00,21.00,1.00,-1,-1,-1
191,589,462.00,979.00,16.00,24.00,1.00,-1,-1,-1
191,590,1421.00,957.00,39.00,59.00,1.00,-1,-1,-1
191,593,107.00,915.00,17.00,34.00,1.00,-1,-1,-1
191,601,467.00,964.00,20.00,39.00,1.00,-1,-1,-1
191,606,608.00,923.00,9.00,27.00,1.00,-1,-1,-1
191,609,250.00,958.00,12.00,13.00,1.00,-1,-1,-1
191,615,526.00,984.00,9.00,19.00,1.00,-1,-1,-1
191,617,236.00,818.00,16.00,44.00,1.00,-1,-1,-1
191,618,422.00,992.00,27.00,18.00,1.00,-1,-1,-1
191,619,863.00,950.00,24.00,13.00,1.00,-1,-1,-1
191,620,495.00,986.00,12.00,22.00,1.00,-1,-1,-1
191,622,896.00,967.00,22.00,8.00,1.00,-1,-1,-1
191,626,1616.00,477.00,26.00,22.00,1.00,-1,-1,-1
191,627,131.00,890.00,22.00,51.00,1.00,-1,-1,-1
191,630,170.00,592.00,50.00,129.00,1.00,-1,-1,-1
191,635,736.00,317.00,43.00,21.00,1.00,-1,-1,-1
191,637,870.00,757.00,26.00,12.00,1.00,-1,-1,-1
191,644,482.00,893.00,11.00,15.00,1.00,-1,-1,-1
191,645,612.00,982.00,8.00,27.00,1.00,-1,-1,-1
191,648,383.00,501.00,26.00,47.00,1.00,-1,-1,-1
191,650,1000.00,926.00,322.00,113.00,1.00,-1,-1,-1
191,656,371.00,1074.00,23.00,6.00,1.00,-1,-1,-1
191,667,140.00,650.00,17.00,20.00,1.00,-1,-1,-1
191,669,5.00,310.00,18.00,14.00,1.00,-1,-1,-1
191,676,431.00,1072.00,39.00,8.00,1.00,-1,-1,-1
191,677,477.00,1053.00,24.00,49.00,1.00,-1,-1,-1
191,680,964.00,951.00,47.00,63.00,1.00,-1,-1,-1
191,685,715.00,924.00,278.00,120.00,1.00,-1,-1,-1
191,688,705.00,959.00,19.00,18.00,1.00,-1,-1,-1
191,692,1219.00,926.00,331.00,118.00,1.00,-1,-1,-1
191,693,387.00,945.00,39.00,39.00,1.00,-1,-1,-1
191,695,494.00,870.00,16.00,45.00,1.00,-1,-1,-1
191,701,688.00,964.00,20.00,10.00,1.00,-1,-1,-1
191,704,1821.00,277.00,20.00,10.00,1.00,-1,-1,-1
192,9,0.00,999.00,43.00,30.00,1.00,-1,-1,-1
192,10,145.00,899.00,1615.00,177.00,1.00,-1,-1,-1
192,18,8.00,327.00,78.00,30.00,1.00,-1,-1,-1
192,21,954.00,426.00,78.00,44.00,1.00,-1,-1,-1
192,33,-26.00,788.00,103.00,284.00,1.00,-1,-1,-1
192,34,1008.00,571.00,13.00,42.00,1.00,-1,-1,-1
192,37,1021.00,558.00,19.00,33.00,1.00,-1,-1,-1
192,38,901.00,421.00,236.00,315.00,1.00,-1,-1,-1
192,39,926.00,547.00,90.00,58.00,1.00,-1,-1,-1
192,40,1029.00,567.00,29.00,25.00,1.00,-1,-1,-1
192,43,482.00,951.00,12.00,18.00,1.00,-1,-1,-1
192,44,977.00,495.00,94.00,140.00,1.00,-1,-1,-1
192,48,87.00,197.00,23.00,61.00,1.00,-1,-1,-1
192,49,784.00,395.00,15.00,11.00,1.00,-1,-1,-1
192,50,707.00,286.00,13.00,19.00,1.00,-1,-1,-1
192,112,254.00,279.00,54.00,12.00,1.00,-1,-1,-1
192,113,1629.00,461.00,27.00,20.00,1.00,-1,-1,-1
192,114,424.00,430.00,22.00,16.00,1.00,-1,-1,-1
192,135,21.00,277.00,499.00,99.00,1.00,-1,-1,-1
192,142,1017.00,625.00,52.00,14.00,1.00,-1,-1,-1
192,148,129.00,397.00,40.00,25.00,1.00,-1,-1,-1
192,153,825.00,975.00,11.00,41.00,1.00,-1,-1,-1
192,166,13.00,398.00,75.00,45.00,1.00,-1,-1,-1
192,182,915.00,424.00,266.00,323.00,1.00,-1,-1,-1
192,191,985.00,951.00,27.00,24.00,1.00,-1,-1,-1
192,193,802.00,975.00,41.00,65.00,1.00,-1,-1,-1
192,254,235.00,305.00,65.00,44.00,1.00,-1,-1,-1
192,257,29.00,303.00,34.00,19.00,1.00,-1,-1,-1
192,262,229.00,451.00,199.00,123.00,1.00,-1,-1,-1
192,283,335.00,430.00,27.00,18.00,1.00,-1,-1,-1
192,290,1020.00,587.00,23.00,9.00,1.00,-1,-1,-1
192,296,1020.00,559.00,25.00,32.00,1.00,-1,-1,-1
192,306,171.00,712.00,10.00,15.00,1.00,-1,-1,-1
192,307,1021.00,582.00,10.00,20.00,1.00,-1,-1,-1
192,309,1033.00,564.00,20.00,24.00,1.00,-1,-1,-1
192,325,978.00,554.00,100.00,33.00,1.00,-1,-1,-1
192,347,591.00,1007.00,26.00,20.00,1.00,-1,-1,-1
192,350,688.00,284.00,19.00,24.00,1.00,-1,-1,-1
192,352,363.00,408.00,13.00,33.00,1.00,-1,-1,-1
192,360,340.00,510.00,134.00,77.00,1.00,-1,-1,-1
192,362,707.00,270.00,15.00,13.00,1.00,-1,-1,-1
192,364,632.00,825.00,17.00,112.00,1.00,-1,-1,-1
192,365,-13.00,336.00,19.00,11.00,1.00,-1,-1,-1
192,373,1027.00,542.00,64.00,31.00,1.00,-1,-1,-1
192,375,296.00,562.00,14.00,45.00,1.00,-1,-1,-1
192,390,766.00,973.00,9.00,29.00,1.00,-1,-1,-1
192,403,338.00,489.00,78.00,26.00,1.00,-1,-1,-1
192,423,133.00,612.00,15.00,18.00,1.00,-1,-1,-1
192,427,162.00,584.00,16.00,36.00,1.00,-1,-1,-1
192,428,45.00,359.00,30.00,29.00,1.00,-1,-1,-1
192,434,1023.00,593.00,20.00,7.00,1.00,-1,-1,-1
192,444,682.00,254.00,12.00,15.00,1.00,-1,-1,-1
192,445,1014.00,463.00,12.00,14.00,1.00,-1,-1,-1
192,450,442.00,687.00,15.00,12.00,1.00,-1,-1,-1
192,451,1041.00,442.00,36.00,15.00,1.00,-1,-1,-1
192,452,-1.00,819.00,14.00,15.00,1.00,-1,-1,-1
192,455,102.00,649.00,16.00,26.00,1.00,-1,-1,-1
192,456,674.00,267.00,22.00,9.00,1.00,-1,-1,-1
192,457,450.00,801.00,18.00,16.00,1.00,-1,-1,-1
192,458,263.00,326.00,109.00,52.00,1.00,-1,-1,-1
192,459,1270.00,966.00,150.00,41.00,1.00,-1,-1,-1
192,469,-28.00,296.00,58.00,35.00,1.00,-1,-1,-1
192,474,1407.00,993.00,48.00,38.00,1.00,-1,-1,-1
192,476,233.00,355.00,193.00,27.00,1.00,-1,-1,-1
192,481,1407.00,993.00,48.00,38.00,1.00,-1,-1,-1
192,483,1192.00,981.00,18.00,29.00,1.00,-1,-1,-1
192,485,654.00,268.00,117.00,167.00,1.00,-1,-1,-1
192,488,7.00,571.00,17.00,21.00,1.00,-1,-1,-1
192,492,901.00,317.00,20.00,19.00,1.00,-1,-1,-1
192,495,276.00,363.00,172.00,76.00,1.00,-1,-1,-1
192,503,390.00,442.00,43.00,27.00,1.00,-1,-1,-1
192,508,361.00,456.00,22.00,23.00,1.00,-1,-1,-1
192,512,-513.00,589.00,1581.00,222.00,1.00,-1,-1,-1
192,528,142.00,685.00,77.00,27.00,1.00,-1,-1,-1
192,533,824.00,973.00,17.00,16.00,1.00,-1,-1,-1
192,534,776.00,976.00,46.00,6.00,1.00,-1,-1,-1
192,535,599.00,1007.00,15.00,18.00,1.00,-1,-1,-1
192,536,653.00,983.00,17.00,22.00,1.00,-1,-1,-1
192,538,627.00,989.00,9.00,17.00,1.00,-1,-1,-1
192,539,544.00,917.00,33.00,27.00,1.00,-1,-1,-1
192,540,743.00,992.00,19.00,23.00,1.00,-1,-1,-1
192,543,35.00,902.00,22.00,52.00,1.00,-1,-1,-1
192,545,973.00,971.00,17.00,10.00,1.00,-1,-1,-1
192,548,638.00,975.00,28.00,34.00,1.00,-1,-1,-1
192,549,1022.00,951.00,17.00,16.00,1.00,-1,-1,-1
192,551,1048.00,958.00,36.00,60.00,1.00,-1,-1,-1
192,553,1131.00,952.00,28.00,61.00,1.00,-1,-1,-1
192,555,230.00,1063.00,40.00,4.00,1.00,-1,-1,-1
192,556,903.00,986.00,12.00,28.00,1.00,-1,-1,-1
192,557,738.00,953.00,13.00,15.00,1.00,-1,-1,-1
192,559,611.00,987.00,8.00,18.00,1.00,-1,-1,-1
192,561,783.00,966.00,31.00,7.00,1.00,-1,-1,-1
192,562,556.00,1010.00,20.00,25.00,1.00,-1,-1,-1
192,563,613.00,991.00,18.00,29.00,1.00,-1,-1,-1
192,565,988.00,951.00,24.00,21.00,1.00,-1,-1,-1
192,566,503.00,936.00,25.00,43.00,1.00,-1,-1,-1
192,567,465.00,832.00,8.00,17.00,1.00,-1,-1,-1
192,568,477.00,954.00,16.00,10.00,1.00,-1,-1,-1
192,569,192.00,659.00,9.00,31.00,1.00,-1,-1,-1
192,570,543.00,998.00,17.00,11.00,1.00,-1,-1,-1
192,572,782.00,954.00,34.00,8.00,1.00,-1,-1,-1
192,577,94.00,816.00,13.00,12.00,1.00,-1,-1,-1
192,580,744.00,977.00,14.00,28.00,1.00,-1,-1,-1
192,582,936.00,951.00,14.00,21.00,1.00,-1,-1,-1
192,587,731.00,966.00,31.00,21.00,1.00,-1,-1,-1
192,589,463.00,979.00,16.00,24.00,1.00,-1,-1,-1
192,590,1421.00,957.00,39.00,59.00,1.00,-1,-1,-1
192,593,77.00,954.00,17.00,34.00,1.00,-1,-1,-1
192,601,468.00,964.00,20.00,39.00,1.00,-1,-1,-1
192,606,608.00,923.00,9.00,27.00,1.00,-1,-1,-1
192,609,219.00,950.00,12.00,13.00,1.00,-1,-1,-1
192,615,526.00,984.00,9.00,19.00,1.00,-1,-1,-1
192,617,254.00,826.00,16.00,44.00,1.00,-1,-1,-1
192,618,422.00,992.00,27.00,18.00,1.00,-1,-1,-1
192,619,863.00,949.00,24.00,13.00,1.00,-1,-1,-1
192,620,495.00,986.00,12.00,22.00,1.00,-1,-1,-1
192,622,896.00,966.00,22.00,8.00,1.00,-1,-1,-1
192,626,1624.00,450.00,26.00,22.00,1.00,-1,-1,-1
192,627,99.00,881.00,22.00,51.00,1.00,-1,-1,-1
192,630,137.00,565.00,50.00,129.00,1.00,-1,-1,-1
192,635,695.00,342.00,43.00,21.00,1.00,-1,-1,-1
192,637,836.00,749.00,26.00,12.00,1.00,-1,-1,-1
192,644,451.00,885.00,11.00,15.00,1.00,-1,-1,-1
192,645,612.00,982.00,8.00,27.00,1.00,-1,-1,-1
192,648,351.00,492.00,26.00,47.00,1.00,-1,-1,-1
192,650,1000.00,926.00,322.00,113.00,1.00,-1,-1,-1
192,656,339.00,1073.00,23.00,6.00,1.00,-1,-1,-1
192,662,65.00,458.00,29.00,19.00,1.00,-1,-1,-1
192,667,108.00,641.00,17.00,20.00,1.00,-1,-1,-1
192,669,5.00,310.00,18.00,14.00,1.00,-1,-1,-1
192,676,402.00,1072.00,39.00,8.00,1.00,-1,-1,-1
192,677,562.00,1053.00,24.00,49.00,1.00,-1,-1,-1
192,680,964.00,951.00,47.00,63.00,1.00,-1,-1,-1
192,685,714.00,924.00,278.00,120.00,1.00,-1,-1,-1
192,688,705.00,959.00,19.00,18.00,1.00,-1,-1,-1
192,692,1218.00,925.00,331.00,118.00,1.00,-1,-1,-1
192,693,387.00,945.00,39.00,39.00,1.00,-1,-1,-1
192,695,463.00,862.00,16.00,45.00,1.00,-1,-1,-1
192,701,688.00,964.00,20.00,10.00,1.00,-1,-1,-1
192,704,1792.00,269.00,20.00,10.00,1.00,-1,-1,-1
193,9,0.00,999.00,43.00,30.00,1.00,-1,-1,-1
193,10,145.00,899.00,1615.00,177.00,1.00,-1,-1,-1
193,18,8.00,327.00,78.00,30.00,1.00,-1,-1,-1
193,21,922.00,416.00,78.00,44.00,1.00,-1,-1,-1
193,33,-26.00,788.00,103.00,284.00,1.00,-1,-1,-1
193,34,1017.00,575.00,13.00,42.00,1.00,-1,-1,-1
193,37,1031.00,562.00,19.00,33.00,1.00,-1,-1,-1
193,38,907.00,420.00,244.00,334.00,1.00,-1,-1,-1
193,39,936.00,550.00,90.00,58.00,1.00,-1,-1,-1
193,40,1039.00,571.00,29.00,25.00,1.00,-1,-1,-1
193,43,482.00,951.00,12.00,18.00,1.00,-1,-1,-1
193,44,987.00,500.00,94.00,140.00,1.00,-1,-1,-1
193,48,87.00,197.00,23.00,61.00,1.00,-1,-1,-1
193,49,784.00,395.00,15.00,11.00,1.00,-1,-1,-1
193,50,688.00,287.00,13.00,19.00,1.00,-1,-1,-1
193,112,254.00,279.00,54.00,12.00,1.00,-1,-1,-1
193,113,1597.00,451.00,27.00,20.00,1.00,-1,-1,-1
193,114,424.00,430.00,22.00,16.00,1.00,-1,-1,-1
193,135,-11.00,267.00,499.00,99.00,1.00,-1,-1,-1
193,142,1025.00,629.00,52.00,14.00,1.00,-1,-1,-1
193,148,96.00,387.00,40.00,25.00,1.00,-1,-1,-1
193,153,825.00,975.00,11.00,41.00,1.00,-1,-1,-1
193,166,10.00,349.00,75.00,45.00,1.00,-1,-1,-1
193,182,925.00,428.00,266.00,323.00,1.00,-1,-1,-1
193,191,985.00,951.00,27.00,24.00,1.00,-1,-1,-1
193,193,802.00,975.00,41.00,65.00,1.00,-1,-1,-1
193,254,202.00,295.00,65.00,44.00,1.00,-1,-1,-1
193,257,0.00,292.00,29.00,19.00,1.00,-1,-1,-1
193,262,197.00,441.00,199.00,123.00,1.00,-1,-1,-1
193,283,328.00,414.00,27.00,18.00,1.00,-1,-1,-1
193,290,1030.00,591.00,23.00,9.00,1.00,-1,-1,-1
193,296,1030.00,563.00,25.00,32.00,1.00,-1,-1,-1
193,306,142.00,686.00,10.00,15.00,1.00,-1,-1,-1
193,307,1030.00,586.00,10.00,20.00,1.00,-1,-1,-1
193,309,1043.00,568.00,20.00,24.00,1.00,-1,-1,-1
193,325,987.00,559.00,100.00,33.00,1.00,-1,-1,-1
193,347,560.00,1008.00,26.00,20.00,1.00,-1,-1,-1
193,350,681.00,276.00,19.00,24.00,1.00,-1,-1,-1
193,352,331.00,398.00,13.00,33.00,1.00,-1,-1,-1
193,360,309.00,501.00,134.00,77.00,1.00,-1,-1,-1
193,362,698.00,254.00,15.00,13.00,1.00,-1,-1,-1
193,364,632.00,825.00,17.00,112.00,1.00,-1,-1,-1
193,365,-13.00,336.00,19.00,11.00,1.00,-1,-1,-1
193,373,1037.00,546.00,64.00,31.00,1.00,-1,-1,-1
193,375,318.00,581.00,14.00,45.00,1.00,-1,-1,-1
193,390,766.00,973.00,9.00,29.00,1.00,-1,-1,-1
193,403,306.00,479.00,78.00,26.00,1.00,-1,-1,-1
193,423,100.00,496.00,15.00,18.00,1.00,-1,-1,-1
193,427,130.00,574.00,16.00,36.00,1.00,-1,-1,-1
193,428,13.00,350.00,30.00,29.00,1.00,-1,-1,-1
193,434,1032.00,597.00,20.00,7.00,1.00,-1,-1,-1
193,444,675.00,246.00,12.00,15.00,1.00,-1,-1,-1
193,445,1014.00,463.00,12.00,14.00,1.00,-1,-1,-1
193,450,409.00,677.00,15.00,12.00,1.00,-1,-1,-1
193,451,1041.00,442.00,36.00,15.00,1.00,-1,-1,-1
193,455,65.00,627.00,16.00,26.00,1.00,-1,-1,-1
193,456,666.00,257.00,22.00,9.00,1.00,-1,-1,-1
193,457,418.00,791.00,18.00,16.00,1.00,-1,-1,-1
193,458,230.00,316.00,109.00,52.00,1.00,-1,-1,-1
193,459,1270.00,966.00,150.00,41.00,1.00,-1,-1,-1
193,469,-7.00,288.00,58.00,35.00,1.00,-1,-1,-1
193,474,1407.00,993.00,48.00,38.00,1.00,-1,-1,-1
193,476,201.00,345.00,193.00,27.00,1.00,-1,-1,-1
193,481,1407.00,993.00,48.00,38.00,1.00,-1,-1,-1
193,483,1192.00,981.00,18.00,29.00,1.00,-1,-1,-1
193,485,646.00,257.00,120.00,169.00,1.00,-1,-1,-1
193,488,7.00,571.00,17.00,21.00,1.00,-1,-1,-1
193,492,868.00,307.00,20.00,19.00,1.00,-1,-1,-1
193,495,245.00,353.00,172.00,76.00,1.00,-1,-1,-1
193,503,390.00,442.00,43.00,27.00,1.00,-1,-1,-1
193,508,329.00,446.00,22.00,23.00,1.00,-1,-1,-1
193,512,-507.00,560.00,1581.00,222.00,1.00,-1,-1,-1
193,528,110.00,675.00,77.00,27.00,1.00,-1,-1,-1
193,533,824.00,973.00,17.00,16.00,1.00,-1,-1,-1
193,534,776.00,976.00,46.00,6.00,1.00,-1,-1,-1
193,535,567.00,1009.00,15.00,18.00,1.00,-1,-1,-1
193,536,653.00,983.00,17.00,22.00,1.00,-1,-1,-1
193,538,627.00,989.00,9.00,17.00,1.00,-1,-1,-1
193,539,511.00,907.00,33.00,27.00,1.00,-1,-1,-1
193,540,743.00,992.00,19.00,23.00,1.00,-1,-1,-1
193,543,35.00,902.00,22.00,52.00,1.00,-1,-1,-1
193,545,973.00,971.00,17.00,10.00,1.00,-1,-1,-1
193,548,638.00,975.00,28.00,34.00,1.00,-1,-1,-1
193,549,1022.00,951.00,17.00,16.00,1.00,-1,-1,-1
193,551,1049.00,958.00,36.00,60.00,1.00,-1,-1,-1
193,553,1131.00,952.00,28.00,61.00,1.00,-1,-1,-1
193,555,230.00,1063.00,40.00,4.00,1.00,-1,-1,-1
193,556,903.00,986.00,12.00,28.00,1.00,-1,-1,-1
193,557,738.00,953.00,13.00,15.00,1.00,-1,-1,-1
193,559,584.00,968.00,8.00,18.00,1.00,-1,-1,-1
193,561,783.00,966.00,31.00,7.00,1.00,-1,-1,-1
193,562,538.00,1010.00,20.00,25.00,1.00,-1,-1,-1
193,563,605.00,1000.00,18.00,29.00,1.00,-1,-1,-1
193,565,988.00,951.00,24.00,21.00,1.00,-1,-1,-1
193,566,503.00,936.00,25.00,43.00,1.00,-1,-1,-1
193,567,433.00,822.00,8.00,17.00,1.00,-1,-1,-1
193,568,477.00,954.00,16.00,10.00,1.00,-1,-1,-1
193,569,160.00,649.00,9.00,31.00,1.00,-1,-1,-1
193,570,543.00,998.00,17.00,11.00,1.00,-1,-1,-1
193,572,782.00,954.00,34.00,8.00,1.00,-1,-1,-1
193,577,62.00,805.00,13.00,12.00,1.00,-1,-1,-1
193,580,744.00,977.00,14.00,28.00,1.00,-1,-1,-1
193,582,936.00,951.00,14.00,21.00,1.00,-1,-1,-1
193,587,731.00,966.00,31.00,21.00,1.00,-1,-1,-1
193,589,463.00,979.00,16.00,24.00,1.00,-1,-1,-1
193,590,1421.00,957.00,39.00,59.00,1.00,-1,-1,-1
193,593,46.00,944.00,17.00,34.00,1.00,-1,-1,-1
193,601,468.00,964.00,20.00,39.00,1.00,-1,-1,-1
193,606,608.00,923.00,9.00,27.00,1.00,-1,-1,-1
193,609,187.00,940.00,12.00,13.00,1.00,-1,-1,-1
193,615,526.00,984.00,9.00,19.00,1.00,-1,-1,-1
193,617,239.00,819.00,16.00,44.00,1.00,-1,-1,-1
193,618,422.00,992.00,27.00,18.00,1.00,-1,-1,-1
193,619,863.00,949.00,24.00,13.00,1.00,-1,-1,-1
193,620,495.00,986.00,12.00,22.00,1.00,-1,-1,-1
193,622,896.00,966.00,22.00,8.00,1.00,-1,-1,-1
193,626,1592.00,440.00,26.00,22.00,1.00,-1,-1,-1
193,627,67.00,872.00,22.00,51.00,1.00,-1,-1,-1
193,630,115.00,532.00,50.00,129.00,1.00,-1,-1,-1
193,635,689.00,333.00,43.00,21.00,1.00,-1,-1,-1
193,637,804.00,739.00,26.00,12.00,1.00,-1,-1,-1
193,644,419.00,875.00,11.00,15.00,1.00,-1,-1,-1
193,645,572.00,942.00,8.00,27.00,1.00,-1,-1,-1
193,648,319.00,482.00,26.00,47.00,1.00,-1,-1,-1
193,650,1000.00,926.00,322.00,113.00,1.00,-1,-1,-1
193,656,311.00,1073.00,23.00,6.00,1.00,-1,-1,-1
193,662,42.00,447.00,29.00,19.00,1.00,-1,-1,-1
193,667,76.00,631.00,17.00,20.00,1.00,-1,-1,-1
193,669,25.00,299.00,18.00,14.00,1.00,-1,-1,-1
193,676,376.00,1072.00,39.00,8.00,1.00,-1,-1,-1
193,677,536.00,1053.00,24.00,49.00,1.00,-1,-1,-1
193,680,964.00,951.00,47.00,63.00,1.00,-1,-1,-1
193,685,715.00,924.00,278.00,120.00,1.00,-1,-1,-1
193,688,705.00,959.00,19.00,18.00,1.00,-1,-1,-1
193,692,1218.00,925.00,331.00,118.00,1.00,-1,-1,-1
193,693,387.00,945.00,39.00,39.00,1.00,-1,-1,-1
193,695,431.00,852.00,16.00,45.00,1.00,-1,-1,-1
193,701,688.00,964.00,20.00,10.00,1.00,-1,-1,-1
193,704,1761.00,259.00,20.00,10.00,1.00,-1,-1,-1
193,752,210.00,343.00,19.00,14.00,1.00,-1,-1,-1
193,759,1894.00,444.00,26.00,78.00,1.00,-1,-1,-1
