3,29,596.00,1026.00,21.00,36.00,1.00,-1,-1,-1
4,29,596.00,1026.00,21.00,36.00,1.00,-1,-1,-1
5,29,609.00,1016.00,21.00,36.00,1.00,-1,-1,-1
5,54,417.00,954.00,38.00,27.00,1.00,-1,-1,-1
6,29,609.00,1016.00,21.00,36.00,1.00,-1,-1,-1
6,54,431.00,943.00,38.00,27.00,1.00,-1,-1,-1
7,29,581.00,1018.00,21.00,36.00,1.00,-1,-1,-1
7,54,418.00,928.00,38.00,27.00,1.00,-1,-1,-1
8,29,581.00,1018.00,21.00,36.00,1.00,-1,-1,-1
8,54,418.00,928.00,38.00,27.00,1.00,-1,-1,-1
9,29,590.00,1021.00,21.00,36.00,1.00,-1,-1,-1
9,54,412.00,972.00,38.00,27.00,1.00,-1,-1,-1
9,56,435.00,952.00,11.00,16.00,1.00,-1,-1,-1
10,29,590.00,1021.00,21.00,36.00,1.00,-1,-1,-1
10,54,402.00,974.00,38.00,27.00,1.00,-1,-1,-1
10,56,443.00,934.00,11.00,16.00,1.00,-1,-1,-1
10,210,1688.00,328.00,17.00,14.00,1.00,-1,-1,-1
11,29,590.00,1021.00,21.00,36.00,1.00,-1,-1,-1
11,54,427.00,894.00,38.00,27.00,1.00,-1,-1,-1
11,56,432.00,915.00,11.00,16.00,1.00,-1,-1,-1
11,189,1472.00,712.00,11.00,17.00,1.00,-1,-1,-1
11,210,1672.00,354.00,17.00,14.00,1.00,-1,-1,-1
11,241,363.00,129.00,12.00,13.00,1.00,-1,-1,-1
12,29,595.00,1035.00,21.00,36.00,1.00,-1,-1,-1
12,54,427.00,894.00,38.00,27.00,1.00,-1,-1,-1
12,56,411.00,956.00,11.00,16.00,1.00,-1,-1,-1
12,173,1435.00,460.00,30.00,20.00,1.00,-1,-1,-1
12,189,1472.00,712.00,11.00,17.00,1.00,-1,-1,-1
12,210,1623.00,359.00,17.00,14.00,1.00,-1,-1,-1
12,241,336.00,176.00,12.00,13.00,1.00,-1,-1,-1
13,29,595.00,1035.00,21.00,36.00,1.00,-1,-1,-1
13,54,427.00,894.00,38.00,27.00,1.00,-1,-1,-1
13,56,411.00,956.00,11.00,16.00,1.00,-1,-1,-1
13,142,1453.00,501.00,56.00,25.00,1.00,-1,-1,-1
13,146,1462.00,753.00,21.00,11.00,1.00,-1,-1,-1
13,173,1415.00,497.00,30.00,20.00,1.00,-1,-1,-1
13,189,1472.00,712.00,11.00,17.00,1.00,-1,-1,-1
13,210,1607.00,393.00,17.00,14.00,1.00,-1,-1,-1
13,217,1490.00,725.00,12.00,12.00,1.00,-1,-1,-1
13,241,318.00,210.00,12.00,13.00,1.00,-1,-1,-1
14,29,595.00,1035.00,21.00,36.00,1.00,-1,-1,-1
14,54,427.00,894.00,38.00,27.00,1.00,-1,-1,-1
14,56,411.00,956.00,11.00,16.00,1.00,-1,-1,-1
14,142,1453.00,501.00,56.00,25.00,1.00,-1,-1,-1
14,146,1462.00,753.00,21.00,11.00,1.00,-1,-1,-1
14,173,1415.00,497.00,30.00,20.00,1.00,-1,-1,-1
14,189,1472.00,712.00,11.00,17.00,1.00,-1,-1,-1
14,210,1607.00,393.00,17.00,14.00,1.00,-1,-1,-1
14,217,1490.00,725.00,12.00,12.00,1.00,-1,-1,-1
14,241,318.00,210.00,12.00,13.00,1.00,-1,-1,-1
15,29,595.00,1035.00,21.00,36.00,1.00,-1,-1,-1
15,54,427.00,894.00,38.00,27.00,1.00,-1,-1,-1
15,56,411.00,956.00,11.00,16.00,1.00,-1,-1,-1
15,142,1424.00,538.00,56.00,25.00,1.00,-1,-1,-1
15,146,1461.00,712.00,21.00,11.00,1.00,-1,-1,-1
15,173,1392.00,530.00,30.00,20.00,1.00,-1,-1,-1
15,189,1472.00,712.00,11.00,17.00,1.00,-1,-1,-1
15,210,1639.00,351.00,17.00,14.00,1.00,-1,-1,-1
15,217,1490.00,725.00,12.00,12.00,1.00,-1,-1,-1
15,241,295.00,249.00,12.00,13.00,1.00,-1,-1,-1
16,29,595.00,1035.00,21.00,36.00,1.00,-1,-1,-1
16,54,427.00,894.00,38.00,27.00,1.00,-1,-1,-1
16,56,411.00,956.00,11.00,16.00,1.00,-1,-1,-1
16,142,1392.00,574.00,56.00,25.00,1.00,-1,-1,-1
16,146,1463.00,748.00,21.00,11.00,1.00,-1,-1,-1
16,173,1323.00,536.00,30.00,20.00,1.00,-1,-1,-1
16,189,1472.00,712.00,11.00,17.00,1.00,-1,-1,-1
16,210,1611.00,387.00,17.00,14.00,1.00,-1,-1,-1
16,217,1490.00,725.00,12.00,12.00,1.00,-1,-1,-1
16,241,307.00,284.00,12.00,13.00,1.00,-1,-1,-1
16,342,0.00,0.00,1920.00,1080.00,1.00,-1,-1,-1
17,29,620.00,1004.00,21.00,36.00,1.00,-1,-1,-1
17,56,411.00,956.00,11.00,16.00,1.00,-1,-1,-1
17,142,1367.00,608.00,56.00,25.00,1.00,-1,-1,-1
17,146,1438.00,786.00,21.00,11.00,1.00,-1,-1,-1
17,173,1285.00,571.00,30.00,20.00,1.00,-1,-1,-1
17,210,1579.00,424.00,17.00,14.00,1.00,-1,-1,-1
17,217,1490.00,725.00,12.00,12.00,1.00,-1,-1,-1
17,241,277.00,317.00,12.00,13.00,1.00,-1,-1,-1
17,342,0.00,0.00,1920.00,1080.00,1.00,-1,-1,-1
18,29,620.00,1004.00,21.00,36.00,1.00,-1,-1,-1
18,142,1329.00,643.00,56.00,25.00,1.00,-1,-1,-1
18,146,1438.00,786.00,21.00,11.00,1.00,-1,-1,-1
18,173,1259.00,556.00,30.00,20.00,1.00,-1,-1,-1
18,210,1546.00,460.00,17.00,14.00,1.00,-1,-1,-1
18,217,1490.00,725.00,12.00,12.00,1.00,-1,-1,-1
18,241,275.00,349.00,12.00,13.00,1.00,-1,-1,-1
18,342,0.00,0.00,1920.00,1080.00,1.00,-1,-1,-1
19,29,620.00,1004.00,21.00,36.00,1.00,-1,-1,-1
19,142,1286.00,637.00,56.00,25.00,1.00,-1,-1,-1
19,146,1438.00,786.00,21.00,11.00,1.00,-1,-1,-1
19,173,1280.00,587.00,30.00,20.00,1.00,-1,-1,-1
19,210,1482.00,505.00,17.00,14.00,1.00,-1,-1,-1
19,241,247.00,383.00,12.00,13.00,1.00,-1,-1,-1
19,342,0.00,0.00,1920.00,1080.00,1.00,-1,-1,-1
20,29,620.00,1004.00,21.00,36.00,1.00,-1,-1,-1
20,142,1286.00,637.00,56.00,25.00,1.00,-1,-1,-1
20,146,1438.00,786.00,21.00,11.00,1.00,-1,-1,-1
20,173,1280.00,587.00,30.00,20.00,1.00,-1,-1,-1
20,210,1482.00,505.00,17.00,14.00,1.00,-1,-1,-1
20,241,247.00,383.00,12.00,13.00,1.00,-1,-1,-1
20,342,0.00,0.00,1920.00,1080.00,1.00,-1,-1,-1
21,29,529.00,998.00,21.00,36.00,1.00,-1,-1,-1
21,142,1218.00,629.00,56.00,25.00,1.00,-1,-1,-1
21,146,1438.00,786.00,21.00,11.00,1.00,-1,-1,-1
21,173,1260.00,617.00,30.00,20.00,1.00,-1,-1,-1
21,210,1435.00,569.00,17.00,14.00,1.00,-1,-1,-1
21,241,211.00,420.00,12.00,13.00,1.00,-1,-1,-1
21,342,0.00,0.00,1920.00,1080.00,1.00,-1,-1,-1
22,29,545.00,992.00,21.00,36.00,1.00,-1,-1,-1
22,142,1185.00,667.00,56.00,25.00,1.00,-1,-1,-1
22,146,1438.00,786.00,21.00,11.00,1.00,-1,-1,-1
22,173,1236.00,648.00,30.00,20.00,1.00,-1,-1,-1
22,210,1407.00,625.00,17.00,14.00,1.00,-1,-1,-1
22,241,250.00,463.00,12.00,13.00,1.00,-1,-1,-1
22,342,0.00,0.00,1920.00,1080.00,1.00,-1,-1,-1
23,29,551.00,968.00,21.00,36.00,1.00,-1,-1,-1
23,142,1199.00,716.00,56.00,25.00,1.00,-1,-1,-1
23,173,1229.00,653.00,30.00,20.00,1.00,-1,-1,-1
23,210,1372.00,636.00,17.00,14.00,1.00,-1,-1,-1
23,241,412.00,410.00,12.00,13.00,1.00,-1,-1,-1
23,342,0.00,0.00,1920.00,1080.00,1.00,-1,-1,-1
24,29,518.00,1005.00,21.00,36.00,1.00,-1,-1,-1
24,142,1153.00,734.00,56.00,25.00,1.00,-1,-1,-1
24,173,1207.00,633.00,30.00,20.00,1.00,-1,-1,-1
24,210,1358.00,629.00,17.00,14.00,1.00,-1,-1,-1
24,241,409.00,475.00,12.00,13.00,1.00,-1,-1,-1
24,342,0.00,0.00,1920.00,1080.00,1.00,-1,-1,-1
25,29,496.00,1049.00,21.00,36.00,1.00,-1,-1,-1
25,142,1178.00,731.00,56.00,25.00,1.00,-1,-1,-1
25,173,1214.00,647.00,30.00,20.00,1.00,-1,-1,-1
25,210,1328.00,669.00,17.00,14.00,1.00,-1,-1,-1
25,241,358.00,502.00,12.00,13.00,1.00,-1,-1,-1
25,342,0.00,0.00,1920.00,1080.00,1.00,-1,-1,-1
26,29,496.00,1049.00,21.00,36.00,1.00,-1,-1,-1
26,142,1178.00,731.00,56.00,25.00,1.00,-1,-1,-1
26,173,1214.00,647.00,30.00,20.00,1.00,-1,-1,-1
26,210,1328.00,669.00,17.00,14.00,1.00,-1,-1,-1
26,241,358.00,502.00,12.00,13.00,1.00,-1,-1,-1
26,342,0.00,0.00,1920.00,1080.00,1.00,-1,-1,-1
27,29,496.00,1049.00,21.00,36.00,1.00,-1,-1,-1
27,142,1160.00,767.00,56.00,25.00,1.00,-1,-1,-1
27,173,1247.00,688.00,30.00,20.00,1.00,-1,-1,-1
27,210,1298.00,706.00,17.00,14.00,1.00,-1,-1,-1
27,241,327.00,546.00,12.00,13.00,1.00,-1,-1,-1
27,342,0.00,0.00,1920.00,1080.00,1.00,-1,-1,-1
28,29,534.00,1018.00,21.00,36.00,1.00,-1,-1,-1
28,142,1173.00,773.00,56.00,25.00,1.00,-1,-1,-1
28,173,1219.00,728.00,30.00,20.00,1.00,-1,-1,-1
28,210,1268.00,749.00,17.00,14.00,1.00,-1,-1,-1
28,241,297.00,587.00,12.00,13.00,1.00,-1,-1,-1
28,342,0.00,0.00,1920.00,1080.00,1.00,-1,-1,-1
29,29,481.00,920.00,21.00,36.00,1.00,-1,-1,-1
29,142,1161.00,839.00,56.00,25.00,1.00,-1,-1,-1
29,173,1230.00,749.00,30.00,20.00,1.00,-1,-1,-1
29,210,1283.00,789.00,17.00,14.00,1.00,-1,-1,-1
29,241,323.00,581.00,12.00,13.00,1.00,-1,-1,-1
29,342,0.00,0.00,1920.00,1080.00,1.00,-1,-1,-1
30,29,499.00,782.00,21.00,36.00,1.00,-1,-1,-1
30,142,1141.00,874.00,56.00,25.00,1.00,-1,-1,-1
30,173,1231.00,789.00,30.00,20.00,1.00,-1,-1,-1
30,210,1268.00,827.00,17.00,14.00,1.00,-1,-1,-1
30,241,337.00,546.00,12.00,13.00,1.00,-1,-1,-1
30,342,0.00,0.00,1920.00,1080.00,1.00,-1,-1,-1
31,29,475.00,840.00,21.00,36.00,1.00,-1,-1,-1
31,142,1129.00,906.00,56.00,25.00,1.00,-1,-1,-1
31,173,1221.00,828.00,30.00,20.00,1.00,-1,-1,-1
31,210,1263.00,884.00,17.00,14.00,1.00,-1,-1,-1
31,241,347.00,542.00,12.00,13.00,1.00,-1,-1,-1
31,342,0.00,0.00,1920.00,1080.00,1.00,-1,-1,-1
32,29,475.00,840.00,21.00,36.00,1.00,-1,-1,-1
32,142,1129.00,906.00,56.00,25.00,1.00,-1,-1,-1
32,173,1221.00,828.00,30.00,20.00,1.00,-1,-1,-1
32,210,1263.00,884.00,17.00,14.00,1.00,-1,-1,-1
32,241,347.00,542.00,12.00,13.00,1.00,-1,-1,-1
32,342,0.00,0.00,1920.00,1080.00,1.00,-1,-1,-1
33,29,486.00,734.00,21.00,36.00,1.00,-1,-1,-1
33,142,1112.00,985.00,56.00,25.00,1.00,-1,-1,-1
33,173,1276.00,793.00,30.00,20.00,1.00,-1,-1,-1
33,210,1233.00,843.00,17.00,14.00,1.00,-1,-1,-1
33,241,347.00,542.00,12.00,13.00,1.00,-1,-1,-1
33,342,0.00,0.00,1920.00,1080.00,1.00,-1,-1,-1
34,29,497.00,757.00,21.00,36.00,1.00,-1,-1,-1
34,142,1112.00,985.00,56.00,25.00,1.00,-1,-1,-1
34,173,1241.00,777.00,30.00,20.00,1.00,-1,-1,-1
34,210,1256.00,882.00,17.00,14.00,1.00,-1,-1,-1
34,241,347.00,542.00,12.00,13.00,1.00,-1,-1,-1
34,342,0.00,0.00,1920.00,1080.00,1.00,-1,-1,-1
35,29,473.00,826.00,21.00,36.00,1.00,-1,-1,-1
35,142,1111.00,1004.00,56.00,25.00,1.00,-1,-1,-1
35,173,1268.00,791.00,30.00,20.00,1.00,-1,-1,-1
35,210,1168.00,754.00,17.00,14.00,1.00,-1,-1,-1
35,241,347.00,542.00,12.00,13.00,1.00,-1,-1,-1
35,342,0.00,0.00,1920.00,1080.00,1.00,-1,-1,-1
36,29,433.00,870.00,21.00,36.00,1.00,-1,-1,-1
36,142,1120.00,1005.00,56.00,25.00,1.00,-1,-1,-1
36,173,1286.00,800.00,30.00,20.00,1.00,-1,-1,-1
36,210,1319.00,770.00,17.00,14.00,1.00,-1,-1,-1
36,241,347.00,542.00,12.00,13.00,1.00,-1,-1,-1
36,342,0.00,0.00,1920.00,1080.00,1.00,-1,-1,-1
37,29,467.00,854.00,21.00,36.00,1.00,-1,-1,-1
37,142,1116.00,1037.00,56.00,25.00,1.00,-1,-1,-1
37,173,1306.00,796.00,30.00,20.00,1.00,-1,-1,-1
37,210,1314.00,821.00,17.00,14.00,1.00,-1,-1,-1
37,342,0.00,0.00,1920.00,1080.00,1.00,-1,-1,-1
38,29,467.00,854.00,21.00,36.00,1.00,-1,-1,-1
38,142,1116.00,1037.00,56.00,25.00,1.00,-1,-1,-1
38,173,1306.00,796.00,30.00,20.00,1.00,-1,-1,-1
38,210,1314.00,821.00,17.00,14.00,1.00,-1,-1,-1
38,342,0.00,0.00,1920.00,1080.00,1.00,-1,-1,-1
39,29,457.00,897.00,21.00,36.00,1.00,-1,-1,-1
39,142,1135.00,1025.00,56.00,25.00,1.00,-1,-1,-1
39,173,1289.00,807.00,30.00,20.00,1.00,-1,-1,-1
39,210,1300.00,801.00,17.00,14.00,1.00,-1,-1,-1
39,342,0.00,0.00,1920.00,1080.00,1.00,-1,-1,-1
40,29,453.00,953.00,21.00,36.00,1.00,-1,-1,-1
40,142,1327.00,1042.00,56.00,25.00,1.00,-1,-1,-1
40,173,1267.00,786.00,30.00,20.00,1.00,-1,-1,-1
40,210,1300.00,782.00,17.00,14.00,1.00,-1,-1,-1
40,342,0.00,0.00,1920.00,1080.00,1.00,-1,-1,-1
41,29,438.00,994.00,21.00,36.00,1.00,-1,-1,-1
41,142,1376.00,1022.00,56.00,25.00,1.00,-1,-1,-1
41,173,1298.00,826.00,30.00,20.00,1.00,-1,-1,-1
41,210,1361.00,888.00,17.00,14.00,1.00,-1,-1,-1
41,342,0.00,0.00,1920.00,1080.00,1.00,-1,-1,-1
42,29,426.00,1035.00,21.00,36.00,1.00,-1,-1,-1
42,142,1346.00,1000.00,56.00,25.00,1.00,-1,-1,-1
42,173,1303.00,810.00,30.00,20.00,1.00,-1,-1,-1
42,210,1370.00,884.00,17.00,14.00,1.00,-1,-1,-1
42,342,0.00,0.00,1920.00,1080.00,1.00,-1,-1,-1
43,29,426.00,1035.00,21.00,36.00,1.00,-1,-1,-1
43,142,1410.00,1036.00,56.00,25.00,1.00,-1,-1,-1
43,173,1340.00,780.00,30.00,20.00,1.00,-1,-1,-1
43,210,1368.00,829.00,17.00,14.00,1.00,-1,-1,-1
43,342,0.00,0.00,1920.00,1080.00,1.00,-1,-1,-1
44,29,426.00,1035.00,21.00,36.00,1.00,-1,-1,-1
44,142,1410.00,1036.00,56.00,25.00,1.00,-1,-1,-1
44,173,1340.00,780.00,30.00,20.00,1.00,-1,-1,-1
44,210,1368.00,829.00,17.00,14.00,1.00,-1,-1,-1
44,342,0.00,0.00,1920.00,1080.00,1.00,-1,-1,-1
45,29,426.00,1035.00,21.00,36.00,1.00,-1,-1,-1
45,142,1410.00,1036.00,56.00,25.00,1.00,-1,-1,-1
45,173,1397.00,696.00,30.00,20.00,1.00,-1,-1,-1
45,210,1389.00,823.00,17.00,14.00,1.00,-1,-1,-1
45,342,0.00,0.00,1920.00,1080.00,1.00,-1,-1,-1
46,29,426.00,1035.00,21.00,36.00,1.00,-1,-1,-1
46,142,1410.00,1036.00,56.00,25.00,1.00,-1,-1,-1
46,173,1385.00,739.00,30.00,20.00,1.00,-1,-1,-1
46,210,1400.00,750.00,17.00,14.00,1.00,-1,-1,-1
46,342,0.00,0.00,1920.00,1080.00,1.00,-1,-1,-1
47,29,426.00,1035.00,21.00,36.00,1.00,-1,-1,-1
47,142,1410.00,1036.00,56.00,25.00,1.00,-1,-1,-1
47,173,1328.00,776.00,30.00,20.00,1.00,-1,-1,-1
47,210,1342.00,788.00,17.00,14.00,1.00,-1,-1,-1
47,342,0.00,0.00,1920.00,1080.00,1.00,-1,-1,-1
48,29,458.00,947.00,21.00,36.00,1.00,-1,-1,-1
48,142,1410.00,1036.00,56.00,25.00,1.00,-1,-1,-1
48,173,1316.00,816.00,30.00,20.00,1.00,-1,-1,-1
48,210,1334.00,830.00,17.00,14.00,1.00,-1,-1,-1
48,342,0.00,0.00,1920.00,1080.00,1.00,-1,-1,-1
49,29,427.00,992.00,21.00,36.00,1.00,-1,-1,-1
49,142,1426.00,1019.00,56.00,25.00,1.00,-1,-1,-1
49,173,1306.00,861.00,30.00,20.00,1.00,-1,-1,-1
49,210,1328.00,876.00,17.00,14.00,1.00,-1,-1,-1
49,342,0.00,0.00,1920.00,1080.00,1.00,-1,-1,-1
50,29,427.00,992.00,21.00,36.00,1.00,-1,-1,-1
50,142,1426.00,1019.00,56.00,25.00,1.00,-1,-1,-1
50,173,1306.00,861.00,30.00,20.00,1.00,-1,-1,-1
50,210,1328.00,876.00,17.00,14.00,1.00,-1,-1,-1
50,342,0.00,0.00,1920.00,1080.00,1.00,-1,-1,-1
51,29,408.00,1037.00,21.00,36.00,1.00,-1,-1,-1
51,142,1426.00,987.00,56.00,25.00,1.00,-1,-1,-1
51,173,1295.00,902.00,30.00,20.00,1.00,-1,-1,-1
51,210,1344.00,921.00,17.00,14.00,1.00,-1,-1,-1
51,342,0.00,0.00,1920.00,1080.00,1.00,-1,-1,-1
52,29,408.00,1037.00,21.00,36.00,1.00,-1,-1,-1
52,142,1455.00,966.00,56.00,25.00,1.00,-1,-1,-1
52,173,1295.00,941.00,30.00,20.00,1.00,-1,-1,-1
52,210,1299.00,932.00,17.00,14.00,1.00,-1,-1,-1
52,342,0.00,0.00,1920.00,1080.00,1.00,-1,-1,-1
53,29,408.00,1037.00,21.00,36.00,1.00,-1,-1,-1
53,142,1448.00,997.00,56.00,25.00,1.00,-1,-1,-1
53,173,1331.00,954.00,30.00,20.00,1.00,-1,-1,-1
53,210,1329.00,944.00,17.00,14.00,1.00,-1,-1,-1
53,342,0.00,0.00,1920.00,1080.00,1.00,-1,-1,-1
54,29,424.00,1028.00,21.00,36.00,1.00,-1,-1,-1
54,142,1441.00,1039.00,56.00,25.00,1.00,-1,-1,-1
54,173,1311.00,1003.00,30.00,20.00,1.00,-1,-1,-1
54,210,1320.00,947.00,17.00,14.00,1.00,-1,-1,-1
54,342,0.00,0.00,1920.00,1080.00,1.00,-1,-1,-1
55,29,424.00,1028.00,21.00,36.00,1.00,-1,-1,-1
55,142,1458.00,1036.00,56.00,25.00,1.00,-1,-1,-1
55,173,1318.00,973.00,30.00,20.00,1.00,-1,-1,-1
55,210,1334.00,972.00,17.00,14.00,1.00,-1,-1,-1
55,342,0.00,0.00,1920.00,1080.00,1.00,-1,-1,-1
56,29,424.00,1028.00,21.00,36.00,1.00,-1,-1,-1
56,142,1458.00,1036.00,56.00,25.00,1.00,-1,-1,-1
56,173,1318.00,973.00,30.00,20.00,1.00,-1,-1,-1
56,210,1334.00,972.00,17.00,14.00,1.00,-1,-1,-1
56,342,0.00,0.00,1920.00,1080.00,1.00,-1,-1,-1
57,29,403.00,967.00,21.00,36.00,1.00,-1,-1,-1
57,142,1458.00,1036.00,56.00,25.00,1.00,-1,-1,-1
57,173,1307.00,1015.00,30.00,20.00,1.00,-1,-1,-1
57,210,1329.00,1014.00,17.00,14.00,1.00,-1,-1,-1
57,342,0.00,0.00,1920.00,1080.00,1.00,-1,-1,-1
58,29,432.00,938.00,21.00,36.00,1.00,-1,-1,-1
58,142,1458.00,1036.00,56.00,25.00,1.00,-1,-1,-1
58,173,1307.00,1015.00,30.00,20.00,1.00,-1,-1,-1
58,210,1329.00,1014.00,17.00,14.00,1.00,-1,-1,-1
58,342,0.00,0.00,1920.00,1080.00,1.00,-1,-1,-1
59,29,426.00,995.00,21.00,36.00,1.00,-1,-1,-1
59,142,1458.00,1036.00,56.00,25.00,1.00,-1,-1,-1
59,173,1316.00,998.00,30.00,20.00,1.00,-1,-1,-1
59,210,1329.00,1014.00,17.00,14.00,1.00,-1,-1,-1
59,342,0.00,0.00,1920.00,1080.00,1.00,-1,-1,-1
60,29,450.00,1004.00,21.00,36.00,1.00,-1,-1,-1
60,142,1458.00,1036.00,56.00,25.00,1.00,-1,-1,-1
60,173,1358.00,1020.00,30.00,20.00,1.00,-1,-1,-1
60,210,1338.00,1023.00,17.00,14.00,1.00,-1,-1,-1
60,342,0.00,0.00,1920.00,1080.00,1.00,-1,-1,-1
61,29,469.00,893.00,21.00,36.00,1.00,-1,-1,-1
61,142,1458.00,1036.00,56.00,25.00,1.00,-1,-1,-1
61,173,1358.00,1020.00,30.00,20.00,1.00,-1,-1,-1
61,210,1338.00,1023.00,17.00,14.00,1.00,-1,-1,-1
61,342,0.00,0.00,1920.00,1080.00,1.00,-1,-1,-1
62,29,469.00,893.00,21.00,36.00,1.00,-1,-1,-1
62,173,1358.00,1020.00,30.00,20.00,1.00,-1,-1,-1
62,210,1338.00,1023.00,17.00,14.00,1.00,-1,-1,-1
62,342,0.00,0.00,1920.00,1080.00,1.00,-1,-1,-1
63,29,461.00,939.00,21.00,36.00,1.00,-1,-1,-1
63,173,1358.00,1020.00,30.00,20.00,1.00,-1,-1,-1
63,210,1338.00,1023.00,17.00,14.00,1.00,-1,-1,-1
63,342,0.00,0.00,1920.00,1080.00,1.00,-1,-1,-1
64,29,451.00,980.00,21.00,36.00,1.00,-1,-1,-1
64,173,1358.00,1020.00,30.00,20.00,1.00,-1,-1,-1
64,210,1338.00,1023.00,17.00,14.00,1.00,-1,-1,-1
64,342,0.00,0.00,1920.00,1080.00,1.00,-1,-1,-1
65,29,441.00,1021.00,21.00,36.00,1.00,-1,-1,-1
65,173,1432.00,930.00,30.00,20.00,1.00,-1,-1,-1
65,210,1369.00,934.00,17.00,14.00,1.00,-1,-1,-1
65,342,0.00,0.00,1920.00,1080.00,1.00,-1,-1,-1
66,29,441.00,1021.00,21.00,36.00,1.00,-1,-1,-1
66,173,1450.00,984.00,30.00,20.00,1.00,-1,-1,-1
66,210,1353.00,974.00,17.00,14.00,1.00,-1,-1,-1
66,342,0.00,0.00,1920.00,1080.00,1.00,-1,-1,-1
67,29,441.00,1021.00,21.00,36.00,1.00,-1,-1,-1
67,173,1427.00,988.00,30.00,20.00,1.00,-1,-1,-1
67,210,1349.00,1025.00,17.00,14.00,1.00,-1,-1,-1
67,342,0.00,0.00,1920.00,1080.00,1.00,-1,-1,-1
68,29,441.00,1021.00,21.00,36.00,1.00,-1,-1,-1
68,173,1427.00,988.00,30.00,20.00,1.00,-1,-1,-1
68,210,1349.00,1025.00,17.00,14.00,1.00,-1,-1,-1
68,342,0.00,0.00,1920.00,1080.00,1.00,-1,-1,-1
69,29,441.00,1021.00,21.00,36.00,1.00,-1,-1,-1
69,173,1434.00,997.00,30.00,20.00,1.00,-1,-1,-1
69,210,1349.00,1025.00,17.00,14.00,1.00,-1,-1,-1
69,342,903.00,-183.00,1920.00,1080.00,1.00,-1,-1,-1
70,29,441.00,1021.00,21.00,36.00,1.00,-1,-1,-1
70,173,1452.00,1046.00,30.00,20.00,1.00,-1,-1,-1
70,210,1349.00,1025.00,17.00,14.00,1.00,-1,-1,-1
70,342,0.00,0.00,1920.00,817.00,1.00,-1,-1,-1
70,348,0.00,125.00,1226.00,955.00,1.00,-1,-1,-1
71,173,1452.00,1046.00,30.00,20.00,1.00,-1,-1,-1
71,210,1392.00,1057.00,17.00,14.00,1.00,-1,-1,-1
71,342,0.00,0.00,1213.00,830.00,1.00,-1,-1,-1
71,348,0.00,408.00,1199.00,672.00,1.00,-1,-1,-1
71,349,1194.00,916.00,35.00,32.00,1.00,-1,-1,-1
71,351,1502.00,821.00,69.00,91.00,1.00,-1,-1,-1
71,359,167.00,0.00,666.00,426.00,1.00,-1,-1,-1
71,373,1679.00,916.00,39.00,47.00,1.00,-1,-1,-1
72,173,1452.00,1046.00,30.00,20.00,1.00,-1,-1,-1
72,210,1392.00,1057.00,17.00,14.00,1.00,-1,-1,-1
72,342,0.00,0.00,1205.00,919.00,1.00,-1,-1,-1
72,348,0.00,456.00,730.00,624.00,1.00,-1,-1,-1
72,349,1194.00,916.00,35.00,32.00,1.00,-1,-1,-1
72,351,1526.00,761.00,69.00,91.00,1.00,-1,-1,-1
72,359,186.00,-7.00,666.00,426.00,1.00,-1,-1,-1
72,373,1673.00,1014.00,39.00,47.00,1.00,-1,-1,-1
72,377,461.00,0.00,1459.00,948.00,1.00,-1,-1,-1
73,173,1452.00,1046.00,30.00,20.00,1.00,-1,-1,-1
73,210,1392.00,1057.00,17.00,14.00,1.00,-1,-1,-1
73,342,0.00,0.00,1920.00,1004.00,1.00,-1,-1,-1
73,348,0.00,546.00,707.00,534.00,1.00,-1,-1,-1
73,349,1194.00,916.00,35.00,32.00,1.00,-1,-1,-1
73,351,1526.00,761.00,69.00,91.00,1.00,-1,-1,-1
73,359,154.00,-19.00,666.00,426.00,1.00,-1,-1,-1
73,373,1683.00,944.00,39.00,47.00,1.00,-1,-1,-1
73,377,471.00,0.00,1459.00,948.00,1.00,-1,-1,-1
73,396,504.00,794.00,673.00,286.00,1.00,-1,-1,-1
73,397,1319.00,1033.00,19.00,34.00,1.00,-1,-1,-1
73,402,1514.00,937.00,91.00,143.00,1.00,-1,-1,-1
74,173,1452.00,1046.00,30.00,20.00,1.00,-1,-1,-1
74,210,1392.00,1057.00,17.00,14.00,1.00,-1,-1,-1
74,342,0.00,0.00,1920.00,1004.00,1.00,-1,-1,-1
74,348,0.00,546.00,707.00,534.00,1.00,-1,-1,-1
74,349,1194.00,916.00,35.00,32.00,1.00,-1,-1,-1
74,351,1526.00,761.00,69.00,91.00,1.00,-1,-1,-1
74,359,154.00,-19.00,666.00,426.00,1.00,-1,-1,-1
74,373,1683.00,944.00,39.00,47.00,1.00,-1,-1,-1
74,377,471.00,0.00,1459.00,948.00,1.00,-1,-1,-1
74,396,504.00,794.00,673.00,286.00,1.00,-1,-1,-1
74,397,1318.00,1032.00,19.00,34.00,1.00,-1,-1,-1
74,402,1514.00,937.00,91.00,143.00,1.00,-1,-1,-1
75,173,1452.00,1046.00,30.00,20.00,1.00,-1,-1,-1
75,210,1392.00,1057.00,17.00,14.00,1.00,-1,-1,-1
75,342,112.00,0.00,1808.00,991.00,1.00,-1,-1,-1
75,348,-7.00,594.00,707.00,534.00,1.00,-1,-1,-1
75,349,1194.00,916.00,35.00,32.00,1.00,-1,-1,-1
75,351,1526.00,761.00,69.00,91.00,1.00,-1,-1,-1
75,352,1610.00,888.00,254.00,167.00,1.00,-1,-1,-1
75,359,155.00,-63.00,666.00,426.00,1.00,-1,-1,-1
75,373,1696.00,930.00,39.00,47.00,1.00,-1,-1,-1
75,377,465.00,44.00,1459.00,948.00,1.00,-1,-1,-1
75,396,515.00,780.00,673.00,286.00,1.00,-1,-1,-1
75,397,1320.00,951.00,19.00,34.00,1.00,-1,-1,-1
75,402,1491.00,890.00,91.00,143.00,1.00,-1,-1,-1
75,407,135.00,417.00,999.00,498.00,1.00,-1,-1,-1
75,414,1798.00,1045.00,10.00,17.00,1.00,-1,-1,-1
76,210,1392.00,1057.00,17.00,14.00,1.00,-1,-1,-1
76,342,91.00,0.00,1829.00,1045.00,1.00,-1,-1,-1
76,348,-13.00,641.00,707.00,534.00,1.00,-1,-1,-1
76,349,1194.00,916.00,35.00,32.00,1.00,-1,-1,-1
76,351,1526.00,761.00,69.00,91.00,1.00,-1,-1,-1
76,352,1644.00,828.00,254.00,167.00,1.00,-1,-1,-1
76,359,149.00,-13.00,666.00,426.00,1.00,-1,-1,-1
76,373,1706.00,1001.00,39.00,47.00,1.00,-1,-1,-1
76,377,533.00,3.00,1459.00,948.00,1.00,-1,-1,-1
76,396,513.00,775.00,673.00,286.00,1.00,-1,-1,-1
76,397,1320.00,951.00,19.00,34.00,1.00,-1,-1,-1
76,402,1532.00,937.00,91.00,143.00,1.00,-1,-1,-1
76,407,292.00,468.00,772.00,509.00,1.00,-1,-1,-1
76,414,1798.00,1045.00,10.00,17.00,1.00,-1,-1,-1
76,433,0.00,726.00,277.00,209.00,1.00,-1,-1,-1
76,437,0.00,177.00,892.00,527.00,1.00,-1,-1,-1
76,438,90.00,1029.00,15.00,26.00,1.00,-1,-1,-1
76,441,1516.00,1029.00,63.00,51.00,1.00,-1,-1,-1
76,448,30.00,1048.00,23.00,17.00,1.00,-1,-1,-1
77,342,0.00,0.00,1920.00,1038.00,1.00,-1,-1,-1
77,348,-16.00,690.00,707.00,534.00,1.00,-1,-1,-1
77,351,1526.00,761.00,69.00,91.00,1.00,-1,-1,-1
77,352,1644.00,828.00,254.00,167.00,1.00,-1,-1,-1
77,359,157.00,38.00,666.00,426.00,1.00,-1,-1,-1
77,373,1776.00,956.00,39.00,47.00,1.00,-1,-1,-1
77,377,458.00,116.00,1459.00,948.00,1.00,-1,-1,-1
77,396,487.00,794.00,673.00,286.00,1.00,-1,-1,-1
77,397,1320.00,951.00,19.00,34.00,1.00,-1,-1,-1
77,402,1532.00,937.00,91.00,143.00,1.00,-1,-1,-1
77,407,312.00,522.00,772.00,509.00,1.00,-1,-1,-1
77,414,1798.00,1045.00,10.00,17.00,1.00,-1,-1,-1
77,433,0.00,736.00,277.00,209.00,1.00,-1,-1,-1
77,437,-12.00,164.00,892.00,527.00,1.00,-1,-1,-1
77,438,90.00,1029.00,15.00,26.00,1.00,-1,-1,-1
77,441,1531.00,933.00,63.00,51.00,1.00,-1,-1,-1
77,448,30.00,1048.00,23.00,17.00,1.00,-1,-1,-1
77,480,1800.00,1044.00,19.00,36.00,1.00,-1,-1,-1
78,342,846.00,0.00,1074.00,1002.00,1.00,-1,-1,-1
78,348,-26.00,717.00,707.00,534.00,1.00,-1,-1,-1
78,352,1644.00,828.00,254.00,167.00,1.00,-1,-1,-1
78,359,146.00,91.00,666.00,426.00,1.00,-1,-1,-1
78,373,1776.00,956.00,39.00,47.00,1.00,-1,-1,-1
78,376,765.00,0.00,489.00,280.00,1.00,-1,-1,-1
78,377,447.00,169.00,1459.00,948.00,1.00,-1,-1,-1
78,396,335.00,554.00,901.00,526.00,1.00,-1,-1,-1
78,397,1347.00,922.00,19.00,34.00,1.00,-1,-1,-1
78,402,1532.00,937.00,91.00,143.00,1.00,-1,-1,-1
78,407,304.00,565.00,772.00,509.00,1.00,-1,-1,-1
78,414,1807.00,1026.00,10.00,17.00,1.00,-1,-1,-1
78,419,257.00,1024.00,43.00,56.00,1.00,-1,-1,-1
78,429,0.00,783.00,100.00,70.00,1.00,-1,-1,-1
78,433,59.00,748.00,277.00,209.00,1.00,-1,-1,-1
78,435,0.00,1012.00,39.00,68.00,1.00,-1,-1,-1
78,437,0.00,263.00,910.00,561.00,1.00,-1,-1,-1
78,438,90.00,1029.00,15.00,26.00,1.00,-1,-1,-1
78,441,1531.00,933.00,63.00,51.00,1.00,-1,-1,-1
78,448,30.00,1048.00,23.00,17.00,1.00,-1,-1,-1
78,480,1800.00,1044.00,19.00,36.00,1.00,-1,-1,-1
78,489,1672.00,1036.00,31.00,26.00,1.00,-1,-1,-1
79,342,605.00,0.00,1315.00,1014.00,1.00,-1,-1,-1
79,348,-26.00,763.00,707.00,534.00,1.00,-1,-1,-1
79,352,1644.00,828.00,254.00,167.00,1.00,-1,-1,-1
79,359,141.00,141.00,666.00,426.00,1.00,-1,-1,-1
79,373,1755.00,948.00,56.00,37.00,1.00,-1,-1,-1
79,376,524.00,0.00,938.00,362.00,1.00,-1,-1,-1
79,377,441.00,204.00,1459.00,948.00,1.00,-1,-1,-1
79,396,441.00,637.00,901.00,526.00,1.00,-1,-1,-1
79,397,1346.00,978.00,19.00,34.00,1.00,-1,-1,-1
79,402,1532.00,937.00,91.00,143.00,1.00,-1,-1,-1
79,407,299.00,602.00,772.00,509.00,1.00,-1,-1,-1
79,412,1874.00,955.00,46.00,43.00,1.00,-1,-1,-1
79,414,1827.00,1051.00,10.00,17.00,1.00,-1,-1,-1
79,419,275.00,1046.00,43.00,56.00,1.00,-1,-1,-1
79,429,-1.00,833.00,100.00,70.00,1.00,-1,-1,-1
79,433,60.00,799.00,277.00,209.00,1.00,-1,-1,-1
79,435,0.00,992.00,29.00,34.00,1.00,-1,-1,-1
79,437,0.00,0.00,1013.00,952.00,1.00,-1,-1,-1
79,438,90.00,1029.00,15.00,26.00,1.00,-1,-1,-1
79,441,1531.00,933.00,63.00,51.00,1.00,-1,-1,-1
79,448,30.00,1048.00,23.00,17.00,1.00,-1,-1,-1
79,462,0.00,674.00,150.00,327.00,1.00,-1,-1,-1
79,480,1800.00,1044.00,19.00,36.00,1.00,-1,-1,-1
79,489,1598.00,975.00,31.00,26.00,1.00,-1,-1,-1
80,342,605.00,0.00,1315.00,1014.00,1.00,-1,-1,-1
80,348,-26.00,763.00,707.00,534.00,1.00,-1,-1,-1
80,352,1644.00,828.00,254.00,167.00,1.00,-1,-1,-1
80,359,141.00,141.00,666.00,426.00,1.00,-1,-1,-1
80,373,1755.00,947.00,56.00,37.00,1.00,-1,-1,-1
80,376,524.00,0.00,938.00,362.00,1.00,-1,-1,-1
80,377,441.00,204.00,1459.00,948.00,1.00,-1,-1,-1
80,396,441.00,637.00,901.00,526.00,1.00,-1,-1,-1
80,397,1346.00,978.00,19.00,34.00,1.00,-1,-1,-1
80,402,1532.00,937.00,91.00,143.00,1.00,-1,-1,-1
80,407,299.00,602.00,772.00,509.00,1.00,-1,-1,-1
80,412,1874.00,955.00,46.00,43.00,1.00,-1,-1,-1
80,414,1827.00,1051.00,10.00,17.00,1.00,-1,-1,-1
80,419,275.00,1046.00,43.00,56.00,1.00,-1,-1,-1
80,429,-1.00,833.00,100.00,70.00,1.00,-1,-1,-1
80,433,60.00,799.00,277.00,209.00,1.00,-1,-1,-1
80,435,0.00,992.00,29.00,34.00,1.00,-1,-1,-1
80,437,0.00,0.00,1013.00,952.00,1.00,-1,-1,-1
80,438,90.00,1029.00,15.00,26.00,1.00,-1,-1,-1
80,441,1531.00,933.00,63.00,51.00,1.00,-1,-1,-1
80,448,30.00,1048.00,23.00,17.00,1.00,-1,-1,-1
80,462,0.00,674.00,150.00,327.00,1.00,-1,-1,-1
80,480,1800.00,1044.00,19.00,36.00,1.00,-1,-1,-1
80,489,1598.00,975.00,31.00,26.00,1.00,-1,-1,-1
81,342,656.00,64.00,1264.00,986.00,1.00,-1,-1,-1
81,348,-26.00,763.00,707.00,534.00,1.00,-1,-1,-1
81,352,1644.00,828.00,254.00,167.00,1.00,-1,-1,-1
81,359,0.00,0.00,695.00,412.00,1.00,-1,-1,-1
81,372,1266.00,988.00,37.00,72.00,1.00,-1,-1,-1
81,373,1782.00,912.00,56.00,37.00,1.00,-1,-1,-1
81,376,368.00,0.00,1118.00,419.00,1.00,-1,-1,-1
81,377,432.00,188.00,1459.00,948.00,1.00,-1,-1,-1
81,394,1747.00,1001.00,61.00,36.00,1.00,-1,-1,-1
81,396,381.00,653.00,901.00,526.00,1.00,-1,-1,-1
81,397,1355.00,1027.00,19.00,34.00,1.00,-1,-1,-1
81,402,1292.00,644.00,91.00,143.00,1.00,-1,-1,-1
81,407,0.00,198.00,1027.00,856.00,1.00,-1,-1,-1
81,412,1874.00,955.00,46.00,43.00,1.00,-1,-1,-1
81,414,1856.00,1021.00,10.00,17.00,1.00,-1,-1,-1
81,419,275.00,1046.00,43.00,56.00,1.00,-1,-1,-1
81,429,-5.00,883.00,100.00,70.00,1.00,-1,-1,-1
81,433,60.00,799.00,277.00,209.00,1.00,-1,-1,-1
81,435,0.00,992.00,29.00,34.00,1.00,-1,-1,-1
81,437,34.00,3.00,1013.00,952.00,1.00,-1,-1,-1
81,438,90.00,1029.00,15.00,26.00,1.00,-1,-1,-1
81,441,1531.00,933.00,63.00,51.00,1.00,-1,-1,-1
81,448,127.00,1049.00,23.00,17.00,1.00,-1,-1,-1
81,462,3.00,727.00,150.00,327.00,1.00,-1,-1,-1
81,480,1800.00,1044.00,19.00,36.00,1.00,-1,-1,-1
81,489,1598.00,975.00,31.00,26.00,1.00,-1,-1,-1
81,517,651.00,1020.00,238.00,60.00,1.00,-1,-1,-1
81,526,0.00,1055.00,24.00,25.00,1.00,-1,-1,-1
82,342,0.00,0.00,1920.00,1080.00,1.00,-1,-1,-1
82,348,-26.00,763.00,707.00,534.00,1.00,-1,-1,-1
82,359,13.00,-45.00,695.00,412.00,1.00,-1,-1,-1
82,372,1267.00,979.00,37.00,72.00,1.00,-1,-1,-1
82,373,1742.00,963.00,56.00,37.00,1.00,-1,-1,-1
82,376,373.00,45.00,1118.00,419.00,1.00,-1,-1,-1
82,377,0.00,49.00,1178.00,1031.00,1.00,-1,-1,-1
82,394,1703.00,948.00,61.00,36.00,1.00,-1,-1,-1
82,396,373.00,711.00,901.00,526.00,1.00,-1,-1,-1
82,397,1382.00,1027.00,19.00,34.00,1.00,-1,-1,-1
82,402,1232.00,652.00,91.00,143.00,1.00,-1,-1,-1
82,407,99.00,332.00,1027.00,856.00,1.00,-1,-1,-1
82,412,1874.00,955.00,46.00,43.00,1.00,-1,-1,-1
82,414,1855.00,1016.00,10.00,17.00,1.00,-1,-1,-1
82,419,275.00,1046.00,43.00,56.00,1.00,-1,-1,-1
82,429,-7.00,939.00,100.00,70.00,1.00,-1,-1,-1
82,433,60.00,799.00,277.00,209.00,1.00,-1,-1,-1
82,435,-22.00,954.00,29.00,34.00,1.00,-1,-1,-1
82,437,-6.00,-83.00,1013.00,952.00,1.00,-1,-1,-1
82,441,1531.00,933.00,63.00,51.00,1.00,-1,-1,-1
82,448,147.00,1028.00,23.00,17.00,1.00,-1,-1,-1
82,462,6.00,768.00,150.00,327.00,1.00,-1,-1,-1
82,480,1800.00,1044.00,19.00,36.00,1.00,-1,-1,-1
82,489,1598.00,975.00,31.00,26.00,1.00,-1,-1,-1
82,517,660.00,1012.00,238.00,60.00,1.00,-1,-1,-1
82,526,29.00,1040.00,24.00,25.00,1.00,-1,-1,-1
83,342,0.00,0.00,1920.00,658.00,1.00,-1,-1,-1
83,348,-26.00,763.00,707.00,534.00,1.00,-1,-1,-1
83,359,10.00,-77.00,695.00,412.00,1.00,-1,-1,-1
83,372,1276.00,973.00,37.00,72.00,1.00,-1,-1,-1
83,373,1824.00,861.00,56.00,37.00,1.00,-1,-1,-1
83,376,371.00,97.00,1118.00,419.00,1.00,-1,-1,-1
83,377,0.00,418.00,1051.00,662.00,1.00,-1,-1,-1
83,394,1781.00,883.00,61.00,36.00,1.00,-1,-1,-1
83,396,373.00,711.00,901.00,526.00,1.00,-1,-1,-1
83,397,1382.00,1027.00,19.00,34.00,1.00,-1,-1,-1
83,402,1262.00,654.00,91.00,143.00,1.00,-1,-1,-1
83,407,116.00,223.00,1027.00,856.00,1.00,-1,-1,-1
83,412,1874.00,955.00,46.00,43.00,1.00,-1,-1,-1
83,414,1893.00,963.00,10.00,17.00,1.00,-1,-1,-1
83,419,275.00,1046.00,43.00,56.00,1.00,-1,-1,-1
83,429,-10.00,976.00,100.00,70.00,1.00,-1,-1,-1
83,433,60.00,799.00,277.00,209.00,1.00,-1,-1,-1
83,435,-22.00,954.00,29.00,34.00,1.00,-1,-1,-1
83,437,71.00,-203.00,1013.00,952.00,1.00,-1,-1,-1
83,448,127.00,999.00,23.00,17.00,1.00,-1,-1,-1
83,462,6.00,768.00,150.00,327.00,1.00,-1,-1,-1
83,489,1598.00,975.00,31.00,26.00,1.00,-1,-1,-1
83,517,660.00,1012.00,238.00,60.00,1.00,-1,-1,-1
83,526,29.00,1040.00,24.00,25.00,1.00,-1,-1,-1
84,342,0.00,0.00,1920.00,733.00,1.00,-1,-1,-1
84,348,-38.00,763.00,707.00,534.00,1.00,-1,-1,-1
84,359,2.00,-83.00,695.00,412.00,1.00,-1,-1,-1
84,372,1276.00,973.00,37.00,72.00,1.00,-1,-1,-1
84,373,1835.00,845.00,56.00,37.00,1.00,-1,-1,-1
84,376,408.00,55.00,1118.00,419.00,1.00,-1,-1,-1
84,377,0.00,496.00,1158.00,584.00,1.00,-1,-1,-1
84,394,1751.00,812.00,61.00,36.00,1.00,-1,-1,-1
84,396,373.00,711.00,901.00,526.00,1.00,-1,-1,-1
84,397,1394.00,1044.00,19.00,34.00,1.00,-1,-1,-1
84,402,1317.00,628.00,91.00,143.00,1.00,-1,-1,-1
84,407,116.00,259.00,1027.00,856.00,1.00,-1,-1,-1
84,412,1874.00,955.00,46.00,43.00,1.00,-1,-1,-1
84,414,1913.00,948.00,10.00,17.00,1.00,-1,-1,-1
84,419,275.00,1046.00,43.00,56.00,1.00,-1,-1,-1
84,429,24.00,881.00,100.00,70.00,1.00,-1,-1,-1
84,433,60.00,799.00,277.00,209.00,1.00,-1,-1,-1
84,435,-22.00,954.00,29.00,34.00,1.00,-1,-1,-1
84,437,143.00,-277.00,1013.00,952.00,1.00,-1,-1,-1
84,448,128.00,1054.00,23.00,17.00,1.00,-1,-1,-1
84,462,6.00,768.00,150.00,327.00,1.00,-1,-1,-1
84,489,1598.00,975.00,31.00,26.00,1.00,-1,-1,-1
84,517,660.00,1012.00,238.00,60.00,1.00,-1,-1,-1
84,526,29.00,1040.00,24.00,25.00,1.00,-1,-1,-1
84,543,696.00,228.00,1224.00,852.00,1.00,-1,-1,-1
85,342,0.00,0.00,1920.00,667.00,1.00,-1,-1,-1
85,348,0.00,542.00,1136.00,538.00,1.00,-1,-1,-1
85,359,8.00,-94.00,695.00,412.00,1.00,-1,-1,-1
85,372,1279.00,991.00,37.00,72.00,1.00,-1,-1,-1
85,373,1825.00,809.00,56.00,37.00,1.00,-1,-1,-1
85,376,420.00,28.00,1118.00,419.00,1.00,-1,-1,-1
85,377,-132.00,493.00,1158.00,584.00,1.00,-1,-1,-1
85,394,1778.00,870.00,61.00,36.00,1.00,-1,-1,-1
85,396,373.00,711.00,901.00,526.00,1.00,-1,-1,-1
85,397,1405.00,1025.00,19.00,34.00,1.00,-1,-1,-1
85,402,1287.00,570.00,91.00,143.00,1.00,-1,-1,-1
85,407,122.00,171.00,1027.00,856.00,1.00,-1,-1,-1
85,412,1867.00,951.00,46.00,43.00,1.00,-1,-1,-1
85,414,1913.00,948.00,10.00,17.00,1.00,-1,-1,-1
85,419,275.00,1046.00,43.00,56.00,1.00,-1,-1,-1
85,429,-24.00,783.00,100.00,70.00,1.00,-1,-1,-1
85,435,-22.00,954.00,29.00,34.00,1.00,-1,-1,-1
85,437,138.00,-219.00,1013.00,952.00,1.00,-1,-1,-1
85,448,127.00,1029.00,23.00,17.00,1.00,-1,-1,-1
85,462,6.00,768.00,150.00,327.00,1.00,-1,-1,-1
85,517,680.00,1030.00,238.00,60.00,1.00,-1,-1,-1
85,526,14.00,942.00,24.00,25.00,1.00,-1,-1,-1
85,543,700.00,286.00,1220.00,794.00,1.00,-1,-1,-1
86,342,0.00,0.00,1920.00,667.00,1.00,-1,-1,-1
86,348,0.00,542.00,1136.00,538.00,1.00,-1,-1,-1
86,359,8.00,-94.00,695.00,412.00,1.00,-1,-1,-1
86,372,1279.00,991.00,37.00,72.00,1.00,-1,-1,-1
86,373,1825.00,809.00,56.00,37.00,1.00,-1,-1,-1
86,376,420.00,28.00,1118.00,419.00,1.00,-1,-1,-1
86,377,-132.00,493.00,1158.00,584.00,1.00,-1,-1,-1
86,394,1778.00,870.00,61.00,36.00,1.00,-1,-1,-1
86,396,373.00,711.00,901.00,526.00,1.00,-1,-1,-1
86,397,1405.00,1025.00,19.00,34.00,1.00,-1,-1,-1
86,402,1287.00,570.00,91.00,143.00,1.00,-1,-1,-1
86,407,122.00,171.00,1027.00,856.00,1.00,-1,-1,-1
86,412,1867.00,951.00,46.00,43.00,1.00,-1,-1,-1
86,414,1913.00,948.00,10.00,17.00,1.00,-1,-1,-1
86,429,-24.00,783.00,100.00,70.00,1.00,-1,-1,-1
86,435,-22.00,954.00,29.00,34.00,1.00,-1,-1,-1
86,437,138.00,-219.00,1013.00,952.00,1.00,-1,-1,-1
86,448,127.00,1029.00,23.00,17.00,1.00,-1,-1,-1
86,462,6.00,768.00,150.00,327.00,1.00,-1,-1,-1
86,517,680.00,1030.00,238.00,60.00,1.00,-1,-1,-1
86,526,14.00,942.00,24.00,25.00,1.00,-1,-1,-1
86,543,700.00,286.00,1220.00,794.00,1.00,-1,-1,-1
87,342,0.00,0.00,1920.00,768.00,1.00,-1,-1,-1
87,348,0.00,612.00,1032.00,468.00,1.00,-1,-1,-1
87,359,1.00,-86.00,695.00,412.00,1.00,-1,-1,-1
87,372,1286.00,956.00,37.00,72.00,1.00,-1,-1,-1
87,373,1813.00,802.00,56.00,37.00,1.00,-1,-1,-1
87,376,456.00,13.00,1118.00,419.00,1.00,-1,-1,-1
87,377,-108.00,446.00,1158.00,584.00,1.00,-1,-1,-1
87,394,1775.00,919.00,61.00,36.00,1.00,-1,-1,-1
87,396,373.00,711.00,901.00,526.00,1.00,-1,-1,-1
87,397,1405.00,1025.00,19.00,34.00,1.00,-1,-1,-1
87,402,1287.00,627.00,91.00,143.00,1.00,-1,-1,-1
87,407,99.00,70.00,1027.00,856.00,1.00,-1,-1,-1
87,412,1867.00,951.00,46.00,43.00,1.00,-1,-1,-1
87,414,1913.00,948.00,10.00,17.00,1.00,-1,-1,-1
87,429,-17.00,796.00,100.00,70.00,1.00,-1,-1,-1
87,435,-22.00,954.00,29.00,34.00,1.00,-1,-1,-1
87,437,138.00,-219.00,1013.00,952.00,1.00,-1,-1,-1
87,448,157.00,1024.00,23.00,17.00,1.00,-1,-1,-1
87,462,6.00,768.00,150.00,327.00,1.00,-1,-1,-1
87,517,706.00,1042.00,238.00,60.00,1.00,-1,-1,-1
87,526,-2.00,927.00,24.00,25.00,1.00,-1,-1,-1
87,543,612.00,362.00,1308.00,718.00,1.00,-1,-1,-1
88,342,0.00,0.00,1920.00,803.00,1.00,-1,-1,-1
88,348,0.00,694.00,1073.00,386.00,1.00,-1,-1,-1
88,359,67.00,-62.00,695.00,412.00,1.00,-1,-1,-1
88,372,1286.00,956.00,37.00,72.00,1.00,-1,-1,-1
88,373,1791.00,757.00,56.00,37.00,1.00,-1,-1,-1
88,376,460.00,61.00,1118.00,419.00,1.00,-1,-1,-1
88,377,-128.00,339.00,1158.00,584.00,1.00,-1,-1,-1
88,394,1765.00,938.00,61.00,36.00,1.00,-1,-1,-1
88,396,373.00,711.00,901.00,526.00,1.00,-1,-1,-1
88,397,1405.00,1025.00,19.00,34.00,1.00,-1,-1,-1
88,402,1242.00,666.00,91.00,143.00,1.00,-1,-1,-1
88,407,106.00,124.00,1027.00,856.00,1.00,-1,-1,-1
88,412,1859.00,923.00,46.00,43.00,1.00,-1,-1,-1
88,414,1875.00,957.00,10.00,17.00,1.00,-1,-1,-1
88,429,-2.00,796.00,100.00,70.00,1.00,-1,-1,-1
88,437,138.00,-219.00,1013.00,952.00,1.00,-1,-1,-1
88,448,210.00,1053.00,23.00,17.00,1.00,-1,-1,-1
88,517,706.00,1042.00,238.00,60.00,1.00,-1,-1,-1
88,526,29.00,927.00,24.00,25.00,1.00,-1,-1,-1
88,543,731.00,434.00,1189.00,646.00,1.00,-1,-1,-1
89,342,0.00,0.00,1920.00,881.00,1.00,-1,-1,-1
89,348,0.00,744.00,967.00,336.00,1.00,-1,-1,-1
89,359,60.00,5.00,695.00,412.00,1.00,-1,-1,-1
89,372,1286.00,956.00,37.00,72.00,1.00,-1,-1,-1
89,373,1781.00,797.00,56.00,37.00,1.00,-1,-1,-1
89,376,459.00,114.00,1118.00,419.00,1.00,-1,-1,-1
89,377,-133.00,321.00,1158.00,584.00,1.00,-1,-1,-1
89,394,1793.00,1066.00,61.00,36.00,1.00,-1,-1,-1
89,396,373.00,711.00,901.00,526.00,1.00,-1,-1,-1
89,397,1383.00,969.00,19.00,34.00,1.00,-1,-1,-1
89,402,1244.00,719.00,91.00,143.00,1.00,-1,-1,-1
89,407,64.00,131.00,1027.00,856.00,1.00,-1,-1,-1
89,412,1862.00,975.00,46.00,43.00,1.00,-1,-1,-1
89,414,1881.00,1008.00,10.00,17.00,1.00,-1,-1,-1
89,429,-2.00,853.00,100.00,70.00,1.00,-1,-1,-1
89,437,138.00,-219.00,1013.00,952.00,1.00,-1,-1,-1
89,448,210.00,1053.00,23.00,17.00,1.00,-1,-1,-1
89,517,706.00,1042.00,238.00,60.00,1.00,-1,-1,-1
89,526,58.00,937.00,24.00,25.00,1.00,-1,-1,-1
89,543,743.00,520.00,1177.00,560.00,1.00,-1,-1,-1
90,342,0.00,0.00,1920.00,954.00,1.00,-1,-1,-1
90,348,279.00,814.00,685.00,266.00,1.00,-1,-1,-1
90,359,59.00,58.00,695.00,412.00,1.00,-1,-1,-1
90,372,1286.00,955.00,37.00,72.00,1.00,-1,-1,-1
90,373,1772.00,838.00,56.00,37.00,1.00,-1,-1,-1
90,376,445.00,170.00,1118.00,419.00,1.00,-1,-1,-1
90,377,-210.00,284.00,1158.00,584.00,1.00,-1,-1,-1
90,394,1741.00,1066.00,61.00,36.00,1.00,-1,-1,-1
90,396,372.00,711.00,901.00,526.00,1.00,-1,-1,-1
90,397,1382.00,1034.00,19.00,34.00,1.00,-1,-1,-1
90,402,1248.00,771.00,91.00,143.00,1.00,-1,-1,-1
90,407,43.00,134.00,1027.00,856.00,1.00,-1,-1,-1
90,412,1881.00,1025.00,46.00,43.00,1.00,-1,-1,-1
90,414,1851.00,1068.00,10.00,17.00,1.00,-1,-1,-1
90,422,185.00,1053.00,58.00,27.00,1.00,-1,-1,-1
90,429,0.00,906.00,127.00,174.00,1.00,-1,-1,-1
90,437,138.00,-219.00,1013.00,952.00,1.00,-1,-1,-1
90,448,339.00,1059.00,23.00,17.00,1.00,-1,-1,-1
90,486,259.00,910.00,189.00,170.00,1.00,-1,-1,-1
90,515,217.00,950.00,39.00,43.00,1.00,-1,-1,-1
90,517,722.00,1027.00,238.00,60.00,1.00,-1,-1,-1
90,526,88.00,926.00,24.00,25.00,1.00,-1,-1,-1
90,543,817.00,605.00,1103.00,475.00,1.00,-1,-1,-1
91,342,0.00,0.00,1920.00,1008.00,1.00,-1,-1,-1
91,348,279.00,814.00,685.00,266.00,1.00,-1,-1,-1
91,359,57.00,116.00,695.00,412.00,1.00,-1,-1,-1
91,372,1285.00,973.00,37.00,72.00,1.00,-1,-1,-1
91,373,1771.00,866.00,56.00,37.00,1.00,-1,-1,-1
91,376,440.00,231.00,1118.00,419.00,1.00,-1,-1,-1
91,377,-202.00,325.00,1158.00,584.00,1.00,-1,-1,-1
91,394,1741.00,1066.00,61.00,36.00,1.00,-1,-1,-1
91,396,372.00,711.00,901.00,526.00,1.00,-1,-1,-1
91,397,1382.00,1034.00,19.00,34.00,1.00,-1,-1,-1
91,402,1250.00,866.00,91.00,143.00,1.00,-1,-1,-1
91,407,45.00,194.00,1027.00,856.00,1.00,-1,-1,-1
91,412,1881.00,1025.00,46.00,43.00,1.00,-1,-1,-1
91,414,1851.00,1068.00,10.00,17.00,1.00,-1,-1,-1
91,422,214.00,1042.00,58.00,27.00,1.00,-1,-1,-1
91,429,-1.00,742.00,127.00,174.00,1.00,-1,-1,-1
91,448,395.00,968.00,23.00,17.00,1.00,-1,-1,-1
91,486,260.00,950.00,189.00,170.00,1.00,-1,-1,-1
91,515,218.00,1012.00,39.00,43.00,1.00,-1,-1,-1
91,517,736.00,1040.00,238.00,60.00,1.00,-1,-1,-1
91,526,-3.00,1055.00,24.00,25.00,1.00,-1,-1,-1
91,543,832.00,668.00,1088.00,412.00,1.00,-1,-1,-1
91,547,105.00,1003.00,15.00,26.00,1.00,-1,-1,-1
92,342,0.00,0.00,1920.00,1008.00,1.00,-1,-1,-1
92,348,279.00,814.00,685.00,266.00,1.00,-1,-1,-1
92,359,57.00,116.00,695.00,412.00,1.00,-1,-1,-1
92,372,1285.00,973.00,37.00,72.00,1.00,-1,-1,-1
92,373,1771.00,866.00,56.00,37.00,1.00,-1,-1,-1
92,376,440.00,231.00,1118.00,419.00,1.00,-1,-1,-1
92,377,-202.00,325.00,1158.00,584.00,1.00,-1,-1,-1
92,394,1741.00,1066.00,61.00,36.00,1.00,-1,-1,-1
92,396,372.00,711.00,901.00,526.00,1.00,-1,-1,-1
92,397,1382.00,1034.00,19.00,34.00,1.00,-1,-1,-1
92,402,1250.00,866.00,91.00,143.00,1.00,-1,-1,-1
92,407,45.00,194.00,1027.00,856.00,1.00,-1,-1,-1
92,412,1881.00,1025.00,46.00,43.00,1.00,-1,-1,-1
92,414,1851.00,1068.00,10.00,17.00,1.00,-1,-1,-1
92,422,214.00,1042.00,58.00,27.00,1.00,-1,-1,-1
92,429,-1.00,742.00,127.00,174.00,1.00,-1,-1,-1
92,448,395.00,968.00,23.00,17.00,1.00,-1,-1,-1
92,486,260.00,950.00,189.00,170.00,1.00,-1,-1,-1
92,515,218.00,1012.00,39.00,43.00,1.00,-1,-1,-1
92,517,736.00,1040.00,238.00,60.00,1.00,-1,-1,-1
92,526,-3.00,1055.00,24.00,25.00,1.00,-1,-1,-1
92,543,832.00,668.00,1088.00,412.00,1.00,-1,-1,-1
92,547,105.00,1003.00,15.00,26.00,1.00,-1,-1,-1
93,342,0.00,51.00,1859.00,974.00,1.00,-1,-1,-1
93,348,283.00,794.00,685.00,266.00,1.00,-1,-1,-1
93,359,65.00,167.00,695.00,412.00,1.00,-1,-1,-1
93,372,1285.00,973.00,37.00,72.00,1.00,-1,-1,-1
93,373,1745.00,860.00,56.00,37.00,1.00,-1,-1,-1
93,376,701.00,0.00,1219.00,735.00,1.00,-1,-1,-1
93,377,-219.00,285.00,1158.00,584.00,1.00,-1,-1,-1
93,394,1741.00,1066.00,61.00,36.00,1.00,-1,-1,-1
93,396,372.00,711.00,901.00,526.00,1.00,-1,-1,-1
93,397,1422.00,1055.00,19.00,34.00,1.00,-1,-1,-1
93,402,1266.00,872.00,91.00,143.00,1.00,-1,-1,-1
93,407,60.00,175.00,1027.00,856.00,1.00,-1,-1,-1
93,412,1881.00,1025.00,46.00,43.00,1.00,-1,-1,-1
93,414,1851.00,1068.00,10.00,17.00,1.00,-1,-1,-1
93,422,174.00,956.00,58.00,27.00,1.00,-1,-1,-1
93,429,-7.00,728.00,127.00,174.00,1.00,-1,-1,-1
93,448,403.00,1020.00,23.00,17.00,1.00,-1,-1,-1
93,486,260.00,950.00,189.00,170.00,1.00,-1,-1,-1
93,515,218.00,1012.00,39.00,43.00,1.00,-1,-1,-1
93,517,736.00,1040.00,238.00,60.00,1.00,-1,-1,-1
93,526,-3.00,1055.00,24.00,25.00,1.00,-1,-1,-1
93,543,1193.00,706.00,727.00,374.00,1.00,-1,-1,-1
93,547,111.00,1068.00,15.00,26.00,1.00,-1,-1,-1
93,549,0.00,988.00,37.00,92.00,1.00,-1,-1,-1
94,342,29.00,47.00,1859.00,974.00,1.00,-1,-1,-1
94,348,201.00,777.00,685.00,266.00,1.00,-1,-1,-1
94,359,98.00,240.00,695.00,412.00,1.00,-1,-1,-1
94,372,1285.00,973.00,37.00,72.00,1.00,-1,-1,-1
94,373,1774.00,842.00,56.00,37.00,1.00,-1,-1,-1
94,376,712.00,48.00,1219.00,735.00,1.00,-1,-1,-1
94,377,-250.00,288.00,1158.00,584.00,1.00,-1,-1,-1
94,394,1741.00,1066.00,61.00,36.00,1.00,-1,-1,-1
94,396,372.00,711.00,901.00,526.00,1.00,-1,-1,-1
94,397,1437.00,1054.00,19.00,34.00,1.00,-1,-1,-1
94,402,1266.00,872.00,91.00,143.00,1.00,-1,-1,-1
94,407,46.00,210.00,1027.00,856.00,1.00,-1,-1,-1
94,412,1881.00,1025.00,46.00,43.00,1.00,-1,-1,-1
94,414,1851.00,1068.00,10.00,17.00,1.00,-1,-1,-1
94,422,171.00,980.00,58.00,27.00,1.00,-1,-1,-1
94,429,-7.00,728.00,127.00,174.00,1.00,-1,-1,-1
94,448,330.00,1028.00,23.00,17.00,1.00,-1,-1,-1
94,486,260.00,950.00,189.00,170.00,1.00,-1,-1,-1
94,515,218.00,1012.00,39.00,43.00,1.00,-1,-1,-1
94,517,736.00,1040.00,238.00,60.00,1.00,-1,-1,-1
94,526,-8.00,984.00,24.00,25.00,1.00,-1,-1,-1
94,543,1202.00,772.00,727.00,374.00,1.00,-1,-1,-1
94,547,111.00,1068.00,15.00,26.00,1.00,-1,-1,-1
94,549,-12.00,400.00,37.00,92.00,1.00,-1,-1,-1
95,342,29.00,68.00,1859.00,974.00,1.00,-1,-1,-1
95,348,202.00,837.00,685.00,266.00,1.00,-1,-1,-1
95,359,531.00,76.00,695.00,412.00,1.00,-1,-1,-1
95,372,1285.00,973.00,37.00,72.00,1.00,-1,-1,-1
95,373,1784.00,900.00,56.00,37.00,1.00,-1,-1,-1
95,376,705.00,-22.00,1219.00,735.00,1.00,-1,-1,-1
95,377,-392.00,307.00,1158.00,584.00,1.00,-1,-1,-1
95,394,1741.00,1066.00,61.00,36.00,1.00,-1,-1,-1
95,396,372.00,711.00,901.00,526.00,1.00,-1,-1,-1
95,397,1440.00,1051.00,19.00,34.00,1.00,-1,-1,-1
95,402,1274.00,873.00,91.00,143.00,1.00,-1,-1,-1
95,407,39.00,235.00,1027.00,856.00,1.00,-1,-1,-1
95,412,1881.00,1025.00,46.00,43.00,1.00,-1,-1,-1
95,414,1851.00,1068.00,10.00,17.00,1.00,-1,-1,-1
95,422,152.00,1030.00,58.00,27.00,1.00,-1,-1,-1
95,429,-7.00,728.00,127.00,174.00,1.00,-1,-1,-1
95,448,330.00,1028.00,23.00,17.00,1.00,-1,-1,-1
95,463,1029.00,208.00,18.00,11.00,1.00,-1,-1,-1
95,486,260.00,950.00,189.00,170.00,1.00,-1,-1,-1
95,515,218.00,1012.00,39.00,43.00,1.00,-1,-1,-1
95,517,736.00,1040.00,238.00,60.00,1.00,-1,-1,-1
95,526,8.00,992.00,24.00,25.00,1.00,-1,-1,-1
95,543,1222.00,848.00,727.00,374.00,1.00,-1,-1,-1
95,547,110.00,1069.00,15.00,26.00,1.00,-1,-1,-1
95,549,-12.00,400.00,37.00,92.00,1.00,-1,-1,-1
95,572,224.00,0.00,39.00,6.00,1.00,-1,-1,-1
96,342,-64.00,-39.00,1859.00,974.00,1.00,-1,-1,-1
96,348,216.00,846.00,685.00,266.00,1.00,-1,-1,-1
96,359,567.00,-9.00,695.00,412.00,1.00,-1,-1,-1
96,372,1285.00,973.00,37.00,72.00,1.00,-1,-1,-1
96,373,1794.00,962.00,56.00,37.00,1.00,-1,-1,-1
96,376,700.00,-25.00,1219.00,735.00,1.00,-1,-1,-1
96,377,-432.00,325.00,1158.00,584.00,1.00,-1,-1,-1
96,396,372.00,711.00,901.00,526.00,1.00,-1,-1,-1
96,397,1486.00,1028.00,19.00,34.00,1.00,-1,-1,-1
96,402,1282.00,634.00,91.00,143.00,1.00,-1,-1,-1
96,407,2.00,260.00,1027.00,856.00,1.00,-1,-1,-1
96,422,126.00,1024.00,58.00,27.00,1.00,-1,-1,-1
96,429,-7.00,728.00,127.00,174.00,1.00,-1,-1,-1
96,448,330.00,1028.00,23.00,17.00,1.00,-1,-1,-1
96,463,1020.00,235.00,18.00,11.00,1.00,-1,-1,-1
96,486,260.00,950.00,189.00,170.00,1.00,-1,-1,-1
96,515,218.00,1012.00,39.00,43.00,1.00,-1,-1,-1
96,517,736.00,1040.00,238.00,60.00,1.00,-1,-1,-1
96,526,11.00,1043.00,24.00,25.00,1.00,-1,-1,-1
96,543,1222.00,848.00,727.00,374.00,1.00,-1,-1,-1
96,547,110.00,1069.00,15.00,26.00,1.00,-1,-1,-1
96,549,-12.00,400.00,37.00,92.00,1.00,-1,-1,-1
96,572,251.00,14.00,39.00,6.00,1.00,-1,-1,-1
96,596,1055.00,0.00,50.00,7.00,1.00,-1,-1,-1
97,342,-59.00,25.00,1859.00,974.00,1.00,-1,-1,-1
97,348,205.00,797.00,685.00,266.00,1.00,-1,-1,-1
97,359,567.00,-9.00,695.00,412.00,1.00,-1,-1,-1
97,372,1285.00,973.00,37.00,72.00,1.00,-1,-1,-1
97,373,1792.00,978.00,56.00,37.00,1.00,-1,-1,-1
97,376,690.00,-149.00,1219.00,735.00,1.00,-1,-1,-1
97,377,-463.00,281.00,1158.00,584.00,1.00,-1,-1,-1
97,396,372.00,711.00,901.00,526.00,1.00,-1,-1,-1
97,397,1522.00,1016.00,19.00,34.00,1.00,-1,-1,-1
97,402,1282.00,684.00,91.00,143.00,1.00,-1,-1,-1
97,407,3.00,183.00,1027.00,856.00,1.00,-1,-1,-1
97,422,124.00,1011.00,58.00,27.00,1.00,-1,-1,-1
97,429,-7.00,728.00,127.00,174.00,1.00,-1,-1,-1
97,448,330.00,1028.00,23.00,17.00,1.00,-1,-1,-1
97,463,1276.00,242.00,18.00,11.00,1.00,-1,-1,-1
97,486,260.00,950.00,189.00,170.00,1.00,-1,-1,-1
97,515,218.00,1012.00,39.00,43.00,1.00,-1,-1,-1
97,517,736.00,1040.00,238.00,60.00,1.00,-1,-1,-1
97,526,11.00,1043.00,24.00,25.00,1.00,-1,-1,-1
97,543,1180.00,794.00,727.00,374.00,1.00,-1,-1,-1
97,547,110.00,1069.00,15.00,26.00,1.00,-1,-1,-1
97,549,-12.00,400.00,37.00,92.00,1.00,-1,-1,-1
97,572,248.00,60.00,39.00,6.00,1.00,-1,-1,-1
97,596,1038.00,18.00,50.00,7.00,1.00,-1,-1,-1
98,342,-59.00,25.00,1859.00,974.00,1.00,-1,-1,-1
98,348,205.00,797.00,685.00,266.00,1.00,-1,-1,-1
98,359,567.00,-9.00,695.00,412.00,1.00,-1,-1,-1
98,372,1285.00,973.00,37.00,72.00,1.00,-1,-1,-1
98,373,1792.00,978.00,56.00,37.00,1.00,-1,-1,-1
98,376,690.00,-149.00,1219.00,735.00,1.00,-1,-1,-1
98,377,-463.00,281.00,1158.00,584.00,1.00,-1,-1,-1
98,396,372.00,711.00,901.00,526.00,1.00,-1,-1,-1
98,397,1522.00,1016.00,19.00,34.00,1.00,-1,-1,-1
98,402,1282.00,684.00,91.00,143.00,1.00,-1,-1,-1
98,407,3.00,183.00,1027.00,856.00,1.00,-1,-1,-1
98,422,124.00,1011.00,58.00,27.00,1.00,-1,-1,-1
98,429,-7.00,728.00,127.00,174.00,1.00,-1,-1,-1
98,448,330.00,1028.00,23.00,17.00,1.00,-1,-1,-1
98,463,1276.00,242.00,18.00,11.00,1.00,-1,-1,-1
98,526,11.00,1043.00,24.00,25.00,1.00,-1,-1,-1
98,543,1180.00,794.00,727.00,374.00,1.00,-1,-1,-1
98,547,110.00,1069.00,15.00,26.00,1.00,-1,-1,-1
98,549,-12.00,400.00,37.00,92.00,1.00,-1,-1,-1
98,572,248.00,60.00,39.00,6.00,1.00,-1,-1,-1
98,596,1038.00,18.00,50.00,7.00,1.00,-1,-1,-1
99,342,-55.00,75.00,1859.00,974.00,1.00,-1,-1,-1
99,348,202.00,735.00,685.00,266.00,1.00,-1,-1,-1
99,359,567.00,-9.00,695.00,412.00,1.00,-1,-1,-1
99,372,1285.00,973.00,37.00,72.00,1.00,-1,-1,-1
99,373,1780.00,975.00,56.00,37.00,1.00,-1,-1,-1
99,376,664.00,-171.00,1219.00,735.00,1.00,-1,-1,-1
99,377,-437.00,257.00,1158.00,584.00,1.00,-1,-1,-1
99,396,372.00,711.00,901.00,526.00,1.00,-1,-1,-1
99,397,1522.00,1016.00,19.00,34.00,1.00,-1,-1,-1
99,402,1282.00,737.00,91.00,143.00,1.00,-1,-1,-1
99,407,5.00,169.00,1027.00,856.00,1.00,-1,-1,-1
99,422,124.00,1011.00,58.00,27.00,1.00,-1,-1,-1
99,448,330.00,1028.00,23.00,17.00,1.00,-1,-1,-1
99,463,1294.00,299.00,18.00,11.00,1.00,-1,-1,-1
99,526,11.00,1043.00,24.00,25.00,1.00,-1,-1,-1
99,543,1160.00,770.00,727.00,374.00,1.00,-1,-1,-1
99,547,110.00,1069.00,15.00,26.00,1.00,-1,-1,-1
99,549,-12.00,400.00,37.00,92.00,1.00,-1,-1,-1
99,572,248.00,60.00,39.00,6.00,1.00,-1,-1,-1
99,596,1052.00,52.00,50.00,7.00,1.00,-1,-1,-1
100,342,-60.00,70.00,1859.00,974.00,1.00,-1,-1,-1
100,348,204.00,735.00,685.00,266.00,1.00,-1,-1,-1
100,359,567.00,-9.00,695.00,412.00,1.00,-1,-1,-1
100,372,1284.00,972.00,37.00,72.00,1.00,-1,-1,-1
100,373,1786.00,1046.00,56.00,37.00,1.00,-1,-1,-1
100,376,660.00,-183.00,1219.00,735.00,1.00,-1,-1,-1
100,377,-394.00,167.00,1158.00,584.00,1.00,-1,-1,-1
100,396,372.00,711.00,901.00,526.00,1.00,-1,-1,-1
100,397,1522.00,1016.00,19.00,34.00,1.00,-1,-1,-1
100,402,1270.00,507.00,91.00,143.00,1.00,-1,-1,-1
100,407,6.00,141.00,1027.00,856.00,1.00,-1,-1,-1
100,422,124.00,1011.00,58.00,27.00,1.00,-1,-1,-1
100,463,1637.00,353.00,18.00,11.00,1.00,-1,-1,-1
100,526,11.00,1043.00,24.00,25.00,1.00,-1,-1,-1
100,543,1110.00,830.00,727.00,374.00,1.00,-1,-1,-1
100,547,110.00,1069.00,15.00,26.00,1.00,-1,-1,-1
100,549,22.00,376.00,37.00,92.00,1.00,-1,-1,-1
100,572,267.00,18.00,39.00,6.00,1.00,-1,-1,-1
100,596,1094.00,110.00,50.00,7.00,1.00,-1,-1,-1
101,342,-57.00,119.00,1859.00,974.00,1.00,-1,-1,-1
101,348,152.00,671.00,685.00,266.00,1.00,-1,-1,-1
101,359,567.00,-9.00,695.00,412.00,1.00,-1,-1,-1
101,372,1271.00,1019.00,37.00,72.00,1.00,-1,-1,-1
101,373,1782.00,1019.00,56.00,37.00,1.00,-1,-1,-1
101,376,664.00,-180.00,1219.00,735.00,1.00,-1,-1,-1
101,377,-398.00,194.00,1158.00,584.00,1.00,-1,-1,-1
101,396,355.00,738.00,901.00,526.00,1.00,-1,-1,-1
101,397,1527.00,944.00,19.00,34.00,1.00,-1,-1,-1
101,402,1158.00,507.00,91.00,143.00,1.00,-1,-1,-1
101,407,1.00,196.00,1027.00,856.00,1.00,-1,-1,-1
101,422,124.00,1011.00,58.00,27.00,1.00,-1,-1,-1
101,463,1651.00,408.00,18.00,11.00,1.00,-1,-1,-1
101,526,11.00,1043.00,24.00,25.00,1.00,-1,-1,-1
101,543,1076.00,873.00,727.00,374.00,1.00,-1,-1,-1
101,549,25.00,385.00,37.00,92.00,1.00,-1,-1,-1
101,572,273.00,59.00,39.00,6.00,1.00,-1,-1,-1
101,596,1061.00,139.00,50.00,7.00,1.00,-1,-1,-1
101,714,98.00,0.00,62.00,13.00,1.00,-1,-1,-1
102,342,-59.00,180.00,1859.00,974.00,1.00,-1,-1,-1
102,348,151.00,718.00,685.00,266.00,1.00,-1,-1,-1
102,372,1308.00,1006.00,37.00,72.00,1.00,-1,-1,-1
102,373,1782.00,1019.00,56.00,37.00,1.00,-1,-1,-1
102,376,685.00,-231.00,1219.00,735.00,1.00,-1,-1,-1
102,377,-417.00,176.00,1158.00,584.00,1.00,-1,-1,-1
102,396,328.00,771.00,901.00,526.00,1.00,-1,-1,-1
102,397,1527.00,944.00,19.00,34.00,1.00,-1,-1,-1
102,402,1330.00,571.00,91.00,143.00,1.00,-1,-1,-1
102,407,-12.00,207.00,1027.00,856.00,1.00,-1,-1,-1
102,422,124.00,1011.00,58.00,27.00,1.00,-1,-1,-1
102,463,1667.00,466.00,18.00,11.00,1.00,-1,-1,-1
102,543,1076.00,873.00,727.00,374.00,1.00,-1,-1,-1
102,549,25.00,385.00,37.00,92.00,1.00,-1,-1,-1
102,572,290.00,111.00,39.00,6.00,1.00,-1,-1,-1
102,592,1657.00,0.00,51.00,12.00,1.00,-1,-1,-1
102,596,1059.00,118.00,50.00,7.00,1.00,-1,-1,-1
102,714,88.00,10.00,62.00,13.00,1.00,-1,-1,-1
102,768,1077.00,476.00,31.00,25.00,1.00,-1,-1,-1
102,769,65.00,36.00,27.00,39.00,1.00,-1,-1,-1
103,342,-70.00,249.00,1859.00,974.00,1.00,-1,-1,-1
103,348,156.00,771.00,685.00,266.00,1.00,-1,-1,-1
103,372,1312.00,1049.00,37.00,72.00,1.00,-1,-1,-1
103,373,1782.00,1019.00,56.00,37.00,1.00,-1,-1,-1
103,376,712.00,-307.00,1219.00,735.00,1.00,-1,-1,-1
103,377,-441.00,193.00,1158.00,584.00,1.00,-1,-1,-1
103,396,328.00,771.00,901.00,526.00,1.00,-1,-1,-1
103,397,1527.00,944.00,19.00,34.00,1.00,-1,-1,-1
103,402,1315.00,532.00,91.00,143.00,1.00,-1,-1,-1
103,407,-24.00,255.00,1027.00,856.00,1.00,-1,-1,-1
103,463,1670.00,515.00,18.00,11.00,1.00,-1,-1,-1
103,543,1076.00,873.00,727.00,374.00,1.00,-1,-1,-1
103,549,25.00,385.00,37.00,92.00,1.00,-1,-1,-1
103,572,311.00,107.00,39.00,6.00,1.00,-1,-1,-1
103,592,1657.00,0.00,43.00,7.00,1.00,-1,-1,-1
103,596,1027.00,112.00,50.00,7.00,1.00,-1,-1,-1
103,714,88.00,10.00,62.00,13.00,1.00,-1,-1,-1
103,768,1073.00,498.00,31.00,25.00,1.00,-1,-1,-1
103,769,60.00,7.00,27.00,39.00,1.00,-1,-1,-1
103,805,929.00,0.00,47.00,17.00,1.00,-1,-1,-1
104,342,-70.00,249.00,1859.00,974.00,1.00,-1,-1,-1
104,348,156.00,771.00,685.00,266.00,1.00,-1,-1,-1
104,372,1312.00,1049.00,37.00,72.00,1.00,-1,-1,-1
104,373,1782.00,1019.00,56.00,37.00,1.00,-1,-1,-1
104,376,712.00,-307.00,1219.00,735.00,1.00,-1,-1,-1
104,377,-441.00,193.00,1158.00,584.00,1.00,-1,-1,-1
104,396,328.00,771.00,901.00,526.00,1.00,-1,-1,-1
104,397,1527.00,944.00,19.00,34.00,1.00,-1,-1,-1
104,402,1315.00,532.00,91.00,143.00,1.00,-1,-1,-1
104,407,-24.00,255.00,1027.00,856.00,1.00,-1,-1,-1
104,463,1670.00,515.00,18.00,11.00,1.00,-1,-1,-1
104,543,1076.00,873.00,727.00,374.00,1.00,-1,-1,-1
104,549,25.00,385.00,37.00,92.00,1.00,-1,-1,-1
104,572,311.00,107.00,39.00,6.00,1.00,-1,-1,-1
104,592,1657.00,0.00,43.00,7.00,1.00,-1,-1,-1
104,596,1027.00,112.00,50.00,7.00,1.00,-1,-1,-1
104,714,88.00,10.00,62.00,13.00,1.00,-1,-1,-1
104,768,1073.00,498.00,31.00,25.00,1.00,-1,-1,-1
104,769,60.00,7.00,27.00,39.00,1.00,-1,-1,-1
104,805,929.00,0.00,47.00,17.00,1.00,-1,-1,-1
105,342,-65.00,308.00,1859.00,974.00,1.00,-1,-1,-1
105,348,228.00,814.00,685.00,266.00,1.00,-1,-1,-1
105,372,1312.00,1049.00,37.00,72.00,1.00,-1,-1,-1
105,373,1782.00,1019.00,56.00,37.00,1.00,-1,-1,-1
105,376,713.00,-306.00,1219.00,735.00,1.00,-1,-1,-1
105,377,-459.00,233.00,1158.00,584.00,1.00,-1,-1,-1
105,396,328.00,771.00,901.00,526.00,1.00,-1,-1,-1
105,397,1527.00,944.00,19.00,34.00,1.00,-1,-1,-1
105,402,1340.00,603.00,91.00,143.00,1.00,-1,-1,-1
105,407,-25.00,313.00,1027.00,856.00,1.00,-1,-1,-1
105,463,1657.00,547.00,18.00,11.00,1.00,-1,-1,-1
105,543,1068.00,853.00,727.00,374.00,1.00,-1,-1,-1
105,549,25.00,385.00,37.00,92.00,1.00,-1,-1,-1
105,572,323.00,121.00,39.00,6.00,1.00,-1,-1,-1
105,592,1663.00,22.00,43.00,7.00,1.00,-1,-1,-1
105,596,1026.00,92.00,50.00,7.00,1.00,-1,-1,-1
105,714,88.00,10.00,62.00,13.00,1.00,-1,-1,-1
105,768,1035.00,417.00,31.00,25.00,1.00,-1,-1,-1
105,769,60.00,7.00,27.00,39.00,1.00,-1,-1,-1
105,785,181.00,0.00,27.00,10.00,1.00,-1,-1,-1
105,796,754.00,1074.00,41.00,6.00,1.00,-1,-1,-1
105,805,925.00,0.00,71.00,14.00,1.00,-1,-1,-1
105,838,434.00,490.00,9.00,20.00,1.00,-1,-1,-1
105,845,709.00,11.00,17.00,20.00,1.00,-1,-1,-1
106,342,-65.00,358.00,1859.00,974.00,1.00,-1,-1,-1
106,348,225.00,881.00,685.00,266.00,1.00,-1,-1,-1
106,372,1312.00,1049.00,37.00,72.00,1.00,-1,-1,-1
106,373,1782.00,1019.00,56.00,37.00,1.00,-1,-1,-1
106,376,713.00,-306.00,1219.00,735.00,1.00,-1,-1,-1
106,377,-463.00,286.00,1158.00,584.00,1.00,-1,-1,-1
106,396,328.00,771.00,901.00,526.00,1.00,-1,-1,-1
106,397,1527.00,944.00,19.00,34.00,1.00,-1,-1,-1
106,402,1297.00,635.00,91.00,143.00,1.00,-1,-1,-1
106,407,-25.00,365.00,1027.00,856.00,1.00,-1,-1,-1
106,463,1662.00,599.00,18.00,11.00,1.00,-1,-1,-1
106,543,1068.00,853.00,727.00,374.00,1.00,-1,-1,-1
106,549,25.00,385.00,37.00,92.00,1.00,-1,-1,-1
106,572,324.00,157.00,39.00,6.00,1.00,-1,-1,-1
106,592,1646.00,65.00,43.00,7.00,1.00,-1,-1,-1
106,596,1033.00,90.00,50.00,7.00,1.00,-1,-1,-1
106,684,459.00,0.00,55.00,13.00,1.00,-1,-1,-1
106,714,93.00,9.00,62.00,13.00,1.00,-1,-1,-1
106,720,721.00,0.00,79.00,14.00,1.00,-1,-1,-1
106,768,1030.00,473.00,31.00,25.00,1.00,-1,-1,-1
106,769,60.00,7.00,27.00,39.00,1.00,-1,-1,-1
106,785,177.00,11.00,27.00,10.00,1.00,-1,-1,-1
106,796,1738.00,1074.00,41.00,6.00,1.00,-1,-1,-1
106,805,917.00,0.00,53.00,14.00,1.00,-1,-1,-1
106,838,375.00,529.00,9.00,20.00,1.00,-1,-1,-1
106,845,709.00,11.00,17.00,20.00,1.00,-1,-1,-1
107,342,-96.00,385.00,1859.00,974.00,1.00,-1,-1,-1
107,348,303.00,937.00,685.00,266.00,1.00,-1,-1,-1
107,372,1312.00,1049.00,37.00,72.00,1.00,-1,-1,-1
107,376,713.00,-306.00,1219.00,735.00,1.00,-1,-1,-1
107,377,-467.00,256.00,1158.00,584.00,1.00,-1,-1,-1
107,396,328.00,771.00,901.00,526.00,1.00,-1,-1,-1
107,402,1297.00,689.00,91.00,143.00,1.00,-1,-1,-1
107,407,-15.00,423.00,1027.00,856.00,1.00,-1,-1,-1
107,463,1651.00,623.00,18.00,11.00,1.00,-1,-1,-1
107,543,1094.00,828.00,727.00,374.00,1.00,-1,-1,-1
107,572,426.00,153.00,39.00,6.00,1.00,-1,-1,-1
107,592,1611.00,88.00,43.00,7.00,1.00,-1,-1,-1
107,596,1030.00,88.00,50.00,7.00,1.00,-1,-1,-1
107,605,838.00,391.00,13.00,20.00,1.00,-1,-1,-1
107,684,485.00,45.00,55.00,13.00,1.00,-1,-1,-1
107,714,89.00,2.00,62.00,13.00,1.00,-1,-1,-1
107,720,676.00,22.00,79.00,14.00,1.00,-1,-1,-1
107,766,309.00,465.00,30.00,26.00,1.00,-1,-1,-1
107,768,1058.00,531.00,31.00,25.00,1.00,-1,-1,-1
107,769,21.00,79.00,27.00,39.00,1.00,-1,-1,-1
107,785,190.00,15.00,27.00,10.00,1.00,-1,-1,-1
107,796,1738.00,1074.00,41.00,6.00,1.00,-1,-1,-1
107,805,952.00,5.00,53.00,14.00,1.00,-1,-1,-1
107,838,384.00,601.00,9.00,20.00,1.00,-1,-1,-1
107,845,709.00,11.00,17.00,20.00,1.00,-1,-1,-1
107,906,1590.00,0.00,70.00,9.00,1.00,-1,-1,-1
107,910,642.00,1066.00,59.00,14.00,1.00,-1,-1,-1
107,919,993.00,0.00,30.00,24.00,1.00,-1,-1,-1
107,928,900.00,1043.00,17.00,19.00,1.00,-1,-1,-1
108,342,-125.00,451.00,1859.00,974.00,1.00,-1,-1,-1
108,348,303.00,937.00,685.00,266.00,1.00,-1,-1,-1
108,372,1312.00,1049.00,37.00,72.00,1.00,-1,-1,-1
108,376,729.00,-311.00,1219.00,735.00,1.00,-1,-1,-1
108,377,-460.00,307.00,1158.00,584.00,1.00,-1,-1,-1
108,402,1298.00,728.00,91.00,143.00,1.00,-1,-1,-1
108,407,-7.00,474.00,1027.00,856.00,1.00,-1,-1,-1
108,463,1646.00,646.00,18.00,11.00,1.00,-1,-1,-1
108,543,1099.00,878.00,727.00,374.00,1.00,-1,-1,-1
108,572,426.00,153.00,39.00,6.00,1.00,-1,-1,-1
108,592,1583.00,62.00,43.00,7.00,1.00,-1,-1,-1
108,596,1067.00,32.00,50.00,7.00,1.00,-1,-1,-1
108,605,803.00,347.00,13.00,20.00,1.00,-1,-1,-1
108,614,155.00,528.00,9.00,19.00,1.00,-1,-1,-1
108,684,483.00,97.00,55.00,13.00,1.00,-1,-1,-1
108,714,107.00,26.00,62.00,13.00,1.00,-1,-1,-1
108,720,676.00,22.00,79.00,14.00,1.00,-1,-1,-1
108,766,301.00,526.00,30.00,26.00,1.00,-1,-1,-1
108,768,1058.00,585.00,31.00,25.00,1.00,-1,-1,-1
108,769,22.00,129.00,27.00,39.00,1.00,-1,-1,-1
108,785,169.00,52.00,27.00,10.00,1.00,-1,-1,-1
108,796,1738.00,1074.00,41.00,6.00,1.00,-1,-1,-1
108,805,970.00,5.00,53.00,14.00,1.00,-1,-1,-1
108,838,390.00,654.00,9.00,20.00,1.00,-1,-1,-1
108,845,709.00,11.00,17.00,20.00,1.00,-1,-1,-1
108,906,1590.00,41.00,70.00,9.00,1.00,-1,-1,-1
108,910,642.00,1066.00,59.00,14.00,1.00,-1,-1,-1
108,919,1088.00,19.00,30.00,24.00,1.00,-1,-1,-1
108,928,900.00,1043.00,17.00,19.00,1.00,-1,-1,-1
108,944,1889.00,372.00,11.00,19.00,1.00,-1,-1,-1
109,342,-130.00,479.00,1859.00,974.00,1.00,-1,-1,-1
109,348,303.00,937.00,685.00,266.00,1.00,-1,-1,-1
109,376,734.00,-259.00,1219.00,735.00,1.00,-1,-1,-1
109,377,-526.00,339.00,1158.00,584.00,1.00,-1,-1,-1
109,402,1290.00,789.00,91.00,143.00,1.00,-1,-1,-1
109,407,-4.00,520.00,1027.00,856.00,1.00,-1,-1,-1
109,463,1653.00,709.00,18.00,11.00,1.00,-1,-1,-1
109,543,1099.00,878.00,727.00,374.00,1.00,-1,-1,-1
109,570,719.00,255.00,53.00,41.00,1.00,-1,-1,-1
109,572,426.00,153.00,39.00,6.00,1.00,-1,-1,-1
109,592,1589.00,118.00,43.00,7.00,1.00,-1,-1,-1
109,596,1063.00,82.00,50.00,7.00,1.00,-1,-1,-1
109,605,803.00,347.00,13.00,20.00,1.00,-1,-1,-1
109,614,150.00,537.00,9.00,19.00,1.00,-1,-1,-1
109,684,521.00,131.00,55.00,13.00,1.00,-1,-1,-1
109,714,110.00,71.00,62.00,13.00,1.00,-1,-1,-1
109,720,667.00,40.00,79.00,14.00,1.00,-1,-1,-1
109,766,308.00,523.00,30.00,26.00,1.00,-1,-1,-1
109,768,1061.00,593.00,31.00,25.00,1.00,-1,-1,-1
109,769,22.00,129.00,27.00,39.00,1.00,-1,-1,-1
109,785,235.00,162.00,27.00,10.00,1.00,-1,-1,-1
109,796,1738.00,1074.00,41.00,6.00,1.00,-1,-1,-1
109,805,1066.00,76.00,53.00,14.00,1.00,-1,-1,-1
109,838,338.00,644.00,9.00,20.00,1.00,-1,-1,-1
109,845,709.00,11.00,17.00,20.00,1.00,-1,-1,-1
109,906,1595.00,81.00,70.00,9.00,1.00,-1,-1,-1
109,910,642.00,1066.00,59.00,14.00,1.00,-1,-1,-1
109,919,1088.00,19.00,30.00,24.00,1.00,-1,-1,-1
109,920,878.00,517.00,18.00,14.00,1.00,-1,-1,-1
109,928,900.00,1043.00,17.00,19.00,1.00,-1,-1,-1
109,944,1911.00,431.00,11.00,19.00,1.00,-1,-1,-1
110,342,-130.00,479.00,1859.00,974.00,1.00,-1,-1,-1
110,348,303.00,937.00,685.00,266.00,1.00,-1,-1,-1
110,376,734.00,-259.00,1219.00,735.00,1.00,-1,-1,-1
110,377,-526.00,339.00,1158.00,584.00,1.00,-1,-1,-1
110,402,1290.00,789.00,91.00,143.00,1.00,-1,-1,-1
110,407,-4.00,520.00,1027.00,856.00,1.00,-1,-1,-1
110,463,1653.00,709.00,18.00,11.00,1.00,-1,-1,-1
110,543,1099.00,878.00,727.00,374.00,1.00,-1,-1,-1
110,570,719.00,255.00,53.00,41.00,1.00,-1,-1,-1
110,572,426.00,153.00,39.00,6.00,1.00,-1,-1,-1
110,592,1589.00,118.00,43.00,7.00,1.00,-1,-1,-1
110,596,1063.00,82.00,50.00,7.00,1.00,-1,-1,-1
110,605,803.00,347.00,13.00,20.00,1.00,-1,-1,-1
110,614,150.00,537.00,9.00,19.00,1.00,-1,-1,-1
110,684,521.00,131.00,55.00,13.00,1.00,-1,-1,-1
110,714,110.00,71.00,62.00,13.00,1.00,-1,-1,-1
110,720,667.00,40.00,79.00,14.00,1.00,-1,-1,-1
110,766,308.00,523.00,30.00,26.00,1.00,-1,-1,-1
110,768,1061.00,593.00,31.00,25.00,1.00,-1,-1,-1
110,769,22.00,129.00,27.00,39.00,1.00,-1,-1,-1
110,785,235.00,162.00,27.00,10.00,1.00,-1,-1,-1
110,796,1738.00,1074.00,41.00,6.00,1.00,-1,-1,-1
110,805,1066.00,76.00,53.00,14.00,1.00,-1,-1,-1
110,838,338.00,643.00,9.00,20.00,1.00,-1,-1,-1
110,845,709.00,11.00,17.00,20.00,1.00,-1,-1,-1
110,906,1595.00,81.00,70.00,9.00,1.00,-1,-1,-1
110,910,642.00,1066.00,59.00,14.00,1.00,-1,-1,-1
110,919,1088.00,19.00,30.00,24.00,1.00,-1,-1,-1
110,920,878.00,517.00,18.00,14.00,1.00,-1,-1,-1
110,928,900.00,1043.00,17.00,19.00,1.00,-1,-1,-1
110,944,1911.00,431.00,11.00,19.00,1.00,-1,-1,-1
111,342,-130.00,479.00,1859.00,974.00,1.00,-1,-1,-1
111,348,303.00,937.00,685.00,266.00,1.00,-1,-1,-1
111,376,736.00,-207.00,1219.00,735.00,1.00,-1,-1,-1
111,377,-525.00,392.00,1158.00,584.00,1.00,-1,-1,-1
111,402,1294.00,842.00,91.00,143.00,1.00,-1,-1,-1
111,407,-7.00,575.00,1027.00,856.00,1.00,-1,-1,-1
111,463,1614.00,730.00,18.00,11.00,1.00,-1,-1,-1
111,475,1012.00,1073.00,21.00,7.00,1.00,-1,-1,-1
111,543,1363.00,814.00,727.00,374.00,1.00,-1,-1,-1
111,570,659.00,277.00,53.00,41.00,1.00,-1,-1,-1
111,572,426.00,153.00,39.00,6.00,1.00,-1,-1,-1
111,592,1602.00,151.00,43.00,7.00,1.00,-1,-1,-1
111,596,1042.00,129.00,50.00,7.00,1.00,-1,-1,-1
111,605,803.00,347.00,13.00,20.00,1.00,-1,-1,-1
111,614,36.00,638.00,9.00,19.00,1.00,-1,-1,-1
111,684,521.00,131.00,55.00,13.00,1.00,-1,-1,-1
111,714,110.00,71.00,62.00,13.00,1.00,-1,-1,-1
111,720,783.00,54.00,79.00,14.00,1.00,-1,-1,-1
111,766,327.00,538.00,30.00,26.00,1.00,-1,-1,-1
111,768,1060.00,562.00,31.00,25.00,1.00,-1,-1,-1
111,769,48.00,101.00,27.00,39.00,1.00,-1,-1,-1
111,785,284.00,228.00,27.00,10.00,1.00,-1,-1,-1
111,796,1738.00,1074.00,41.00,6.00,1.00,-1,-1,-1
111,805,1071.00,111.00,53.00,14.00,1.00,-1,-1,-1
111,838,577.00,525.00,9.00,20.00,1.00,-1,-1,-1
111,906,1608.00,245.00,70.00,9.00,1.00,-1,-1,-1
111,910,642.00,1066.00,59.00,14.00,1.00,-1,-1,-1
111,919,1088.00,19.00,30.00,24.00,1.00,-1,-1,-1
111,920,874.00,428.00,18.00,14.00,1.00,-1,-1,-1
111,928,900.00,1043.00,17.00,19.00,1.00,-1,-1,-1
111,944,1911.00,431.00,11.00,19.00,1.00,-1,-1,-1
111,976,538.00,179.00,19.00,11.00,1.00,-1,-1,-1
111,1007,532.00,225.00,20.00,17.00,1.00,-1,-1,-1
111,1009,739.00,268.00,34.00,29.00,1.00,-1,-1,-1
112,342,-130.00,479.00,1859.00,974.00,1.00,-1,-1,-1
112,348,303.00,937.00,685.00,266.00,1.00,-1,-1,-1
112,376,747.00,-154.00,1219.00,735.00,1.00,-1,-1,-1
112,377,-522.00,450.00,1158.00,584.00,1.00,-1,-1,-1
112,402,1259.00,836.00,91.00,143.00,1.00,-1,-1,-1
112,407,-13.00,599.00,1027.00,856.00,1.00,-1,-1,-1
112,463,1628.00,651.00,18.00,11.00,1.00,-1,-1,-1
112,475,1012.00,1073.00,21.00,7.00,1.00,-1,-1,-1
112,543,1335.00,861.00,727.00,374.00,1.00,-1,-1,-1
112,570,665.00,253.00,53.00,41.00,1.00,-1,-1,-1
112,572,426.00,153.00,39.00,6.00,1.00,-1,-1,-1
112,592,1625.00,183.00,43.00,7.00,1.00,-1,-1,-1
112,596,1065.00,173.00,50.00,7.00,1.00,-1,-1,-1
112,605,803.00,347.00,13.00,20.00,1.00,-1,-1,-1
112,614,40.00,616.00,9.00,19.00,1.00,-1,-1,-1
112,684,521.00,131.00,55.00,13.00,1.00,-1,-1,-1
112,714,22.00,101.00,62.00,13.00,1.00,-1,-1,-1
112,720,785.00,115.00,79.00,14.00,1.00,-1,-1,-1
112,766,352.00,576.00,30.00,26.00,1.00,-1,-1,-1
112,768,1075.00,614.00,31.00,25.00,1.00,-1,-1,-1
112,769,48.00,101.00,27.00,39.00,1.00,-1,-1,-1
112,785,267.00,265.00,27.00,10.00,1.00,-1,-1,-1
112,805,1067.00,149.00,53.00,14.00,1.00,-1,-1,-1
112,838,589.00,572.00,9.00,20.00,1.00,-1,-1,-1
112,906,1738.00,252.00,70.00,9.00,1.00,-1,-1,-1
112,910,642.00,1066.00,59.00,14.00,1.00,-1,-1,-1
112,919,1037.00,30.00,30.00,24.00,1.00,-1,-1,-1
112,920,874.00,428.00,18.00,14.00,1.00,-1,-1,-1
112,928,900.00,1043.00,17.00,19.00,1.00,-1,-1,-1
112,944,1911.00,431.00,11.00,19.00,1.00,-1,-1,-1
112,976,507.00,180.00,19.00,11.00,1.00,-1,-1,-1
112,1007,499.00,257.00,20.00,17.00,1.00,-1,-1,-1
112,1009,744.00,304.00,34.00,29.00,1.00,-1,-1,-1
112,1030,1145.00,0.00,30.00,6.00,1.00,-1,-1,-1
112,1040,272.00,457.00,42.00,29.00,1.00,-1,-1,-1
113,342,-130.00,479.00,1859.00,974.00,1.00,-1,-1,-1
113,376,750.00,-105.00,1219.00,735.00,1.00,-1,-1,-1
113,377,-529.00,486.00,1158.00,584.00,1.00,-1,-1,-1
113,402,1259.00,891.00,91.00,143.00,1.00,-1,-1,-1
113,407,-62.00,599.00,1027.00,856.00,1.00,-1,-1,-1
113,463,1607.00,702.00,18.00,11.00,1.00,-1,-1,-1
113,475,1012.00,1073.00,21.00,7.00,1.00,-1,-1,-1
113,543,1344.00,833.00,727.00,374.00,1.00,-1,-1,-1
113,570,665.00,253.00,53.00,41.00,1.00,-1,-1,-1
113,592,1631.00,251.00,43.00,7.00,1.00,-1,-1,-1
113,594,479.00,983.00,28.00,17.00,1.00,-1,-1,-1
113,596,1049.00,205.00,50.00,7.00,1.00,-1,-1,-1
113,605,803.00,347.00,13.00,20.00,1.00,-1,-1,-1
113,614,43.00,672.00,9.00,19.00,1.00,-1,-1,-1
113,684,521.00,131.00,55.00,13.00,1.00,-1,-1,-1
113,714,23.00,127.00,62.00,13.00,1.00,-1,-1,-1
113,720,809.00,149.00,79.00,14.00,1.00,-1,-1,-1
113,766,353.00,633.00,30.00,26.00,1.00,-1,-1,-1
113,768,1079.00,663.00,31.00,25.00,1.00,-1,-1,-1
113,769,48.00,101.00,27.00,39.00,1.00,-1,-1,-1
113,785,272.00,318.00,27.00,10.00,1.00,-1,-1,-1
113,805,1052.00,193.00,53.00,14.00,1.00,-1,-1,-1
113,838,587.00,620.00,9.00,20.00,1.00,-1,-1,-1
113,906,1740.00,299.00,70.00,9.00,1.00,-1,-1,-1
113,919,1080.00,44.00,30.00,24.00,1.00,-1,-1,-1
113,920,874.00,428.00,18.00,14.00,1.00,-1,-1,-1
113,934,471.00,27.00,24.00,27.00,1.00,-1,-1,-1
113,944,1911.00,431.00,11.00,19.00,1.00,-1,-1,-1
113,976,512.00,225.00,19.00,11.00,1.00,-1,-1,-1
113,1007,480.00,251.00,20.00,17.00,1.00,-1,-1,-1
113,1009,1416.00,-16.00,34.00,29.00,1.00,-1,-1,-1
113,1012,975.00,736.00,13.00,25.00,1.00,-1,-1,-1
113,1030,1053.00,8.00,30.00,6.00,1.00,-1,-1,-1
113,1033,889.00,1073.00,38.00,7.00,1.00,-1,-1,-1
113,1040,255.00,372.00,42.00,29.00,1.00,-1,-1,-1
113,1082,1173.00,1072.00,43.00,8.00,1.00,-1,-1,-1
114,342,-130.00,479.00,1859.00,974.00,1.00,-1,-1,-1
114,376,730.00,-66.00,1219.00,735.00,1.00,-1,-1,-1
114,377,-558.00,523.00,1158.00,584.00,1.00,-1,-1,-1
114,402,1333.00,972.00,91.00,143.00,1.00,-1,-1,-1
114,407,-62.00,599.00,1027.00,856.00,1.00,-1,-1,-1
114,463,1613.00,750.00,18.00,11.00,1.00,-1,-1,-1
114,475,1012.00,1073.00,21.00,7.00,1.00,-1,-1,-1
114,543,1344.00,833.00,727.00,374.00,1.00,-1,-1,-1
114,570,665.00,253.00,53.00,41.00,1.00,-1,-1,-1
114,592,1636.00,295.00,43.00,7.00,1.00,-1,-1,-1
114,594,550.00,988.00,28.00,17.00,1.00,-1,-1,-1
114,596,1058.00,237.00,50.00,7.00,1.00,-1,-1,-1
114,614,52.00,725.00,9.00,19.00,1.00,-1,-1,-1
114,684,521.00,131.00,55.00,13.00,1.00,-1,-1,-1
114,714,9.00,202.00,62.00,13.00,1.00,-1,-1,-1
114,720,856.00,196.00,79.00,14.00,1.00,-1,-1,-1
114,766,356.00,679.00,30.00,26.00,1.00,-1,-1,-1
114,768,1076.00,736.00,31.00,25.00,1.00,-1,-1,-1
114,769,48.00,101.00,27.00,39.00,1.00,-1,-1,-1
114,785,225.00,315.00,27.00,10.00,1.00,-1,-1,-1
114,805,1023.00,240.00,53.00,14.00,1.00,-1,-1,-1
114,838,594.00,680.00,9.00,20.00,1.00,-1,-1,-1
114,906,1743.00,284.00,70.00,9.00,1.00,-1,-1,-1
114,919,1095.00,23.00,30.00,24.00,1.00,-1,-1,-1
114,920,874.00,428.00,18.00,14.00,1.00,-1,-1,-1
114,934,524.00,33.00,24.00,27.00,1.00,-1,-1,-1
114,944,1911.00,431.00,11.00,19.00,1.00,-1,-1,-1
114,976,521.00,218.00,19.00,11.00,1.00,-1,-1,-1
114,1007,472.00,326.00,20.00,17.00,1.00,-1,-1,-1
114,1009,1416.00,-16.00,34.00,29.00,1.00,-1,-1,-1
114,1012,958.00,737.00,13.00,25.00,1.00,-1,-1,-1
114,1030,1053.00,8.00,30.00,6.00,1.00,-1,-1,-1
114,1033,899.00,1074.00,24.00,6.00,1.00,-1,-1,-1
114,1040,198.00,369.00,42.00,29.00,1.00,-1,-1,-1
114,1074,1054.00,513.00,10.00,21.00,1.00,-1,-1,-1
114,1082,1173.00,1072.00,43.00,8.00,1.00,-1,-1,-1
114,1107,752.00,1064.00,18.00,16.00,1.00,-1,-1,-1
115,342,-143.00,444.00,1859.00,974.00,1.00,-1,-1,-1
115,376,731.00,-19.00,1219.00,735.00,1.00,-1,-1,-1
115,377,-558.00,523.00,1158.00,584.00,1.00,-1,-1,-1
115,402,1332.00,930.00,91.00,143.00,1.00,-1,-1,-1
115,407,-65.00,646.00,1027.00,856.00,1.00,-1,-1,-1
115,463,1642.00,792.00,18.00,11.00,1.00,-1,-1,-1
115,475,1078.00,1073.00,21.00,7.00,1.00,-1,-1,-1
115,543,1343.00,844.00,727.00,374.00,1.00,-1,-1,-1
115,570,665.00,253.00,53.00,41.00,1.00,-1,-1,-1
115,592,1637.00,342.00,43.00,7.00,1.00,-1,-1,-1
115,594,547.00,983.00,28.00,17.00,1.00,-1,-1,-1
115,596,986.00,233.00,50.00,7.00,1.00,-1,-1,-1
115,614,41.00,826.00,9.00,19.00,1.00,-1,-1,-1
115,646,482.00,1066.00,30.00,14.00,1.00,-1,-1,-1
115,684,521.00,131.00,55.00,13.00,1.00,-1,-1,-1
115,714,26.00,254.00,62.00,13.00,1.00,-1,-1,-1
115,720,908.00,232.00,79.00,14.00,1.00,-1,-1,-1
115,766,363.00,731.00,30.00,26.00,1.00,-1,-1,-1
115,768,1063.00,797.00,31.00,25.00,1.00,-1,-1,-1
115,769,48.00,101.00,27.00,39.00,1.00,-1,-1,-1
115,785,240.00,366.00,27.00,10.00,1.00,-1,-1,-1
115,805,996.00,250.00,53.00,14.00,1.00,-1,-1,-1
115,810,624.00,1028.00,27.00,25.00,1.00,-1,-1,-1
115,838,614.00,727.00,9.00,20.00,1.00,-1,-1,-1
115,906,1744.00,326.00,70.00,9.00,1.00,-1,-1,-1
115,919,1122.00,50.00,30.00,24.00,1.00,-1,-1,-1
115,920,874.00,428.00,18.00,14.00,1.00,-1,-1,-1
115,934,554.00,25.00,24.00,27.00,1.00,-1,-1,-1
115,951,474.00,304.00,13.00,15.00,1.00,-1,-1,-1
115,976,472.00,353.00,19.00,11.00,1.00,-1,-1,-1
115,1007,475.00,374.00,20.00,17.00,1.00,-1,-1,-1
115,1009,1416.00,-16.00,34.00,29.00,1.00,-1,-1,-1
115,1012,944.00,744.00,13.00,25.00,1.00,-1,-1,-1
115,1030,1048.00,5.00,30.00,6.00,1.00,-1,-1,-1
115,1033,899.00,1074.00,24.00,6.00,1.00,-1,-1,-1
115,1040,145.00,288.00,42.00,29.00,1.00,-1,-1,-1
115,1074,1047.00,542.00,10.00,21.00,1.00,-1,-1,-1
115,1082,1158.00,1050.00,43.00,8.00,1.00,-1,-1,-1
115,1107,752.00,1064.00,18.00,16.00,1.00,-1,-1,-1
115,1136,1398.00,1072.00,44.00,8.00,1.00,-1,-1,-1
116,342,-143.00,444.00,1859.00,974.00,1.00,-1,-1,-1
116,376,731.00,-19.00,1219.00,735.00,1.00,-1,-1,-1
116,377,-558.00,523.00,1158.00,584.00,1.00,-1,-1,-1
116,402,1332.00,930.00,91.00,143.00,1.00,-1,-1,-1
116,407,-65.00,646.00,1027.00,856.00,1.00,-1,-1,-1
116,463,1642.00,792.00,18.00,11.00,1.00,-1,-1,-1
116,475,1078.00,1073.00,21.00,7.00,1.00,-1,-1,-1
116,543,1343.00,844.00,727.00,374.00,1.00,-1,-1,-1
116,570,665.00,253.00,53.00,41.00,1.00,-1,-1,-1
116,592,1637.00,342.00,43.00,7.00,1.00,-1,-1,-1
116,594,547.00,983.00,28.00,17.00,1.00,-1,-1,-1
116,596,986.00,233.00,50.00,7.00,1.00,-1,-1,-1
116,614,41.00,826.00,9.00,19.00,1.00,-1,-1,-1
116,646,482.00,1066.00,30.00,14.00,1.00,-1,-1,-1
116,714,26.00,254.00,62.00,13.00,1.00,-1,-1,-1
116,720,908.00,232.00,79.00,14.00,1.00,-1,-1,-1
116,766,363.00,731.00,30.00,26.00,1.00,-1,-1,-1
116,768,1063.00,797.00,31.00,25.00,1.00,-1,-1,-1
116,769,48.00,101.00,27.00,39.00,1.00,-1,-1,-1
116,785,240.00,366.00,27.00,10.00,1.00,-1,-1,-1
116,805,996.00,250.00,53.00,14.00,1.00,-1,-1,-1
116,810,624.00,1028.00,27.00,25.00,1.00,-1,-1,-1
116,838,614.00,727.00,9.00,20.00,1.00,-1,-1,-1
116,906,1744.00,326.00,70.00,9.00,1.00,-1,-1,-1
116,919,1122.00,50.00,30.00,24.00,1.00,-1,-1,-1
116,920,874.00,428.00,18.00,14.00,1.00,-1,-1,-1
116,934,554.00,25.00,24.00,27.00,1.00,-1,-1,-1
116,951,473.00,303.00,13.00,15.00,1.00,-1,-1,-1
116,976,472.00,353.00,19.00,11.00,1.00,-1,-1,-1
116,1007,475.00,374.00,20.00,17.00,1.00,-1,-1,-1
116,1009,1416.00,-16.00,34.00,29.00,1.00,-1,-1,-1
116,1012,945.00,744.00,13.00,25.00,1.00,-1,-1,-1
116,1030,1048.00,5.00,30.00,6.00,1.00,-1,-1,-1
116,1033,899.00,1074.00,24.00,6.00,1.00,-1,-1,-1
116,1040,145.00,288.00,42.00,29.00,1.00,-1,-1,-1
116,1074,1047.00,542.00,10.00,21.00,1.00,-1,-1,-1
116,1082,1158.00,1050.00,43.00,8.00,1.00,-1,-1,-1
116,1107,752.00,1064.00,18.00,16.00,1.00,-1,-1,-1
116,1136,1398.00,1072.00,44.00,8.00,1.00,-1,-1,-1
117,342,20.00,384.00,1859.00,974.00,1.00,-1,-1,-1
117,376,728.00,23.00,1219.00,735.00,1.00,-1,-1,-1
117,377,-557.00,452.00,1158.00,584.00,1.00,-1,-1,-1
117,402,1360.00,732.00,91.00,143.00,1.00,-1,-1,-1
117,407,-56.00,634.00,1027.00,856.00,1.00,-1,-1,-1
117,463,1659.00,758.00,18.00,11.00,1.00,-1,-1,-1
117,475,1078.00,1073.00,21.00,7.00,1.00,-1,-1,-1
117,543,1343.00,844.00,727.00,374.00,1.00,-1,-1,-1
117,570,665.00,253.00,53.00,41.00,1.00,-1,-1,-1
117,592,1653.00,392.00,43.00,7.00,1.00,-1,-1,-1
117,594,529.00,973.00,28.00,17.00,1.00,-1,-1,-1
117,596,949.00,266.00,50.00,7.00,1.00,-1,-1,-1
117,614,41.00,826.00,9.00,19.00,1.00,-1,-1,-1
117,646,476.00,1057.00,30.00,14.00,1.00,-1,-1,-1
117,714,27.00,305.00,62.00,13.00,1.00,-1,-1,-1
117,720,930.00,270.00,79.00,14.00,1.00,-1,-1,-1
117,766,370.00,783.00,30.00,26.00,1.00,-1,-1,-1
117,768,992.00,812.00,31.00,25.00,1.00,-1,-1,-1
117,785,231.00,416.00,27.00,10.00,1.00,-1,-1,-1
117,805,964.00,271.00,53.00,14.00,1.00,-1,-1,-1
117,810,639.00,959.00,27.00,25.00,1.00,-1,-1,-1
117,818,939.00,539.00,33.00,17.00,1.00,-1,-1,-1
117,838,607.00,764.00,9.00,20.00,1.00,-1,-1,-1
117,906,1721.00,373.00,70.00,9.00,1.00,-1,-1,-1
117,919,1135.00,92.00,30.00,24.00,1.00,-1,-1,-1
117,934,554.00,25.00,24.00,27.00,1.00,-1,-1,-1
117,951,491.00,274.00,13.00,15.00,1.00,-1,-1,-1
117,976,472.00,407.00,19.00,11.00,1.00,-1,-1,-1
117,1007,448.00,334.00,20.00,17.00,1.00,-1,-1,-1
117,1009,1416.00,-16.00,34.00,29.00,1.00,-1,-1,-1
117,1012,942.00,700.00,13.00,25.00,1.00,-1,-1,-1
117,1030,1020.00,5.00,30.00,6.00,1.00,-1,-1,-1
117,1033,899.00,1074.00,24.00,6.00,1.00,-1,-1,-1
117,1040,104.00,305.00,42.00,29.00,1.00,-1,-1,-1
117,1059,739.00,0.00,55.00,8.00,1.00,-1,-1,-1
117,1074,1039.00,568.00,10.00,21.00,1.00,-1,-1,-1
117,1082,1158.00,1050.00,43.00,8.00,1.00,-1,-1,-1
117,1107,752.00,1064.00,18.00,16.00,1.00,-1,-1,-1
117,1136,1398.00,1072.00,44.00,8.00,1.00,-1,-1,-1
117,1175,514.00,612.00,13.00,43.00,1.00,-1,-1,-1
118,342,34.00,374.00,1859.00,974.00,1.00,-1,-1,-1
118,376,757.00,109.00,1219.00,735.00,1.00,-1,-1,-1
118,377,-558.00,508.00,1158.00,584.00,1.00,-1,-1,-1
118,402,1355.00,862.00,91.00,143.00,1.00,-1,-1,-1
118,407,-67.00,501.00,1027.00,856.00,1.00,-1,-1,-1
118,463,1659.00,775.00,18.00,11.00,1.00,-1,-1,-1
118,475,1078.00,1073.00,21.00,7.00,1.00,-1,-1,-1
118,543,1343.00,844.00,727.00,374.00,1.00,-1,-1,-1
118,592,1642.00,441.00,43.00,7.00,1.00,-1,-1,-1
118,594,574.00,979.00,28.00,17.00,1.00,-1,-1,-1
118,596,954.00,319.00,50.00,7.00,1.00,-1,-1,-1
118,614,41.00,826.00,9.00,19.00,1.00,-1,-1,-1
118,646,448.00,1052.00,30.00,14.00,1.00,-1,-1,-1
118,714,56.00,364.00,62.00,13.00,1.00,-1,-1,-1
118,720,938.00,320.00,79.00,14.00,1.00,-1,-1,-1
118,766,370.00,835.00,30.00,26.00,1.00,-1,-1,-1
118,768,1002.00,837.00,31.00,25.00,1.00,-1,-1,-1
118,785,242.00,471.00,27.00,10.00,1.00,-1,-1,-1
118,805,964.00,325.00,53.00,14.00,1.00,-1,-1,-1
118,810,645.00,961.00,27.00,25.00,1.00,-1,-1,-1
118,818,946.00,539.00,33.00,17.00,1.00,-1,-1,-1
118,838,609.00,816.00,9.00,20.00,1.00,-1,-1,-1
118,906,1724.00,437.00,70.00,9.00,1.00,-1,-1,-1
118,919,1139.00,141.00,30.00,24.00,1.00,-1,-1,-1
118,934,598.00,25.00,24.00,27.00,1.00,-1,-1,-1
118,951,575.00,300.00,13.00,15.00,1.00,-1,-1,-1
118,976,473.00,457.00,19.00,11.00,1.00,-1,-1,-1
118,1007,411.00,394.00,20.00,17.00,1.00,-1,-1,-1
118,1009,1416.00,-16.00,34.00,29.00,1.00,-1,-1,-1
118,1012,934.00,721.00,13.00,25.00,1.00,-1,-1,-1
118,1030,1047.00,54.00,30.00,6.00,1.00,-1,-1,-1
118,1033,899.00,1074.00,24.00,6.00,1.00,-1,-1,-1
118,1040,104.00,305.00,42.00,29.00,1.00,-1,-1,-1
118,1059,803.00,19.00,55.00,8.00,1.00,-1,-1,-1
118,1061,355.00,0.00,20.00,6.00,1.00,-1,-1,-1
118,1074,1071.00,599.00,10.00,21.00,1.00,-1,-1,-1
118,1082,1158.00,1050.00,43.00,8.00,1.00,-1,-1,-1
118,1107,752.00,1064.00,18.00,16.00,1.00,-1,-1,-1
118,1136,1398.00,1071.00,44.00,8.00,1.00,-1,-1,-1
118,1175,508.00,622.00,13.00,43.00,1.00,-1,-1,-1
118,1191,403.00,0.00,28.00,6.00,1.00,-1,-1,-1
119,342,59.00,374.00,1859.00,974.00,1.00,-1,-1,-1
119,376,761.00,147.00,1219.00,735.00,1.00,-1,-1,-1
119,377,-542.00,411.00,1158.00,584.00,1.00,-1,-1,-1
119,402,1355.00,862.00,91.00,143.00,1.00,-1,-1,-1
119,407,-85.00,481.00,1027.00,856.00,1.00,-1,-1,-1
119,463,1682.00,734.00,18.00,11.00,1.00,-1,-1,-1
119,475,1078.00,1073.00,21.00,7.00,1.00,-1,-1,-1
119,543,1318.00,866.00,727.00,374.00,1.00,-1,-1,-1
119,592,1511.00,379.00,43.00,7.00,1.00,-1,-1,-1
119,594,569.00,1021.00,28.00,17.00,1.00,-1,-1,-1
119,596,958.00,385.00,50.00,7.00,1.00,-1,-1,-1
119,614,41.00,826.00,9.00,19.00,1.00,-1,-1,-1
119,646,448.00,1052.00,30.00,14.00,1.00,-1,-1,-1
119,714,57.00,418.00,62.00,13.00,1.00,-1,-1,-1
119,720,936.00,393.00,79.00,14.00,1.00,-1,-1,-1
119,766,369.00,882.00,30.00,26.00,1.00,-1,-1,-1
119,768,1001.00,859.00,31.00,25.00,1.00,-1,-1,-1
119,785,220.00,507.00,27.00,10.00,1.00,-1,-1,-1
119,805,959.00,399.00,53.00,14.00,1.00,-1,-1,-1
119,810,614.00,1002.00,27.00,25.00,1.00,-1,-1,-1
119,818,927.00,514.00,33.00,17.00,1.00,-1,-1,-1
119,838,611.00,867.00,9.00,20.00,1.00,-1,-1,-1
119,906,1735.00,501.00,70.00,9.00,1.00,-1,-1,-1
119,919,1133.00,201.00,30.00,24.00,1.00,-1,-1,-1
119,934,598.00,25.00,24.00,27.00,1.00,-1,-1,-1
119,951,542.00,262.00,13.00,15.00,1.00,-1,-1,-1
119,976,473.00,457.00,19.00,11.00,1.00,-1,-1,-1
119,1007,404.00,442.00,20.00,17.00,1.00,-1,-1,-1
119,1012,912.00,716.00,13.00,25.00,1.00,-1,-1,-1
119,1030,1080.00,58.00,30.00,6.00,1.00,-1,-1,-1
119,1033,899.00,1074.00,24.00,6.00,1.00,-1,-1,-1
119,1040,104.00,305.00,42.00,29.00,1.00,-1,-1,-1
119,1059,796.00,7.00,55.00,8.00,1.00,-1,-1,-1
119,1061,355.00,0.00,20.00,6.00,1.00,-1,-1,-1
119,1074,1087.00,639.00,10.00,21.00,1.00,-1,-1,-1
119,1082,1158.00,1050.00,43.00,8.00,1.00,-1,-1,-1
119,1107,752.00,1064.00,18.00,16.00,1.00,-1,-1,-1
119,1136,1398.00,1071.00,44.00,8.00,1.00,-1,-1,-1
119,1175,476.00,568.00,13.00,43.00,1.00,-1,-1,-1
119,1191,340.00,27.00,28.00,6.00,1.00,-1,-1,-1
119,1227,474.00,1058.00,68.00,22.00,1.00,-1,-1,-1
119,1228,587.00,1072.00,17.00,8.00,1.00,-1,-1,-1
119,1230,1632.00,1066.00,55.00,14.00,1.00,-1,-1,-1
119,1233,1879.00,1073.00,41.00,7.00,1.00,-1,-1,-1
119,1236,431.00,952.00,9.00,19.00,1.00,-1,-1,-1
120,342,89.00,384.00,1859.00,974.00,1.00,-1,-1,-1
120,376,945.00,173.00,1219.00,735.00,1.00,-1,-1,-1
120,377,-490.00,340.00,1158.00,584.00,1.00,-1,-1,-1
120,402,1355.00,862.00,91.00,143.00,1.00,-1,-1,-1
120,407,-72.00,517.00,1027.00,856.00,1.00,-1,-1,-1
120,463,1660.00,744.00,18.00,11.00,1.00,-1,-1,-1
120,475,1078.00,1073.00,21.00,7.00,1.00,-1,-1,-1
120,543,1318.00,866.00,727.00,374.00,1.00,-1,-1,-1
120,592,1496.00,358.00,43.00,7.00,1.00,-1,-1,-1
120,594,576.00,1013.00,28.00,17.00,1.00,-1,-1,-1
120,596,965.00,446.00,50.00,7.00,1.00,-1,-1,-1
120,614,41.00,826.00,9.00,19.00,1.00,-1,-1,-1
120,646,448.00,1052.00,30.00,14.00,1.00,-1,-1,-1
120,714,54.00,451.00,62.00,13.00,1.00,-1,-1,-1
120,720,905.00,480.00,79.00,14.00,1.00,-1,-1,-1
120,766,373.00,932.00,30.00,26.00,1.00,-1,-1,-1
120,768,970.00,879.00,31.00,25.00,1.00,-1,-1,-1
120,785,227.00,480.00,27.00,10.00,1.00,-1,-1,-1
120,805,963.00,485.00,53.00,14.00,1.00,-1,-1,-1
120,810,593.00,1051.00,53.00,29.00,1.00,-1,-1,-1
120,818,930.00,563.00,33.00,17.00,1.00,-1,-1,-1
120,838,621.00,920.00,9.00,20.00,1.00,-1,-1,-1
120,906,1825.00,519.00,70.00,9.00,1.00,-1,-1,-1
120,919,1140.00,250.00,30.00,24.00,1.00,-1,-1,-1
120,934,650.00,5.00,24.00,27.00,1.00,-1,-1,-1
120,951,640.00,277.00,13.00,15.00,1.00,-1,-1,-1
120,976,473.00,457.00,19.00,11.00,1.00,-1,-1,-1
120,1007,426.00,485.00,20.00,17.00,1.00,-1,-1,-1
120,1012,917.00,742.00,13.00,25.00,1.00,-1,-1,-1
120,1030,1087.00,77.00,30.00,6.00,1.00,-1,-1,-1
120,1040,104.00,305.00,42.00,29.00,1.00,-1,-1,-1
120,1059,802.00,50.00,55.00,8.00,1.00,-1,-1,-1
120,1061,355.00,0.00,20.00,6.00,1.00,-1,-1,-1
120,1074,1087.00,639.00,10.00,21.00,1.00,-1,-1,-1
120,1082,1158.00,1050.00,43.00,8.00,1.00,-1,-1,-1
120,1136,1398.00,1071.00,44.00,8.00,1.00,-1,-1,-1
120,1175,489.00,518.00,13.00,43.00,1.00,-1,-1,-1
120,1191,339.00,73.00,28.00,6.00,1.00,-1,-1,-1
120,1227,474.00,1058.00,68.00,22.00,1.00,-1,-1,-1
120,1228,745.00,1073.00,17.00,8.00,1.00,-1,-1,-1
120,1230,1649.00,1067.00,54.00,13.00,1.00,-1,-1,-1
120,1233,1879.00,1073.00,41.00,7.00,1.00,-1,-1,-1
120,1236,446.00,945.00,9.00,19.00,1.00,-1,-1,-1
120,1266,721.00,1056.00,83.00,24.00,1.00,-1,-1,-1
120,1270,117.00,0.00,93.00,15.00,1.00,-1,-1,-1
120,1276,414.00,725.00,35.00,24.00,1.00,-1,-1,-1
121,342,132.00,427.00,1859.00,974.00,1.00,-1,-1,-1
121,376,965.00,215.00,1219.00,735.00,1.00,-1,-1,-1
121,377,-485.00,399.00,1158.00,584.00,1.00,-1,-1,-1
121,402,1355.00,862.00,91.00,143.00,1.00,-1,-1,-1
121,407,-68.00,566.00,1027.00,856.00,1.00,-1,-1,-1
121,463,1672.00,748.00,18.00,11.00,1.00,-1,-1,-1
121,475,1078.00,1073.00,21.00,7.00,1.00,-1,-1,-1
121,543,1306.00,838.00,727.00,374.00,1.00,-1,-1,-1
121,592,1485.00,408.00,43.00,7.00,1.00,-1,-1,-1
121,594,542.00,1032.00,28.00,17.00,1.00,-1,-1,-1
121,596,971.00,500.00,50.00,7.00,1.00,-1,-1,-1
121,614,41.00,826.00,9.00,19.00,1.00,-1,-1,-1
121,646,434.00,982.00,30.00,14.00,1.00,-1,-1,-1
121,714,45.00,415.00,62.00,13.00,1.00,-1,-1,-1
121,720,1033.00,529.00,79.00,14.00,1.00,-1,-1,-1
121,766,368.00,979.00,30.00,26.00,1.00,-1,-1,-1
121,768,972.00,866.00,31.00,25.00,1.00,-1,-1,-1
121,785,270.00,478.00,27.00,10.00,1.00,-1,-1,-1
121,805,860.00,566.00,53.00,14.00,1.00,-1,-1,-1
121,810,593.00,1034.00,53.00,29.00,1.00,-1,-1,-1
121,818,937.00,614.00,33.00,17.00,1.00,-1,-1,-1
121,838,623.00,967.00,9.00,20.00,1.00,-1,-1,-1
121,906,1831.00,568.00,70.00,9.00,1.00,-1,-1,-1
121,919,1203.00,241.00,30.00,24.00,1.00,-1,-1,-1
121,934,676.00,56.00,24.00,27.00,1.00,-1,-1,-1
121,951,622.00,293.00,13.00,15.00,1.00,-1,-1,-1
121,976,473.00,457.00,19.00,11.00,1.00,-1,-1,-1
121,1007,434.00,533.00,20.00,17.00,1.00,-1,-1,-1
121,1012,922.00,785.00,13.00,25.00,1.00,-1,-1,-1
121,1030,1087.00,77.00,30.00,6.00,1.00,-1,-1,-1
121,1040,104.00,305.00,42.00,29.00,1.00,-1,-1,-1
121,1059,804.00,111.00,55.00,8.00,1.00,-1,-1,-1
121,1061,355.00,0.00,20.00,6.00,1.00,-1,-1,-1
121,1074,1087.00,639.00,10.00,21.00,1.00,-1,-1,-1
121,1136,1398.00,1071.00,44.00,8.00,1.00,-1,-1,-1
121,1175,442.00,560.00,13.00,43.00,1.00,-1,-1,-1
121,1191,339.00,73.00,28.00,6.00,1.00,-1,-1,-1
121,1227,486.00,1057.00,68.00,22.00,1.00,-1,-1,-1
121,1228,728.00,980.00,17.00,8.00,1.00,-1,-1,-1
121,1230,1649.00,1067.00,54.00,13.00,1.00,-1,-1,-1
121,1233,1879.00,1073.00,41.00,7.00,1.00,-1,-1,-1
121,1236,452.00,988.00,9.00,19.00,1.00,-1,-1,-1
121,1262,866.00,1071.00,38.00,9.00,1.00,-1,-1,-1
121,1266,721.00,1056.00,83.00,24.00,1.00,-1,-1,-1
121,1270,111.00,18.00,93.00,15.00,1.00,-1,-1,-1
121,1276,413.00,719.00,35.00,24.00,1.00,-1,-1,-1
121,1305,868.00,772.00,20.00,26.00,1.00,-1,-1,-1
121,1315,328.00,406.00,12.00,17.00,1.00,-1,-1,-1
122,342,132.00,427.00,1859.00,974.00,1.00,-1,-1,-1
122,376,965.00,215.00,1219.00,735.00,1.00,-1,-1,-1
122,377,-485.00,399.00,1158.00,584.00,1.00,-1,-1,-1
122,402,1355.00,862.00,91.00,143.00,1.00,-1,-1,-1
122,407,-68.00,566.00,1027.00,856.00,1.00,-1,-1,-1
122,463,1672.00,748.00,18.00,11.00,1.00,-1,-1,-1
122,543,1306.00,838.00,727.00,374.00,1.00,-1,-1,-1
122,592,1485.00,408.00,43.00,7.00,1.00,-1,-1,-1
122,594,542.00,1032.00,28.00,17.00,1.00,-1,-1,-1
122,596,971.00,500.00,50.00,7.00,1.00,-1,-1,-1
122,646,434.00,982.00,30.00,14.00,1.00,-1,-1,-1
122,714,45.00,415.00,62.00,13.00,1.00,-1,-1,-1
122,720,1033.00,529.00,79.00,14.00,1.00,-1,-1,-1
122,766,368.00,979.00,30.00,26.00,1.00,-1,-1,-1
122,768,972.00,866.00,31.00,25.00,1.00,-1,-1,-1
122,785,270.00,478.00,27.00,10.00,1.00,-1,-1,-1
122,805,860.00,566.00,53.00,14.00,1.00,-1,-1,-1
122,810,593.00,1034.00,53.00,29.00,1.00,-1,-1,-1
122,818,937.00,614.00,33.00,17.00,1.00,-1,-1,-1
122,838,623.00,967.00,9.00,20.00,1.00,-1,-1,-1
122,906,1831.00,568.00,70.00,9.00,1.00,-1,-1,-1
122,919,1203.00,241.00,30.00,24.00,1.00,-1,-1,-1
122,934,676.00,56.00,24.00,27.00,1.00,-1,-1,-1
122,951,622.00,293.00,13.00,15.00,1.00,-1,-1,-1
122,976,473.00,457.00,19.00,11.00,1.00,-1,-1,-1
122,1007,434.00,533.00,20.00,17.00,1.00,-1,-1,-1
122,1012,922.00,785.00,13.00,25.00,1.00,-1,-1,-1
122,1030,1087.00,77.00,30.00,6.00,1.00,-1,-1,-1
122,1040,104.00,305.00,42.00,29.00,1.00,-1,-1,-1
122,1059,804.00,111.00,55.00,8.00,1.00,-1,-1,-1
122,1061,355.00,0.00,20.00,6.00,1.00,-1,-1,-1
122,1074,1087.00,639.00,10.00,21.00,1.00,-1,-1,-1
122,1136,1398.00,1071.00,44.00,8.00,1.00,-1,-1,-1
122,1175,442.00,560.00,13.00,43.00,1.00,-1,-1,-1
122,1191,339.00,73.00,28.00,6.00,1.00,-1,-1,-1
122,1227,486.00,1057.00,68.00,22.00,1.00,-1,-1,-1
122,1228,728.00,980.00,17.00,8.00,1.00,-1,-1,-1
122,1230,1649.00,1067.00,54.00,13.00,1.00,-1,-1,-1
122,1233,1879.00,1073.00,41.00,7.00,1.00,-1,-1,-1
122,1236,452.00,988.00,9.00,19.00,1.00,-1,-1,-1
122,1262,866.00,1071.00,38.00,9.00,1.00,-1,-1,-1
122,1266,721.00,1056.00,83.00,24.00,1.00,-1,-1,-1
122,1270,111.00,18.00,93.00,15.00,1.00,-1,-1,-1
122,1276,413.00,719.00,35.00,24.00,1.00,-1,-1,-1
122,1305,868.00,772.00,20.00,26.00,1.00,-1,-1,-1
122,1315,328.00,406.00,12.00,17.00,1.00,-1,-1,-1
123,342,139.00,459.00,1859.00,974.00,1.00,-1,-1,-1
123,376,974.00,159.00,1219.00,735.00,1.00,-1,-1,-1
123,377,-469.00,460.00,1158.00,584.00,1.00,-1,-1,-1
123,402,1355.00,862.00,91.00,143.00,1.00,-1,-1,-1
123,407,-63.00,622.00,1027.00,856.00,1.00,-1,-1,-1
123,463,1637.00,779.00,18.00,11.00,1.00,-1,-1,-1
123,543,1335.00,842.00,727.00,374.00,1.00,-1,-1,-1
123,592,1517.00,462.00,43.00,7.00,1.00,-1,-1,-1
123,594,542.00,1032.00,28.00,17.00,1.00,-1,-1,-1
123,596,977.00,556.00,50.00,7.00,1.00,-1,-1,-1
123,646,442.00,1032.00,30.00,14.00,1.00,-1,-1,-1
123,687,726.00,976.00,12.00,14.00,1.00,-1,-1,-1
123,714,50.00,464.00,62.00,13.00,1.00,-1,-1,-1
123,720,1029.00,576.00,79.00,14.00,1.00,-1,-1,-1
123,766,352.00,1021.00,30.00,26.00,1.00,-1,-1,-1
123,768,963.00,857.00,31.00,25.00,1.00,-1,-1,-1
123,771,328.00,407.00,12.00,16.00,1.00,-1,-1,-1
123,785,250.00,490.00,27.00,10.00,1.00,-1,-1,-1
123,805,1134.00,577.00,53.00,14.00,1.00,-1,-1,-1
123,810,593.00,1034.00,53.00,29.00,1.00,-1,-1,-1
123,818,944.00,668.00,33.00,17.00,1.00,-1,-1,-1
123,838,628.00,1020.00,9.00,20.00,1.00,-1,-1,-1
123,906,1843.00,623.00,70.00,9.00,1.00,-1,-1,-1
123,919,1221.00,238.00,30.00,24.00,1.00,-1,-1,-1
123,934,597.00,57.00,24.00,27.00,1.00,-1,-1,-1
123,951,623.00,357.00,13.00,15.00,1.00,-1,-1,-1
123,976,473.00,457.00,19.00,11.00,1.00,-1,-1,-1
123,1007,419.00,592.00,20.00,17.00,1.00,-1,-1,-1
123,1008,561.00,686.00,14.00,16.00,1.00,-1,-1,-1
123,1012,934.00,779.00,13.00,25.00,1.00,-1,-1,-1
123,1030,1033.00,28.00,30.00,6.00,1.00,-1,-1,-1
123,1059,872.00,134.00,55.00,8.00,1.00,-1,-1,-1
123,1061,355.00,0.00,20.00,6.00,1.00,-1,-1,-1
123,1074,1087.00,639.00,10.00,21.00,1.00,-1,-1,-1
123,1136,1398.00,1071.00,44.00,8.00,1.00,-1,-1,-1
123,1175,463.00,475.00,13.00,43.00,1.00,-1,-1,-1
123,1191,339.00,73.00,28.00,6.00,1.00,-1,-1,-1
123,1226,771.00,1013.00,15.00,25.00,1.00,-1,-1,-1
123,1227,478.00,977.00,68.00,22.00,1.00,-1,-1,-1
123,1228,728.00,981.00,17.00,8.00,1.00,-1,-1,-1
123,1230,1649.00,1067.00,54.00,13.00,1.00,-1,-1,-1
123,1233,1879.00,1073.00,41.00,7.00,1.00,-1,-1,-1
123,1236,459.00,1055.00,9.00,19.00,1.00,-1,-1,-1
123,1262,866.00,1071.00,38.00,9.00,1.00,-1,-1,-1
123,1266,635.00,1013.00,83.00,24.00,1.00,-1,-1,-1
123,1270,136.00,14.00,93.00,15.00,1.00,-1,-1,-1
123,1276,452.00,838.00,35.00,24.00,1.00,-1,-1,-1
123,1305,869.00,806.00,20.00,26.00,1.00,-1,-1,-1
123,1315,380.00,378.00,12.00,17.00,1.00,-1,-1,-1
123,1350,417.00,732.00,31.00,44.00,1.00,-1,-1,-1
124,342,138.00,459.00,1859.00,974.00,1.00,-1,-1,-1
124,376,864.00,153.00,1219.00,735.00,1.00,-1,-1,-1
124,377,-409.00,455.00,1158.00,584.00,1.00,-1,-1,-1
124,407,-63.00,622.00,1027.00,856.00,1.00,-1,-1,-1
124,463,1640.00,837.00,18.00,11.00,1.00,-1,-1,-1
124,543,1336.00,788.00,727.00,374.00,1.00,-1,-1,-1
124,592,1536.00,511.00,43.00,7.00,1.00,-1,-1,-1
124,594,561.00,849.00,28.00,17.00,1.00,-1,-1,-1
124,596,986.00,630.00,50.00,7.00,1.00,-1,-1,-1
124,646,442.00,1032.00,30.00,14.00,1.00,-1,-1,-1
124,687,725.00,975.00,12.00,14.00,1.00,-1,-1,-1
124,714,110.00,516.00,62.00,13.00,1.00,-1,-1,-1
124,720,1055.00,621.00,79.00,14.00,1.00,-1,-1,-1
124,766,352.00,1021.00,30.00,26.00,1.00,-1,-1,-1
124,768,956.00,842.00,31.00,25.00,1.00,-1,-1,-1
124,771,317.00,371.00,12.00,16.00,1.00,-1,-1,-1
124,785,219.00,540.00,27.00,10.00,1.00,-1,-1,-1
124,805,1124.00,629.00,53.00,14.00,1.00,-1,-1,-1
124,810,614.00,948.00,53.00,29.00,1.00,-1,-1,-1
124,818,688.00,372.00,33.00,17.00,1.00,-1,-1,-1
124,838,628.00,1020.00,9.00,20.00,1.00,-1,-1,-1
124,906,1854.00,670.00,70.00,9.00,1.00,-1,-1,-1
124,919,1227.00,285.00,30.00,24.00,1.00,-1,-1,-1
124,934,597.00,57.00,24.00,27.00,1.00,-1,-1,-1
124,951,623.00,394.00,13.00,15.00,1.00,-1,-1,-1
124,1007,440.00,647.00,20.00,17.00,1.00,-1,-1,-1
124,1008,593.00,658.00,14.00,16.00,1.00,-1,-1,-1
124,1012,940.00,833.00,13.00,25.00,1.00,-1,-1,-1
124,1030,1050.00,22.00,30.00,6.00,1.00,-1,-1,-1
124,1059,1035.00,145.00,55.00,8.00,1.00,-1,-1,-1
124,1074,1087.00,639.00,10.00,21.00,1.00,-1,-1,-1
124,1175,492.00,539.00,13.00,43.00,1.00,-1,-1,-1
124,1191,356.00,17.00,28.00,6.00,1.00,-1,-1,-1
124,1226,774.00,1027.00,15.00,25.00,1.00,-1,-1,-1
124,1227,481.00,1032.00,68.00,22.00,1.00,-1,-1,-1
124,1228,727.00,980.00,17.00,8.00,1.00,-1,-1,-1
124,1230,1649.00,1067.00,54.00,13.00,1.00,-1,-1,-1
124,1233,1879.00,1073.00,41.00,7.00,1.00,-1,-1,-1
124,1236,459.00,1055.00,9.00,19.00,1.00,-1,-1,-1
124,1262,866.00,1071.00,38.00,9.00,1.00,-1,-1,-1
124,1266,635.00,1063.00,83.00,24.00,1.00,-1,-1,-1
124,1270,249.00,0.00,58.00,15.00,1.00,-1,-1,-1
124,1276,436.00,817.00,35.00,24.00,1.00,-1,-1,-1
124,1277,1339.00,968.00,15.00,26.00,1.00,-1,-1,-1
124,1305,875.00,829.00,20.00,26.00,1.00,-1,-1,-1
124,1315,382.00,335.00,12.00,17.00,1.00,-1,-1,-1
124,1350,443.00,647.00,31.00,44.00,1.00,-1,-1,-1
124,1351,806.00,733.00,14.00,14.00,1.00,-1,-1,-1
124,1360,1608.00,1072.00,56.00,8.00,1.00,-1,-1,-1
124,1361,0.00,0.00,30.00,6.00,1.00,-1,-1,-1
124,1375,930.00,799.00,19.00,38.00,1.00,-1,-1,-1
125,342,135.00,461.00,1859.00,974.00,1.00,-1,-1,-1
125,376,870.00,204.00,1219.00,735.00,1.00,-1,-1,-1
125,377,-409.00,451.00,1158.00,584.00,1.00,-1,-1,-1
125,407,-126.00,631.00,1027.00,856.00,1.00,-1,-1,-1
125,463,1620.00,833.00,18.00,11.00,1.00,-1,-1,-1
125,543,1332.00,556.00,727.00,374.00,1.00,-1,-1,-1
125,592,1540.00,554.00,43.00,7.00,1.00,-1,-1,-1
125,594,542.00,877.00,28.00,17.00,1.00,-1,-1,-1
125,596,1048.00,659.00,50.00,7.00,1.00,-1,-1,-1
125,646,390.00,1039.00,30.00,14.00,1.00,-1,-1,-1
125,683,609.00,1060.00,39.00,20.00,1.00,-1,-1,-1
125,687,726.00,976.00,12.00,14.00,1.00,-1,-1,-1
125,714,108.00,495.00,62.00,13.00,1.00,-1,-1,-1
125,720,1064.00,656.00,79.00,14.00,1.00,-1,-1,-1
125,766,287.00,869.00,30.00,26.00,1.00,-1,-1,-1
125,768,949.00,845.00,31.00,25.00,1.00,-1,-1,-1
125,771,314.00,417.00,12.00,16.00,1.00,-1,-1,-1
125,785,216.00,545.00,27.00,10.00,1.00,-1,-1,-1
125,805,1130.00,678.00,53.00,14.00,1.00,-1,-1,-1
125,810,588.00,911.00,53.00,29.00,1.00,-1,-1,-1
125,818,781.00,343.00,33.00,17.00,1.00,-1,-1,-1
125,838,628.00,1020.00,9.00,20.00,1.00,-1,-1,-1
125,906,1884.00,706.00,70.00,9.00,1.00,-1,-1,-1
125,919,1234.00,328.00,30.00,24.00,1.00,-1,-1,-1
125,934,597.00,57.00,24.00,27.00,1.00,-1,-1,-1
125,951,677.00,396.00,13.00,15.00,1.00,-1,-1,-1
125,1007,453.00,673.00,20.00,17.00,1.00,-1,-1,-1
125,1008,555.00,701.00,14.00,16.00,1.00,-1,-1,-1
125,1012,930.00,829.00,13.00,25.00,1.00,-1,-1,-1
125,1030,1061.00,73.00,30.00,6.00,1.00,-1,-1,-1
125,1059,1000.00,128.00,55.00,8.00,1.00,-1,-1,-1
125,1160,747.00,1055.00,15.00,16.00,1.00,-1,-1,-1
125,1175,534.00,584.00,13.00,43.00,1.00,-1,-1,-1
125,1191,356.00,17.00,28.00,6.00,1.00,-1,-1,-1
125,1226,774.00,1027.00,15.00,25.00,1.00,-1,-1,-1
125,1227,481.00,1032.00,68.00,22.00,1.00,-1,-1,-1
125,1228,727.00,981.00,17.00,8.00,1.00,-1,-1,-1
125,1230,1649.00,1067.00,54.00,13.00,1.00,-1,-1,-1
125,1236,453.00,1041.00,9.00,19.00,1.00,-1,-1,-1
125,1262,857.00,1068.00,47.00,12.00,1.00,-1,-1,-1
125,1266,621.00,1062.00,83.00,24.00,1.00,-1,-1,-1
125,1270,249.00,0.00,58.00,15.00,1.00,-1,-1,-1
125,1276,389.00,734.00,35.00,24.00,1.00,-1,-1,-1
125,1277,1351.00,888.00,15.00,26.00,1.00,-1,-1,-1
125,1305,882.00,834.00,20.00,26.00,1.00,-1,-1,-1
125,1315,386.00,374.00,12.00,17.00,1.00,-1,-1,-1
125,1350,449.00,643.00,31.00,44.00,1.00,-1,-1,-1
125,1351,816.00,778.00,14.00,14.00,1.00,-1,-1,-1
125,1356,1016.00,1075.00,32.00,5.00,1.00,-1,-1,-1
125,1360,1635.00,1072.00,23.00,8.00,1.00,-1,-1,-1
125,1361,-8.00,17.00,30.00,6.00,1.00,-1,-1,-1
125,1375,932.00,851.00,19.00,38.00,1.00,-1,-1,-1
126,342,165.00,449.00,1859.00,974.00,1.00,-1,-1,-1
126,376,874.00,256.00,1219.00,735.00,1.00,-1,-1,-1
126,377,-399.00,481.00,1158.00,584.00,1.00,-1,-1,-1
126,407,-126.00,631.00,1027.00,856.00,1.00,-1,-1,-1
126,463,1597.00,807.00,18.00,11.00,1.00,-1,-1,-1
126,543,1105.00,499.00,727.00,374.00,1.00,-1,-1,-1
126,592,1691.00,535.00,43.00,7.00,1.00,-1,-1,-1
126,594,543.00,917.00,28.00,17.00,1.00,-1,-1,-1
126,596,1057.00,705.00,50.00,7.00,1.00,-1,-1,-1
126,646,390.00,1039.00,30.00,14.00,1.00,-1,-1,-1
126,683,574.00,1060.00,39.00,20.00,1.00,-1,-1,-1
126,687,726.00,976.00,12.00,14.00,1.00,-1,-1,-1
126,707,624.00,947.00,29.00,20.00,1.00,-1,-1,-1
126,714,145.00,465.00,62.00,13.00,1.00,-1,-1,-1
126,720,1093.00,704.00,79.00,14.00,1.00,-1,-1,-1
126,766,292.00,929.00,30.00,26.00,1.00,-1,-1,-1
126,768,957.00,835.00,31.00,25.00,1.00,-1,-1,-1
126,771,324.00,451.00,12.00,16.00,1.00,-1,-1,-1
126,778,453.00,720.00,33.00,30.00,1.00,-1,-1,-1
126,785,249.00,519.00,27.00,10.00,1.00,-1,-1,-1
126,805,1144.00,732.00,53.00,14.00,1.00,-1,-1,-1
126,810,589.00,962.00,53.00,29.00,1.00,-1,-1,-1
126,818,646.00,341.00,33.00,17.00,1.00,-1,-1,-1
126,838,628.00,1020.00,9.00,20.00,1.00,-1,-1,-1
126,906,1884.00,706.00,70.00,9.00,1.00,-1,-1,-1
126,919,1241.00,367.00,30.00,24.00,1.00,-1,-1,-1
126,934,597.00,57.00,24.00,27.00,1.00,-1,-1,-1
126,951,692.00,407.00,13.00,15.00,1.00,-1,-1,-1
126,1007,463.00,658.00,20.00,17.00,1.00,-1,-1,-1
126,1008,554.00,757.00,14.00,16.00,1.00,-1,-1,-1
126,1012,925.00,850.00,13.00,25.00,1.00,-1,-1,-1
126,1030,1057.00,117.00,30.00,6.00,1.00,-1,-1,-1
126,1059,878.00,187.00,55.00,8.00,1.00,-1,-1,-1
126,1160,747.00,1055.00,15.00,16.00,1.00,-1,-1,-1
126,1175,331.00,603.00,13.00,43.00,1.00,-1,-1,-1
126,1191,402.00,-7.00,28.00,6.00,1.00,-1,-1,-1
126,1226,774.00,1027.00,15.00,25.00,1.00,-1,-1,-1
126,1227,481.00,1032.00,68.00,22.00,1.00,-1,-1,-1
126,1228,727.00,981.00,17.00,8.00,1.00,-1,-1,-1
126,1236,453.00,1041.00,9.00,19.00,1.00,-1,-1,-1
126,1262,851.00,1065.00,47.00,12.00,1.00,-1,-1,-1
126,1266,591.00,1054.00,83.00,24.00,1.00,-1,-1,-1
126,1270,249.00,0.00,29.00,16.00,1.00,-1,-1,-1
126,1271,445.00,614.00,29.00,20.00,1.00,-1,-1,-1
126,1276,389.00,734.00,35.00,24.00,1.00,-1,-1,-1
126,1277,1371.00,1006.00,15.00,26.00,1.00,-1,-1,-1
126,1305,874.00,783.00,20.00,26.00,1.00,-1,-1,-1
126,1315,387.00,419.00,12.00,17.00,1.00,-1,-1,-1
126,1323,970.00,1073.00,22.00,7.00,1.00,-1,-1,-1
126,1350,481.00,585.00,31.00,44.00,1.00,-1,-1,-1
126,1351,819.00,816.00,14.00,14.00,1.00,-1,-1,-1
126,1356,1016.00,1075.00,32.00,5.00,1.00,-1,-1,-1
126,1360,1635.00,1072.00,23.00,8.00,1.00,-1,-1,-1
126,1361,-8.00,17.00,30.00,6.00,1.00,-1,-1,-1
126,1375,940.00,862.00,19.00,38.00,1.00,-1,-1,-1
126,1417,52.00,0.00,25.00,8.00,1.00,-1,-1,-1
127,342,165.00,449.00,1859.00,974.00,1.00,-1,-1,-1
127,376,880.00,313.00,1219.00,735.00,1.00,-1,-1,-1
127,377,-417.00,520.00,1158.00,584.00,1.00,-1,-1,-1
127,407,-92.00,623.00,1027.00,856.00,1.00,-1,-1,-1
127,463,1592.00,873.00,18.00,11.00,1.00,-1,-1,-1
127,543,1113.00,556.00,727.00,374.00,1.00,-1,-1,-1
127,592,1692.00,587.00,43.00,7.00,1.00,-1,-1,-1
127,594,554.00,976.00,28.00,17.00,1.00,-1,-1,-1
127,596,992.00,826.00,50.00,7.00,1.00,-1,-1,-1
127,646,427.00,976.00,30.00,14.00,1.00,-1,-1,-1
127,683,574.00,1060.00,39.00,20.00,1.00,-1,-1,-1
127,687,726.00,975.00,12.00,14.00,1.00,-1,-1,-1
127,707,622.00,999.00,29.00,20.00,1.00,-1,-1,-1
127,714,146.00,519.00,62.00,13.00,1.00,-1,-1,-1
127,720,1097.00,751.00,79.00,14.00,1.00,-1,-1,-1
127,766,318.00,932.00,30.00,26.00,1.00,-1,-1,-1
127,768,952.00,848.00,31.00,25.00,1.00,-1,-1,-1
127,771,298.00,377.00,12.00,16.00,1.00,-1,-1,-1
127,778,460.00,734.00,33.00,30.00,1.00,-1,-1,-1
127,785,337.00,313.00,27.00,10.00,1.00,-1,-1,-1
127,805,1150.00,779.00,53.00,14.00,1.00,-1,-1,-1
127,810,597.00,1015.00,53.00,29.00,1.00,-1,-1,-1
127,818,688.00,317.00,33.00,17.00,1.00,-1,-1,-1
127,838,628.00,1020.00,9.00,20.00,1.00,-1,-1,-1
127,906,1884.00,706.00,70.00,9.00,1.00,-1,-1,-1
127,919,1255.00,415.00,30.00,24.00,1.00,-1,-1,-1
127,934,597.00,57.00,24.00,27.00,1.00,-1,-1,-1
127,951,759.00,346.00,13.00,15.00,1.00,-1,-1,-1
127,1007,473.00,712.00,20.00,17.00,1.00,-1,-1,-1
127,1008,631.00,822.00,14.00,16.00,1.00,-1,-1,-1
127,1012,937.00,901.00,13.00,25.00,1.00,-1,-1,-1
127,1030,1062.00,160.00,30.00,6.00,1.00,-1,-1,-1
127,1059,870.00,189.00,55.00,8.00,1.00,-1,-1,-1
127,1160,729.00,1015.00,15.00,16.00,1.00,-1,-1,-1
127,1175,325.00,552.00,13.00,43.00,1.00,-1,-1,-1
127,1191,402.00,-7.00,28.00,6.00,1.00,-1,-1,-1
127,1226,800.00,1007.00,15.00,25.00,1.00,-1,-1,-1
127,1227,481.00,1032.00,68.00,22.00,1.00,-1,-1,-1
127,1228,727.00,981.00,17.00,8.00,1.00,-1,-1,-1
127,1236,804.00,552.00,9.00,19.00,1.00,-1,-1,-1
127,1262,827.00,1078.00,47.00,12.00,1.00,-1,-1,-1
127,1266,576.00,1019.00,83.00,24.00,1.00,-1,-1,-1
127,1270,230.00,14.00,29.00,16.00,1.00,-1,-1,-1
127,1271,462.00,650.00,29.00,20.00,1.00,-1,-1,-1
127,1276,389.00,734.00,35.00,24.00,1.00,-1,-1,-1
127,1277,1371.00,1006.00,15.00,26.00,1.00,-1,-1,-1
127,1291,1776.00,0.00,48.00,7.00,1.00,-1,-1,-1
127,1305,885.00,835.00,20.00,26.00,1.00,-1,-1,-1
127,1315,392.00,471.00,12.00,17.00,1.00,-1,-1,-1
127,1323,970.00,1073.00,22.00,7.00,1.00,-1,-1,-1
127,1350,484.00,638.00,31.00,44.00,1.00,-1,-1,-1
127,1351,829.00,872.00,14.00,14.00,1.00,-1,-1,-1
127,1356,1011.00,1076.00,32.00,5.00,1.00,-1,-1,-1
127,1360,1635.00,1072.00,23.00,8.00,1.00,-1,-1,-1
127,1361,27.00,59.00,30.00,6.00,1.00,-1,-1,-1
127,1375,932.00,860.00,19.00,38.00,1.00,-1,-1,-1
127,1417,52.00,0.00,25.00,8.00,1.00,-1,-1,-1
128,342,165.00,449.00,1859.00,974.00,1.00,-1,-1,-1
128,376,880.00,313.00,1219.00,735.00,1.00,-1,-1,-1
128,377,-417.00,520.00,1158.00,584.00,1.00,-1,-1,-1
128,407,-92.00,623.00,1027.00,856.00,1.00,-1,-1,-1
128,463,1592.00,873.00,18.00,11.00,1.00,-1,-1,-1
128,543,1113.00,556.00,727.00,374.00,1.00,-1,-1,-1
128,592,1692.00,587.00,43.00,7.00,1.00,-1,-1,-1
128,594,554.00,976.00,28.00,17.00,1.00,-1,-1,-1
128,596,992.00,826.00,50.00,7.00,1.00,-1,-1,-1
128,646,427.00,976.00,30.00,14.00,1.00,-1,-1,-1
128,683,574.00,1060.00,39.00,20.00,1.00,-1,-1,-1
128,687,726.00,975.00,12.00,14.00,1.00,-1,-1,-1
128,707,622.00,999.00,29.00,20.00,1.00,-1,-1,-1
128,714,146.00,519.00,62.00,13.00,1.00,-1,-1,-1
128,720,1097.00,751.00,79.00,14.00,1.00,-1,-1,-1
128,766,318.00,932.00,30.00,26.00,1.00,-1,-1,-1
128,768,952.00,848.00,31.00,25.00,1.00,-1,-1,-1
128,771,298.00,377.00,12.00,16.00,1.00,-1,-1,-1
128,778,460.00,734.00,33.00,30.00,1.00,-1,-1,-1
128,785,337.00,313.00,27.00,10.00,1.00,-1,-1,-1
128,805,1150.00,779.00,53.00,14.00,1.00,-1,-1,-1
128,810,597.00,1015.00,53.00,29.00,1.00,-1,-1,-1
128,818,688.00,317.00,33.00,17.00,1.00,-1,-1,-1
128,838,628.00,1020.00,9.00,20.00,1.00,-1,-1,-1
128,906,1884.00,706.00,70.00,9.00,1.00,-1,-1,-1
128,919,1255.00,415.00,30.00,24.00,1.00,-1,-1,-1
128,934,597.00,57.00,24.00,27.00,1.00,-1,-1,-1
128,951,759.00,346.00,13.00,15.00,1.00,-1,-1,-1
128,1007,473.00,712.00,20.00,17.00,1.00,-1,-1,-1
128,1008,631.00,822.00,14.00,16.00,1.00,-1,-1,-1
128,1012,937.00,901.00,13.00,25.00,1.00,-1,-1,-1
128,1030,1062.00,160.00,30.00,6.00,1.00,-1,-1,-1
128,1059,870.00,189.00,55.00,8.00,1.00,-1,-1,-1
128,1160,729.00,1015.00,15.00,16.00,1.00,-1,-1,-1
128,1175,325.00,552.00,13.00,43.00,1.00,-1,-1,-1
128,1191,402.00,-7.00,28.00,6.00,1.00,-1,-1,-1
128,1226,800.00,1007.00,15.00,25.00,1.00,-1,-1,-1
128,1227,481.00,1032.00,68.00,22.00,1.00,-1,-1,-1
128,1228,727.00,981.00,17.00,8.00,1.00,-1,-1,-1
128,1236,804.00,552.00,9.00,19.00,1.00,-1,-1,-1
128,1262,827.00,1078.00,47.00,12.00,1.00,-1,-1,-1
128,1266,576.00,1019.00,83.00,24.00,1.00,-1,-1,-1
128,1270,230.00,14.00,29.00,16.00,1.00,-1,-1,-1
128,1271,462.00,650.00,29.00,20.00,1.00,-1,-1,-1
128,1276,389.00,734.00,35.00,24.00,1.00,-1,-1,-1
128,1277,1371.00,1006.00,15.00,26.00,1.00,-1,-1,-1
128,1291,1776.00,0.00,48.00,7.00,1.00,-1,-1,-1
128,1305,885.00,835.00,20.00,26.00,1.00,-1,-1,-1
128,1315,392.00,471.00,12.00,17.00,1.00,-1,-1,-1
128,1323,970.00,1073.00,22.00,7.00,1.00,-1,-1,-1
128,1350,484.00,638.00,31.00,44.00,1.00,-1,-1,-1
128,1351,829.00,872.00,14.00,14.00,1.00,-1,-1,-1
128,1356,1011.00,1076.00,32.00,5.00,1.00,-1,-1,-1
128,1360,1635.00,1072.00,23.00,8.00,1.00,-1,-1,-1
128,1361,27.00,59.00,30.00,6.00,1.00,-1,-1,-1
128,1375,932.00,860.00,19.00,38.00,1.00,-1,-1,-1
128,1417,52.00,0.00,25.00,8.00,1.00,-1,-1,-1
129,342,165.00,449.00,1859.00,974.00,1.00,-1,-1,-1
129,376,895.00,378.00,1219.00,735.00,1.00,-1,-1,-1
129,377,-455.00,545.00,1158.00,584.00,1.00,-1,-1,-1
129,407,-92.00,623.00,1027.00,856.00,1.00,-1,-1,-1
129,463,1632.00,924.00,18.00,11.00,1.00,-1,-1,-1
129,543,1099.00,456.00,727.00,374.00,1.00,-1,-1,-1
129,592,1690.00,633.00,43.00,7.00,1.00,-1,-1,-1
129,594,559.00,1027.00,28.00,17.00,1.00,-1,-1,-1
129,596,1021.00,828.00,50.00,7.00,1.00,-1,-1,-1
129,646,393.00,864.00,30.00,14.00,1.00,-1,-1,-1
129,650,651.00,946.00,17.00,30.00,1.00,-1,-1,-1
129,683,534.00,1044.00,39.00,20.00,1.00,-1,-1,-1
129,687,726.00,975.00,12.00,14.00,1.00,-1,-1,-1
129,707,625.00,1055.00,29.00,20.00,1.00,-1,-1,-1
129,714,81.00,599.00,62.00,13.00,1.00,-1,-1,-1
129,720,1110.00,802.00,79.00,14.00,1.00,-1,-1,-1
129,728,565.00,1040.00,30.00,24.00,1.00,-1,-1,-1
129,766,329.00,882.00,30.00,26.00,1.00,-1,-1,-1
129,768,945.00,854.00,31.00,25.00,1.00,-1,-1,-1
129,771,289.00,317.00,12.00,16.00,1.00,-1,-1,-1
129,778,490.00,772.00,33.00,30.00,1.00,-1,-1,-1
129,785,339.00,345.00,27.00,10.00,1.00,-1,-1,-1
129,805,1138.00,809.00,53.00,14.00,1.00,-1,-1,-1
129,810,610.00,1062.00,53.00,29.00,1.00,-1,-1,-1
129,818,687.00,364.00,33.00,17.00,1.00,-1,-1,-1
129,838,650.00,1031.00,9.00,20.00,1.00,-1,-1,-1
129,906,1865.00,694.00,70.00,9.00,1.00,-1,-1,-1
129,919,1258.00,458.00,30.00,24.00,1.00,-1,-1,-1
129,951,764.00,202.00,13.00,15.00,1.00,-1,-1,-1
129,1007,478.00,759.00,15.00,18.00,1.00,-1,-1,-1
129,1008,591.00,864.00,14.00,16.00,1.00,-1,-1,-1
129,1012,922.00,900.00,13.00,25.00,1.00,-1,-1,-1
129,1030,1068.00,207.00,30.00,6.00,1.00,-1,-1,-1
129,1059,859.00,188.00,55.00,8.00,1.00,-1,-1,-1
129,1160,726.00,970.00,15.00,16.00,1.00,-1,-1,-1
129,1175,320.00,537.00,13.00,43.00,1.00,-1,-1,-1
129,1191,402.00,-7.00,28.00,6.00,1.00,-1,-1,-1
129,1226,801.00,1007.00,15.00,25.00,1.00,-1,-1,-1
129,1227,481.00,1032.00,68.00,22.00,1.00,-1,-1,-1
129,1228,727.00,980.00,17.00,8.00,1.00,-1,-1,-1
129,1236,825.00,597.00,9.00,19.00,1.00,-1,-1,-1
129,1262,827.00,1078.00,47.00,12.00,1.00,-1,-1,-1
129,1263,536.00,0.00,25.00,7.00,1.00,-1,-1,-1
129,1266,591.00,1067.00,83.00,24.00,1.00,-1,-1,-1
129,1270,230.00,14.00,29.00,16.00,1.00,-1,-1,-1
129,1271,468.00,699.00,29.00,20.00,1.00,-1,-1,-1
129,1276,389.00,734.00,35.00,24.00,1.00,-1,-1,-1
129,1277,1326.00,933.00,15.00,26.00,1.00,-1,-1,-1
129,1291,1776.00,44.00,48.00,7.00,1.00,-1,-1,-1
129,1305,850.00,886.00,20.00,26.00,1.00,-1,-1,-1
129,1315,415.00,542.00,12.00,17.00,1.00,-1,-1,-1
129,1323,832.00,1061.00,22.00,7.00,1.00,-1,-1,-1
129,1350,485.00,688.00,31.00,44.00,1.00,-1,-1,-1
129,1351,852.00,786.00,14.00,14.00,1.00,-1,-1,-1
129,1356,1011.00,1076.00,32.00,5.00,1.00,-1,-1,-1
129,1360,1635.00,1072.00,23.00,8.00,1.00,-1,-1,-1
129,1361,27.00,59.00,30.00,6.00,1.00,-1,-1,-1
129,1368,1149.00,0.00,38.00,5.00,1.00,-1,-1,-1
129,1375,839.00,887.00,19.00,38.00,1.00,-1,-1,-1
129,1417,52.00,0.00,25.00,8.00,1.00,-1,-1,-1
129,1496,798.00,648.00,7.00,23.00,1.00,-1,-1,-1
130,342,165.00,449.00,1859.00,974.00,1.00,-1,-1,-1
130,376,902.00,416.00,1219.00,735.00,1.00,-1,-1,-1
130,377,-447.00,553.00,1158.00,584.00,1.00,-1,-1,-1
130,407,-93.00,574.00,1027.00,856.00,1.00,-1,-1,-1
130,463,1646.00,892.00,18.00,11.00,1.00,-1,-1,-1
130,543,1145.00,442.00,727.00,374.00,1.00,-1,-1,-1
130,592,1682.00,659.00,43.00,7.00,1.00,-1,-1,-1
130,594,585.00,962.00,28.00,17.00,1.00,-1,-1,-1
130,596,951.00,866.00,50.00,7.00,1.00,-1,-1,-1
130,646,393.00,864.00,30.00,14.00,1.00,-1,-1,-1
130,650,643.00,991.00,17.00,30.00,1.00,-1,-1,-1
130,683,534.00,1044.00,39.00,20.00,1.00,-1,-1,-1
130,687,725.00,975.00,12.00,14.00,1.00,-1,-1,-1
130,707,625.00,1075.00,29.00,20.00,1.00,-1,-1,-1
130,714,71.00,637.00,62.00,13.00,1.00,-1,-1,-1
130,720,1135.00,857.00,79.00,14.00,1.00,-1,-1,-1
130,728,529.00,1067.00,65.00,13.00,1.00,-1,-1,-1
130,766,251.00,848.00,30.00,26.00,1.00,-1,-1,-1
130,768,948.00,852.00,31.00,25.00,1.00,-1,-1,-1
130,771,321.00,314.00,12.00,16.00,1.00,-1,-1,-1
130,778,670.00,861.00,33.00,30.00,1.00,-1,-1,-1
130,785,338.00,371.00,27.00,10.00,1.00,-1,-1,-1
130,805,1109.00,841.00,53.00,14.00,1.00,-1,-1,-1
130,810,610.00,1062.00,53.00,29.00,1.00,-1,-1,-1
130,818,689.00,415.00,33.00,17.00,1.00,-1,-1,-1
130,838,650.00,1031.00,9.00,20.00,1.00,-1,-1,-1
130,906,1872.00,733.00,70.00,9.00,1.00,-1,-1,-1
130,919,1270.00,509.00,30.00,24.00,1.00,-1,-1,-1
130,951,754.00,244.00,13.00,15.00,1.00,-1,-1,-1
130,1007,534.00,769.00,15.00,18.00,1.00,-1,-1,-1
130,1008,629.00,858.00,14.00,16.00,1.00,-1,-1,-1
130,1012,918.00,897.00,13.00,25.00,1.00,-1,-1,-1
130,1030,1068.00,207.00,30.00,6.00,1.00,-1,-1,-1
130,1059,849.00,183.00,55.00,8.00,1.00,-1,-1,-1
130,1160,726.00,969.00,15.00,16.00,1.00,-1,-1,-1
130,1175,297.00,594.00,13.00,43.00,1.00,-1,-1,-1
130,1191,402.00,-7.00,28.00,6.00,1.00,-1,-1,-1
130,1226,781.00,1022.00,15.00,25.00,1.00,-1,-1,-1
130,1227,461.00,1023.00,68.00,22.00,1.00,-1,-1,-1
130,1228,726.00,981.00,17.00,8.00,1.00,-1,-1,-1
130,1236,839.00,645.00,9.00,19.00,1.00,-1,-1,-1
130,1262,827.00,1078.00,47.00,12.00,1.00,-1,-1,-1
130,1263,536.00,0.00,25.00,7.00,1.00,-1,-1,-1
130,1266,591.00,1067.00,83.00,24.00,1.00,-1,-1,-1
130,1270,230.00,14.00,29.00,16.00,1.00,-1,-1,-1
130,1271,479.00,750.00,29.00,20.00,1.00,-1,-1,-1
130,1276,389.00,734.00,35.00,24.00,1.00,-1,-1,-1
130,1277,1350.00,930.00,15.00,26.00,1.00,-1,-1,-1
130,1291,1766.00,84.00,48.00,7.00,1.00,-1,-1,-1
130,1305,842.00,903.00,20.00,26.00,1.00,-1,-1,-1
130,1307,1840.00,1072.00,26.00,8.00,1.00,-1,-1,-1
130,1315,435.00,445.00,12.00,17.00,1.00,-1,-1,-1
130,1323,832.00,1061.00,22.00,7.00,1.00,-1,-1,-1
130,1350,500.00,741.00,20.00,27.00,1.00,-1,-1,-1
130,1351,839.00,778.00,14.00,14.00,1.00,-1,-1,-1
130,1356,1011.00,1076.00,32.00,5.00,1.00,-1,-1,-1
130,1360,1635.00,1072.00,23.00,8.00,1.00,-1,-1,-1
130,1361,15.00,52.00,30.00,6.00,1.00,-1,-1,-1
130,1368,1150.00,17.00,38.00,5.00,1.00,-1,-1,-1
130,1375,845.00,902.00,19.00,38.00,1.00,-1,-1,-1
130,1389,847.00,1074.00,34.00,6.00,1.00,-1,-1,-1
130,1390,488.00,0.00,54.00,14.00,1.00,-1,-1,-1
130,1417,52.00,0.00,25.00,8.00,1.00,-1,-1,-1
130,1496,798.00,690.00,7.00,23.00,1.00,-1,-1,-1
130,1541,901.00,0.00,40.00,28.00,1.00,-1,-1,-1
130,1544,626.00,14.00,15.00,18.00,1.00,-1,-1,-1
131,342,165.00,449.00,1859.00,974.00,1.00,-1,-1,-1
131,376,906.00,468.00,1219.00,735.00,1.00,-1,-1,-1
131,377,-492.00,536.00,1158.00,584.00,1.00,-1,-1,-1
131,407,-81.00,621.00,1027.00,856.00,1.00,-1,-1,-1
131,463,1640.00,872.00,18.00,11.00,1.00,-1,-1,-1
131,543,1136.00,434.00,727.00,374.00,1.00,-1,-1,-1
131,592,1682.00,659.00,43.00,7.00,1.00,-1,-1,-1
131,594,592.00,1011.00,28.00,17.00,1.00,-1,-1,-1
131,596,913.00,830.00,50.00,7.00,1.00,-1,-1,-1
131,646,393.00,864.00,30.00,14.00,1.00,-1,-1,-1
131,650,701.00,955.00,17.00,30.00,1.00,-1,-1,-1
131,683,534.00,1044.00,39.00,20.00,1.00,-1,-1,-1
131,687,726.00,975.00,12.00,14.00,1.00,-1,-1,-1
131,707,625.00,1075.00,29.00,20.00,1.00,-1,-1,-1
131,714,72.00,685.00,62.00,13.00,1.00,-1,-1,-1
131,720,1144.00,904.00,79.00,14.00,1.00,-1,-1,-1
131,728,559.00,1068.00,79.00,12.00,1.00,-1,-1,-1
131,766,200.00,796.00,30.00,26.00,1.00,-1,-1,-1
131,768,1126.00,853.00,31.00,25.00,1.00,-1,-1,-1
131,771,252.00,274.00,12.00,16.00,1.00,-1,-1,-1
131,778,666.00,819.00,33.00,30.00,1.00,-1,-1,-1
131,785,362.00,413.00,27.00,10.00,1.00,-1,-1,-1
131,805,1114.00,883.00,53.00,14.00,1.00,-1,-1,-1
131,810,670.00,1063.00,53.00,29.00,1.00,-1,-1,-1
131,818,694.00,452.00,33.00,17.00,1.00,-1,-1,-1
131,838,623.00,1033.00,9.00,20.00,1.00,-1,-1,-1
131,906,1872.00,733.00,70.00,9.00,1.00,-1,-1,-1
131,919,1287.00,529.00,30.00,24.00,1.00,-1,-1,-1
131,951,767.00,294.00,13.00,15.00,1.00,-1,-1,-1
131,1007,432.00,773.00,15.00,18.00,1.00,-1,-1,-1
131,1008,522.00,882.00,14.00,16.00,1.00,-1,-1,-1
131,1012,918.00,890.00,13.00,25.00,1.00,-1,-1,-1
131,1030,1068.00,207.00,30.00,6.00,1.00,-1,-1,-1
131,1059,837.00,183.00,55.00,8.00,1.00,-1,-1,-1
131,1160,726.00,969.00,15.00,16.00,1.00,-1,-1,-1
131,1175,297.00,638.00,13.00,43.00,1.00,-1,-1,-1
131,1191,402.00,-7.00,28.00,6.00,1.00,-1,-1,-1
131,1226,780.00,1032.00,15.00,25.00,1.00,-1,-1,-1
131,1227,461.00,1023.00,68.00,22.00,1.00,-1,-1,-1
131,1228,727.00,981.00,17.00,8.00,1.00,-1,-1,-1
131,1236,888.00,689.00,9.00,19.00,1.00,-1,-1,-1
131,1262,823.00,1078.00,47.00,12.00,1.00,-1,-1,-1
131,1263,536.00,0.00,25.00,7.00,1.00,-1,-1,-1
131,1266,637.00,1067.00,83.00,24.00,1.00,-1,-1,-1
131,1270,230.00,14.00,29.00,16.00,1.00,-1,-1,-1
131,1271,479.00,742.00,29.00,20.00,1.00,-1,-1,-1
131,1277,1347.00,924.00,15.00,26.00,1.00,-1,-1,-1
131,1291,1760.00,89.00,48.00,7.00,1.00,-1,-1,-1
131,1305,822.00,943.00,20.00,26.00,1.00,-1,-1,-1
131,1307,1840.00,1072.00,26.00,8.00,1.00,-1,-1,-1
131,1315,447.00,441.00,12.00,17.00,1.00,-1,-1,-1
131,1323,832.00,1061.00,22.00,7.00,1.00,-1,-1,-1
131,1350,481.00,737.00,20.00,27.00,1.00,-1,-1,-1
131,1351,839.00,778.00,14.00,14.00,1.00,-1,-1,-1
131,1356,1011.00,1076.00,32.00,5.00,1.00,-1,-1,-1
131,1361,51.00,45.00,30.00,6.00,1.00,-1,-1,-1
131,1368,1150.00,17.00,38.00,5.00,1.00,-1,-1,-1
131,1375,842.00,928.00,19.00,38.00,1.00,-1,-1,-1
131,1389,861.00,1072.00,34.00,6.00,1.00,-1,-1,-1
131,1390,493.00,38.00,54.00,14.00,1.00,-1,-1,-1
131,1416,1577.00,1072.00,23.00,8.00,1.00,-1,-1,-1
131,1417,52.00,0.00,25.00,8.00,1.00,-1,-1,-1
131,1496,798.00,722.00,7.00,23.00,1.00,-1,-1,-1
131,1541,891.00,15.00,40.00,28.00,1.00,-1,-1,-1
131,1544,624.00,39.00,15.00,18.00,1.00,-1,-1,-1
132,376,913.00,521.00,1219.00,735.00,1.00,-1,-1,-1
132,377,-476.00,512.00,1158.00,584.00,1.00,-1,-1,-1
132,407,-81.00,621.00,1027.00,856.00,1.00,-1,-1,-1
132,463,1704.00,889.00,18.00,11.00,1.00,-1,-1,-1
132,543,1160.00,409.00,727.00,374.00,1.00,-1,-1,-1
132,592,1682.00,659.00,43.00,7.00,1.00,-1,-1,-1
132,594,557.00,977.00,28.00,17.00,1.00,-1,-1,-1
132,596,803.00,793.00,50.00,7.00,1.00,-1,-1,-1
132,646,393.00,864.00,30.00,14.00,1.00,-1,-1,-1
132,650,701.00,955.00,17.00,30.00,1.00,-1,-1,-1
132,683,534.00,1044.00,39.00,20.00,1.00,-1,-1,-1
132,687,725.00,975.00,12.00,14.00,1.00,-1,-1,-1
132,707,625.00,1075.00,29.00,20.00,1.00,-1,-1,-1
132,714,49.00,712.00,62.00,13.00,1.00,-1,-1,-1
132,720,1162.00,955.00,79.00,14.00,1.00,-1,-1,-1
132,728,496.00,1045.00,79.00,12.00,1.00,-1,-1,-1
132,766,382.00,751.00,30.00,26.00,1.00,-1,-1,-1
132,768,1105.00,969.00,31.00,25.00,1.00,-1,-1,-1
132,771,182.00,274.00,12.00,16.00,1.00,-1,-1,-1
132,778,632.00,923.00,33.00,30.00,1.00,-1,-1,-1
132,785,357.00,462.00,27.00,10.00,1.00,-1,-1,-1
132,805,1069.00,878.00,53.00,14.00,1.00,-1,-1,-1
132,810,600.00,1032.00,53.00,29.00,1.00,-1,-1,-1
132,818,697.00,506.00,33.00,17.00,1.00,-1,-1,-1
132,838,538.00,1009.00,9.00,20.00,1.00,-1,-1,-1
132,906,1872.00,733.00,70.00,9.00,1.00,-1,-1,-1
132,919,1298.00,533.00,30.00,24.00,1.00,-1,-1,-1
132,951,756.00,355.00,13.00,15.00,1.00,-1,-1,-1
132,1007,428.00,747.00,15.00,18.00,1.00,-1,-1,-1
132,1008,553.00,872.00,14.00,16.00,1.00,-1,-1,-1
132,1012,924.00,879.00,13.00,25.00,1.00,-1,-1,-1
132,1030,1068.00,207.00,30.00,6.00,1.00,-1,-1,-1
132,1059,823.00,181.00,55.00,8.00,1.00,-1,-1,-1
132,1160,726.00,969.00,15.00,16.00,1.00,-1,-1,-1
132,1175,303.00,678.00,13.00,43.00,1.00,-1,-1,-1
132,1226,780.00,1032.00,15.00,25.00,1.00,-1,-1,-1
132,1227,450.00,976.00,68.00,22.00,1.00,-1,-1,-1
132,1228,726.00,981.00,17.00,8.00,1.00,-1,-1,-1
132,1236,914.00,749.00,9.00,19.00,1.00,-1,-1,-1
132,1262,823.00,1078.00,47.00,12.00,1.00,-1,-1,-1
132,1263,536.00,0.00,25.00,7.00,1.00,-1,-1,-1
132,1266,614.00,1034.00,83.00,24.00,1.00,-1,-1,-1
132,1270,230.00,14.00,29.00,16.00,1.00,-1,-1,-1
132,1271,483.00,793.00,29.00,20.00,1.00,-1,-1,-1
132,1277,1358.00,977.00,15.00,26.00,1.00,-1,-1,-1
132,1291,1752.00,96.00,48.00,7.00,1.00,-1,-1,-1
132,1305,812.00,943.00,20.00,26.00,1.00,-1,-1,-1
132,1307,1832.00,980.00,26.00,8.00,1.00,-1,-1,-1
132,1315,455.00,413.00,12.00,17.00,1.00,-1,-1,-1
132,1323,832.00,1061.00,22.00,7.00,1.00,-1,-1,-1
132,1350,487.00,717.00,20.00,27.00,1.00,-1,-1,-1
132,1351,839.00,778.00,14.00,14.00,1.00,-1,-1,-1
132,1356,1011.00,1076.00,32.00,5.00,1.00,-1,-1,-1
132,1361,68.00,11.00,30.00,6.00,1.00,-1,-1,-1
132,1368,1150.00,17.00,38.00,5.00,1.00,-1,-1,-1
132,1375,835.00,934.00,19.00,38.00,1.00,-1,-1,-1
132,1389,861.00,1072.00,34.00,6.00,1.00,-1,-1,-1
132,1390,497.00,37.00,54.00,14.00,1.00,-1,-1,-1
132,1416,1495.00,1072.00,23.00,8.00,1.00,-1,-1,-1
132,1496,805.00,771.00,7.00,23.00,1.00,-1,-1,-1
132,1541,873.00,-16.00,40.00,28.00,1.00,-1,-1,-1
132,1544,672.00,38.00,15.00,18.00,1.00,-1,-1,-1
132,1576,1072.00,1072.00,49.00,8.00,1.00,-1,-1,-1
132,1599,177.00,0.00,27.00,11.00,1.00,-1,-1,-1
133,376,922.00,565.00,1219.00,735.00,1.00,-1,-1,-1
133,377,-486.00,494.00,1158.00,584.00,1.00,-1,-1,-1
133,407,-81.00,621.00,1027.00,856.00,1.00,-1,-1,-1
133,463,1717.00,924.00,18.00,11.00,1.00,-1,-1,-1
133,543,1134.00,358.00,727.00,374.00,1.00,-1,-1,-1
133,592,1682.00,659.00,43.00,7.00,1.00,-1,-1,-1
133,594,555.00,936.00,28.00,17.00,1.00,-1,-1,-1
133,596,802.00,846.00,50.00,7.00,1.00,-1,-1,-1
133,646,393.00,864.00,30.00,14.00,1.00,-1,-1,-1
133,650,701.00,955.00,17.00,30.00,1.00,-1,-1,-1
133,683,534.00,1044.00,39.00,20.00,1.00,-1,-1,-1
133,687,725.00,977.00,12.00,14.00,1.00,-1,-1,-1
133,707,625.00,1075.00,29.00,20.00,1.00,-1,-1,-1
133,714,57.00,720.00,62.00,13.00,1.00,-1,-1,-1
133,720,1161.00,955.00,79.00,14.00,1.00,-1,-1,-1
133,728,506.00,1041.00,79.00,12.00,1.00,-1,-1,-1
133,766,374.00,769.00,30.00,26.00,1.00,-1,-1,-1
133,768,1106.00,969.00,31.00,25.00,1.00,-1,-1,-1
133,771,135.00,215.00,12.00,16.00,1.00,-1,-1,-1
133,778,636.00,974.00,33.00,30.00,1.00,-1,-1,-1
133,785,354.00,512.00,27.00,10.00,1.00,-1,-1,-1
133,805,1067.00,930.00,53.00,14.00,1.00,-1,-1,-1
133,810,600.00,1032.00,53.00,29.00,1.00,-1,-1,-1
133,818,726.00,559.00,33.00,17.00,1.00,-1,-1,-1
133,838,531.00,1009.00,9.00,20.00,1.00,-1,-1,-1
133,906,1800.00,725.00,70.00,9.00,1.00,-1,-1,-1
133,919,1305.00,539.00,30.00,24.00,1.00,-1,-1,-1
133,951,813.00,396.00,13.00,15.00,1.00,-1,-1,-1
133,1007,427.00,801.00,15.00,18.00,1.00,-1,-1,-1
133,1008,569.00,867.00,14.00,16.00,1.00,-1,-1,-1
133,1012,894.00,863.00,13.00,25.00,1.00,-1,-1,-1
133,1030,1068.00,207.00,30.00,6.00,1.00,-1,-1,-1
133,1059,805.00,183.00,55.00,8.00,1.00,-1,-1,-1
133,1160,726.00,971.00,15.00,16.00,1.00,-1,-1,-1
133,1175,310.00,719.00,13.00,43.00,1.00,-1,-1,-1
133,1226,777.00,939.00,15.00,25.00,1.00,-1,-1,-1
133,1227,519.00,885.00,68.00,22.00,1.00,-1,-1,-1
133,1228,725.00,982.00,17.00,8.00,1.00,-1,-1,-1
133,1236,941.00,801.00,9.00,19.00,1.00,-1,-1,-1
133,1262,823.00,1078.00,47.00,12.00,1.00,-1,-1,-1
133,1263,531.00,25.00,25.00,7.00,1.00,-1,-1,-1
133,1266,614.00,1034.00,83.00,24.00,1.00,-1,-1,-1
133,1270,245.00,43.00,29.00,16.00,1.00,-1,-1,-1
133,1271,502.00,771.00,29.00,20.00,1.00,-1,-1,-1
133,1277,1374.00,1027.00,15.00,26.00,1.00,-1,-1,-1
133,1291,1737.00,102.00,48.00,7.00,1.00,-1,-1,-1
133,1305,812.00,943.00,20.00,26.00,1.00,-1,-1,-1
133,1307,1804.00,1044.00,26.00,8.00,1.00,-1,-1,-1
133,1315,449.00,464.00,12.00,17.00,1.00,-1,-1,-1
133,1323,846.00,984.00,22.00,7.00,1.00,-1,-1,-1
133,1350,611.00,633.00,20.00,27.00,1.00,-1,-1,-1
133,1351,839.00,778.00,14.00,14.00,1.00,-1,-1,-1
133,1356,1011.00,1076.00,32.00,5.00,1.00,-1,-1,-1
133,1361,65.00,59.00,30.00,6.00,1.00,-1,-1,-1
133,1368,1128.00,31.00,38.00,5.00,1.00,-1,-1,-1
133,1375,835.00,934.00,19.00,38.00,1.00,-1,-1,-1
133,1389,830.00,1022.00,34.00,6.00,1.00,-1,-1,-1
133,1390,496.00,-5.00,54.00,14.00,1.00,-1,-1,-1
133,1416,1405.00,1080.00,23.00,8.00,1.00,-1,-1,-1
133,1496,799.00,817.00,7.00,23.00,1.00,-1,-1,-1
133,1541,867.00,28.00,40.00,28.00,1.00,-1,-1,-1
133,1544,673.00,108.00,15.00,18.00,1.00,-1,-1,-1
133,1576,1072.00,1072.00,49.00,8.00,1.00,-1,-1,-1
133,1599,177.00,0.00,27.00,11.00,1.00,-1,-1,-1
133,1606,943.00,1073.00,64.00,7.00,1.00,-1,-1,-1
133,1611,867.00,1063.00,29.00,17.00,1.00,-1,-1,-1
133,1627,305.00,781.00,12.00,19.00,1.00,-1,-1,-1
134,376,922.00,565.00,1219.00,735.00,1.00,-1,-1,-1
134,377,-486.00,494.00,1158.00,584.00,1.00,-1,-1,-1
134,407,-81.00,621.00,1027.00,856.00,1.00,-1,-1,-1
134,463,1717.00,924.00,18.00,11.00,1.00,-1,-1,-1
134,543,1134.00,358.00,727.00,374.00,1.00,-1,-1,-1
134,592,1682.00,659.00,43.00,7.00,1.00,-1,-1,-1
134,594,555.00,936.00,28.00,17.00,1.00,-1,-1,-1
134,596,802.00,846.00,50.00,7.00,1.00,-1,-1,-1
134,646,393.00,864.00,30.00,14.00,1.00,-1,-1,-1
134,650,701.00,955.00,17.00,30.00,1.00,-1,-1,-1
134,683,534.00,1044.00,39.00,20.00,1.00,-1,-1,-1
134,687,725.00,977.00,12.00,14.00,1.00,-1,-1,-1
134,707,625.00,1075.00,29.00,20.00,1.00,-1,-1,-1
134,714,57.00,720.00,62.00,13.00,1.00,-1,-1,-1
134,720,1161.00,955.00,79.00,14.00,1.00,-1,-1,-1
134,728,506.00,1041.00,79.00,12.00,1.00,-1,-1,-1
134,766,374.00,769.00,30.00,26.00,1.00,-1,-1,-1
134,768,1106.00,969.00,31.00,25.00,1.00,-1,-1,-1
134,771,135.00,215.00,12.00,16.00,1.00,-1,-1,-1
134,778,636.00,974.00,33.00,30.00,1.00,-1,-1,-1
134,785,354.00,512.00,27.00,10.00,1.00,-1,-1,-1
134,805,1067.00,930.00,53.00,14.00,1.00,-1,-1,-1
134,810,600.00,1032.00,53.00,29.00,1.00,-1,-1,-1
134,818,726.00,559.00,33.00,17.00,1.00,-1,-1,-1
134,838,531.00,1009.00,9.00,20.00,1.00,-1,-1,-1
134,906,1800.00,725.00,70.00,9.00,1.00,-1,-1,-1
134,919,1305.00,539.00,30.00,24.00,1.00,-1,-1,-1
134,951,813.00,396.00,13.00,15.00,1.00,-1,-1,-1
134,1007,427.00,801.00,15.00,18.00,1.00,-1,-1,-1
134,1008,569.00,867.00,14.00,16.00,1.00,-1,-1,-1
134,1012,894.00,863.00,13.00,25.00,1.00,-1,-1,-1
134,1030,1068.00,207.00,30.00,6.00,1.00,-1,-1,-1
134,1059,805.00,183.00,55.00,8.00,1.00,-1,-1,-1
134,1160,726.00,971.00,15.00,16.00,1.00,-1,-1,-1
134,1175,310.00,719.00,13.00,43.00,1.00,-1,-1,-1
134,1226,777.00,939.00,15.00,25.00,1.00,-1,-1,-1
134,1227,519.00,885.00,68.00,22.00,1.00,-1,-1,-1
134,1228,725.00,982.00,17.00,8.00,1.00,-1,-1,-1
134,1236,941.00,801.00,9.00,19.00,1.00,-1,-1,-1
134,1262,823.00,1078.00,47.00,12.00,1.00,-1,-1,-1
134,1263,531.00,25.00,25.00,7.00,1.00,-1,-1,-1
134,1266,614.00,1034.00,83.00,24.00,1.00,-1,-1,-1
134,1270,245.00,43.00,29.00,16.00,1.00,-1,-1,-1
134,1271,502.00,771.00,29.00,20.00,1.00,-1,-1,-1
134,1277,1374.00,1027.00,15.00,26.00,1.00,-1,-1,-1
134,1291,1737.00,102.00,48.00,7.00,1.00,-1,-1,-1
134,1305,812.00,943.00,20.00,26.00,1.00,-1,-1,-1
134,1307,1804.00,1044.00,26.00,8.00,1.00,-1,-1,-1
134,1315,449.00,464.00,12.00,17.00,1.00,-1,-1,-1
134,1323,846.00,984.00,22.00,7.00,1.00,-1,-1,-1
134,1350,611.00,632.00,20.00,27.00,1.00,-1,-1,-1
134,1351,839.00,778.00,14.00,14.00,1.00,-1,-1,-1
134,1361,65.00,59.00,30.00,6.00,1.00,-1,-1,-1
134,1368,1128.00,31.00,38.00,5.00,1.00,-1,-1,-1
134,1375,835.00,934.00,19.00,38.00,1.00,-1,-1,-1
134,1389,830.00,1022.00,34.00,6.00,1.00,-1,-1,-1
134,1390,496.00,-5.00,54.00,14.00,1.00,-1,-1,-1
134,1416,1405.00,1080.00,23.00,8.00,1.00,-1,-1,-1
134,1496,799.00,817.00,7.00,23.00,1.00,-1,-1,-1
134,1541,867.00,28.00,40.00,28.00,1.00,-1,-1,-1
134,1544,673.00,108.00,15.00,18.00,1.00,-1,-1,-1
134,1576,1072.00,1072.00,49.00,8.00,1.00,-1,-1,-1
134,1599,177.00,0.00,27.00,11.00,1.00,-1,-1,-1
134,1606,943.00,1073.00,64.00,7.00,1.00,-1,-1,-1
134,1611,867.00,1063.00,29.00,17.00,1.00,-1,-1,-1
134,1627,305.00,781.00,12.00,19.00,1.00,-1,-1,-1
135,376,924.00,613.00,1219.00,735.00,1.00,-1,-1,-1
135,377,-489.00,544.00,1158.00,584.00,1.00,-1,-1,-1
135,407,-81.00,621.00,1027.00,856.00,1.00,-1,-1,-1
135,463,1691.00,911.00,18.00,11.00,1.00,-1,-1,-1
135,543,1140.00,366.00,727.00,374.00,1.00,-1,-1,-1
135,592,1682.00,659.00,43.00,7.00,1.00,-1,-1,-1
135,594,575.00,938.00,28.00,17.00,1.00,-1,-1,-1
135,596,792.00,907.00,50.00,7.00,1.00,-1,-1,-1
135,650,702.00,955.00,17.00,30.00,1.00,-1,-1,-1
135,687,726.00,977.00,12.00,14.00,1.00,-1,-1,-1
135,707,625.00,1075.00,29.00,20.00,1.00,-1,-1,-1
135,714,59.00,804.00,62.00,13.00,1.00,-1,-1,-1
135,720,1161.00,956.00,79.00,14.00,1.00,-1,-1,-1
135,728,489.00,965.00,79.00,12.00,1.00,-1,-1,-1
135,766,403.00,787.00,30.00,26.00,1.00,-1,-1,-1
135,768,1108.00,970.00,31.00,25.00,1.00,-1,-1,-1
135,771,139.00,266.00,12.00,16.00,1.00,-1,-1,-1
135,778,660.00,1056.00,33.00,30.00,1.00,-1,-1,-1
135,785,343.00,571.00,27.00,10.00,1.00,-1,-1,-1
135,805,1062.00,904.00,53.00,14.00,1.00,-1,-1,-1
135,810,554.00,842.00,53.00,29.00,1.00,-1,-1,-1
135,818,706.00,628.00,33.00,17.00,1.00,-1,-1,-1
135,838,531.00,1009.00,9.00,20.00,1.00,-1,-1,-1
135,906,1800.00,721.00,70.00,9.00,1.00,-1,-1,-1
135,919,1310.00,544.00,30.00,24.00,1.00,-1,-1,-1
135,951,812.00,448.00,13.00,15.00,1.00,-1,-1,-1
135,1007,448.00,820.00,15.00,18.00,1.00,-1,-1,-1
135,1008,566.00,866.00,14.00,16.00,1.00,-1,-1,-1
135,1012,907.00,858.00,13.00,25.00,1.00,-1,-1,-1
135,1042,28.00,24.00,10.00,16.00,1.00,-1,-1,-1
135,1059,786.00,185.00,55.00,8.00,1.00,-1,-1,-1
135,1160,726.00,971.00,15.00,16.00,1.00,-1,-1,-1
135,1175,312.00,771.00,13.00,43.00,1.00,-1,-1,-1
135,1226,776.00,938.00,15.00,25.00,1.00,-1,-1,-1
135,1227,520.00,888.00,68.00,22.00,1.00,-1,-1,-1
135,1228,726.00,982.00,17.00,8.00,1.00,-1,-1,-1
135,1236,970.00,797.00,9.00,19.00,1.00,-1,-1,-1
135,1262,823.00,1078.00,47.00,12.00,1.00,-1,-1,-1
135,1263,473.00,417.00,25.00,7.00,1.00,-1,-1,-1
135,1266,524.00,945.00,83.00,24.00,1.00,-1,-1,-1
135,1270,294.00,75.00,14.00,22.00,1.00,-1,-1,-1
135,1271,530.00,677.00,29.00,20.00,1.00,-1,-1,-1
135,1277,1374.00,1027.00,15.00,26.00,1.00,-1,-1,-1
135,1291,1712.00,123.00,48.00,7.00,1.00,-1,-1,-1
135,1305,812.00,943.00,20.00,26.00,1.00,-1,-1,-1
135,1307,1865.00,1078.00,26.00,8.00,1.00,-1,-1,-1
135,1315,433.00,463.00,12.00,17.00,1.00,-1,-1,-1
135,1323,846.00,984.00,22.00,7.00,1.00,-1,-1,-1
135,1350,550.00,611.00,20.00,27.00,1.00,-1,-1,-1
135,1351,839.00,778.00,14.00,14.00,1.00,-1,-1,-1
135,1361,43.00,122.00,30.00,6.00,1.00,-1,-1,-1
135,1368,1117.00,-3.00,38.00,5.00,1.00,-1,-1,-1
135,1375,366.00,939.00,19.00,38.00,1.00,-1,-1,-1
135,1389,791.00,1021.00,34.00,6.00,1.00,-1,-1,-1
135,1390,498.00,0.00,54.00,14.00,1.00,-1,-1,-1
135,1416,1323.00,1079.00,23.00,8.00,1.00,-1,-1,-1
135,1496,826.00,880.00,7.00,23.00,1.00,-1,-1,-1
135,1541,880.00,23.00,40.00,28.00,1.00,-1,-1,-1
135,1544,678.00,141.00,15.00,18.00,1.00,-1,-1,-1
135,1576,1097.00,1041.00,49.00,8.00,1.00,-1,-1,-1
135,1588,697.00,0.00,25.00,22.00,1.00,-1,-1,-1
135,1599,142.00,4.00,27.00,11.00,1.00,-1,-1,-1
135,1606,943.00,1073.00,64.00,7.00,1.00,-1,-1,-1
135,1608,1192.00,1073.00,21.00,7.00,1.00,-1,-1,-1
135,1611,831.00,1062.00,29.00,17.00,1.00,-1,-1,-1
135,1627,296.00,822.00,12.00,19.00,1.00,-1,-1,-1
135,1635,798.00,1072.00,37.00,8.00,1.00,-1,-1,-1
135,1642,312.00,14.00,34.00,33.00,1.00,-1,-1,-1
136,376,931.00,673.00,1219.00,735.00,1.00,-1,-1,-1
136,377,-501.00,580.00,1158.00,584.00,1.00,-1,-1,-1
136,407,-81.00,621.00,1027.00,856.00,1.00,-1,-1,-1
136,463,1718.00,919.00,18.00,11.00,1.00,-1,-1,-1
136,543,1144.00,377.00,727.00,374.00,1.00,-1,-1,-1
136,594,574.00,935.00,28.00,17.00,1.00,-1,-1,-1
136,596,804.00,956.00,50.00,7.00,1.00,-1,-1,-1
136,650,720.00,956.00,17.00,30.00,1.00,-1,-1,-1
136,687,723.00,976.00,12.00,14.00,1.00,-1,-1,-1
136,714,56.00,840.00,62.00,13.00,1.00,-1,-1,-1
136,720,1161.00,956.00,79.00,14.00,1.00,-1,-1,-1
136,728,489.00,1014.00,79.00,12.00,1.00,-1,-1,-1
136,766,365.00,754.00,30.00,26.00,1.00,-1,-1,-1
136,768,1085.00,963.00,31.00,25.00,1.00,-1,-1,-1
136,771,140.00,241.00,12.00,16.00,1.00,-1,-1,-1
136,778,660.00,1056.00,33.00,30.00,1.00,-1,-1,-1
136,785,461.00,620.00,27.00,10.00,1.00,-1,-1,-1
136,805,1117.00,933.00,53.00,14.00,1.00,-1,-1,-1
136,810,492.00,809.00,53.00,29.00,1.00,-1,-1,-1
136,818,722.00,625.00,33.00,17.00,1.00,-1,-1,-1
136,838,500.00,991.00,9.00,20.00,1.00,-1,-1,-1
136,906,1819.00,712.00,70.00,9.00,1.00,-1,-1,-1
136,919,1319.00,555.00,30.00,24.00,1.00,-1,-1,-1
136,951,828.00,488.00,13.00,15.00,1.00,-1,-1,-1
136,1007,451.00,866.00,15.00,18.00,1.00,-1,-1,-1
136,1008,558.00,832.00,14.00,16.00,1.00,-1,-1,-1
136,1012,893.00,858.00,13.00,25.00,1.00,-1,-1,-1
136,1042,42.00,88.00,10.00,16.00,1.00,-1,-1,-1
136,1059,769.00,189.00,55.00,8.00,1.00,-1,-1,-1
136,1160,726.00,970.00,15.00,16.00,1.00,-1,-1,-1
136,1175,304.00,817.00,13.00,43.00,1.00,-1,-1,-1
136,1208,1118.00,373.00,9.00,19.00,1.00,-1,-1,-1
136,1226,724.00,899.00,15.00,25.00,1.00,-1,-1,-1
136,1227,491.00,882.00,68.00,22.00,1.00,-1,-1,-1
136,1228,725.00,983.00,17.00,8.00,1.00,-1,-1,-1
136,1236,964.00,801.00,9.00,19.00,1.00,-1,-1,-1
136,1262,823.00,1078.00,47.00,12.00,1.00,-1,-1,-1
136,1263,473.00,417.00,25.00,7.00,1.00,-1,-1,-1
136,1266,492.00,1002.00,83.00,24.00,1.00,-1,-1,-1
136,1270,248.00,116.00,14.00,22.00,1.00,-1,-1,-1
136,1271,526.00,686.00,29.00,20.00,1.00,-1,-1,-1
136,1277,1374.00,1027.00,15.00,26.00,1.00,-1,-1,-1
136,1291,1745.00,68.00,48.00,7.00,1.00,-1,-1,-1
136,1305,838.00,943.00,20.00,26.00,1.00,-1,-1,-1
136,1307,1776.00,987.00,26.00,8.00,1.00,-1,-1,-1
136,1315,362.00,503.00,12.00,17.00,1.00,-1,-1,-1
136,1323,845.00,984.00,22.00,7.00,1.00,-1,-1,-1
136,1325,725.00,1074.00,28.00,6.00,1.00,-1,-1,-1
136,1350,607.00,558.00,20.00,27.00,1.00,-1,-1,-1
136,1361,6.00,145.00,30.00,6.00,1.00,-1,-1,-1
136,1368,1118.00,38.00,38.00,5.00,1.00,-1,-1,-1
136,1375,376.00,938.00,19.00,38.00,1.00,-1,-1,-1
136,1389,834.00,997.00,34.00,6.00,1.00,-1,-1,-1
136,1390,536.00,29.00,54.00,14.00,1.00,-1,-1,-1
136,1416,1275.00,1054.00,23.00,8.00,1.00,-1,-1,-1
136,1496,829.00,915.00,7.00,23.00,1.00,-1,-1,-1
136,1541,915.00,48.00,40.00,28.00,1.00,-1,-1,-1
136,1544,668.00,156.00,15.00,18.00,1.00,-1,-1,-1
136,1576,1043.00,998.00,49.00,8.00,1.00,-1,-1,-1
136,1588,692.00,49.00,25.00,22.00,1.00,-1,-1,-1
136,1599,140.00,12.00,27.00,11.00,1.00,-1,-1,-1
136,1606,943.00,1073.00,64.00,7.00,1.00,-1,-1,-1
136,1608,1192.00,1073.00,21.00,7.00,1.00,-1,-1,-1
136,1611,831.00,1062.00,29.00,17.00,1.00,-1,-1,-1
136,1627,304.00,758.00,12.00,19.00,1.00,-1,-1,-1
136,1635,798.00,1072.00,37.00,8.00,1.00,-1,-1,-1
136,1642,309.00,13.00,34.00,19.00,1.00,-1,-1,-1
136,1675,481.00,1073.00,36.00,7.00,1.00,-1,-1,-1
136,1676,376.00,0.00,40.00,10.00,1.00,-1,-1,-1
136,1678,1866.00,0.00,30.00,10.00,1.00,-1,-1,-1
137,376,931.00,673.00,1219.00,735.00,1.00,-1,-1,-1
137,377,-535.00,627.00,1158.00,584.00,1.00,-1,-1,-1
137,463,1660.00,904.00,18.00,11.00,1.00,-1,-1,-1
137,543,1151.00,387.00,727.00,374.00,1.00,-1,-1,-1
137,594,569.00,916.00,28.00,17.00,1.00,-1,-1,-1
137,596,814.00,955.00,50.00,7.00,1.00,-1,-1,-1
137,650,720.00,956.00,17.00,30.00,1.00,-1,-1,-1
137,687,723.00,976.00,12.00,14.00,1.00,-1,-1,-1
137,714,88.00,909.00,62.00,13.00,1.00,-1,-1,-1
137,720,1161.00,955.00,79.00,14.00,1.00,-1,-1,-1
137,728,488.00,1007.00,79.00,12.00,1.00,-1,-1,-1
137,766,311.00,645.00,30.00,26.00,1.00,-1,-1,-1
137,768,1086.00,964.00,31.00,25.00,1.00,-1,-1,-1
137,771,132.00,206.00,12.00,16.00,1.00,-1,-1,-1
137,778,660.00,1056.00,33.00,30.00,1.00,-1,-1,-1
137,785,445.00,674.00,27.00,10.00,1.00,-1,-1,-1
137,805,1078.00,980.00,53.00,14.00,1.00,-1,-1,-1
137,810,482.00,812.00,53.00,29.00,1.00,-1,-1,-1
137,818,716.00,679.00,33.00,17.00,1.00,-1,-1,-1
137,838,497.00,1031.00,9.00,20.00,1.00,-1,-1,-1
137,874,1209.00,1030.00,8.00,18.00,1.00,-1,-1,-1
137,906,1831.00,767.00,70.00,9.00,1.00,-1,-1,-1
137,919,1317.00,557.00,30.00,24.00,1.00,-1,-1,-1
137,951,812.00,552.00,13.00,15.00,1.00,-1,-1,-1
137,1007,500.00,892.00,15.00,18.00,1.00,-1,-1,-1
137,1008,551.00,887.00,14.00,16.00,1.00,-1,-1,-1
137,1012,853.00,862.00,13.00,25.00,1.00,-1,-1,-1
137,1042,34.00,46.00,10.00,16.00,1.00,-1,-1,-1
137,1059,749.00,197.00,55.00,8.00,1.00,-1,-1,-1
137,1160,726.00,970.00,15.00,16.00,1.00,-1,-1,-1
137,1175,279.00,872.00,13.00,43.00,1.00,-1,-1,-1
137,1208,1112.00,440.00,9.00,19.00,1.00,-1,-1,-1
137,1226,703.00,875.00,15.00,25.00,1.00,-1,-1,-1
137,1227,446.00,808.00,68.00,22.00,1.00,-1,-1,-1
137,1228,725.00,983.00,17.00,8.00,1.00,-1,-1,-1
137,1236,928.00,844.00,9.00,19.00,1.00,-1,-1,-1
137,1263,473.00,417.00,25.00,7.00,1.00,-1,-1,-1
137,1266,490.00,992.00,83.00,24.00,1.00,-1,-1,-1
137,1270,427.00,180.00,14.00,22.00,1.00,-1,-1,-1
137,1271,527.00,729.00,29.00,20.00,1.00,-1,-1,-1
137,1277,1377.00,1034.00,15.00,26.00,1.00,-1,-1,-1
137,1291,1759.00,36.00,48.00,7.00,1.00,-1,-1,-1
137,1305,638.00,947.00,20.00,26.00,1.00,-1,-1,-1
137,1307,1735.00,1005.00,26.00,8.00,1.00,-1,-1,-1
137,1315,360.00,558.00,12.00,17.00,1.00,-1,-1,-1
137,1323,829.00,984.00,22.00,7.00,1.00,-1,-1,-1
137,1325,725.00,1074.00,28.00,6.00,1.00,-1,-1,-1
137,1350,686.00,436.00,20.00,27.00,1.00,-1,-1,-1
137,1361,6.00,145.00,30.00,6.00,1.00,-1,-1,-1
137,1368,1161.00,55.00,38.00,5.00,1.00,-1,-1,-1
137,1375,364.00,936.00,19.00,38.00,1.00,-1,-1,-1
137,1389,1048.00,953.00,34.00,6.00,1.00,-1,-1,-1
137,1390,533.00,6.00,54.00,14.00,1.00,-1,-1,-1
137,1416,1233.00,1059.00,23.00,8.00,1.00,-1,-1,-1
137,1496,843.00,895.00,7.00,23.00,1.00,-1,-1,-1
137,1541,912.00,104.00,40.00,28.00,1.00,-1,-1,-1
137,1544,677.00,139.00,15.00,18.00,1.00,-1,-1,-1
137,1576,1043.00,998.00,49.00,8.00,1.00,-1,-1,-1
137,1588,691.00,93.00,25.00,22.00,1.00,-1,-1,-1
137,1599,134.00,65.00,27.00,11.00,1.00,-1,-1,-1
137,1606,960.00,1074.00,24.00,6.00,1.00,-1,-1,-1
137,1608,1192.00,1073.00,21.00,7.00,1.00,-1,-1,-1
137,1611,831.00,1062.00,29.00,17.00,1.00,-1,-1,-1
137,1627,295.00,1015.00,12.00,19.00,1.00,-1,-1,-1
137,1635,798.00,1072.00,37.00,8.00,1.00,-1,-1,-1
137,1639,1380.00,1074.00,30.00,6.00,1.00,-1,-1,-1
137,1642,309.00,13.00,34.00,19.00,1.00,-1,-1,-1
137,1675,278.00,951.00,36.00,7.00,1.00,-1,-1,-1
137,1676,376.00,0.00,40.00,10.00,1.00,-1,-1,-1
137,1678,1866.00,30.00,30.00,10.00,1.00,-1,-1,-1
137,1683,1444.00,1073.00,25.00,7.00,1.00,-1,-1,-1
137,1705,0.00,0.00,18.00,13.00,1.00,-1,-1,-1
137,1710,304.00,65.00,39.00,25.00,1.00,-1,-1,-1
138,376,931.00,673.00,1219.00,735.00,1.00,-1,-1,-1
138,377,-569.00,593.00,1158.00,584.00,1.00,-1,-1,-1
138,463,1637.00,950.00,18.00,11.00,1.00,-1,-1,-1
138,543,1156.00,394.00,727.00,374.00,1.00,-1,-1,-1
138,594,606.00,761.00,28.00,17.00,1.00,-1,-1,-1
138,596,809.00,955.00,50.00,7.00,1.00,-1,-1,-1
138,650,720.00,956.00,17.00,30.00,1.00,-1,-1,-1
138,687,723.00,976.00,12.00,14.00,1.00,-1,-1,-1
138,714,88.00,909.00,62.00,13.00,1.00,-1,-1,-1
138,720,1161.00,955.00,79.00,14.00,1.00,-1,-1,-1
138,728,496.00,998.00,79.00,12.00,1.00,-1,-1,-1
138,759,491.00,165.00,84.00,36.00,1.00,-1,-1,-1
138,766,301.00,703.00,30.00,26.00,1.00,-1,-1,-1
138,768,1086.00,964.00,31.00,25.00,1.00,-1,-1,-1
138,771,108.00,201.00,12.00,16.00,1.00,-1,-1,-1
138,778,841.00,966.00,33.00,30.00,1.00,-1,-1,-1
138,785,435.00,723.00,27.00,10.00,1.00,-1,-1,-1
138,805,1068.00,998.00,53.00,14.00,1.00,-1,-1,-1
138,810,435.00,758.00,53.00,29.00,1.00,-1,-1,-1
138,818,709.00,715.00,33.00,17.00,1.00,-1,-1,-1
138,838,484.00,1043.00,9.00,20.00,1.00,-1,-1,-1
138,874,1211.00,1003.00,8.00,18.00,1.00,-1,-1,-1
138,906,1842.00,817.00,70.00,9.00,1.00,-1,-1,-1
138,919,1323.00,568.00,30.00,24.00,1.00,-1,-1,-1
138,951,810.00,611.00,13.00,15.00,1.00,-1,-1,-1
138,1007,504.00,957.00,15.00,18.00,1.00,-1,-1,-1
138,1008,558.00,935.00,14.00,16.00,1.00,-1,-1,-1
138,1012,801.00,864.00,13.00,25.00,1.00,-1,-1,-1
138,1042,35.00,106.00,10.00,16.00,1.00,-1,-1,-1
138,1059,728.00,200.00,55.00,8.00,1.00,-1,-1,-1
138,1160,726.00,970.00,15.00,16.00,1.00,-1,-1,-1
138,1175,277.00,905.00,13.00,43.00,1.00,-1,-1,-1
138,1208,1114.00,491.00,9.00,19.00,1.00,-1,-1,-1
138,1226,715.00,878.00,15.00,25.00,1.00,-1,-1,-1
138,1227,411.00,862.00,68.00,22.00,1.00,-1,-1,-1
138,1228,724.00,983.00,17.00,8.00,1.00,-1,-1,-1
138,1236,998.00,806.00,9.00,19.00,1.00,-1,-1,-1
138,1263,473.00,417.00,25.00,7.00,1.00,-1,-1,-1
138,1266,511.00,982.00,83.00,24.00,1.00,-1,-1,-1
138,1270,429.00,231.00,14.00,22.00,1.00,-1,-1,-1
138,1271,528.00,769.00,29.00,20.00,1.00,-1,-1,-1
138,1277,1350.00,930.00,15.00,26.00,1.00,-1,-1,-1
138,1291,1765.00,7.00,48.00,7.00,1.00,-1,-1,-1
138,1305,608.00,964.00,20.00,26.00,1.00,-1,-1,-1
138,1307,1742.00,1063.00,26.00,8.00,1.00,-1,-1,-1
138,1315,334.00,473.00,12.00,17.00,1.00,-1,-1,-1
138,1323,814.00,984.00,22.00,7.00,1.00,-1,-1,-1
138,1325,725.00,1074.00,28.00,6.00,1.00,-1,-1,-1
138,1350,678.00,487.00,20.00,27.00,1.00,-1,-1,-1
138,1361,6.00,145.00,30.00,6.00,1.00,-1,-1,-1
138,1368,1161.00,55.00,38.00,5.00,1.00,-1,-1,-1
138,1375,389.00,911.00,19.00,38.00,1.00,-1,-1,-1
138,1389,1048.00,953.00,34.00,6.00,1.00,-1,-1,-1
138,1390,559.00,41.00,54.00,14.00,1.00,-1,-1,-1
138,1416,1233.00,1059.00,23.00,8.00,1.00,-1,-1,-1
138,1496,826.00,868.00,7.00,23.00,1.00,-1,-1,-1
138,1541,928.00,94.00,40.00,28.00,1.00,-1,-1,-1
138,1544,598.00,85.00,15.00,18.00,1.00,-1,-1,-1
138,1576,1043.00,997.00,49.00,8.00,1.00,-1,-1,-1
138,1588,697.00,143.00,25.00,22.00,1.00,-1,-1,-1
138,1599,119.00,116.00,27.00,11.00,1.00,-1,-1,-1
138,1605,47.00,1075.00,40.00,5.00,1.00,-1,-1,-1
138,1606,960.00,1074.00,24.00,6.00,1.00,-1,-1,-1
138,1608,1192.00,1073.00,21.00,7.00,1.00,-1,-1,-1
138,1611,831.00,1062.00,29.00,17.00,1.00,-1,-1,-1
138,1627,295.00,1015.00,12.00,19.00,1.00,-1,-1,-1
138,1635,784.00,1064.00,37.00,8.00,1.00,-1,-1,-1
138,1639,1416.00,1018.00,30.00,6.00,1.00,-1,-1,-1
138,1642,309.00,13.00,34.00,19.00,1.00,-1,-1,-1
138,1653,301.00,120.00,17.00,15.00,1.00,-1,-1,-1
138,1675,282.00,942.00,36.00,7.00,1.00,-1,-1,-1
138,1676,376.00,0.00,40.00,10.00,1.00,-1,-1,-1
138,1678,1891.00,29.00,30.00,10.00,1.00,-1,-1,-1
138,1683,1444.00,1073.00,25.00,7.00,1.00,-1,-1,-1
138,1704,52.00,0.00,36.00,7.00,1.00,-1,-1,-1
138,1705,0.00,0.00,18.00,13.00,1.00,-1,-1,-1
138,1710,321.00,64.00,16.00,20.00,1.00,-1,-1,-1
138,1732,1713.00,1074.00,20.00,6.00,1.00,-1,-1,-1
138,1734,1238.00,1073.00,40.00,7.00,1.00,-1,-1,-1
139,376,931.00,673.00,1219.00,735.00,1.00,-1,-1,-1
139,377,-569.00,593.00,1158.00,584.00,1.00,-1,-1,-1
139,463,1633.00,991.00,18.00,11.00,1.00,-1,-1,-1
139,543,1157.00,401.00,727.00,374.00,1.00,-1,-1,-1
139,594,633.00,803.00,28.00,17.00,1.00,-1,-1,-1
139,596,824.00,955.00,50.00,7.00,1.00,-1,-1,-1
139,650,720.00,956.00,17.00,30.00,1.00,-1,-1,-1
139,687,723.00,977.00,12.00,14.00,1.00,-1,-1,-1
139,714,88.00,909.00,62.00,13.00,1.00,-1,-1,-1
139,720,1161.00,955.00,79.00,14.00,1.00,-1,-1,-1
139,728,462.00,932.00,79.00,12.00,1.00,-1,-1,-1
139,759,491.00,165.00,84.00,36.00,1.00,-1,-1,-1
139,766,222.00,745.00,30.00,26.00,1.00,-1,-1,-1
139,768,1086.00,964.00,31.00,25.00,1.00,-1,-1,-1
139,771,119.00,176.00,12.00,16.00,1.00,-1,-1,-1
139,778,841.00,966.00,33.00,30.00,1.00,-1,-1,-1
139,785,422.00,766.00,27.00,10.00,1.00,-1,-1,-1
139,805,1068.00,998.00,53.00,14.00,1.00,-1,-1,-1
139,810,415.00,647.00,53.00,29.00,1.00,-1,-1,-1
139,818,743.00,699.00,33.00,17.00,1.00,-1,-1,-1
139,838,502.00,1036.00,9.00,20.00,1.00,-1,-1,-1
139,874,1211.00,1003.00,8.00,18.00,1.00,-1,-1,-1
139,906,1823.00,887.00,70.00,9.00,1.00,-1,-1,-1
139,919,1325.00,595.00,30.00,24.00,1.00,-1,-1,-1
139,951,839.00,678.00,13.00,15.00,1.00,-1,-1,-1
139,1007,556.00,985.00,15.00,18.00,1.00,-1,-1,-1
139,1008,616.00,980.00,14.00,16.00,1.00,-1,-1,-1
139,1012,785.00,859.00,13.00,25.00,1.00,-1,-1,-1
139,1042,37.00,155.00,10.00,16.00,1.00,-1,-1,-1
139,1059,707.00,197.00,55.00,8.00,1.00,-1,-1,-1
139,1155,1150.00,708.00,15.00,16.00,1.00,-1,-1,-1
139,1160,726.00,971.00,15.00,16.00,1.00,-1,-1,-1
139,1175,244.00,952.00,13.00,43.00,1.00,-1,-1,-1
139,1208,1134.00,535.00,9.00,19.00,1.00,-1,-1,-1
139,1226,710.00,883.00,15.00,25.00,1.00,-1,-1,-1
139,1227,443.00,910.00,68.00,22.00,1.00,-1,-1,-1
139,1228,724.00,983.00,17.00,8.00,1.00,-1,-1,-1
139,1236,968.00,814.00,9.00,19.00,1.00,-1,-1,-1
139,1263,473.00,417.00,25.00,7.00,1.00,-1,-1,-1
139,1266,420.00,912.00,83.00,24.00,1.00,-1,-1,-1
139,1270,565.00,132.00,14.00,22.00,1.00,-1,-1,-1
139,1271,519.00,649.00,29.00,20.00,1.00,-1,-1,-1
139,1277,1338.00,996.00,15.00,26.00,1.00,-1,-1,-1
139,1291,1748.00,55.00,48.00,7.00,1.00,-1,-1,-1
139,1305,716.00,861.00,20.00,26.00,1.00,-1,-1,-1
139,1307,1729.00,1053.00,26.00,8.00,1.00,-1,-1,-1
139,1315,329.00,521.00,12.00,17.00,1.00,-1,-1,-1
139,1323,814.00,984.00,22.00,7.00,1.00,-1,-1,-1
139,1325,725.00,1074.00,28.00,6.00,1.00,-1,-1,-1
139,1350,667.00,533.00,20.00,27.00,1.00,-1,-1,-1
139,1361,6.00,145.00,30.00,6.00,1.00,-1,-1,-1
139,1368,1161.00,55.00,38.00,5.00,1.00,-1,-1,-1
139,1375,418.00,924.00,19.00,38.00,1.00,-1,-1,-1
139,1389,1048.00,953.00,34.00,6.00,1.00,-1,-1,-1
139,1390,554.00,105.00,54.00,14.00,1.00,-1,-1,-1
139,1416,1234.00,1027.00,23.00,8.00,1.00,-1,-1,-1
139,1496,801.00,882.00,7.00,23.00,1.00,-1,-1,-1
139,1541,919.00,138.00,40.00,28.00,1.00,-1,-1,-1
139,1544,584.00,135.00,15.00,18.00,1.00,-1,-1,-1
139,1576,1043.00,997.00,49.00,8.00,1.00,-1,-1,-1
139,1581,200.00,0.00,25.00,7.00,1.00,-1,-1,-1
139,1588,679.00,139.00,25.00,22.00,1.00,-1,-1,-1
139,1599,78.00,63.00,27.00,11.00,1.00,-1,-1,-1
139,1605,47.00,1075.00,40.00,5.00,1.00,-1,-1,-1
139,1606,962.00,1073.00,24.00,6.00,1.00,-1,-1,-1
139,1608,1192.00,1073.00,21.00,7.00,1.00,-1,-1,-1
139,1611,831.00,1062.00,29.00,17.00,1.00,-1,-1,-1
139,1627,295.00,1015.00,12.00,19.00,1.00,-1,-1,-1
139,1635,790.00,1052.00,37.00,8.00,1.00,-1,-1,-1
139,1639,1393.00,995.00,30.00,6.00,1.00,-1,-1,-1
139,1642,309.00,13.00,34.00,19.00,1.00,-1,-1,-1
139,1653,301.00,120.00,17.00,15.00,1.00,-1,-1,-1
139,1675,267.00,964.00,36.00,7.00,1.00,-1,-1,-1
139,1676,376.00,0.00,40.00,10.00,1.00,-1,-1,-1
139,1678,1900.00,72.00,30.00,10.00,1.00,-1,-1,-1
139,1683,1444.00,1073.00,25.00,7.00,1.00,-1,-1,-1
139,1704,49.00,32.00,36.00,7.00,1.00,-1,-1,-1
139,1705,0.00,0.00,18.00,13.00,1.00,-1,-1,-1
139,1710,317.00,113.00,16.00,20.00,1.00,-1,-1,-1
139,1711,630.00,1071.00,43.00,9.00,1.00,-1,-1,-1
139,1732,1680.00,1073.00,20.00,6.00,1.00,-1,-1,-1
139,1734,1239.00,1072.00,58.00,8.00,1.00,-1,-1,-1
139,1767,1616.00,1072.00,24.00,8.00,1.00,-1,-1,-1
140,376,931.00,673.00,1219.00,735.00,1.00,-1,-1,-1
140,377,-569.00,593.00,1158.00,584.00,1.00,-1,-1,-1
140,463,1633.00,991.00,18.00,11.00,1.00,-1,-1,-1
140,543,1157.00,401.00,727.00,374.00,1.00,-1,-1,-1
140,594,633.00,803.00,28.00,17.00,1.00,-1,-1,-1
140,596,824.00,955.00,50.00,7.00,1.00,-1,-1,-1
140,650,720.00,956.00,17.00,30.00,1.00,-1,-1,-1
140,687,723.00,977.00,12.00,14.00,1.00,-1,-1,-1
140,714,88.00,909.00,62.00,13.00,1.00,-1,-1,-1
140,720,1161.00,955.00,79.00,14.00,1.00,-1,-1,-1
140,728,462.00,932.00,79.00,12.00,1.00,-1,-1,-1
140,759,491.00,165.00,84.00,36.00,1.00,-1,-1,-1
140,766,222.00,745.00,30.00,26.00,1.00,-1,-1,-1
140,768,1086.00,964.00,31.00,25.00,1.00,-1,-1,-1
140,771,119.00,176.00,12.00,16.00,1.00,-1,-1,-1
140,778,841.00,966.00,33.00,30.00,1.00,-1,-1,-1
140,785,422.00,766.00,27.00,10.00,1.00,-1,-1,-1
140,805,1068.00,998.00,53.00,14.00,1.00,-1,-1,-1
140,810,415.00,647.00,53.00,29.00,1.00,-1,-1,-1
140,818,743.00,699.00,33.00,17.00,1.00,-1,-1,-1
140,838,502.00,1036.00,9.00,20.00,1.00,-1,-1,-1
140,874,1211.00,1003.00,8.00,18.00,1.00,-1,-1,-1
140,906,1823.00,887.00,70.00,9.00,1.00,-1,-1,-1
140,919,1325.00,595.00,30.00,24.00,1.00,-1,-1,-1
140,951,839.00,678.00,13.00,15.00,1.00,-1,-1,-1
140,1007,556.00,985.00,15.00,18.00,1.00,-1,-1,-1
140,1008,616.00,980.00,14.00,16.00,1.00,-1,-1,-1
140,1012,785.00,859.00,13.00,25.00,1.00,-1,-1,-1
140,1042,37.00,155.00,10.00,16.00,1.00,-1,-1,-1
140,1059,707.00,197.00,55.00,8.00,1.00,-1,-1,-1
140,1155,1150.00,708.00,15.00,16.00,1.00,-1,-1,-1
140,1160,726.00,971.00,15.00,16.00,1.00,-1,-1,-1
140,1175,244.00,952.00,13.00,43.00,1.00,-1,-1,-1
140,1208,1134.00,535.00,9.00,19.00,1.00,-1,-1,-1
140,1226,710.00,883.00,15.00,25.00,1.00,-1,-1,-1
140,1227,443.00,910.00,68.00,22.00,1.00,-1,-1,-1
140,1228,724.00,983.00,17.00,8.00,1.00,-1,-1,-1
140,1236,968.00,814.00,9.00,19.00,1.00,-1,-1,-1
140,1263,473.00,417.00,25.00,7.00,1.00,-1,-1,-1
140,1266,420.00,912.00,83.00,24.00,1.00,-1,-1,-1
140,1270,565.00,132.00,14.00,22.00,1.00,-1,-1,-1
140,1271,519.00,649.00,29.00,20.00,1.00,-1,-1,-1
140,1277,1338.00,996.00,15.00,26.00,1.00,-1,-1,-1
140,1291,1748.00,55.00,48.00,7.00,1.00,-1,-1,-1
140,1305,716.00,861.00,20.00,26.00,1.00,-1,-1,-1
140,1307,1729.00,1053.00,26.00,8.00,1.00,-1,-1,-1
140,1315,329.00,521.00,12.00,17.00,1.00,-1,-1,-1
140,1323,814.00,984.00,22.00,7.00,1.00,-1,-1,-1
140,1325,725.00,1074.00,28.00,6.00,1.00,-1,-1,-1
140,1350,667.00,533.00,20.00,27.00,1.00,-1,-1,-1
140,1361,6.00,145.00,30.00,6.00,1.00,-1,-1,-1
140,1368,1161.00,55.00,38.00,5.00,1.00,-1,-1,-1
140,1375,418.00,924.00,19.00,38.00,1.00,-1,-1,-1
140,1389,1048.00,953.00,34.00,6.00,1.00,-1,-1,-1
140,1390,554.00,105.00,54.00,14.00,1.00,-1,-1,-1
140,1416,1234.00,1027.00,23.00,8.00,1.00,-1,-1,-1
140,1496,801.00,882.00,7.00,23.00,1.00,-1,-1,-1
140,1541,919.00,138.00,40.00,28.00,1.00,-1,-1,-1
140,1544,584.00,135.00,15.00,18.00,1.00,-1,-1,-1
140,1576,1043.00,997.00,49.00,8.00,1.00,-1,-1,-1
140,1581,200.00,0.00,25.00,7.00,1.00,-1,-1,-1
140,1588,679.00,139.00,25.00,22.00,1.00,-1,-1,-1
140,1599,78.00,63.00,27.00,11.00,1.00,-1,-1,-1
140,1605,47.00,1075.00,40.00,5.00,1.00,-1,-1,-1
140,1606,962.00,1073.00,24.00,6.00,1.00,-1,-1,-1
140,1608,1192.00,1073.00,21.00,7.00,1.00,-1,-1,-1
140,1611,831.00,1062.00,29.00,17.00,1.00,-1,-1,-1
140,1627,295.00,1015.00,12.00,19.00,1.00,-1,-1,-1
140,1635,790.00,1052.00,37.00,8.00,1.00,-1,-1,-1
140,1639,1393.00,995.00,30.00,6.00,1.00,-1,-1,-1
140,1642,309.00,13.00,34.00,19.00,1.00,-1,-1,-1
140,1653,301.00,120.00,17.00,15.00,1.00,-1,-1,-1
140,1675,267.00,964.00,36.00,7.00,1.00,-1,-1,-1
140,1676,376.00,0.00,40.00,10.00,1.00,-1,-1,-1
140,1678,1900.00,72.00,30.00,10.00,1.00,-1,-1,-1
140,1683,1444.00,1073.00,25.00,7.00,1.00,-1,-1,-1
140,1704,49.00,32.00,36.00,7.00,1.00,-1,-1,-1
140,1705,0.00,0.00,18.00,13.00,1.00,-1,-1,-1
140,1710,317.00,113.00,16.00,20.00,1.00,-1,-1,-1
140,1711,630.00,1071.00,43.00,9.00,1.00,-1,-1,-1
140,1732,1680.00,1073.00,20.00,6.00,1.00,-1,-1,-1
140,1734,1237.00,1071.00,58.00,8.00,1.00,-1,-1,-1
140,1767,1616.00,1072.00,24.00,8.00,1.00,-1,-1,-1
141,376,931.00,673.00,1219.00,735.00,1.00,-1,-1,-1
141,377,-569.00,593.00,1158.00,584.00,1.00,-1,-1,-1
141,463,1671.00,1038.00,18.00,11.00,1.00,-1,-1,-1
141,543,1167.00,421.00,727.00,374.00,1.00,-1,-1,-1
141,594,609.00,778.00,28.00,17.00,1.00,-1,-1,-1
141,596,819.00,955.00,50.00,7.00,1.00,-1,-1,-1
141,650,720.00,956.00,17.00,30.00,1.00,-1,-1,-1
141,687,723.00,977.00,12.00,14.00,1.00,-1,-1,-1
141,714,88.00,909.00,62.00,13.00,1.00,-1,-1,-1
141,720,1161.00,955.00,79.00,14.00,1.00,-1,-1,-1
141,728,462.00,932.00,79.00,12.00,1.00,-1,-1,-1
141,759,491.00,165.00,84.00,36.00,1.00,-1,-1,-1
141,766,222.00,745.00,30.00,26.00,1.00,-1,-1,-1
141,768,1086.00,964.00,31.00,25.00,1.00,-1,-1,-1
141,771,109.00,194.00,12.00,16.00,1.00,-1,-1,-1
141,778,841.00,966.00,33.00,30.00,1.00,-1,-1,-1
141,785,415.00,817.00,27.00,10.00,1.00,-1,-1,-1
141,805,1068.00,998.00,53.00,14.00,1.00,-1,-1,-1
141,810,415.00,696.00,53.00,29.00,1.00,-1,-1,-1
141,818,771.00,677.00,33.00,17.00,1.00,-1,-1,-1
141,838,586.00,1059.00,9.00,20.00,1.00,-1,-1,-1
141,874,1210.00,1003.00,8.00,18.00,1.00,-1,-1,-1
141,906,1819.00,926.00,70.00,9.00,1.00,-1,-1,-1
141,919,1314.00,601.00,30.00,24.00,1.00,-1,-1,-1
141,951,864.00,726.00,13.00,15.00,1.00,-1,-1,-1
141,1007,611.00,1029.00,15.00,18.00,1.00,-1,-1,-1
141,1008,684.00,971.00,14.00,16.00,1.00,-1,-1,-1
141,1012,797.00,865.00,13.00,25.00,1.00,-1,-1,-1
141,1042,37.00,208.00,10.00,16.00,1.00,-1,-1,-1
141,1059,666.00,212.00,55.00,8.00,1.00,-1,-1,-1
141,1155,1144.00,757.00,15.00,16.00,1.00,-1,-1,-1
141,1160,726.00,970.00,15.00,16.00,1.00,-1,-1,-1
141,1175,234.00,1007.00,13.00,43.00,1.00,-1,-1,-1
141,1208,1134.00,580.00,9.00,19.00,1.00,-1,-1,-1
141,1226,708.00,852.00,15.00,25.00,1.00,-1,-1,-1
141,1227,542.00,858.00,68.00,22.00,1.00,-1,-1,-1
141,1228,725.00,983.00,17.00,8.00,1.00,-1,-1,-1
141,1236,979.00,763.00,9.00,19.00,1.00,-1,-1,-1
141,1266,502.00,866.00,83.00,24.00,1.00,-1,-1,-1
141,1270,633.00,182.00,14.00,22.00,1.00,-1,-1,-1
141,1271,361.00,643.00,29.00,20.00,1.00,-1,-1,-1
141,1277,1311.00,981.00,15.00,26.00,1.00,-1,-1,-1
141,1291,1762.00,49.00,48.00,7.00,1.00,-1,-1,-1
141,1305,711.00,719.00,20.00,26.00,1.00,-1,-1,-1
141,1307,1696.00,1067.00,26.00,8.00,1.00,-1,-1,-1
141,1315,314.00,576.00,12.00,17.00,1.00,-1,-1,-1
141,1323,814.00,984.00,22.00,7.00,1.00,-1,-1,-1
141,1325,725.00,1074.00,28.00,6.00,1.00,-1,-1,-1
141,1350,657.00,526.00,20.00,27.00,1.00,-1,-1,-1
141,1361,6.00,145.00,30.00,6.00,1.00,-1,-1,-1
141,1368,1161.00,55.00,38.00,5.00,1.00,-1,-1,-1
141,1375,434.00,1014.00,19.00,38.00,1.00,-1,-1,-1
141,1389,1048.00,953.00,34.00,6.00,1.00,-1,-1,-1
141,1390,549.00,157.00,54.00,14.00,1.00,-1,-1,-1
141,1416,1231.00,1034.00,23.00,8.00,1.00,-1,-1,-1
141,1496,800.00,871.00,7.00,23.00,1.00,-1,-1,-1
141,1541,922.00,165.00,40.00,28.00,1.00,-1,-1,-1
141,1544,581.00,211.00,15.00,18.00,1.00,-1,-1,-1
141,1576,1043.00,997.00,49.00,8.00,1.00,-1,-1,-1
141,1581,169.00,45.00,25.00,7.00,1.00,-1,-1,-1
141,1588,630.00,150.00,25.00,22.00,1.00,-1,-1,-1
141,1599,35.00,57.00,27.00,11.00,1.00,-1,-1,-1
141,1605,100.00,1023.00,40.00,5.00,1.00,-1,-1,-1
141,1606,981.00,1012.00,24.00,6.00,1.00,-1,-1,-1
141,1627,290.00,980.00,12.00,19.00,1.00,-1,-1,-1
141,1635,770.00,846.00,37.00,8.00,1.00,-1,-1,-1
141,1639,1399.00,1048.00,30.00,6.00,1.00,-1,-1,-1
141,1642,309.00,13.00,34.00,19.00,1.00,-1,-1,-1
141,1653,301.00,120.00,17.00,15.00,1.00,-1,-1,-1
141,1675,257.00,1018.00,36.00,7.00,1.00,-1,-1,-1
141,1676,376.00,0.00,40.00,10.00,1.00,-1,-1,-1
141,1678,1900.00,72.00,30.00,10.00,1.00,-1,-1,-1
141,1683,1444.00,1073.00,25.00,7.00,1.00,-1,-1,-1
141,1704,37.00,0.00,36.00,7.00,1.00,-1,-1,-1
141,1705,229.00,34.00,18.00,13.00,1.00,-1,-1,-1
141,1710,310.00,152.00,16.00,20.00,1.00,-1,-1,-1
141,1711,630.00,1071.00,43.00,9.00,1.00,-1,-1,-1
141,1732,1680.00,1073.00,20.00,6.00,1.00,-1,-1,-1
141,1734,1237.00,1071.00,58.00,8.00,1.00,-1,-1,-1
141,1767,1616.00,1072.00,24.00,8.00,1.00,-1,-1,-1
141,1769,1032.00,1066.00,37.00,14.00,1.00,-1,-1,-1
141,1790,577.00,299.00,35.00,18.00,1.00,-1,-1,-1
141,1802,1371.00,0.00,30.00,7.00,1.00,-1,-1,-1
142,377,-569.00,593.00,1158.00,584.00,1.00,-1,-1,-1
142,463,1608.00,1045.00,18.00,11.00,1.00,-1,-1,-1
142,543,1194.00,430.00,727.00,374.00,1.00,-1,-1,-1
142,577,460.00,213.00,21.00,17.00,1.00,-1,-1,-1
142,594,631.00,744.00,28.00,17.00,1.00,-1,-1,-1
142,596,819.00,955.00,50.00,7.00,1.00,-1,-1,-1
142,650,720.00,956.00,17.00,30.00,1.00,-1,-1,-1
142,687,723.00,977.00,12.00,14.00,1.00,-1,-1,-1
142,714,88.00,909.00,62.00,13.00,1.00,-1,-1,-1
142,720,1161.00,955.00,79.00,14.00,1.00,-1,-1,-1
142,728,462.00,932.00,79.00,12.00,1.00,-1,-1,-1
142,759,491.00,165.00,84.00,36.00,1.00,-1,-1,-1
142,766,222.00,745.00,30.00,26.00,1.00,-1,-1,-1
142,768,1086.00,964.00,31.00,25.00,1.00,-1,-1,-1
142,771,70.00,187.00,12.00,16.00,1.00,-1,-1,-1
142,778,841.00,966.00,33.00,30.00,1.00,-1,-1,-1
142,785,406.00,867.00,27.00,10.00,1.00,-1,-1,-1
142,805,1068.00,998.00,53.00,14.00,1.00,-1,-1,-1
142,810,447.00,719.00,53.00,29.00,1.00,-1,-1,-1
142,818,822.00,601.00,33.00,17.00,1.00,-1,-1,-1
142,838,586.00,1059.00,9.00,20.00,1.00,-1,-1,-1
142,874,1219.00,1052.00,8.00,18.00,1.00,-1,-1,-1
142,906,1837.00,981.00,70.00,9.00,1.00,-1,-1,-1
142,919,1306.00,593.00,30.00,24.00,1.00,-1,-1,-1
142,951,847.00,786.00,13.00,15.00,1.00,-1,-1,-1
142,1007,742.00,991.00,15.00,18.00,1.00,-1,-1,-1
142,1008,684.00,971.00,14.00,16.00,1.00,-1,-1,-1
142,1012,797.00,814.00,13.00,25.00,1.00,-1,-1,-1
142,1042,86.00,249.00,10.00,16.00,1.00,-1,-1,-1
142,1059,658.00,198.00,55.00,8.00,1.00,-1,-1,-1
142,1155,1125.00,806.00,15.00,16.00,1.00,-1,-1,-1
142,1160,726.00,970.00,15.00,16.00,1.00,-1,-1,-1
142,1175,226.00,1056.00,13.00,43.00,1.00,-1,-1,-1
142,1208,1156.00,628.00,9.00,19.00,1.00,-1,-1,-1
142,1226,706.00,859.00,15.00,25.00,1.00,-1,-1,-1
142,1227,586.00,746.00,68.00,22.00,1.00,-1,-1,-1
142,1228,725.00,983.00,17.00,8.00,1.00,-1,-1,-1
142,1236,1007.00,775.00,9.00,19.00,1.00,-1,-1,-1
142,1266,540.00,732.00,83.00,24.00,1.00,-1,-1,-1
142,1270,656.00,153.00,14.00,22.00,1.00,-1,-1,-1
142,1271,386.00,614.00,29.00,20.00,1.00,-1,-1,-1
142,1277,1306.00,1029.00,15.00,26.00,1.00,-1,-1,-1
142,1291,1807.00,0.00,48.00,7.00,1.00,-1,-1,-1
142,1305,711.00,719.00,20.00,26.00,1.00,-1,-1,-1
142,1307,1696.00,1067.00,26.00,8.00,1.00,-1,-1,-1
142,1315,300.00,640.00,12.00,17.00,1.00,-1,-1,-1
142,1323,814.00,984.00,22.00,7.00,1.00,-1,-1,-1
142,1350,661.00,515.00,20.00,27.00,1.00,-1,-1,-1
142,1368,1161.00,55.00,38.00,5.00,1.00,-1,-1,-1
142,1375,434.00,1014.00,19.00,38.00,1.00,-1,-1,-1
142,1389,1048.00,953.00,34.00,6.00,1.00,-1,-1,-1
142,1390,560.00,147.00,54.00,14.00,1.00,-1,-1,-1
142,1416,1184.00,1071.00,23.00,8.00,1.00,-1,-1,-1
142,1496,794.00,844.00,7.00,23.00,1.00,-1,-1,-1
142,1541,973.00,470.00,40.00,28.00,1.00,-1,-1,-1
142,1544,557.00,195.00,15.00,18.00,1.00,-1,-1,-1
142,1576,1043.00,997.00,49.00,8.00,1.00,-1,-1,-1
142,1581,191.00,80.00,25.00,7.00,1.00,-1,-1,-1
142,1588,534.00,188.00,25.00,22.00,1.00,-1,-1,-1
142,1599,35.00,48.00,27.00,11.00,1.00,-1,-1,-1
142,1605,88.00,1056.00,40.00,5.00,1.00,-1,-1,-1
142,1606,981.00,1012.00,24.00,6.00,1.00,-1,-1,-1
142,1627,286.00,1027.00,12.00,19.00,1.00,-1,-1,-1
142,1635,910.00,931.00,37.00,8.00,1.00,-1,-1,-1
142,1639,1440.00,1050.00,30.00,6.00,1.00,-1,-1,-1
142,1653,301.00,120.00,17.00,15.00,1.00,-1,-1,-1
142,1675,246.00,1070.00,36.00,7.00,1.00,-1,-1,-1
142,1678,1900.00,72.00,30.00,10.00,1.00,-1,-1,-1
142,1683,1457.00,1072.00,25.00,7.00,1.00,-1,-1,-1
142,1704,37.00,0.00,36.00,7.00,1.00,-1,-1,-1
142,1705,228.00,0.00,25.00,19.00,1.00,-1,-1,-1
142,1709,519.00,0.00,48.00,24.00,1.00,-1,-1,-1
142,1710,327.00,185.00,16.00,20.00,1.00,-1,-1,-1
142,1711,630.00,1071.00,43.00,9.00,1.00,-1,-1,-1
142,1732,1680.00,1073.00,20.00,6.00,1.00,-1,-1,-1
142,1734,1237.00,1071.00,58.00,8.00,1.00,-1,-1,-1
142,1767,1616.00,1072.00,24.00,8.00,1.00,-1,-1,-1
142,1769,1032.00,1066.00,37.00,14.00,1.00,-1,-1,-1
142,1790,574.00,333.00,35.00,18.00,1.00,-1,-1,-1
142,1798,432.00,316.00,29.00,41.00,1.00,-1,-1,-1
142,1802,1383.00,1.00,30.00,7.00,1.00,-1,-1,-1
143,377,-569.00,593.00,1158.00,584.00,1.00,-1,-1,-1
143,463,1585.00,1062.00,18.00,11.00,1.00,-1,-1,-1
143,543,1150.00,428.00,727.00,374.00,1.00,-1,-1,-1
143,577,433.00,269.00,21.00,17.00,1.00,-1,-1,-1
143,594,698.00,714.00,28.00,17.00,1.00,-1,-1,-1
143,596,833.00,955.00,50.00,7.00,1.00,-1,-1,-1
143,650,720.00,955.00,17.00,30.00,1.00,-1,-1,-1
143,687,723.00,977.00,12.00,14.00,1.00,-1,-1,-1
143,720,1161.00,955.00,79.00,14.00,1.00,-1,-1,-1
143,728,462.00,932.00,79.00,12.00,1.00,-1,-1,-1
143,759,491.00,165.00,84.00,36.00,1.00,-1,-1,-1
143,766,222.00,745.00,30.00,26.00,1.00,-1,-1,-1
143,768,1112.00,972.00,31.00,25.00,1.00,-1,-1,-1
143,771,63.00,225.00,12.00,16.00,1.00,-1,-1,-1
143,778,841.00,966.00,33.00,30.00,1.00,-1,-1,-1
143,785,394.00,921.00,27.00,10.00,1.00,-1,-1,-1
143,805,1109.00,1033.00,53.00,14.00,1.00,-1,-1,-1
143,810,460.00,764.00,53.00,29.00,1.00,-1,-1,-1
143,818,808.00,643.00,33.00,17.00,1.00,-1,-1,-1
143,838,586.00,1059.00,9.00,20.00,1.00,-1,-1,-1
143,874,1219.00,1052.00,8.00,18.00,1.00,-1,-1,-1
143,906,1841.00,1025.00,70.00,9.00,1.00,-1,-1,-1
143,919,1306.00,600.00,30.00,24.00,1.00,-1,-1,-1
143,951,838.00,818.00,13.00,15.00,1.00,-1,-1,-1
143,1007,742.00,986.00,15.00,18.00,1.00,-1,-1,-1
143,1008,684.00,971.00,14.00,16.00,1.00,-1,-1,-1
143,1012,779.00,813.00,13.00,25.00,1.00,-1,-1,-1
143,1042,90.00,295.00,10.00,16.00,1.00,-1,-1,-1
143,1059,632.00,195.00,55.00,8.00,1.00,-1,-1,-1
143,1155,1129.00,854.00,15.00,16.00,1.00,-1,-1,-1
143,1160,727.00,969.00,15.00,16.00,1.00,-1,-1,-1
143,1175,226.00,1056.00,13.00,43.00,1.00,-1,-1,-1
143,1208,1157.00,674.00,9.00,19.00,1.00,-1,-1,-1
143,1226,732.00,832.00,15.00,25.00,1.00,-1,-1,-1
143,1227,615.00,792.00,68.00,22.00,1.00,-1,-1,-1
143,1228,725.00,982.00,17.00,8.00,1.00,-1,-1,-1
143,1236,1026.00,705.00,9.00,19.00,1.00,-1,-1,-1
143,1266,533.00,814.00,83.00,24.00,1.00,-1,-1,-1
143,1270,634.00,150.00,14.00,22.00,1.00,-1,-1,-1
143,1271,371.00,657.00,29.00,20.00,1.00,-1,-1,-1
143,1277,1328.00,1057.00,15.00,26.00,1.00,-1,-1,-1
143,1291,1807.00,0.00,48.00,7.00,1.00,-1,-1,-1
143,1305,711.00,719.00,20.00,26.00,1.00,-1,-1,-1
143,1307,1696.00,1067.00,26.00,8.00,1.00,-1,-1,-1
143,1315,361.00,592.00,12.00,17.00,1.00,-1,-1,-1
143,1323,814.00,984.00,22.00,7.00,1.00,-1,-1,-1
143,1350,665.00,429.00,20.00,27.00,1.00,-1,-1,-1
143,1375,434.00,1014.00,19.00,38.00,1.00,-1,-1,-1
143,1389,1046.00,953.00,34.00,6.00,1.00,-1,-1,-1
143,1390,560.00,147.00,54.00,14.00,1.00,-1,-1,-1
143,1416,1184.00,1071.00,23.00,8.00,1.00,-1,-1,-1
143,1496,823.00,816.00,7.00,23.00,1.00,-1,-1,-1
143,1541,969.00,536.00,40.00,28.00,1.00,-1,-1,-1
143,1544,529.00,171.00,15.00,18.00,1.00,-1,-1,-1
143,1576,1043.00,998.00,49.00,8.00,1.00,-1,-1,-1
143,1581,186.00,122.00,25.00,7.00,1.00,-1,-1,-1
143,1588,553.00,191.00,25.00,22.00,1.00,-1,-1,-1
143,1599,50.00,12.00,27.00,11.00,1.00,-1,-1,-1
143,1605,186.00,969.00,40.00,5.00,1.00,-1,-1,-1
143,1606,981.00,1012.00,24.00,6.00,1.00,-1,-1,-1
143,1627,286.00,1027.00,12.00,19.00,1.00,-1,-1,-1
143,1635,910.00,931.00,37.00,8.00,1.00,-1,-1,-1
143,1639,1440.00,1050.00,30.00,6.00,1.00,-1,-1,-1
143,1653,301.00,120.00,17.00,15.00,1.00,-1,-1,-1
143,1675,246.00,1070.00,36.00,7.00,1.00,-1,-1,-1
143,1678,1895.00,44.00,30.00,10.00,1.00,-1,-1,-1
143,1683,1507.00,1023.00,25.00,7.00,1.00,-1,-1,-1
143,1704,37.00,0.00,36.00,7.00,1.00,-1,-1,-1
143,1705,265.00,0.00,25.00,19.00,1.00,-1,-1,-1
143,1709,506.00,40.00,48.00,24.00,1.00,-1,-1,-1
143,1710,319.00,221.00,16.00,20.00,1.00,-1,-1,-1
143,1711,630.00,1071.00,43.00,9.00,1.00,-1,-1,-1
143,1732,1680.00,1073.00,20.00,6.00,1.00,-1,-1,-1
143,1734,1130.00,1070.00,58.00,8.00,1.00,-1,-1,-1
143,1767,1596.00,1072.00,24.00,8.00,1.00,-1,-1,-1
143,1769,1032.00,1066.00,37.00,14.00,1.00,-1,-1,-1
143,1790,605.00,336.00,35.00,18.00,1.00,-1,-1,-1
143,1798,429.00,357.00,29.00,41.00,1.00,-1,-1,-1
143,1802,1431.00,37.00,30.00,7.00,1.00,-1,-1,-1
143,1829,508.00,221.00,46.00,31.00,1.00,-1,-1,-1
144,463,1587.00,1062.00,18.00,11.00,1.00,-1,-1,-1
144,543,1260.00,454.00,727.00,374.00,1.00,-1,-1,-1
144,577,418.00,314.00,21.00,17.00,1.00,-1,-1,-1
144,594,688.00,757.00,28.00,17.00,1.00,-1,-1,-1
144,596,833.00,955.00,50.00,7.00,1.00,-1,-1,-1
144,650,720.00,955.00,17.00,30.00,1.00,-1,-1,-1
144,687,723.00,977.00,12.00,14.00,1.00,-1,-1,-1
144,720,1161.00,956.00,79.00,14.00,1.00,-1,-1,-1
144,728,462.00,932.00,79.00,12.00,1.00,-1,-1,-1
144,766,222.00,745.00,30.00,26.00,1.00,-1,-1,-1
144,768,1112.00,972.00,31.00,25.00,1.00,-1,-1,-1
144,771,55.00,263.00,12.00,16.00,1.00,-1,-1,-1
144,778,841.00,966.00,33.00,30.00,1.00,-1,-1,-1
144,785,390.00,929.00,27.00,10.00,1.00,-1,-1,-1
144,805,1109.00,1033.00,53.00,14.00,1.00,-1,-1,-1
144,810,452.00,810.00,53.00,29.00,1.00,-1,-1,-1
144,818,801.00,690.00,33.00,17.00,1.00,-1,-1,-1
144,838,586.00,1059.00,9.00,20.00,1.00,-1,-1,-1
144,874,1219.00,1052.00,8.00,18.00,1.00,-1,-1,-1
144,906,1841.00,1025.00,70.00,9.00,1.00,-1,-1,-1
144,919,1179.00,614.00,30.00,24.00,1.00,-1,-1,-1
144,951,833.00,814.00,13.00,15.00,1.00,-1,-1,-1
144,1007,740.00,1040.00,15.00,18.00,1.00,-1,-1,-1
144,1008,684.00,971.00,14.00,16.00,1.00,-1,-1,-1
144,1012,778.00,793.00,13.00,25.00,1.00,-1,-1,-1
144,1042,105.00,353.00,10.00,16.00,1.00,-1,-1,-1
144,1059,603.00,193.00,55.00,8.00,1.00,-1,-1,-1
144,1155,1160.00,919.00,15.00,16.00,1.00,-1,-1,-1
144,1160,727.00,969.00,15.00,16.00,1.00,-1,-1,-1
144,1175,234.00,1010.00,13.00,43.00,1.00,-1,-1,-1
144,1208,1150.00,742.00,9.00,19.00,1.00,-1,-1,-1
144,1226,747.00,812.00,15.00,25.00,1.00,-1,-1,-1
144,1227,610.00,842.00,68.00,22.00,1.00,-1,-1,-1
144,1228,725.00,983.00,17.00,8.00,1.00,-1,-1,-1
144,1236,1072.00,664.00,9.00,19.00,1.00,-1,-1,-1
144,1266,521.00,878.00,83.00,24.00,1.00,-1,-1,-1
144,1270,604.00,154.00,14.00,22.00,1.00,-1,-1,-1
144,1271,355.00,696.00,29.00,20.00,1.00,-1,-1,-1
144,1277,1328.00,1057.00,15.00,26.00,1.00,-1,-1,-1
144,1291,1731.00,38.00,48.00,7.00,1.00,-1,-1,-1
144,1305,711.00,719.00,20.00,26.00,1.00,-1,-1,-1
144,1307,1696.00,1067.00,26.00,8.00,1.00,-1,-1,-1
144,1315,334.00,553.00,12.00,17.00,1.00,-1,-1,-1
144,1323,814.00,984.00,22.00,7.00,1.00,-1,-1,-1
144,1350,665.00,429.00,20.00,27.00,1.00,-1,-1,-1
144,1375,483.00,955.00,19.00,38.00,1.00,-1,-1,-1
144,1389,1046.00,953.00,34.00,6.00,1.00,-1,-1,-1
144,1390,560.00,147.00,54.00,14.00,1.00,-1,-1,-1
144,1416,1184.00,1071.00,23.00,8.00,1.00,-1,-1,-1
144,1496,799.00,793.00,7.00,23.00,1.00,-1,-1,-1
144,1541,975.00,582.00,40.00,28.00,1.00,-1,-1,-1
144,1544,506.00,151.00,15.00,18.00,1.00,-1,-1,-1
144,1576,1043.00,998.00,49.00,8.00,1.00,-1,-1,-1
144,1581,185.00,171.00,25.00,7.00,1.00,-1,-1,-1
144,1588,549.00,202.00,25.00,22.00,1.00,-1,-1,-1
144,1599,98.00,-3.00,27.00,11.00,1.00,-1,-1,-1
144,1605,186.00,1014.00,40.00,5.00,1.00,-1,-1,-1
144,1606,981.00,1012.00,24.00,6.00,1.00,-1,-1,-1
144,1627,200.00,1052.00,12.00,19.00,1.00,-1,-1,-1
144,1635,910.00,931.00,37.00,8.00,1.00,-1,-1,-1
144,1639,1458.00,983.00,30.00,6.00,1.00,-1,-1,-1
144,1661,448.00,564.00,33.00,26.00,1.00,-1,-1,-1
144,1675,250.00,1037.00,36.00,7.00,1.00,-1,-1,-1
144,1678,1895.00,44.00,30.00,10.00,1.00,-1,-1,-1
144,1683,1493.00,1033.00,25.00,7.00,1.00,-1,-1,-1
144,1704,37.00,0.00,36.00,7.00,1.00,-1,-1,-1
144,1705,300.00,4.00,25.00,19.00,1.00,-1,-1,-1
144,1709,496.00,84.00,48.00,24.00,1.00,-1,-1,-1
144,1710,311.00,265.00,16.00,20.00,1.00,-1,-1,-1
144,1711,630.00,1071.00,43.00,9.00,1.00,-1,-1,-1
144,1732,1680.00,1073.00,20.00,6.00,1.00,-1,-1,-1
144,1734,1139.00,1050.00,58.00,8.00,1.00,-1,-1,-1
144,1767,1600.00,1072.00,24.00,8.00,1.00,-1,-1,-1
144,1769,1027.00,1065.00,69.00,15.00,1.00,-1,-1,-1
144,1790,644.00,347.00,35.00,18.00,1.00,-1,-1,-1
144,1798,429.00,357.00,29.00,41.00,1.00,-1,-1,-1
144,1802,1387.00,52.00,30.00,7.00,1.00,-1,-1,-1
144,1820,1458.00,0.00,52.00,17.00,1.00,-1,-1,-1
144,1829,530.00,252.00,46.00,31.00,1.00,-1,-1,-1
145,463,1577.00,1065.00,18.00,11.00,1.00,-1,-1,-1
145,543,1299.00,458.00,727.00,374.00,1.00,-1,-1,-1
145,577,405.00,363.00,21.00,17.00,1.00,-1,-1,-1
145,594,708.00,794.00,28.00,17.00,1.00,-1,-1,-1
145,596,833.00,955.00,50.00,7.00,1.00,-1,-1,-1
145,650,720.00,955.00,17.00,30.00,1.00,-1,-1,-1
145,687,723.00,977.00,12.00,14.00,1.00,-1,-1,-1
145,720,1162.00,955.00,79.00,14.00,1.00,-1,-1,-1
145,768,1112.00,972.00,31.00,25.00,1.00,-1,-1,-1
145,771,56.00,300.00,12.00,16.00,1.00,-1,-1,-1
145,778,841.00,966.00,33.00,30.00,1.00,-1,-1,-1
145,785,278.00,872.00,27.00,10.00,1.00,-1,-1,-1
145,805,1109.00,1033.00,53.00,14.00,1.00,-1,-1,-1
145,810,448.00,864.00,53.00,29.00,1.00,-1,-1,-1
145,818,808.00,729.00,33.00,17.00,1.00,-1,-1,-1
145,838,586.00,1059.00,9.00,20.00,1.00,-1,-1,-1
145,874,1217.00,1059.00,8.00,18.00,1.00,-1,-1,-1
145,906,1841.00,1025.00,70.00,9.00,1.00,-1,-1,-1
145,919,1172.00,560.00,30.00,24.00,1.00,-1,-1,-1
145,951,841.00,760.00,13.00,15.00,1.00,-1,-1,-1
145,982,1425.00,509.00,13.00,12.00,1.00,-1,-1,-1
145,1007,740.00,1040.00,15.00,18.00,1.00,-1,-1,-1
145,1008,684.00,971.00,14.00,16.00,1.00,-1,-1,-1
145,1012,704.00,732.00,13.00,25.00,1.00,-1,-1,-1
145,1042,103.00,403.00,10.00,16.00,1.00,-1,-1,-1
145,1059,579.00,194.00,55.00,8.00,1.00,-1,-1,-1
145,1155,1109.00,791.00,15.00,16.00,1.00,-1,-1,-1
145,1160,727.00,969.00,15.00,16.00,1.00,-1,-1,-1
145,1175,269.00,1007.00,13.00,43.00,1.00,-1,-1,-1
145,1208,1105.00,766.00,9.00,19.00,1.00,-1,-1,-1
145,1226,854.00,858.00,15.00,25.00,1.00,-1,-1,-1
145,1227,606.00,893.00,68.00,22.00,1.00,-1,-1,-1
145,1228,724.00,983.00,17.00,8.00,1.00,-1,-1,-1
145,1236,1208.00,563.00,9.00,19.00,1.00,-1,-1,-1
145,1266,509.00,937.00,83.00,24.00,1.00,-1,-1,-1
145,1270,577.00,158.00,14.00,22.00,1.00,-1,-1,-1
145,1271,349.00,734.00,29.00,20.00,1.00,-1,-1,-1
145,1277,1328.00,1057.00,15.00,26.00,1.00,-1,-1,-1
145,1291,1722.00,90.00,48.00,7.00,1.00,-1,-1,-1
145,1305,711.00,719.00,20.00,26.00,1.00,-1,-1,-1
145,1307,1801.00,1067.00,26.00,8.00,1.00,-1,-1,-1
145,1315,311.00,615.00,12.00,17.00,1.00,-1,-1,-1
145,1323,814.00,984.00,22.00,7.00,1.00,-1,-1,-1
145,1350,665.00,429.00,20.00,27.00,1.00,-1,-1,-1
145,1375,421.00,991.00,19.00,38.00,1.00,-1,-1,-1
145,1389,1055.00,938.00,34.00,6.00,1.00,-1,-1,-1
145,1390,560.00,147.00,54.00,14.00,1.00,-1,-1,-1
145,1416,1184.00,1071.00,23.00,8.00,1.00,-1,-1,-1
145,1496,759.00,741.00,7.00,23.00,1.00,-1,-1,-1
145,1541,1002.00,621.00,40.00,28.00,1.00,-1,-1,-1
145,1544,481.00,136.00,15.00,18.00,1.00,-1,-1,-1
145,1566,681.00,445.00,29.00,20.00,1.00,-1,-1,-1
145,1576,1043.00,998.00,49.00,8.00,1.00,-1,-1,-1
145,1581,209.00,226.00,25.00,7.00,1.00,-1,-1,-1
145,1588,553.00,203.00,25.00,22.00,1.00,-1,-1,-1
145,1599,43.00,13.00,27.00,11.00,1.00,-1,-1,-1
145,1605,193.00,1057.00,40.00,5.00,1.00,-1,-1,-1
145,1606,981.00,1012.00,24.00,6.00,1.00,-1,-1,-1
145,1627,200.00,1052.00,12.00,19.00,1.00,-1,-1,-1
145,1635,910.00,931.00,37.00,8.00,1.00,-1,-1,-1
145,1639,1451.00,954.00,30.00,6.00,1.00,-1,-1,-1
145,1661,448.00,564.00,33.00,26.00,1.00,-1,-1,-1
145,1675,267.00,1006.00,36.00,7.00,1.00,-1,-1,-1
145,1678,1895.00,44.00,30.00,10.00,1.00,-1,-1,-1
145,1683,1493.00,1033.00,25.00,7.00,1.00,-1,-1,-1
145,1704,37.00,0.00,36.00,7.00,1.00,-1,-1,-1
145,1705,300.00,4.00,25.00,19.00,1.00,-1,-1,-1
145,1709,478.00,142.00,48.00,24.00,1.00,-1,-1,-1
145,1710,305.00,309.00,16.00,20.00,1.00,-1,-1,-1
145,1734,1275.00,1074.00,58.00,8.00,1.00,-1,-1,-1
145,1767,1625.00,1070.00,24.00,8.00,1.00,-1,-1,-1
145,1769,1053.00,1064.00,69.00,15.00,1.00,-1,-1,-1
145,1790,713.00,336.00,35.00,18.00,1.00,-1,-1,-1
145,1798,429.00,357.00,29.00,41.00,1.00,-1,-1,-1
145,1802,1387.00,52.00,30.00,7.00,1.00,-1,-1,-1
145,1820,1488.00,0.00,52.00,17.00,1.00,-1,-1,-1
145,1829,322.00,385.00,46.00,31.00,1.00,-1,-1,-1
145,1908,1327.00,0.00,35.00,15.00,1.00,-1,-1,-1
145,1936,265.00,0.00,55.00,7.00,1.00,-1,-1,-1
145,1949,1488.00,1075.00,29.00,5.00,1.00,-1,-1,-1
146,463,1577.00,1065.00,18.00,11.00,1.00,-1,-1,-1
146,543,1299.00,458.00,727.00,374.00,1.00,-1,-1,-1
146,577,405.00,363.00,21.00,17.00,1.00,-1,-1,-1
146,594,708.00,794.00,28.00,17.00,1.00,-1,-1,-1
146,596,833.00,955.00,50.00,7.00,1.00,-1,-1,-1
146,650,720.00,955.00,17.00,30.00,1.00,-1,-1,-1
146,687,723.00,977.00,12.00,14.00,1.00,-1,-1,-1
146,720,1162.00,955.00,79.00,14.00,1.00,-1,-1,-1
146,768,1112.00,972.00,31.00,25.00,1.00,-1,-1,-1
146,771,56.00,300.00,12.00,16.00,1.00,-1,-1,-1
146,778,841.00,966.00,33.00,30.00,1.00,-1,-1,-1
146,785,278.00,872.00,27.00,10.00,1.00,-1,-1,-1
146,805,1109.00,1033.00,53.00,14.00,1.00,-1,-1,-1
146,810,448.00,864.00,53.00,29.00,1.00,-1,-1,-1
146,818,808.00,729.00,33.00,17.00,1.00,-1,-1,-1
146,838,586.00,1059.00,9.00,20.00,1.00,-1,-1,-1
146,874,1217.00,1059.00,8.00,18.00,1.00,-1,-1,-1
146,906,1841.00,1025.00,70.00,9.00,1.00,-1,-1,-1
146,919,1172.00,560.00,30.00,24.00,1.00,-1,-1,-1
146,951,841.00,760.00,13.00,15.00,1.00,-1,-1,-1
146,982,1425.00,509.00,13.00,12.00,1.00,-1,-1,-1
146,1007,740.00,1040.00,15.00,18.00,1.00,-1,-1,-1
146,1008,684.00,971.00,14.00,16.00,1.00,-1,-1,-1
146,1012,704.00,732.00,13.00,25.00,1.00,-1,-1,-1
146,1042,103.00,403.00,10.00,16.00,1.00,-1,-1,-1
146,1059,579.00,194.00,55.00,8.00,1.00,-1,-1,-1
146,1155,1109.00,791.00,15.00,16.00,1.00,-1,-1,-1
146,1160,727.00,969.00,15.00,16.00,1.00,-1,-1,-1
146,1175,269.00,1007.00,13.00,43.00,1.00,-1,-1,-1
146,1208,1105.00,766.00,9.00,19.00,1.00,-1,-1,-1
146,1226,854.00,858.00,15.00,25.00,1.00,-1,-1,-1
146,1227,606.00,893.00,68.00,22.00,1.00,-1,-1,-1
146,1228,724.00,983.00,17.00,8.00,1.00,-1,-1,-1
146,1236,1208.00,563.00,9.00,19.00,1.00,-1,-1,-1
146,1266,509.00,937.00,83.00,24.00,1.00,-1,-1,-1
146,1270,577.00,158.00,14.00,22.00,1.00,-1,-1,-1
146,1271,349.00,734.00,29.00,20.00,1.00,-1,-1,-1
146,1277,1328.00,1057.00,15.00,26.00,1.00,-1,-1,-1
146,1291,1722.00,90.00,48.00,7.00,1.00,-1,-1,-1
146,1305,711.00,719.00,20.00,26.00,1.00,-1,-1,-1
146,1307,1801.00,1067.00,26.00,8.00,1.00,-1,-1,-1
146,1315,311.00,615.00,12.00,17.00,1.00,-1,-1,-1
146,1323,814.00,984.00,22.00,7.00,1.00,-1,-1,-1
146,1350,665.00,429.00,20.00,27.00,1.00,-1,-1,-1
146,1375,421.00,991.00,19.00,38.00,1.00,-1,-1,-1
146,1389,1055.00,938.00,34.00,6.00,1.00,-1,-1,-1
146,1390,560.00,147.00,54.00,14.00,1.00,-1,-1,-1
146,1416,1184.00,1071.00,23.00,8.00,1.00,-1,-1,-1
146,1496,759.00,741.00,7.00,23.00,1.00,-1,-1,-1
146,1541,1002.00,621.00,40.00,28.00,1.00,-1,-1,-1
146,1544,481.00,136.00,15.00,18.00,1.00,-1,-1,-1
146,1566,681.00,445.00,29.00,20.00,1.00,-1,-1,-1
146,1576,1043.00,998.00,49.00,8.00,1.00,-1,-1,-1
146,1581,209.00,226.00,25.00,7.00,1.00,-1,-1,-1
146,1588,553.00,203.00,25.00,22.00,1.00,-1,-1,-1
146,1599,43.00,13.00,27.00,11.00,1.00,-1,-1,-1
146,1605,193.00,1057.00,40.00,5.00,1.00,-1,-1,-1
146,1606,981.00,1012.00,24.00,6.00,1.00,-1,-1,-1
146,1627,200.00,1052.00,12.00,19.00,1.00,-1,-1,-1
146,1635,910.00,931.00,37.00,8.00,1.00,-1,-1,-1
146,1639,1451.00,954.00,30.00,6.00,1.00,-1,-1,-1
146,1661,448.00,564.00,33.00,26.00,1.00,-1,-1,-1
146,1675,267.00,1006.00,36.00,7.00,1.00,-1,-1,-1
146,1678,1895.00,44.00,30.00,10.00,1.00,-1,-1,-1
146,1683,1493.00,1033.00,25.00,7.00,1.00,-1,-1,-1
146,1704,37.00,0.00,36.00,7.00,1.00,-1,-1,-1
146,1705,300.00,4.00,25.00,19.00,1.00,-1,-1,-1
146,1709,478.00,142.00,48.00,24.00,1.00,-1,-1,-1
146,1710,305.00,309.00,16.00,20.00,1.00,-1,-1,-1
146,1734,1275.00,1074.00,58.00,8.00,1.00,-1,-1,-1
146,1767,1625.00,1070.00,24.00,8.00,1.00,-1,-1,-1
146,1769,1053.00,1064.00,69.00,15.00,1.00,-1,-1,-1
146,1790,713.00,336.00,35.00,18.00,1.00,-1,-1,-1
146,1798,429.00,357.00,29.00,41.00,1.00,-1,-1,-1
146,1802,1387.00,52.00,30.00,7.00,1.00,-1,-1,-1
146,1820,1488.00,0.00,52.00,17.00,1.00,-1,-1,-1
146,1829,322.00,385.00,46.00,31.00,1.00,-1,-1,-1
146,1908,1327.00,0.00,35.00,15.00,1.00,-1,-1,-1
146,1936,265.00,0.00,55.00,7.00,1.00,-1,-1,-1
146,1949,1487.00,1074.00,29.00,5.00,1.00,-1,-1,-1
146,1968,0.00,0.00,46.00,14.00,1.00,-1,-1,-1
147,463,1577.00,1065.00,18.00,11.00,1.00,-1,-1,-1
147,543,1295.00,500.00,727.00,374.00,1.00,-1,-1,-1
147,577,388.00,413.00,21.00,17.00,1.00,-1,-1,-1
147,594,699.00,814.00,28.00,17.00,1.00,-1,-1,-1
147,596,833.00,955.00,50.00,7.00,1.00,-1,-1,-1
147,650,720.00,956.00,17.00,30.00,1.00,-1,-1,-1
147,687,723.00,977.00,12.00,14.00,1.00,-1,-1,-1
147,720,1161.00,955.00,79.00,14.00,1.00,-1,-1,-1
147,768,1113.00,972.00,31.00,25.00,1.00,-1,-1,-1
147,771,45.00,308.00,12.00,16.00,1.00,-1,-1,-1
147,778,841.00,966.00,33.00,30.00,1.00,-1,-1,-1
147,785,285.00,863.00,27.00,10.00,1.00,-1,-1,-1
147,805,1109.00,1033.00,53.00,14.00,1.00,-1,-1,-1
147,810,454.00,915.00,53.00,29.00,1.00,-1,-1,-1
147,818,837.00,758.00,33.00,17.00,1.00,-1,-1,-1
147,874,1217.00,1059.00,8.00,18.00,1.00,-1,-1,-1
147,906,1858.00,1007.00,70.00,9.00,1.00,-1,-1,-1
147,919,1172.00,560.00,30.00,24.00,1.00,-1,-1,-1
147,951,866.00,778.00,13.00,15.00,1.00,-1,-1,-1
147,982,1432.00,559.00,13.00,12.00,1.00,-1,-1,-1
147,1007,740.00,1040.00,15.00,18.00,1.00,-1,-1,-1
147,1008,684.00,971.00,14.00,16.00,1.00,-1,-1,-1
147,1012,711.00,770.00,13.00,25.00,1.00,-1,-1,-1
147,1042,103.00,437.00,10.00,16.00,1.00,-1,-1,-1
147,1059,551.00,197.00,55.00,8.00,1.00,-1,-1,-1
147,1155,1120.00,714.00,15.00,16.00,1.00,-1,-1,-1
147,1160,727.00,969.00,15.00,16.00,1.00,-1,-1,-1
147,1175,260.00,869.00,13.00,43.00,1.00,-1,-1,-1
147,1208,1096.00,813.00,9.00,19.00,1.00,-1,-1,-1
147,1226,856.00,748.00,15.00,25.00,1.00,-1,-1,-1
147,1227,595.00,939.00,68.00,22.00,1.00,-1,-1,-1
147,1228,724.00,983.00,17.00,8.00,1.00,-1,-1,-1
147,1236,1208.00,563.00,9.00,19.00,1.00,-1,-1,-1
147,1266,448.00,870.00,83.00,24.00,1.00,-1,-1,-1
147,1270,553.00,161.00,14.00,22.00,1.00,-1,-1,-1
147,1271,345.00,784.00,29.00,20.00,1.00,-1,-1,-1
147,1277,1346.00,1057.00,15.00,26.00,1.00,-1,-1,-1
147,1291,1718.00,154.00,48.00,7.00,1.00,-1,-1,-1
147,1307,1867.00,1057.00,26.00,8.00,1.00,-1,-1,-1
147,1315,312.00,655.00,12.00,17.00,1.00,-1,-1,-1
147,1323,814.00,984.00,22.00,7.00,1.00,-1,-1,-1
147,1350,673.00,432.00,11.00,27.00,1.00,-1,-1,-1
147,1375,469.00,952.00,19.00,38.00,1.00,-1,-1,-1
147,1389,1041.00,924.00,34.00,6.00,1.00,-1,-1,-1
147,1390,560.00,147.00,54.00,14.00,1.00,-1,-1,-1
147,1416,1169.00,1062.00,23.00,8.00,1.00,-1,-1,-1
147,1496,748.00,792.00,7.00,23.00,1.00,-1,-1,-1
147,1541,883.00,510.00,40.00,28.00,1.00,-1,-1,-1
147,1544,497.00,77.00,15.00,18.00,1.00,-1,-1,-1
147,1566,517.00,446.00,29.00,20.00,1.00,-1,-1,-1
147,1576,1043.00,998.00,49.00,8.00,1.00,-1,-1,-1
147,1581,191.00,280.00,25.00,7.00,1.00,-1,-1,-1
147,1588,552.00,224.00,25.00,22.00,1.00,-1,-1,-1
147,1599,43.00,13.00,27.00,11.00,1.00,-1,-1,-1
147,1605,193.00,1057.00,40.00,5.00,1.00,-1,-1,-1
147,1606,981.00,1012.00,24.00,6.00,1.00,-1,-1,-1
147,1627,242.00,1023.00,12.00,19.00,1.00,-1,-1,-1
147,1635,910.00,931.00,37.00,8.00,1.00,-1,-1,-1
147,1639,1569.00,1037.00,30.00,6.00,1.00,-1,-1,-1
147,1661,448.00,564.00,33.00,26.00,1.00,-1,-1,-1
147,1675,267.00,900.00,36.00,7.00,1.00,-1,-1,-1
147,1678,1895.00,44.00,30.00,10.00,1.00,-1,-1,-1
147,1683,1474.00,1044.00,25.00,7.00,1.00,-1,-1,-1
147,1705,307.00,5.00,25.00,19.00,1.00,-1,-1,-1
147,1709,557.00,95.00,48.00,24.00,1.00,-1,-1,-1
147,1710,295.00,363.00,16.00,20.00,1.00,-1,-1,-1
147,1734,1244.00,1044.00,58.00,8.00,1.00,-1,-1,-1
147,1767,1659.00,962.00,24.00,8.00,1.00,-1,-1,-1
147,1769,1056.00,1030.00,69.00,15.00,1.00,-1,-1,-1
147,1790,730.00,305.00,35.00,18.00,1.00,-1,-1,-1
147,1798,429.00,357.00,29.00,41.00,1.00,-1,-1,-1
147,1802,1387.00,52.00,30.00,7.00,1.00,-1,-1,-1
147,1820,1513.00,0.00,52.00,17.00,1.00,-1,-1,-1
147,1829,300.00,434.00,46.00,31.00,1.00,-1,-1,-1
147,1897,205.00,496.00,32.00,22.00,1.00,-1,-1,-1
147,1908,1319.00,10.00,35.00,15.00,1.00,-1,-1,-1
147,1936,24.00,35.00,55.00,7.00,1.00,-1,-1,-1
147,1949,1485.00,1051.00,29.00,5.00,1.00,-1,-1,-1
147,1968,47.00,0.00,46.00,14.00,1.00,-1,-1,-1
147,1973,422.00,0.00,58.00,26.00,1.00,-1,-1,-1
147,1996,1243.00,0.00,43.00,29.00,1.00,-1,-1,-1
148,463,1539.00,963.00,18.00,11.00,1.00,-1,-1,-1
148,543,1294.00,551.00,727.00,374.00,1.00,-1,-1,-1
148,577,387.00,455.00,21.00,17.00,1.00,-1,-1,-1
148,594,686.00,807.00,28.00,17.00,1.00,-1,-1,-1
148,596,833.00,956.00,50.00,7.00,1.00,-1,-1,-1
148,650,720.00,955.00,17.00,30.00,1.00,-1,-1,-1
148,687,723.00,977.00,12.00,14.00,1.00,-1,-1,-1
148,720,1161.00,955.00,79.00,14.00,1.00,-1,-1,-1
148,768,1098.00,992.00,31.00,25.00,1.00,-1,-1,-1
148,771,26.00,319.00,12.00,16.00,1.00,-1,-1,-1
148,778,841.00,966.00,33.00,30.00,1.00,-1,-1,-1
148,785,233.00,815.00,27.00,10.00,1.00,-1,-1,-1
148,805,1109.00,1033.00,53.00,14.00,1.00,-1,-1,-1
148,810,429.00,957.00,53.00,29.00,1.00,-1,-1,-1
148,818,883.00,758.00,33.00,17.00,1.00,-1,-1,-1
148,874,1320.00,986.00,8.00,18.00,1.00,-1,-1,-1
148,906,1820.00,1010.00,70.00,9.00,1.00,-1,-1,-1
148,919,1172.00,560.00,30.00,24.00,1.00,-1,-1,-1
148,951,813.00,789.00,13.00,15.00,1.00,-1,-1,-1
148,982,1525.00,577.00,13.00,12.00,1.00,-1,-1,-1
148,1007,740.00,1040.00,15.00,18.00,1.00,-1,-1,-1
148,1008,684.00,971.00,14.00,16.00,1.00,-1,-1,-1
148,1012,730.00,753.00,13.00,25.00,1.00,-1,-1,-1
148,1042,128.00,442.00,10.00,16.00,1.00,-1,-1,-1
148,1059,456.00,198.00,55.00,8.00,1.00,-1,-1,-1
148,1155,1158.00,757.00,15.00,16.00,1.00,-1,-1,-1
148,1160,727.00,969.00,15.00,16.00,1.00,-1,-1,-1
148,1175,218.00,882.00,13.00,43.00,1.00,-1,-1,-1
148,1208,1091.00,866.00,9.00,19.00,1.00,-1,-1,-1
148,1226,856.00,748.00,15.00,25.00,1.00,-1,-1,-1
148,1227,585.00,953.00,68.00,22.00,1.00,-1,-1,-1
148,1228,724.00,983.00,17.00,8.00,1.00,-1,-1,-1
148,1236,1208.00,563.00,9.00,19.00,1.00,-1,-1,-1
148,1266,461.00,919.00,83.00,24.00,1.00,-1,-1,-1
148,1270,531.00,161.00,14.00,22.00,1.00,-1,-1,-1
148,1271,333.00,829.00,29.00,20.00,1.00,-1,-1,-1
148,1277,1346.00,1057.00,15.00,26.00,1.00,-1,-1,-1
148,1291,1663.00,203.00,48.00,7.00,1.00,-1,-1,-1
148,1307,1816.00,1056.00,26.00,8.00,1.00,-1,-1,-1
148,1315,287.00,686.00,12.00,17.00,1.00,-1,-1,-1
148,1323,814.00,984.00,22.00,7.00,1.00,-1,-1,-1
148,1350,636.00,482.00,11.00,27.00,1.00,-1,-1,-1
148,1375,462.00,990.00,19.00,38.00,1.00,-1,-1,-1
148,1389,1070.00,868.00,34.00,6.00,1.00,-1,-1,-1
148,1416,1169.00,1062.00,23.00,8.00,1.00,-1,-1,-1
148,1496,764.00,754.00,7.00,23.00,1.00,-1,-1,-1
148,1541,878.00,573.00,40.00,28.00,1.00,-1,-1,-1
148,1544,468.00,98.00,15.00,18.00,1.00,-1,-1,-1
148,1566,525.00,486.00,29.00,20.00,1.00,-1,-1,-1
148,1576,1043.00,998.00,49.00,8.00,1.00,-1,-1,-1
148,1581,176.00,329.00,25.00,7.00,1.00,-1,-1,-1
148,1588,529.00,288.00,25.00,22.00,1.00,-1,-1,-1
148,1599,43.00,13.00,27.00,11.00,1.00,-1,-1,-1
148,1605,208.00,1045.00,40.00,5.00,1.00,-1,-1,-1
148,1606,981.00,1012.00,24.00,6.00,1.00,-1,-1,-1
148,1627,268.00,1053.00,12.00,19.00,1.00,-1,-1,-1
148,1639,1569.00,1037.00,30.00,6.00,1.00,-1,-1,-1
148,1661,448.00,564.00,33.00,26.00,1.00,-1,-1,-1
148,1675,267.00,900.00,36.00,7.00,1.00,-1,-1,-1
148,1678,1895.00,44.00,30.00,10.00,1.00,-1,-1,-1
148,1683,1460.00,1066.00,25.00,7.00,1.00,-1,-1,-1
148,1705,302.00,31.00,25.00,19.00,1.00,-1,-1,-1
148,1709,507.00,130.00,48.00,24.00,1.00,-1,-1,-1
148,1710,282.00,409.00,16.00,20.00,1.00,-1,-1,-1
148,1734,1253.00,1064.00,58.00,8.00,1.00,-1,-1,-1
148,1767,1659.00,962.00,24.00,8.00,1.00,-1,-1,-1
148,1769,1057.00,1013.00,69.00,15.00,1.00,-1,-1,-1
148,1790,747.00,300.00,35.00,18.00,1.00,-1,-1,-1
148,1798,429.00,357.00,29.00,41.00,1.00,-1,-1,-1
148,1802,1387.00,52.00,30.00,7.00,1.00,-1,-1,-1
148,1820,1513.00,0.00,52.00,17.00,1.00,-1,-1,-1
148,1828,906.00,719.00,12.00,30.00,1.00,-1,-1,-1
148,1829,300.00,434.00,46.00,31.00,1.00,-1,-1,-1
148,1897,148.00,453.00,32.00,22.00,1.00,-1,-1,-1
148,1908,1323.00,12.00,35.00,15.00,1.00,-1,-1,-1
148,1936,24.00,35.00,55.00,7.00,1.00,-1,-1,-1
148,1949,1494.00,937.00,29.00,5.00,1.00,-1,-1,-1
148,1968,48.00,0.00,55.00,16.00,1.00,-1,-1,-1
148,1973,416.00,44.00,58.00,26.00,1.00,-1,-1,-1
148,1996,1249.00,0.00,45.00,30.00,1.00,-1,-1,-1
148,1999,1175.00,1074.00,26.00,6.00,1.00,-1,-1,-1
148,2008,83.00,1073.00,49.00,7.00,1.00,-1,-1,-1
148,2012,1152.00,0.00,49.00,14.00,1.00,-1,-1,-1
149,463,1483.00,859.00,18.00,11.00,1.00,-1,-1,-1
149,543,1255.00,598.00,727.00,374.00,1.00,-1,-1,-1
149,577,397.00,493.00,21.00,17.00,1.00,-1,-1,-1
149,594,636.00,830.00,28.00,17.00,1.00,-1,-1,-1
149,596,833.00,955.00,50.00,7.00,1.00,-1,-1,-1
149,650,721.00,956.00,17.00,30.00,1.00,-1,-1,-1
149,687,723.00,977.00,12.00,14.00,1.00,-1,-1,-1
149,720,1161.00,955.00,79.00,14.00,1.00,-1,-1,-1
149,768,1097.00,992.00,31.00,25.00,1.00,-1,-1,-1
149,771,34.00,368.00,12.00,16.00,1.00,-1,-1,-1
149,778,841.00,966.00,33.00,30.00,1.00,-1,-1,-1
149,785,225.00,850.00,27.00,10.00,1.00,-1,-1,-1
149,810,396.00,902.00,53.00,29.00,1.00,-1,-1,-1
149,818,877.00,712.00,33.00,17.00,1.00,-1,-1,-1
149,874,1323.00,1035.00,8.00,18.00,1.00,-1,-1,-1
149,906,1825.00,1058.00,70.00,9.00,1.00,-1,-1,-1
149,919,1172.00,560.00,30.00,24.00,1.00,-1,-1,-1
149,951,830.00,775.00,13.00,15.00,1.00,-1,-1,-1
149,982,1494.00,603.00,13.00,12.00,1.00,-1,-1,-1
149,1007,726.00,987.00,15.00,18.00,1.00,-1,-1,-1
149,1008,684.00,971.00,14.00,16.00,1.00,-1,-1,-1
149,1012,719.00,774.00,13.00,25.00,1.00,-1,-1,-1
149,1042,69.00,435.00,10.00,16.00,1.00,-1,-1,-1
149,1059,453.00,237.00,55.00,8.00,1.00,-1,-1,-1
149,1155,1173.00,749.00,15.00,16.00,1.00,-1,-1,-1
149,1160,727.00,969.00,15.00,16.00,1.00,-1,-1,-1
149,1175,218.00,882.00,13.00,43.00,1.00,-1,-1,-1
149,1208,1086.00,905.00,9.00,19.00,1.00,-1,-1,-1
149,1226,856.00,748.00,15.00,25.00,1.00,-1,-1,-1
149,1227,558.00,902.00,68.00,22.00,1.00,-1,-1,-1
149,1228,724.00,983.00,17.00,8.00,1.00,-1,-1,-1
149,1236,1208.00,563.00,9.00,19.00,1.00,-1,-1,-1
149,1266,481.00,983.00,83.00,24.00,1.00,-1,-1,-1
149,1267,539.00,717.00,17.00,23.00,1.00,-1,-1,-1
149,1269,993.00,777.00,22.00,15.00,1.00,-1,-1,-1
149,1270,507.00,154.00,14.00,22.00,1.00,-1,-1,-1
149,1271,367.00,897.00,29.00,20.00,1.00,-1,-1,-1
149,1277,1351.00,1039.00,15.00,26.00,1.00,-1,-1,-1
149,1291,1655.00,208.00,48.00,7.00,1.00,-1,-1,-1
149,1307,1872.00,1062.00,26.00,8.00,1.00,-1,-1,-1
149,1315,175.00,675.00,12.00,17.00,1.00,-1,-1,-1
149,1323,814.00,984.00,22.00,7.00,1.00,-1,-1,-1
149,1350,642.00,535.00,11.00,27.00,1.00,-1,-1,-1
149,1375,407.00,956.00,19.00,38.00,1.00,-1,-1,-1
149,1389,1069.00,915.00,34.00,6.00,1.00,-1,-1,-1
149,1416,1175.00,1050.00,23.00,8.00,1.00,-1,-1,-1
149,1496,734.00,767.00,7.00,23.00,1.00,-1,-1,-1
149,1541,876.00,619.00,40.00,28.00,1.00,-1,-1,-1
149,1544,460.00,112.00,15.00,18.00,1.00,-1,-1,-1
149,1566,524.00,555.00,29.00,20.00,1.00,-1,-1,-1
149,1576,1043.00,997.00,49.00,8.00,1.00,-1,-1,-1
149,1581,169.00,375.00,25.00,7.00,1.00,-1,-1,-1
149,1588,529.00,325.00,25.00,22.00,1.00,-1,-1,-1
149,1599,43.00,13.00,27.00,11.00,1.00,-1,-1,-1
149,1605,177.00,1032.00,40.00,5.00,1.00,-1,-1,-1
149,1606,981.00,1012.00,24.00,6.00,1.00,-1,-1,-1
149,1627,268.00,1053.00,12.00,19.00,1.00,-1,-1,-1
149,1639,1569.00,1037.00,30.00,6.00,1.00,-1,-1,-1
149,1661,448.00,564.00,33.00,26.00,1.00,-1,-1,-1
149,1675,267.00,900.00,36.00,7.00,1.00,-1,-1,-1
149,1683,1580.00,1043.00,25.00,7.00,1.00,-1,-1,-1
149,1705,357.00,73.00,25.00,19.00,1.00,-1,-1,-1
149,1709,460.00,129.00,48.00,24.00,1.00,-1,-1,-1
149,1710,280.00,456.00,16.00,20.00,1.00,-1,-1,-1
149,1734,1253.00,1064.00,58.00,8.00,1.00,-1,-1,-1
149,1767,1659.00,962.00,24.00,8.00,1.00,-1,-1,-1
149,1769,1058.00,1014.00,69.00,15.00,1.00,-1,-1,-1
149,1790,754.00,282.00,35.00,18.00,1.00,-1,-1,-1
149,1802,1387.00,52.00,30.00,7.00,1.00,-1,-1,-1
149,1820,1513.00,0.00,52.00,17.00,1.00,-1,-1,-1
149,1828,903.00,760.00,12.00,30.00,1.00,-1,-1,-1
149,1829,300.00,434.00,46.00,31.00,1.00,-1,-1,-1
149,1897,132.00,441.00,32.00,22.00,1.00,-1,-1,-1
149,1908,1318.00,68.00,35.00,15.00,1.00,-1,-1,-1
149,1936,24.00,35.00,55.00,7.00,1.00,-1,-1,-1
149,1949,1493.00,985.00,29.00,5.00,1.00,-1,-1,-1
149,1968,221.00,24.00,55.00,16.00,1.00,-1,-1,-1
149,1970,1467.00,0.00,26.00,6.00,1.00,-1,-1,-1
149,1973,424.00,43.00,58.00,26.00,1.00,-1,-1,-1
149,1996,1261.00,-16.00,45.00,30.00,1.00,-1,-1,-1
149,1999,1175.00,1074.00,26.00,6.00,1.00,-1,-1,-1
149,2008,83.00,1073.00,49.00,7.00,1.00,-1,-1,-1
149,2012,1179.00,23.00,49.00,14.00,1.00,-1,-1,-1
149,2028,863.00,1074.00,35.00,6.00,1.00,-1,-1,-1
149,2055,847.00,62.00,10.00,17.00,1.00,-1,-1,-1
150,463,1440.00,860.00,18.00,11.00,1.00,-1,-1,-1
150,543,1196.00,620.00,727.00,374.00,1.00,-1,-1,-1
150,577,405.00,538.00,21.00,17.00,1.00,-1,-1,-1
150,594,621.00,847.00,28.00,17.00,1.00,-1,-1,-1
150,596,821.00,956.00,50.00,7.00,1.00,-1,-1,-1
150,650,721.00,956.00,17.00,30.00,1.00,-1,-1,-1
150,687,723.00,977.00,12.00,14.00,1.00,-1,-1,-1
150,720,1161.00,955.00,79.00,14.00,1.00,-1,-1,-1
150,768,1095.00,1013.00,31.00,25.00,1.00,-1,-1,-1
150,771,43.00,415.00,12.00,16.00,1.00,-1,-1,-1
150,778,841.00,966.00,33.00,30.00,1.00,-1,-1,-1
150,785,179.00,878.00,27.00,10.00,1.00,-1,-1,-1
150,810,416.00,910.00,53.00,29.00,1.00,-1,-1,-1
150,818,908.00,722.00,33.00,17.00,1.00,-1,-1,-1
150,874,1330.00,990.00,8.00,18.00,1.00,-1,-1,-1
150,906,1764.00,931.00,70.00,9.00,1.00,-1,-1,-1
150,919,1172.00,560.00,30.00,24.00,1.00,-1,-1,-1
150,951,809.00,760.00,13.00,15.00,1.00,-1,-1,-1
150,982,1503.00,607.00,13.00,12.00,1.00,-1,-1,-1
150,1007,725.00,1012.00,15.00,18.00,1.00,-1,-1,-1
150,1008,684.00,971.00,14.00,16.00,1.00,-1,-1,-1
150,1012,701.00,806.00,13.00,25.00,1.00,-1,-1,-1
150,1042,66.00,484.00,10.00,16.00,1.00,-1,-1,-1
150,1059,454.00,282.00,55.00,8.00,1.00,-1,-1,-1
150,1155,1174.00,650.00,15.00,16.00,1.00,-1,-1,-1
150,1160,727.00,968.00,15.00,16.00,1.00,-1,-1,-1
150,1175,218.00,882.00,13.00,43.00,1.00,-1,-1,-1
150,1208,1105.00,958.00,9.00,19.00,1.00,-1,-1,-1
150,1226,856.00,748.00,15.00,25.00,1.00,-1,-1,-1
150,1227,553.00,839.00,68.00,22.00,1.00,-1,-1,-1
150,1228,725.00,983.00,17.00,8.00,1.00,-1,-1,-1
150,1236,1208.00,563.00,9.00,19.00,1.00,-1,-1,-1
150,1266,460.00,1001.00,83.00,24.00,1.00,-1,-1,-1
150,1267,494.00,685.00,17.00,23.00,1.00,-1,-1,-1
150,1269,998.00,828.00,22.00,15.00,1.00,-1,-1,-1
150,1270,511.00,142.00,14.00,22.00,1.00,-1,-1,-1
150,1271,391.00,883.00,29.00,20.00,1.00,-1,-1,-1
150,1277,1356.00,875.00,15.00,26.00,1.00,-1,-1,-1
150,1291,1650.00,213.00,48.00,7.00,1.00,-1,-1,-1
150,1307,1860.00,983.00,26.00,8.00,1.00,-1,-1,-1
150,1315,175.00,675.00,12.00,17.00,1.00,-1,-1,-1
150,1323,814.00,984.00,22.00,7.00,1.00,-1,-1,-1
150,1350,651.00,405.00,11.00,27.00,1.00,-1,-1,-1
150,1375,400.00,1003.00,19.00,38.00,1.00,-1,-1,-1
150,1389,1076.00,928.00,34.00,6.00,1.00,-1,-1,-1
150,1416,1146.00,1056.00,23.00,8.00,1.00,-1,-1,-1
150,1496,723.00,812.00,7.00,23.00,1.00,-1,-1,-1
150,1541,887.00,683.00,40.00,28.00,1.00,-1,-1,-1
150,1544,452.00,107.00,15.00,18.00,1.00,-1,-1,-1
150,1566,513.00,603.00,29.00,20.00,1.00,-1,-1,-1
150,1576,1043.00,997.00,49.00,8.00,1.00,-1,-1,-1
150,1581,173.00,423.00,25.00,7.00,1.00,-1,-1,-1
150,1588,550.00,381.00,25.00,22.00,1.00,-1,-1,-1
150,1599,43.00,13.00,27.00,11.00,1.00,-1,-1,-1
150,1605,121.00,973.00,40.00,5.00,1.00,-1,-1,-1
150,1606,980.00,1013.00,24.00,6.00,1.00,-1,-1,-1
150,1627,268.00,1053.00,12.00,19.00,1.00,-1,-1,-1
150,1637,40.00,0.00,22.00,6.00,1.00,-1,-1,-1
150,1639,1569.00,1037.00,30.00,6.00,1.00,-1,-1,-1
150,1675,267.00,900.00,36.00,7.00,1.00,-1,-1,-1
150,1683,1574.00,985.00,25.00,7.00,1.00,-1,-1,-1
150,1705,358.00,13.00,25.00,19.00,1.00,-1,-1,-1
150,1709,458.00,125.00,48.00,24.00,1.00,-1,-1,-1
150,1710,279.00,502.00,16.00,20.00,1.00,-1,-1,-1
150,1734,1253.00,1064.00,58.00,8.00,1.00,-1,-1,-1
150,1767,1659.00,962.00,24.00,8.00,1.00,-1,-1,-1
150,1769,1078.00,1024.00,69.00,15.00,1.00,-1,-1,-1
150,1790,717.00,271.00,35.00,18.00,1.00,-1,-1,-1
150,1820,1513.00,0.00,52.00,17.00,1.00,-1,-1,-1
150,1828,921.00,773.00,12.00,30.00,1.00,-1,-1,-1
150,1829,300.00,434.00,46.00,31.00,1.00,-1,-1,-1
150,1897,137.00,492.00,32.00,22.00,1.00,-1,-1,-1
150,1908,1318.00,68.00,35.00,15.00,1.00,-1,-1,-1
150,1936,24.00,35.00,55.00,7.00,1.00,-1,-1,-1
150,1949,1559.00,956.00,29.00,5.00,1.00,-1,-1,-1
150,1968,221.00,31.00,55.00,16.00,1.00,-1,-1,-1
150,1970,1459.00,39.00,26.00,6.00,1.00,-1,-1,-1
150,1973,559.00,76.00,58.00,26.00,1.00,-1,-1,-1
150,1996,1309.00,19.00,45.00,30.00,1.00,-1,-1,-1
150,1999,1175.00,1074.00,26.00,6.00,1.00,-1,-1,-1
150,2008,83.00,1073.00,49.00,7.00,1.00,-1,-1,-1
150,2012,1150.00,35.00,49.00,14.00,1.00,-1,-1,-1
150,2016,1103.00,582.00,36.00,52.00,1.00,-1,-1,-1
150,2028,863.00,1074.00,35.00,6.00,1.00,-1,-1,-1
150,2055,843.00,104.00,10.00,17.00,1.00,-1,-1,-1
150,2083,863.00,519.00,21.00,31.00,1.00,-1,-1,-1
151,463,1396.00,786.00,18.00,11.00,1.00,-1,-1,-1
151,543,1234.00,580.00,727.00,374.00,1.00,-1,-1,-1
151,577,409.00,588.00,21.00,17.00,1.00,-1,-1,-1
151,594,715.00,679.00,28.00,17.00,1.00,-1,-1,-1
151,596,791.00,955.00,50.00,7.00,1.00,-1,-1,-1
151,650,715.00,972.00,17.00,30.00,1.00,-1,-1,-1
151,687,723.00,977.00,12.00,14.00,1.00,-1,-1,-1
151,720,1161.00,955.00,79.00,14.00,1.00,-1,-1,-1
151,768,1093.00,1013.00,31.00,25.00,1.00,-1,-1,-1
151,771,15.00,534.00,12.00,16.00,1.00,-1,-1,-1
151,778,841.00,966.00,33.00,30.00,1.00,-1,-1,-1
151,785,150.00,875.00,27.00,10.00,1.00,-1,-1,-1
151,810,327.00,937.00,53.00,29.00,1.00,-1,-1,-1
151,818,923.00,803.00,33.00,17.00,1.00,-1,-1,-1
151,874,1380.00,954.00,8.00,18.00,1.00,-1,-1,-1
151,884,868.00,1031.00,16.00,20.00,1.00,-1,-1,-1
151,906,1772.00,977.00,70.00,9.00,1.00,-1,-1,-1
151,951,855.00,736.00,13.00,15.00,1.00,-1,-1,-1
151,982,1576.00,533.00,13.00,12.00,1.00,-1,-1,-1
151,1007,721.00,1033.00,15.00,18.00,1.00,-1,-1,-1
151,1008,684.00,971.00,14.00,16.00,1.00,-1,-1,-1
151,1012,722.00,907.00,13.00,25.00,1.00,-1,-1,-1
151,1042,87.00,550.00,10.00,16.00,1.00,-1,-1,-1
151,1059,455.00,332.00,55.00,8.00,1.00,-1,-1,-1
151,1155,1174.00,650.00,15.00,16.00,1.00,-1,-1,-1
151,1160,727.00,968.00,15.00,16.00,1.00,-1,-1,-1
151,1175,218.00,882.00,13.00,43.00,1.00,-1,-1,-1
151,1208,1107.00,966.00,9.00,19.00,1.00,-1,-1,-1
151,1226,856.00,748.00,15.00,25.00,1.00,-1,-1,-1
151,1227,591.00,740.00,68.00,22.00,1.00,-1,-1,-1
151,1228,729.00,1011.00,17.00,8.00,1.00,-1,-1,-1
151,1266,468.00,894.00,83.00,24.00,1.00,-1,-1,-1
151,1267,494.00,685.00,17.00,23.00,1.00,-1,-1,-1
151,1269,1017.00,883.00,22.00,15.00,1.00,-1,-1,-1
151,1270,497.00,139.00,14.00,22.00,1.00,-1,-1,-1
151,1271,384.00,948.00,29.00,20.00,1.00,-1,-1,-1
151,1277,1305.00,857.00,15.00,26.00,1.00,-1,-1,-1
151,1291,1657.00,213.00,48.00,7.00,1.00,-1,-1,-1
151,1307,1811.00,980.00,26.00,8.00,1.00,-1,-1,-1
151,1315,175.00,675.00,12.00,17.00,1.00,-1,-1,-1
151,1323,814.00,984.00,22.00,7.00,1.00,-1,-1,-1
151,1350,659.00,373.00,11.00,27.00,1.00,-1,-1,-1
151,1375,400.00,1003.00,19.00,38.00,1.00,-1,-1,-1
151,1389,1085.00,964.00,34.00,6.00,1.00,-1,-1,-1
151,1416,1146.00,1056.00,23.00,8.00,1.00,-1,-1,-1
151,1496,720.00,882.00,7.00,23.00,1.00,-1,-1,-1
151,1541,892.00,751.00,40.00,28.00,1.00,-1,-1,-1
151,1544,427.00,98.00,15.00,18.00,1.00,-1,-1,-1
151,1566,507.00,657.00,29.00,20.00,1.00,-1,-1,-1
151,1576,1043.00,997.00,49.00,8.00,1.00,-1,-1,-1
151,1581,182.00,484.00,25.00,7.00,1.00,-1,-1,-1
151,1588,557.00,402.00,25.00,22.00,1.00,-1,-1,-1
151,1605,106.00,922.00,40.00,5.00,1.00,-1,-1,-1
151,1606,980.00,1013.00,24.00,6.00,1.00,-1,-1,-1
151,1627,268.00,1053.00,12.00,19.00,1.00,-1,-1,-1
151,1637,40.00,0.00,22.00,6.00,1.00,-1,-1,-1
151,1639,1569.00,1037.00,30.00,6.00,1.00,-1,-1,-1
151,1675,267.00,900.00,36.00,7.00,1.00,-1,-1,-1
151,1683,1571.00,976.00,25.00,7.00,1.00,-1,-1,-1
151,1705,375.00,62.00,25.00,19.00,1.00,-1,-1,-1
151,1709,479.00,117.00,48.00,24.00,1.00,-1,-1,-1
151,1710,285.00,548.00,16.00,20.00,1.00,-1,-1,-1
151,1734,1239.00,1047.00,58.00,8.00,1.00,-1,-1,-1
151,1767,1659.00,962.00,24.00,8.00,1.00,-1,-1,-1
151,1769,1131.00,1059.00,69.00,15.00,1.00,-1,-1,-1
151,1790,696.00,314.00,35.00,18.00,1.00,-1,-1,-1
151,1820,1513.00,0.00,52.00,17.00,1.00,-1,-1,-1
151,1828,835.00,638.00,12.00,30.00,1.00,-1,-1,-1
151,1829,300.00,434.00,46.00,31.00,1.00,-1,-1,-1
151,1897,67.00,494.00,32.00,22.00,1.00,-1,-1,-1
151,1908,1318.00,68.00,35.00,15.00,1.00,-1,-1,-1
151,1936,24.00,35.00,55.00,7.00,1.00,-1,-1,-1
151,1949,1546.00,957.00,29.00,5.00,1.00,-1,-1,-1
151,1968,227.00,59.00,55.00,16.00,1.00,-1,-1,-1
151,1970,1492.00,87.00,26.00,6.00,1.00,-1,-1,-1
151,1973,622.00,158.00,58.00,26.00,1.00,-1,-1,-1
151,1996,1334.00,-1.00,45.00,30.00,1.00,-1,-1,-1
151,1999,1142.00,1066.00,26.00,6.00,1.00,-1,-1,-1
151,2008,83.00,1073.00,49.00,7.00,1.00,-1,-1,-1
151,2012,1106.00,35.00,49.00,14.00,1.00,-1,-1,-1
151,2016,1092.00,641.00,36.00,52.00,1.00,-1,-1,-1
151,2028,881.00,1068.00,38.00,12.00,1.00,-1,-1,-1
151,2055,831.00,151.00,10.00,17.00,1.00,-1,-1,-1
151,2083,871.00,543.00,21.00,31.00,1.00,-1,-1,-1
151,2090,1448.00,1074.00,40.00,6.00,1.00,-1,-1,-1
151,2096,945.00,1058.00,54.00,22.00,1.00,-1,-1,-1
151,2100,1848.00,1073.00,54.00,7.00,1.00,-1,-1,-1
152,463,1396.00,786.00,18.00,11.00,1.00,-1,-1,-1
152,543,1234.00,580.00,727.00,374.00,1.00,-1,-1,-1
152,577,409.00,588.00,21.00,17.00,1.00,-1,-1,-1
152,594,715.00,679.00,28.00,17.00,1.00,-1,-1,-1
152,596,791.00,955.00,50.00,7.00,1.00,-1,-1,-1
152,650,715.00,972.00,17.00,30.00,1.00,-1,-1,-1
152,687,723.00,977.00,12.00,14.00,1.00,-1,-1,-1
152,720,1161.00,955.00,79.00,14.00,1.00,-1,-1,-1
152,768,1093.00,1013.00,31.00,25.00,1.00,-1,-1,-1
152,771,15.00,534.00,12.00,16.00,1.00,-1,-1,-1
152,778,841.00,966.00,33.00,30.00,1.00,-1,-1,-1
152,785,150.00,875.00,27.00,10.00,1.00,-1,-1,-1
152,810,327.00,937.00,53.00,29.00,1.00,-1,-1,-1
152,818,923.00,803.00,33.00,17.00,1.00,-1,-1,-1
152,874,1380.00,954.00,8.00,18.00,1.00,-1,-1,-1
152,884,867.00,1030.00,16.00,20.00,1.00,-1,-1,-1
152,906,1772.00,977.00,70.00,9.00,1.00,-1,-1,-1
152,951,855.00,736.00,13.00,15.00,1.00,-1,-1,-1
152,982,1576.00,533.00,13.00,12.00,1.00,-1,-1,-1
152,1007,721.00,1033.00,15.00,18.00,1.00,-1,-1,-1
152,1008,684.00,971.00,14.00,16.00,1.00,-1,-1,-1
152,1012,722.00,907.00,13.00,25.00,1.00,-1,-1,-1
152,1042,87.00,550.00,10.00,16.00,1.00,-1,-1,-1
152,1059,455.00,332.00,55.00,8.00,1.00,-1,-1,-1
152,1155,1174.00,650.00,15.00,16.00,1.00,-1,-1,-1
152,1160,727.00,968.00,15.00,16.00,1.00,-1,-1,-1
152,1175,218.00,882.00,13.00,43.00,1.00,-1,-1,-1
152,1208,1107.00,966.00,9.00,19.00,1.00,-1,-1,-1
152,1226,856.00,748.00,15.00,25.00,1.00,-1,-1,-1
152,1227,591.00,740.00,68.00,22.00,1.00,-1,-1,-1
152,1228,729.00,1011.00,17.00,8.00,1.00,-1,-1,-1
152,1266,468.00,894.00,83.00,24.00,1.00,-1,-1,-1
152,1267,494.00,685.00,17.00,23.00,1.00,-1,-1,-1
152,1269,1017.00,883.00,22.00,15.00,1.00,-1,-1,-1
152,1270,497.00,139.00,14.00,22.00,1.00,-1,-1,-1
152,1271,384.00,948.00,29.00,20.00,1.00,-1,-1,-1
152,1277,1305.00,857.00,15.00,26.00,1.00,-1,-1,-1
152,1291,1657.00,213.00,48.00,7.00,1.00,-1,-1,-1
152,1307,1811.00,980.00,26.00,8.00,1.00,-1,-1,-1
152,1315,175.00,675.00,12.00,17.00,1.00,-1,-1,-1
152,1323,814.00,984.00,22.00,7.00,1.00,-1,-1,-1
152,1350,659.00,373.00,11.00,27.00,1.00,-1,-1,-1
152,1375,400.00,1003.00,19.00,38.00,1.00,-1,-1,-1
152,1389,1085.00,964.00,34.00,6.00,1.00,-1,-1,-1
152,1416,1146.00,1056.00,23.00,8.00,1.00,-1,-1,-1
152,1496,720.00,882.00,7.00,23.00,1.00,-1,-1,-1
152,1541,892.00,751.00,40.00,28.00,1.00,-1,-1,-1
152,1544,427.00,98.00,15.00,18.00,1.00,-1,-1,-1
152,1566,507.00,657.00,29.00,20.00,1.00,-1,-1,-1
152,1576,1043.00,997.00,49.00,8.00,1.00,-1,-1,-1
152,1581,182.00,484.00,25.00,7.00,1.00,-1,-1,-1
152,1588,557.00,402.00,25.00,22.00,1.00,-1,-1,-1
152,1605,106.00,922.00,40.00,5.00,1.00,-1,-1,-1
152,1606,980.00,1013.00,24.00,6.00,1.00,-1,-1,-1
152,1627,268.00,1053.00,12.00,19.00,1.00,-1,-1,-1
152,1637,40.00,0.00,22.00,6.00,1.00,-1,-1,-1
152,1639,1569.00,1037.00,30.00,6.00,1.00,-1,-1,-1
152,1675,267.00,900.00,36.00,7.00,1.00,-1,-1,-1
152,1683,1571.00,976.00,25.00,7.00,1.00,-1,-1,-1
152,1705,375.00,62.00,25.00,19.00,1.00,-1,-1,-1
152,1709,479.00,117.00,48.00,24.00,1.00,-1,-1,-1
152,1710,285.00,548.00,16.00,20.00,1.00,-1,-1,-1
152,1734,1239.00,1047.00,58.00,8.00,1.00,-1,-1,-1
152,1767,1659.00,962.00,24.00,8.00,1.00,-1,-1,-1
152,1769,1131.00,1059.00,69.00,15.00,1.00,-1,-1,-1
152,1790,696.00,314.00,35.00,18.00,1.00,-1,-1,-1
152,1820,1513.00,0.00,52.00,17.00,1.00,-1,-1,-1
152,1828,835.00,638.00,12.00,30.00,1.00,-1,-1,-1
152,1829,300.00,434.00,46.00,31.00,1.00,-1,-1,-1
152,1897,67.00,494.00,32.00,22.00,1.00,-1,-1,-1
152,1908,1318.00,68.00,35.00,15.00,1.00,-1,-1,-1
152,1936,24.00,35.00,55.00,7.00,1.00,-1,-1,-1
152,1949,1546.00,957.00,29.00,5.00,1.00,-1,-1,-1
152,1968,227.00,59.00,55.00,16.00,1.00,-1,-1,-1
152,1970,1492.00,87.00,26.00,6.00,1.00,-1,-1,-1
152,1973,622.00,158.00,58.00,26.00,1.00,-1,-1,-1
152,1996,1334.00,-1.00,45.00,30.00,1.00,-1,-1,-1
152,1999,1142.00,1066.00,26.00,6.00,1.00,-1,-1,-1
152,2008,83.00,1073.00,49.00,7.00,1.00,-1,-1,-1
152,2012,1106.00,35.00,49.00,14.00,1.00,-1,-1,-1
152,2016,1092.00,641.00,36.00,52.00,1.00,-1,-1,-1
152,2028,881.00,1068.00,38.00,12.00,1.00,-1,-1,-1
152,2055,831.00,151.00,10.00,17.00,1.00,-1,-1,-1
152,2083,871.00,543.00,21.00,31.00,1.00,-1,-1,-1
152,2090,1448.00,1074.00,40.00,6.00,1.00,-1,-1,-1
152,2096,945.00,1058.00,54.00,22.00,1.00,-1,-1,-1
152,2100,1848.00,1073.00,54.00,7.00,1.00,-1,-1,-1
153,463,1520.00,809.00,18.00,11.00,1.00,-1,-1,-1
153,543,1262.00,655.00,727.00,374.00,1.00,-1,-1,-1
153,577,426.00,629.00,21.00,17.00,1.00,-1,-1,-1
153,594,757.00,672.00,28.00,17.00,1.00,-1,-1,-1
153,596,803.00,955.00,50.00,7.00,1.00,-1,-1,-1
153,650,713.00,976.00,17.00,30.00,1.00,-1,-1,-1
153,687,724.00,940.00,12.00,14.00,1.00,-1,-1,-1
153,720,1161.00,955.00,79.00,14.00,1.00,-1,-1,-1
153,768,1118.00,992.00,31.00,25.00,1.00,-1,-1,-1
153,771,150.00,525.00,12.00,16.00,1.00,-1,-1,-1
153,778,841.00,966.00,33.00,30.00,1.00,-1,-1,-1
153,785,166.00,946.00,27.00,10.00,1.00,-1,-1,-1
153,810,359.00,984.00,53.00,29.00,1.00,-1,-1,-1
153,818,1043.00,909.00,33.00,17.00,1.00,-1,-1,-1
153,874,1433.00,802.00,8.00,18.00,1.00,-1,-1,-1
153,884,867.00,1030.00,16.00,20.00,1.00,-1,-1,-1
153,906,1787.00,1024.00,70.00,9.00,1.00,-1,-1,-1
153,951,797.00,752.00,13.00,15.00,1.00,-1,-1,-1
153,982,1593.00,588.00,13.00,12.00,1.00,-1,-1,-1
153,1007,721.00,1033.00,15.00,18.00,1.00,-1,-1,-1
153,1008,673.00,972.00,14.00,16.00,1.00,-1,-1,-1
153,1012,715.00,963.00,13.00,25.00,1.00,-1,-1,-1
153,1042,79.00,554.00,10.00,16.00,1.00,-1,-1,-1
153,1059,473.00,379.00,55.00,8.00,1.00,-1,-1,-1
153,1155,1174.00,650.00,15.00,16.00,1.00,-1,-1,-1
153,1160,722.00,931.00,15.00,16.00,1.00,-1,-1,-1
153,1175,218.00,882.00,13.00,43.00,1.00,-1,-1,-1
153,1208,1107.00,966.00,9.00,19.00,1.00,-1,-1,-1
153,1227,591.00,740.00,68.00,22.00,1.00,-1,-1,-1
153,1228,729.00,1011.00,17.00,8.00,1.00,-1,-1,-1
153,1266,476.00,929.00,83.00,24.00,1.00,-1,-1,-1
153,1267,494.00,685.00,17.00,23.00,1.00,-1,-1,-1
153,1269,1045.00,938.00,22.00,15.00,1.00,-1,-1,-1
153,1270,483.00,134.00,14.00,22.00,1.00,-1,-1,-1
153,1271,394.00,1003.00,29.00,20.00,1.00,-1,-1,-1
153,1277,1303.00,941.00,15.00,26.00,1.00,-1,-1,-1
153,1291,1658.00,206.00,48.00,7.00,1.00,-1,-1,-1
153,1307,1843.00,1035.00,26.00,8.00,1.00,-1,-1,-1
153,1315,175.00,675.00,12.00,17.00,1.00,-1,-1,-1
153,1323,814.00,984.00,22.00,7.00,1.00,-1,-1,-1
153,1350,652.00,402.00,11.00,27.00,1.00,-1,-1,-1
153,1375,433.00,1032.00,19.00,38.00,1.00,-1,-1,-1
153,1389,1085.00,964.00,34.00,6.00,1.00,-1,-1,-1
153,1416,1194.00,1081.00,23.00,8.00,1.00,-1,-1,-1
153,1496,730.00,911.00,7.00,23.00,1.00,-1,-1,-1
153,1541,897.00,757.00,40.00,28.00,1.00,-1,-1,-1
153,1544,333.00,98.00,15.00,18.00,1.00,-1,-1,-1
153,1566,499.00,717.00,29.00,20.00,1.00,-1,-1,-1
153,1576,1043.00,997.00,49.00,8.00,1.00,-1,-1,-1
153,1581,188.00,533.00,25.00,7.00,1.00,-1,-1,-1
153,1588,515.00,71.00,25.00,22.00,1.00,-1,-1,-1
153,1605,115.00,916.00,40.00,5.00,1.00,-1,-1,-1
153,1606,980.00,1013.00,24.00,6.00,1.00,-1,-1,-1
153,1627,233.00,969.00,12.00,19.00,1.00,-1,-1,-1
153,1637,40.00,0.00,22.00,6.00,1.00,-1,-1,-1
153,1683,1540.00,970.00,25.00,7.00,1.00,-1,-1,-1
153,1705,414.00,95.00,25.00,19.00,1.00,-1,-1,-1
153,1709,470.00,96.00,48.00,24.00,1.00,-1,-1,-1
153,1710,289.00,587.00,16.00,20.00,1.00,-1,-1,-1
153,1734,1310.00,1067.00,58.00,8.00,1.00,-1,-1,-1
153,1769,1131.00,1059.00,69.00,15.00,1.00,-1,-1,-1
153,1790,696.00,370.00,35.00,18.00,1.00,-1,-1,-1
153,1828,849.00,696.00,12.00,30.00,1.00,-1,-1,-1
153,1897,90.00,459.00,32.00,22.00,1.00,-1,-1,-1
153,1908,1318.00,68.00,35.00,15.00,1.00,-1,-1,-1
153,1949,1514.00,953.00,29.00,5.00,1.00,-1,-1,-1
153,1968,255.00,57.00,55.00,16.00,1.00,-1,-1,-1
153,1970,1481.00,97.00,26.00,6.00,1.00,-1,-1,-1
153,1973,629.00,201.00,58.00,26.00,1.00,-1,-1,-1
153,1996,1353.00,44.00,45.00,30.00,1.00,-1,-1,-1
153,1999,1142.00,1066.00,26.00,6.00,1.00,-1,-1,-1
153,2008,85.00,1078.00,49.00,7.00,1.00,-1,-1,-1
153,2012,1106.00,35.00,49.00,14.00,1.00,-1,-1,-1
153,2016,1110.00,707.00,36.00,52.00,1.00,-1,-1,-1
153,2028,881.00,1068.00,38.00,12.00,1.00,-1,-1,-1
153,2055,831.00,193.00,10.00,17.00,1.00,-1,-1,-1
153,2083,882.00,592.00,21.00,31.00,1.00,-1,-1,-1
153,2090,1393.00,1074.00,40.00,6.00,1.00,-1,-1,-1
153,2096,945.00,1058.00,54.00,22.00,1.00,-1,-1,-1
153,2100,1819.00,1073.00,54.00,7.00,1.00,-1,-1,-1
154,463,1529.00,773.00,18.00,11.00,1.00,-1,-1,-1
154,543,1259.00,595.00,727.00,374.00,1.00,-1,-1,-1
154,577,434.00,663.00,21.00,17.00,1.00,-1,-1,-1
154,594,770.00,783.00,28.00,17.00,1.00,-1,-1,-1
154,596,829.00,955.00,50.00,7.00,1.00,-1,-1,-1
154,650,718.00,973.00,17.00,30.00,1.00,-1,-1,-1
154,687,719.00,1000.00,12.00,14.00,1.00,-1,-1,-1
154,720,1161.00,955.00,79.00,14.00,1.00,-1,-1,-1
154,768,1118.00,992.00,31.00,25.00,1.00,-1,-1,-1
154,771,51.00,559.00,12.00,16.00,1.00,-1,-1,-1
154,778,841.00,966.00,33.00,30.00,1.00,-1,-1,-1
154,785,177.00,995.00,27.00,10.00,1.00,-1,-1,-1
154,810,362.00,1019.00,53.00,29.00,1.00,-1,-1,-1
154,818,1053.00,955.00,33.00,17.00,1.00,-1,-1,-1
154,874,1281.00,819.00,8.00,18.00,1.00,-1,-1,-1
154,884,893.00,992.00,16.00,20.00,1.00,-1,-1,-1
154,906,1754.00,1051.00,70.00,9.00,1.00,-1,-1,-1
154,951,798.00,749.00,13.00,15.00,1.00,-1,-1,-1
154,982,1620.00,652.00,13.00,12.00,1.00,-1,-1,-1
154,1007,721.00,1033.00,15.00,18.00,1.00,-1,-1,-1
154,1008,685.00,929.00,14.00,16.00,1.00,-1,-1,-1
154,1012,715.00,963.00,13.00,25.00,1.00,-1,-1,-1
154,1042,105.00,605.00,10.00,16.00,1.00,-1,-1,-1
154,1059,483.00,414.00,55.00,8.00,1.00,-1,-1,-1
154,1155,1174.00,650.00,15.00,16.00,1.00,-1,-1,-1
154,1160,721.00,969.00,15.00,16.00,1.00,-1,-1,-1
154,1170,901.00,1033.00,25.00,14.00,1.00,-1,-1,-1
154,1208,1106.00,967.00,9.00,19.00,1.00,-1,-1,-1
154,1227,591.00,740.00,68.00,22.00,1.00,-1,-1,-1
154,1228,729.00,1009.00,17.00,8.00,1.00,-1,-1,-1
154,1266,493.00,985.00,83.00,24.00,1.00,-1,-1,-1
154,1267,494.00,685.00,17.00,23.00,1.00,-1,-1,-1
154,1269,1036.00,915.00,22.00,15.00,1.00,-1,-1,-1
154,1270,464.00,132.00,14.00,22.00,1.00,-1,-1,-1
154,1271,398.00,1053.00,29.00,20.00,1.00,-1,-1,-1
154,1277,1268.00,828.00,15.00,26.00,1.00,-1,-1,-1
154,1291,1662.00,202.00,48.00,7.00,1.00,-1,-1,-1
154,1307,1811.00,1060.00,26.00,8.00,1.00,-1,-1,-1
154,1315,175.00,675.00,12.00,17.00,1.00,-1,-1,-1
154,1323,814.00,984.00,22.00,7.00,1.00,-1,-1,-1
154,1350,625.00,445.00,11.00,27.00,1.00,-1,-1,-1
154,1375,433.00,1032.00,19.00,38.00,1.00,-1,-1,-1
154,1389,1085.00,964.00,34.00,6.00,1.00,-1,-1,-1
154,1416,1193.00,1081.00,23.00,8.00,1.00,-1,-1,-1
154,1496,690.00,944.00,7.00,23.00,1.00,-1,-1,-1
154,1541,905.00,723.00,40.00,28.00,1.00,-1,-1,-1
154,1544,311.00,-9.00,15.00,18.00,1.00,-1,-1,-1
154,1566,539.00,777.00,29.00,20.00,1.00,-1,-1,-1
154,1576,1043.00,997.00,49.00,8.00,1.00,-1,-1,-1
154,1581,205.00,599.00,25.00,7.00,1.00,-1,-1,-1
154,1588,515.00,71.00,25.00,22.00,1.00,-1,-1,-1
154,1605,110.00,764.00,40.00,5.00,1.00,-1,-1,-1
154,1606,981.00,1013.00,24.00,6.00,1.00,-1,-1,-1
154,1627,243.00,1016.00,12.00,19.00,1.00,-1,-1,-1
154,1637,40.00,0.00,22.00,6.00,1.00,-1,-1,-1
154,1683,1595.00,947.00,25.00,7.00,1.00,-1,-1,-1
154,1705,481.00,65.00,21.00,34.00,1.00,-1,-1,-1
154,1709,461.00,71.00,48.00,24.00,1.00,-1,-1,-1
154,1710,286.00,616.00,16.00,20.00,1.00,-1,-1,-1
154,1734,1310.00,1067.00,58.00,8.00,1.00,-1,-1,-1
154,1769,1112.00,987.00,69.00,15.00,1.00,-1,-1,-1
154,1790,603.00,306.00,35.00,18.00,1.00,-1,-1,-1
154,1828,825.00,662.00,12.00,30.00,1.00,-1,-1,-1
154,1897,148.00,434.00,32.00,22.00,1.00,-1,-1,-1
154,1908,1317.00,41.00,35.00,15.00,1.00,-1,-1,-1
154,1949,1572.00,940.00,29.00,5.00,1.00,-1,-1,-1
154,1967,36.00,1073.00,27.00,7.00,1.00,-1,-1,-1
154,1968,232.00,61.00,55.00,16.00,1.00,-1,-1,-1
154,1970,1508.00,84.00,26.00,6.00,1.00,-1,-1,-1
154,1973,646.00,178.00,58.00,26.00,1.00,-1,-1,-1
154,1996,1568.00,20.00,45.00,30.00,1.00,-1,-1,-1
154,1999,1108.00,1012.00,26.00,6.00,1.00,-1,-1,-1
154,2008,100.00,984.00,49.00,7.00,1.00,-1,-1,-1
154,2012,1122.00,38.00,49.00,14.00,1.00,-1,-1,-1
154,2016,1110.00,707.00,36.00,52.00,1.00,-1,-1,-1
154,2028,881.00,1068.00,38.00,12.00,1.00,-1,-1,-1
154,2055,826.00,223.00,10.00,17.00,1.00,-1,-1,-1
154,2063,526.00,61.00,27.00,28.00,1.00,-1,-1,-1
154,2083,865.00,630.00,21.00,31.00,1.00,-1,-1,-1
154,2090,1533.00,1069.00,40.00,6.00,1.00,-1,-1,-1
154,2096,936.00,1045.00,54.00,22.00,1.00,-1,-1,-1
154,2100,1756.00,970.00,54.00,7.00,1.00,-1,-1,-1
155,463,1529.00,773.00,18.00,11.00,1.00,-1,-1,-1
155,543,1259.00,523.00,727.00,374.00,1.00,-1,-1,-1
155,577,454.00,690.00,21.00,17.00,1.00,-1,-1,-1
155,594,785.00,777.00,28.00,17.00,1.00,-1,-1,-1
155,596,796.00,955.00,50.00,7.00,1.00,-1,-1,-1
155,650,717.00,975.00,17.00,30.00,1.00,-1,-1,-1
155,687,729.00,997.00,12.00,14.00,1.00,-1,-1,-1
155,720,1161.00,955.00,79.00,14.00,1.00,-1,-1,-1
155,768,1109.00,1014.00,31.00,25.00,1.00,-1,-1,-1
155,771,74.00,558.00,12.00,16.00,1.00,-1,-1,-1
155,778,841.00,966.00,33.00,30.00,1.00,-1,-1,-1
155,785,177.00,995.00,27.00,10.00,1.00,-1,-1,-1
155,810,362.00,1019.00,53.00,29.00,1.00,-1,-1,-1
155,818,1053.00,955.00,33.00,17.00,1.00,-1,-1,-1
155,874,1281.00,819.00,8.00,18.00,1.00,-1,-1,-1
155,884,893.00,992.00,16.00,20.00,1.00,-1,-1,-1
155,906,1754.00,1051.00,70.00,9.00,1.00,-1,-1,-1
155,951,825.00,742.00,13.00,15.00,1.00,-1,-1,-1
155,982,1578.00,742.00,13.00,12.00,1.00,-1,-1,-1
155,1007,745.00,1013.00,15.00,18.00,1.00,-1,-1,-1
155,1008,636.00,919.00,14.00,16.00,1.00,-1,-1,-1
155,1012,715.00,963.00,13.00,25.00,1.00,-1,-1,-1
155,1042,145.00,568.00,10.00,16.00,1.00,-1,-1,-1
155,1059,494.00,460.00,55.00,8.00,1.00,-1,-1,-1
155,1155,1174.00,650.00,15.00,16.00,1.00,-1,-1,-1
155,1160,721.00,969.00,15.00,16.00,1.00,-1,-1,-1
155,1170,912.00,918.00,25.00,14.00,1.00,-1,-1,-1
155,1208,1109.00,982.00,9.00,19.00,1.00,-1,-1,-1
155,1227,591.00,740.00,68.00,22.00,1.00,-1,-1,-1
155,1228,745.00,977.00,17.00,8.00,1.00,-1,-1,-1
155,1266,520.00,976.00,83.00,24.00,1.00,-1,-1,-1
155,1267,494.00,685.00,17.00,23.00,1.00,-1,-1,-1
155,1269,1050.00,954.00,22.00,15.00,1.00,-1,-1,-1
155,1270,439.00,145.00,14.00,22.00,1.00,-1,-1,-1
155,1271,285.00,1055.00,29.00,20.00,1.00,-1,-1,-1
155,1277,1268.00,828.00,15.00,26.00,1.00,-1,-1,-1
155,1291,1692.00,160.00,48.00,7.00,1.00,-1,-1,-1
155,1307,1811.00,1060.00,26.00,8.00,1.00,-1,-1,-1
155,1323,814.00,984.00,22.00,7.00,1.00,-1,-1,-1
155,1350,618.00,485.00,11.00,27.00,1.00,-1,-1,-1
155,1375,433.00,1032.00,19.00,38.00,1.00,-1,-1,-1
155,1389,1074.00,964.00,34.00,6.00,1.00,-1,-1,-1
155,1416,1193.00,1081.00,23.00,8.00,1.00,-1,-1,-1
155,1496,690.00,944.00,7.00,23.00,1.00,-1,-1,-1
155,1541,922.00,767.00,40.00,28.00,1.00,-1,-1,-1
155,1544,309.00,-8.00,15.00,18.00,1.00,-1,-1,-1
155,1566,757.00,806.00,29.00,20.00,1.00,-1,-1,-1
155,1576,1039.00,1048.00,49.00,8.00,1.00,-1,-1,-1
155,1581,212.00,660.00,25.00,7.00,1.00,-1,-1,-1
155,1588,515.00,71.00,25.00,22.00,1.00,-1,-1,-1
155,1605,99.00,821.00,40.00,5.00,1.00,-1,-1,-1
155,1606,974.00,1038.00,24.00,6.00,1.00,-1,-1,-1
155,1627,243.00,1016.00,12.00,19.00,1.00,-1,-1,-1
155,1637,40.00,0.00,22.00,6.00,1.00,-1,-1,-1
155,1683,1610.00,924.00,25.00,7.00,1.00,-1,-1,-1
155,1705,469.00,53.00,21.00,34.00,1.00,-1,-1,-1
155,1709,443.00,60.00,48.00,24.00,1.00,-1,-1,-1
155,1710,313.00,669.00,16.00,20.00,1.00,-1,-1,-1
155,1734,1310.00,1067.00,58.00,8.00,1.00,-1,-1,-1
155,1769,1112.00,987.00,69.00,15.00,1.00,-1,-1,-1
155,1790,604.00,301.00,35.00,18.00,1.00,-1,-1,-1
155,1828,785.00,632.00,12.00,30.00,1.00,-1,-1,-1
155,1897,177.00,488.00,32.00,22.00,1.00,-1,-1,-1
155,1908,1323.00,95.00,35.00,15.00,1.00,-1,-1,-1
155,1949,1623.00,980.00,29.00,5.00,1.00,-1,-1,-1
155,1967,36.00,1073.00,27.00,7.00,1.00,-1,-1,-1
155,1968,238.00,37.00,55.00,16.00,1.00,-1,-1,-1
155,1970,1564.00,119.00,26.00,6.00,1.00,-1,-1,-1
155,1973,689.00,209.00,58.00,26.00,1.00,-1,-1,-1
155,1996,1568.00,20.00,45.00,30.00,1.00,-1,-1,-1
155,1999,1087.00,1072.00,26.00,6.00,1.00,-1,-1,-1
155,2008,134.00,978.00,49.00,7.00,1.00,-1,-1,-1
155,2012,1129.00,87.00,49.00,14.00,1.00,-1,-1,-1
155,2016,1110.00,707.00,36.00,52.00,1.00,-1,-1,-1
155,2028,881.00,1068.00,38.00,12.00,1.00,-1,-1,-1
155,2055,837.00,270.00,10.00,17.00,1.00,-1,-1,-1
155,2063,545.00,45.00,27.00,28.00,1.00,-1,-1,-1
155,2083,898.00,650.00,21.00,31.00,1.00,-1,-1,-1
155,2090,1533.00,1069.00,40.00,6.00,1.00,-1,-1,-1
155,2096,936.00,1045.00,54.00,22.00,1.00,-1,-1,-1
155,2100,1767.00,979.00,54.00,7.00,1.00,-1,-1,-1
155,2184,738.00,45.00,81.00,58.00,1.00,-1,-1,-1
156,463,1529.00,773.00,18.00,11.00,1.00,-1,-1,-1
156,543,1275.00,579.00,727.00,374.00,1.00,-1,-1,-1
156,577,460.00,731.00,21.00,17.00,1.00,-1,-1,-1
156,594,802.00,827.00,28.00,17.00,1.00,-1,-1,-1
156,596,796.00,955.00,50.00,7.00,1.00,-1,-1,-1
156,650,717.00,975.00,17.00,30.00,1.00,-1,-1,-1
156,687,729.00,997.00,12.00,14.00,1.00,-1,-1,-1
156,720,1161.00,955.00,79.00,14.00,1.00,-1,-1,-1
156,768,1096.00,1025.00,31.00,25.00,1.00,-1,-1,-1
156,771,43.00,625.00,12.00,16.00,1.00,-1,-1,-1
156,778,841.00,966.00,33.00,30.00,1.00,-1,-1,-1
156,785,177.00,995.00,27.00,10.00,1.00,-1,-1,-1
156,810,362.00,1019.00,53.00,29.00,1.00,-1,-1,-1
156,818,1053.00,955.00,33.00,17.00,1.00,-1,-1,-1
156,874,1281.00,819.00,8.00,18.00,1.00,-1,-1,-1
156,884,893.00,992.00,16.00,20.00,1.00,-1,-1,-1
156,906,1754.00,1051.00,70.00,9.00,1.00,-1,-1,-1
156,951,807.00,741.00,13.00,15.00,1.00,-1,-1,-1
156,982,1630.00,760.00,13.00,12.00,1.00,-1,-1,-1
156,1007,754.00,1029.00,15.00,18.00,1.00,-1,-1,-1
156,1008,636.00,919.00,14.00,16.00,1.00,-1,-1,-1
156,1012,715.00,963.00,13.00,25.00,1.00,-1,-1,-1
156,1042,143.00,531.00,10.00,16.00,1.00,-1,-1,-1
156,1059,512.00,504.00,55.00,8.00,1.00,-1,-1,-1
156,1160,721.00,969.00,15.00,16.00,1.00,-1,-1,-1
156,1170,925.00,915.00,25.00,14.00,1.00,-1,-1,-1
156,1208,1101.00,1020.00,9.00,19.00,1.00,-1,-1,-1
156,1227,591.00,740.00,68.00,22.00,1.00,-1,-1,-1
156,1228,745.00,977.00,17.00,8.00,1.00,-1,-1,-1
156,1266,538.00,1041.00,83.00,24.00,1.00,-1,-1,-1
156,1269,1050.00,954.00,22.00,15.00,1.00,-1,-1,-1
156,1270,432.00,145.00,14.00,22.00,1.00,-1,-1,-1
156,1271,285.00,1055.00,29.00,20.00,1.00,-1,-1,-1
156,1277,1268.00,828.00,15.00,26.00,1.00,-1,-1,-1
156,1291,1693.00,89.00,48.00,7.00,1.00,-1,-1,-1
156,1307,1811.00,1060.00,26.00,8.00,1.00,-1,-1,-1
156,1323,814.00,984.00,22.00,7.00,1.00,-1,-1,-1
156,1350,602.00,525.00,25.00,20.00,1.00,-1,-1,-1
156,1375,433.00,1062.00,19.00,38.00,1.00,-1,-1,-1
156,1389,1074.00,964.00,34.00,6.00,1.00,-1,-1,-1
156,1416,1193.00,1081.00,23.00,8.00,1.00,-1,-1,-1
156,1496,690.00,944.00,7.00,23.00,1.00,-1,-1,-1
156,1541,939.00,818.00,40.00,28.00,1.00,-1,-1,-1
156,1544,322.00,36.00,15.00,18.00,1.00,-1,-1,-1
156,1566,757.00,806.00,29.00,20.00,1.00,-1,-1,-1
156,1573,358.00,603.00,10.00,15.00,1.00,-1,-1,-1
156,1576,1039.00,1048.00,49.00,8.00,1.00,-1,-1,-1
156,1581,327.00,625.00,25.00,7.00,1.00,-1,-1,-1
156,1588,515.00,71.00,25.00,22.00,1.00,-1,-1,-1
156,1605,109.00,870.00,40.00,5.00,1.00,-1,-1,-1
156,1606,898.00,1021.00,24.00,6.00,1.00,-1,-1,-1
156,1627,243.00,1016.00,12.00,19.00,1.00,-1,-1,-1
156,1637,14.00,-1.00,22.00,6.00,1.00,-1,-1,-1
156,1683,1597.00,833.00,25.00,7.00,1.00,-1,-1,-1
156,1705,448.00,66.00,21.00,34.00,1.00,-1,-1,-1
156,1709,405.00,80.00,48.00,24.00,1.00,-1,-1,-1
156,1710,330.00,666.00,16.00,20.00,1.00,-1,-1,-1
156,1734,1313.00,1065.00,58.00,8.00,1.00,-1,-1,-1
156,1769,1111.00,990.00,69.00,15.00,1.00,-1,-1,-1
156,1790,587.00,277.00,35.00,18.00,1.00,-1,-1,-1
156,1828,802.00,682.00,12.00,30.00,1.00,-1,-1,-1
156,1878,596.00,1008.00,10.00,24.00,1.00,-1,-1,-1
156,1897,225.00,504.00,32.00,22.00,1.00,-1,-1,-1
156,1908,1320.00,107.00,35.00,15.00,1.00,-1,-1,-1
156,1949,1611.00,1040.00,29.00,5.00,1.00,-1,-1,-1
156,1967,36.00,1073.00,27.00,7.00,1.00,-1,-1,-1
156,1968,262.00,101.00,55.00,16.00,1.00,-1,-1,-1
156,1970,1564.00,119.00,26.00,6.00,1.00,-1,-1,-1
156,1973,711.00,259.00,58.00,26.00,1.00,-1,-1,-1
156,1996,1568.00,20.00,45.00,30.00,1.00,-1,-1,-1
156,1999,1087.00,1072.00,26.00,6.00,1.00,-1,-1,-1
156,2008,140.00,1047.00,49.00,7.00,1.00,-1,-1,-1
156,2012,1150.00,150.00,49.00,14.00,1.00,-1,-1,-1
156,2016,1110.00,707.00,36.00,52.00,1.00,-1,-1,-1
156,2028,793.00,1069.00,38.00,12.00,1.00,-1,-1,-1
156,2055,843.00,318.00,10.00,17.00,1.00,-1,-1,-1
156,2063,557.00,97.00,27.00,28.00,1.00,-1,-1,-1
156,2083,936.00,654.00,21.00,31.00,1.00,-1,-1,-1
156,2090,1533.00,1069.00,40.00,6.00,1.00,-1,-1,-1
156,2096,936.00,1045.00,54.00,22.00,1.00,-1,-1,-1
156,2100,1767.00,979.00,54.00,7.00,1.00,-1,-1,-1
156,2184,751.00,69.00,81.00,58.00,1.00,-1,-1,-1
157,273,974.00,1001.00,12.00,21.00,1.00,-1,-1,-1
157,463,1529.00,773.00,18.00,11.00,1.00,-1,-1,-1
157,543,1306.00,636.00,727.00,374.00,1.00,-1,-1,-1
157,577,477.00,798.00,21.00,17.00,1.00,-1,-1,-1
157,594,820.00,889.00,28.00,17.00,1.00,-1,-1,-1
157,596,866.00,981.00,50.00,7.00,1.00,-1,-1,-1
157,650,718.00,988.00,17.00,30.00,1.00,-1,-1,-1
157,687,738.00,974.00,12.00,14.00,1.00,-1,-1,-1
157,720,1151.00,998.00,79.00,14.00,1.00,-1,-1,-1
157,768,1113.00,1057.00,31.00,25.00,1.00,-1,-1,-1
157,771,63.00,643.00,12.00,16.00,1.00,-1,-1,-1
157,778,844.00,991.00,33.00,30.00,1.00,-1,-1,-1
157,785,202.00,1037.00,27.00,10.00,1.00,-1,-1,-1
157,810,362.00,1019.00,53.00,29.00,1.00,-1,-1,-1
157,818,1052.00,974.00,33.00,17.00,1.00,-1,-1,-1
157,874,1281.00,819.00,8.00,18.00,1.00,-1,-1,-1
157,884,893.00,966.00,16.00,20.00,1.00,-1,-1,-1
157,906,1754.00,1051.00,70.00,9.00,1.00,-1,-1,-1
157,951,827.00,732.00,13.00,15.00,1.00,-1,-1,-1
157,982,1656.00,832.00,13.00,12.00,1.00,-1,-1,-1
157,983,757.00,993.00,7.00,20.00,1.00,-1,-1,-1
157,1007,728.00,943.00,15.00,18.00,1.00,-1,-1,-1
157,1008,636.00,919.00,14.00,16.00,1.00,-1,-1,-1
157,1012,720.00,964.00,13.00,25.00,1.00,-1,-1,-1
157,1042,176.00,514.00,10.00,16.00,1.00,-1,-1,-1
157,1059,523.00,531.00,55.00,8.00,1.00,-1,-1,-1
157,1160,715.00,989.00,15.00,16.00,1.00,-1,-1,-1
157,1170,913.00,975.00,25.00,14.00,1.00,-1,-1,-1
157,1208,1107.00,1064.00,9.00,19.00,1.00,-1,-1,-1
157,1228,742.00,1001.00,17.00,8.00,1.00,-1,-1,-1
157,1266,538.00,1041.00,83.00,24.00,1.00,-1,-1,-1
157,1269,1052.00,985.00,22.00,15.00,1.00,-1,-1,-1
157,1270,431.00,146.00,14.00,22.00,1.00,-1,-1,-1
157,1271,285.00,1055.00,29.00,20.00,1.00,-1,-1,-1
157,1277,1268.00,828.00,15.00,26.00,1.00,-1,-1,-1
157,1291,1770.00,107.00,48.00,7.00,1.00,-1,-1,-1
157,1307,1811.00,1060.00,26.00,8.00,1.00,-1,-1,-1
157,1323,824.00,997.00,22.00,7.00,1.00,-1,-1,-1
157,1350,617.00,566.00,25.00,20.00,1.00,-1,-1,-1
157,1375,401.00,888.00,19.00,38.00,1.00,-1,-1,-1
157,1389,1037.00,975.00,34.00,6.00,1.00,-1,-1,-1
157,1416,1193.00,1081.00,23.00,8.00,1.00,-1,-1,-1
157,1496,706.00,965.00,7.00,23.00,1.00,-1,-1,-1
157,1541,964.00,866.00,40.00,28.00,1.00,-1,-1,-1
157,1544,322.00,36.00,15.00,18.00,1.00,-1,-1,-1
157,1566,757.00,806.00,29.00,20.00,1.00,-1,-1,-1
157,1573,379.00,643.00,10.00,15.00,1.00,-1,-1,-1
157,1576,1002.00,874.00,49.00,8.00,1.00,-1,-1,-1
157,1581,346.00,670.00,25.00,7.00,1.00,-1,-1,-1
157,1588,515.00,71.00,25.00,22.00,1.00,-1,-1,-1
157,1605,105.00,879.00,40.00,5.00,1.00,-1,-1,-1
157,1606,898.00,1015.00,24.00,6.00,1.00,-1,-1,-1
157,1627,243.00,1016.00,12.00,19.00,1.00,-1,-1,-1
157,1637,29.00,-1.00,22.00,6.00,1.00,-1,-1,-1
157,1683,1616.00,783.00,25.00,7.00,1.00,-1,-1,-1
157,1705,428.00,104.00,21.00,34.00,1.00,-1,-1,-1
157,1709,463.00,93.00,48.00,24.00,1.00,-1,-1,-1
157,1710,336.00,709.00,16.00,20.00,1.00,-1,-1,-1
157,1734,1313.00,1065.00,58.00,8.00,1.00,-1,-1,-1
157,1769,1121.00,999.00,69.00,15.00,1.00,-1,-1,-1
157,1790,607.00,322.00,35.00,18.00,1.00,-1,-1,-1
157,1828,751.00,795.00,12.00,30.00,1.00,-1,-1,-1
157,1878,565.00,856.00,10.00,24.00,1.00,-1,-1,-1
157,1897,249.00,543.00,32.00,22.00,1.00,-1,-1,-1
157,1908,1332.00,147.00,35.00,15.00,1.00,-1,-1,-1
157,1949,1714.00,1081.00,29.00,5.00,1.00,-1,-1,-1
157,1966,632.00,753.00,42.00,29.00,1.00,-1,-1,-1
157,1967,-13.00,1073.00,27.00,7.00,1.00,-1,-1,-1
157,1968,285.00,140.00,55.00,16.00,1.00,-1,-1,-1
157,1970,1564.00,119.00,26.00,6.00,1.00,-1,-1,-1
157,1973,736.00,289.00,58.00,26.00,1.00,-1,-1,-1
157,1996,1568.00,20.00,45.00,30.00,1.00,-1,-1,-1
157,1999,1106.00,980.00,26.00,6.00,1.00,-1,-1,-1
157,2008,108.00,1022.00,49.00,7.00,1.00,-1,-1,-1
157,2012,1204.00,222.00,49.00,14.00,1.00,-1,-1,-1
157,2016,1110.00,707.00,36.00,52.00,1.00,-1,-1,-1
157,2028,793.00,1069.00,38.00,12.00,1.00,-1,-1,-1
157,2055,831.00,348.00,10.00,17.00,1.00,-1,-1,-1
157,2063,584.00,144.00,27.00,28.00,1.00,-1,-1,-1
157,2083,968.00,596.00,21.00,31.00,1.00,-1,-1,-1
157,2090,1535.00,1069.00,40.00,6.00,1.00,-1,-1,-1
157,2096,936.00,1045.00,54.00,22.00,1.00,-1,-1,-1
157,2100,1767.00,979.00,54.00,7.00,1.00,-1,-1,-1
157,2184,734.00,77.00,81.00,58.00,1.00,-1,-1,-1
157,2188,0.00,1065.00,54.00,15.00,1.00,-1,-1,-1
157,2203,554.00,573.00,11.00,25.00,1.00,-1,-1,-1
158,273,974.00,1001.00,12.00,21.00,1.00,-1,-1,-1
158,463,1529.00,773.00,18.00,11.00,1.00,-1,-1,-1
158,543,1306.00,636.00,727.00,374.00,1.00,-1,-1,-1
158,577,477.00,798.00,21.00,17.00,1.00,-1,-1,-1
158,594,820.00,889.00,28.00,17.00,1.00,-1,-1,-1
158,596,866.00,981.00,50.00,7.00,1.00,-1,-1,-1
158,650,718.00,988.00,17.00,30.00,1.00,-1,-1,-1
158,687,738.00,974.00,12.00,14.00,1.00,-1,-1,-1
158,720,1151.00,998.00,79.00,14.00,1.00,-1,-1,-1
158,768,1113.00,1057.00,31.00,25.00,1.00,-1,-1,-1
158,771,63.00,643.00,12.00,16.00,1.00,-1,-1,-1
158,778,844.00,991.00,33.00,30.00,1.00,-1,-1,-1
158,785,202.00,1037.00,27.00,10.00,1.00,-1,-1,-1
158,810,362.00,1019.00,53.00,29.00,1.00,-1,-1,-1
158,818,1052.00,974.00,33.00,17.00,1.00,-1,-1,-1
158,874,1281.00,819.00,8.00,18.00,1.00,-1,-1,-1
158,884,893.00,966.00,16.00,20.00,1.00,-1,-1,-1
158,906,1754.00,1051.00,70.00,9.00,1.00,-1,-1,-1
158,951,827.00,732.00,13.00,15.00,1.00,-1,-1,-1
158,982,1656.00,832.00,13.00,12.00,1.00,-1,-1,-1
158,983,757.00,993.00,7.00,20.00,1.00,-1,-1,-1
158,1007,728.00,943.00,15.00,18.00,1.00,-1,-1,-1
158,1008,636.00,919.00,14.00,16.00,1.00,-1,-1,-1
158,1012,720.00,964.00,13.00,25.00,1.00,-1,-1,-1
158,1042,176.00,514.00,10.00,16.00,1.00,-1,-1,-1
158,1059,523.00,531.00,55.00,8.00,1.00,-1,-1,-1
158,1160,715.00,989.00,15.00,16.00,1.00,-1,-1,-1
158,1170,913.00,975.00,25.00,14.00,1.00,-1,-1,-1
158,1208,1107.00,1064.00,9.00,19.00,1.00,-1,-1,-1
158,1228,742.00,1001.00,17.00,8.00,1.00,-1,-1,-1
158,1266,538.00,1041.00,83.00,24.00,1.00,-1,-1,-1
158,1269,1052.00,985.00,22.00,15.00,1.00,-1,-1,-1
158,1270,431.00,146.00,14.00,22.00,1.00,-1,-1,-1
158,1271,285.00,1055.00,29.00,20.00,1.00,-1,-1,-1
158,1277,1268.00,828.00,15.00,26.00,1.00,-1,-1,-1
158,1291,1770.00,107.00,48.00,7.00,1.00,-1,-1,-1
158,1307,1811.00,1060.00,26.00,8.00,1.00,-1,-1,-1
158,1323,824.00,997.00,22.00,7.00,1.00,-1,-1,-1
158,1350,617.00,566.00,25.00,20.00,1.00,-1,-1,-1
158,1375,401.00,888.00,19.00,38.00,1.00,-1,-1,-1
158,1389,1037.00,975.00,34.00,6.00,1.00,-1,-1,-1
158,1416,1193.00,1081.00,23.00,8.00,1.00,-1,-1,-1
158,1496,706.00,965.00,7.00,23.00,1.00,-1,-1,-1
158,1541,964.00,866.00,40.00,28.00,1.00,-1,-1,-1
158,1544,322.00,36.00,15.00,18.00,1.00,-1,-1,-1
158,1566,757.00,806.00,29.00,20.00,1.00,-1,-1,-1
158,1573,379.00,643.00,10.00,15.00,1.00,-1,-1,-1
158,1576,1002.00,874.00,49.00,8.00,1.00,-1,-1,-1
158,1581,346.00,670.00,25.00,7.00,1.00,-1,-1,-1
158,1588,515.00,71.00,25.00,22.00,1.00,-1,-1,-1
158,1605,105.00,879.00,40.00,5.00,1.00,-1,-1,-1
158,1606,898.00,1015.00,24.00,6.00,1.00,-1,-1,-1
158,1627,243.00,1016.00,12.00,19.00,1.00,-1,-1,-1
158,1637,29.00,-1.00,22.00,6.00,1.00,-1,-1,-1
158,1683,1616.00,783.00,25.00,7.00,1.00,-1,-1,-1
158,1705,428.00,104.00,21.00,34.00,1.00,-1,-1,-1
158,1709,463.00,93.00,48.00,24.00,1.00,-1,-1,-1
158,1710,336.00,709.00,16.00,20.00,1.00,-1,-1,-1
158,1734,1313.00,1065.00,58.00,8.00,1.00,-1,-1,-1
158,1769,1121.00,999.00,69.00,15.00,1.00,-1,-1,-1
158,1790,607.00,322.00,35.00,18.00,1.00,-1,-1,-1
158,1828,751.00,795.00,12.00,30.00,1.00,-1,-1,-1
158,1878,565.00,856.00,10.00,24.00,1.00,-1,-1,-1
158,1897,249.00,543.00,32.00,22.00,1.00,-1,-1,-1
158,1908,1332.00,147.00,35.00,15.00,1.00,-1,-1,-1
158,1949,1714.00,1081.00,29.00,5.00,1.00,-1,-1,-1
158,1966,632.00,752.00,42.00,29.00,1.00,-1,-1,-1
158,1967,-13.00,1073.00,27.00,7.00,1.00,-1,-1,-1
158,1968,285.00,140.00,55.00,16.00,1.00,-1,-1,-1
158,1970,1564.00,119.00,26.00,6.00,1.00,-1,-1,-1
158,1973,736.00,289.00,58.00,26.00,1.00,-1,-1,-1
158,1996,1568.00,20.00,45.00,30.00,1.00,-1,-1,-1
158,1999,1106.00,980.00,26.00,6.00,1.00,-1,-1,-1
158,2008,108.00,1022.00,49.00,7.00,1.00,-1,-1,-1
158,2012,1204.00,222.00,49.00,14.00,1.00,-1,-1,-1
158,2016,1110.00,707.00,36.00,52.00,1.00,-1,-1,-1
158,2028,793.00,1069.00,38.00,12.00,1.00,-1,-1,-1
158,2055,831.00,348.00,10.00,17.00,1.00,-1,-1,-1
158,2063,584.00,144.00,27.00,28.00,1.00,-1,-1,-1
158,2083,968.00,596.00,21.00,31.00,1.00,-1,-1,-1
158,2090,1535.00,1069.00,40.00,6.00,1.00,-1,-1,-1
158,2096,936.00,1045.00,54.00,22.00,1.00,-1,-1,-1
158,2100,1767.00,979.00,54.00,7.00,1.00,-1,-1,-1
158,2184,734.00,77.00,81.00,58.00,1.00,-1,-1,-1
158,2188,0.00,1064.00,54.00,15.00,1.00,-1,-1,-1
158,2203,554.00,573.00,11.00,25.00,1.00,-1,-1,-1
