4,5,527.00,544.00,16.00,12.00,1.00,-1,-1,-1
4,7,962.00,531.00,23.00,45.00,1.00,-1,-1,-1
5,5,527.00,543.00,16.00,12.00,1.00,-1,-1,-1
5,7,953.00,536.00,23.00,45.00,1.00,-1,-1,-1
6,4,1368.00,572.00,18.00,16.00,1.00,-1,-1,-1
6,5,525.00,541.00,21.00,16.00,1.00,-1,-1,-1
6,6,1163.00,548.00,20.00,16.00,1.00,-1,-1,-1
6,7,958.00,531.00,32.00,48.00,1.00,-1,-1,-1
6,8,552.00,476.00,22.00,20.00,1.00,-1,-1,-1
6,9,555.00,603.00,20.00,12.00,1.00,-1,-1,-1
6,10,731.00,478.00,24.00,16.00,1.00,-1,-1,-1
6,11,1807.00,621.00,30.00,47.00,1.00,-1,-1,-1
6,13,441.00,454.00,50.00,43.00,1.00,-1,-1,-1
6,15,1561.00,598.00,22.00,14.00,1.00,-1,-1,-1
7,4,1370.00,574.00,12.00,13.00,1.00,-1,-1,-1
7,5,526.00,541.00,21.00,16.00,1.00,-1,-1,-1
7,6,1163.00,548.00,20.00,16.00,1.00,-1,-1,-1
7,7,940.00,534.00,50.00,53.00,1.00,-1,-1,-1
7,8,553.00,478.00,22.00,20.00,1.00,-1,-1,-1
7,9,554.00,603.00,20.00,12.00,1.00,-1,-1,-1
7,10,729.00,479.00,24.00,16.00,1.00,-1,-1,-1
7,11,1809.00,648.00,21.00,26.00,1.00,-1,-1,-1
7,13,442.00,454.00,50.00,43.00,1.00,-1,-1,-1
7,14,1807.00,622.00,9.00,15.00,1.00,-1,-1,-1
7,15,1558.00,598.00,22.00,14.00,1.00,-1,-1,-1
7,17,710.00,517.00,26.00,10.00,1.00,-1,-1,-1
8,2,928.00,573.00,32.00,14.00,1.00,-1,-1,-1
8,4,1369.00,574.00,12.00,13.00,1.00,-1,-1,-1
8,5,529.00,545.00,16.00,13.00,1.00,-1,-1,-1
8,6,1164.00,551.00,17.00,13.00,1.00,-1,-1,-1
8,7,929.00,539.00,50.00,53.00,1.00,-1,-1,-1
8,8,553.00,478.00,22.00,20.00,1.00,-1,-1,-1
8,9,554.00,603.00,20.00,12.00,1.00,-1,-1,-1
8,10,731.00,479.00,24.00,16.00,1.00,-1,-1,-1
8,11,1803.00,651.00,21.00,26.00,1.00,-1,-1,-1
8,13,444.00,454.00,50.00,43.00,1.00,-1,-1,-1
8,14,1805.00,622.00,12.00,14.00,1.00,-1,-1,-1
8,15,1557.00,600.00,22.00,14.00,1.00,-1,-1,-1
8,17,709.00,521.00,20.00,10.00,1.00,-1,-1,-1
8,18,572.00,450.00,20.00,14.00,1.00,-1,-1,-1
8,22,520.00,451.00,22.00,13.00,1.00,-1,-1,-1
8,27,1550.00,666.00,18.00,10.00,1.00,-1,-1,-1
9,2,927.00,576.00,32.00,14.00,1.00,-1,-1,-1
9,4,1367.00,576.00,12.00,13.00,1.00,-1,-1,-1
9,5,529.00,545.00,16.00,13.00,1.00,-1,-1,-1
9,6,1163.00,551.00,17.00,13.00,1.00,-1,-1,-1
9,7,929.00,540.00,50.00,53.00,1.00,-1,-1,-1
9,8,555.00,480.00,22.00,20.00,1.00,-1,-1,-1
9,9,554.00,604.00,20.00,12.00,1.00,-1,-1,-1
9,10,732.00,480.00,24.00,16.00,1.00,-1,-1,-1
9,11,1801.00,649.00,21.00,26.00,1.00,-1,-1,-1
9,13,445.00,455.00,50.00,43.00,1.00,-1,-1,-1
9,14,1801.00,623.00,12.00,14.00,1.00,-1,-1,-1
9,15,1554.00,602.00,22.00,14.00,1.00,-1,-1,-1
9,17,709.00,523.00,20.00,10.00,1.00,-1,-1,-1
9,18,573.00,450.00,20.00,14.00,1.00,-1,-1,-1
9,22,521.00,451.00,22.00,13.00,1.00,-1,-1,-1
9,27,1524.00,667.00,18.00,10.00,1.00,-1,-1,-1
10,2,928.00,580.00,32.00,14.00,1.00,-1,-1,-1
10,4,1363.00,578.00,19.00,12.00,1.00,-1,-1,-1
10,5,529.00,547.00,21.00,17.00,1.00,-1,-1,-1
10,6,1162.00,552.00,21.00,15.00,1.00,-1,-1,-1
10,7,932.00,534.00,64.00,53.00,1.00,-1,-1,-1
10,8,557.00,480.00,22.00,20.00,1.00,-1,-1,-1
10,9,533.00,605.00,43.00,18.00,1.00,-1,-1,-1
10,10,734.00,481.00,24.00,16.00,1.00,-1,-1,-1
10,11,1796.00,653.00,21.00,26.00,1.00,-1,-1,-1
10,13,460.00,440.00,37.00,57.00,1.00,-1,-1,-1
10,14,1797.00,627.00,12.00,14.00,1.00,-1,-1,-1
10,15,1552.00,601.00,23.00,15.00,1.00,-1,-1,-1
10,17,707.00,527.00,20.00,10.00,1.00,-1,-1,-1
10,18,575.00,451.00,20.00,14.00,1.00,-1,-1,-1
10,20,481.00,545.00,16.00,11.00,1.00,-1,-1,-1
10,22,524.00,445.00,32.00,20.00,1.00,-1,-1,-1
10,27,1519.00,670.00,18.00,10.00,1.00,-1,-1,-1
10,31,1152.00,600.00,18.00,12.00,1.00,-1,-1,-1
11,2,919.00,586.00,32.00,14.00,1.00,-1,-1,-1
11,4,1363.00,579.00,19.00,12.00,1.00,-1,-1,-1
11,5,532.00,548.00,16.00,14.00,1.00,-1,-1,-1
11,6,1165.00,554.00,18.00,13.00,1.00,-1,-1,-1
11,7,932.00,535.00,64.00,53.00,1.00,-1,-1,-1
11,8,565.00,486.00,9.00,15.00,1.00,-1,-1,-1
11,9,534.00,606.00,43.00,18.00,1.00,-1,-1,-1
11,10,739.00,481.00,23.00,14.00,1.00,-1,-1,-1
11,11,1794.00,655.00,21.00,26.00,1.00,-1,-1,-1
11,13,454.00,439.00,37.00,57.00,1.00,-1,-1,-1
11,14,1792.00,627.00,15.00,14.00,1.00,-1,-1,-1
11,15,1557.00,603.00,14.00,12.00,1.00,-1,-1,-1
11,16,479.00,485.00,20.00,14.00,1.00,-1,-1,-1
11,17,707.00,531.00,20.00,10.00,1.00,-1,-1,-1
11,18,578.00,453.00,20.00,17.00,1.00,-1,-1,-1
11,20,482.00,546.00,16.00,11.00,1.00,-1,-1,-1
11,22,526.00,445.00,32.00,20.00,1.00,-1,-1,-1
11,25,528.00,455.00,18.00,9.00,1.00,-1,-1,-1
11,27,1517.00,674.00,18.00,10.00,1.00,-1,-1,-1
11,28,967.00,534.00,33.00,22.00,1.00,-1,-1,-1
11,30,464.00,440.00,21.00,12.00,1.00,-1,-1,-1
11,31,1152.00,601.00,18.00,12.00,1.00,-1,-1,-1
12,2,909.00,589.00,32.00,14.00,1.00,-1,-1,-1
12,4,1369.00,580.00,14.00,10.00,1.00,-1,-1,-1
12,5,535.00,549.00,19.00,14.00,1.00,-1,-1,-1
12,6,1167.00,555.00,21.00,14.00,1.00,-1,-1,-1
12,7,933.00,537.00,64.00,53.00,1.00,-1,-1,-1
12,8,566.00,487.00,9.00,15.00,1.00,-1,-1,-1
12,9,535.00,607.00,43.00,18.00,1.00,-1,-1,-1
12,10,744.00,482.00,26.00,27.00,1.00,-1,-1,-1
12,11,1792.00,656.00,21.00,26.00,1.00,-1,-1,-1
12,13,450.00,440.00,37.00,57.00,1.00,-1,-1,-1
12,14,1787.00,630.00,22.00,15.00,1.00,-1,-1,-1
12,15,1553.00,605.00,22.00,12.00,1.00,-1,-1,-1
12,16,483.00,473.00,22.00,27.00,1.00,-1,-1,-1
12,17,706.00,531.00,20.00,10.00,1.00,-1,-1,-1
12,18,582.00,452.00,22.00,16.00,1.00,-1,-1,-1
12,20,484.00,547.00,16.00,11.00,1.00,-1,-1,-1
12,22,529.00,446.00,32.00,20.00,1.00,-1,-1,-1
12,25,530.00,455.00,18.00,9.00,1.00,-1,-1,-1
12,27,1514.00,683.00,18.00,10.00,1.00,-1,-1,-1
12,28,970.00,534.00,23.00,38.00,1.00,-1,-1,-1
12,30,468.00,439.00,25.00,14.00,1.00,-1,-1,-1
12,31,1130.00,609.00,18.00,12.00,1.00,-1,-1,-1
13,2,926.00,594.00,32.00,14.00,1.00,-1,-1,-1
13,4,1368.00,583.00,14.00,10.00,1.00,-1,-1,-1
13,5,536.00,551.00,19.00,14.00,1.00,-1,-1,-1
13,6,1167.00,556.00,21.00,14.00,1.00,-1,-1,-1
13,7,933.00,538.00,64.00,53.00,1.00,-1,-1,-1
13,8,557.00,493.00,9.00,15.00,1.00,-1,-1,-1
13,9,536.00,609.00,43.00,18.00,1.00,-1,-1,-1
13,10,743.00,487.00,26.00,27.00,1.00,-1,-1,-1
13,11,1792.00,657.00,21.00,26.00,1.00,-1,-1,-1
13,13,460.00,436.00,37.00,57.00,1.00,-1,-1,-1
13,14,1785.00,632.00,22.00,15.00,1.00,-1,-1,-1
13,15,1551.00,606.00,22.00,12.00,1.00,-1,-1,-1
13,16,484.00,473.00,22.00,27.00,1.00,-1,-1,-1
13,17,714.00,536.00,20.00,10.00,1.00,-1,-1,-1
13,18,582.00,453.00,22.00,16.00,1.00,-1,-1,-1
13,20,486.00,549.00,16.00,11.00,1.00,-1,-1,-1
13,22,532.00,446.00,32.00,20.00,1.00,-1,-1,-1
13,25,533.00,456.00,18.00,9.00,1.00,-1,-1,-1
13,27,1503.00,687.00,18.00,10.00,1.00,-1,-1,-1
13,28,971.00,535.00,23.00,38.00,1.00,-1,-1,-1
13,30,470.00,439.00,25.00,14.00,1.00,-1,-1,-1
13,31,1129.00,613.00,18.00,12.00,1.00,-1,-1,-1
14,2,934.00,600.00,32.00,14.00,1.00,-1,-1,-1
14,4,1366.00,583.00,15.00,13.00,1.00,-1,-1,-1
14,5,538.00,554.00,18.00,15.00,1.00,-1,-1,-1
14,6,1166.00,558.00,22.00,16.00,1.00,-1,-1,-1
14,7,934.00,539.00,64.00,53.00,1.00,-1,-1,-1
14,8,572.00,494.00,9.00,15.00,1.00,-1,-1,-1
14,9,555.00,611.00,27.00,14.00,1.00,-1,-1,-1
14,10,741.00,492.00,26.00,27.00,1.00,-1,-1,-1
14,11,1791.00,659.00,21.00,26.00,1.00,-1,-1,-1
14,13,467.00,438.00,37.00,57.00,1.00,-1,-1,-1
14,14,1787.00,632.00,14.00,16.00,1.00,-1,-1,-1
14,15,1549.00,607.00,22.00,15.00,1.00,-1,-1,-1
14,16,488.00,475.00,22.00,27.00,1.00,-1,-1,-1
14,17,685.00,549.00,20.00,10.00,1.00,-1,-1,-1
14,18,585.00,455.00,21.00,21.00,1.00,-1,-1,-1
14,20,488.00,550.00,16.00,11.00,1.00,-1,-1,-1
14,22,534.00,454.00,21.00,13.00,1.00,-1,-1,-1
14,25,535.00,458.00,18.00,9.00,1.00,-1,-1,-1
14,27,1500.00,691.00,18.00,10.00,1.00,-1,-1,-1
14,28,967.00,540.00,23.00,38.00,1.00,-1,-1,-1
14,30,473.00,441.00,25.00,15.00,1.00,-1,-1,-1
14,31,1128.00,613.00,18.00,12.00,1.00,-1,-1,-1
14,36,726.00,485.00,52.00,48.00,1.00,-1,-1,-1
14,40,1751.00,623.00,24.00,16.00,1.00,-1,-1,-1
14,45,1774.00,688.00,24.00,14.00,1.00,-1,-1,-1
15,2,955.00,606.00,32.00,14.00,1.00,-1,-1,-1
15,4,1367.00,584.00,15.00,13.00,1.00,-1,-1,-1
15,5,540.00,556.00,18.00,15.00,1.00,-1,-1,-1
15,6,1168.00,559.00,22.00,16.00,1.00,-1,-1,-1
15,7,934.00,540.00,64.00,53.00,1.00,-1,-1,-1
15,8,572.00,494.00,9.00,15.00,1.00,-1,-1,-1
15,9,556.00,613.00,27.00,14.00,1.00,-1,-1,-1
15,10,741.00,497.00,26.00,27.00,1.00,-1,-1,-1
15,11,1795.00,650.00,21.00,26.00,1.00,-1,-1,-1
15,13,470.00,441.00,37.00,57.00,1.00,-1,-1,-1
15,14,1786.00,633.00,14.00,15.00,1.00,-1,-1,-1
15,15,1558.00,610.00,12.00,12.00,1.00,-1,-1,-1
15,16,491.00,476.00,22.00,27.00,1.00,-1,-1,-1
15,17,695.00,554.00,20.00,10.00,1.00,-1,-1,-1
15,18,584.00,457.00,21.00,21.00,1.00,-1,-1,-1
15,20,491.00,552.00,16.00,11.00,1.00,-1,-1,-1
15,22,537.00,455.00,21.00,13.00,1.00,-1,-1,-1
15,25,538.00,459.00,18.00,9.00,1.00,-1,-1,-1
15,27,1501.00,696.00,18.00,10.00,1.00,-1,-1,-1
15,28,959.00,549.00,23.00,38.00,1.00,-1,-1,-1
15,30,474.00,443.00,25.00,15.00,1.00,-1,-1,-1
15,31,1112.00,611.00,18.00,12.00,1.00,-1,-1,-1
15,36,725.00,489.00,52.00,48.00,1.00,-1,-1,-1
15,40,1749.00,625.00,24.00,16.00,1.00,-1,-1,-1
15,42,723.00,520.00,22.00,17.00,1.00,-1,-1,-1
15,45,1776.00,690.00,17.00,12.00,1.00,-1,-1,-1
15,46,978.00,539.00,18.00,22.00,1.00,-1,-1,-1
16,2,969.00,613.00,32.00,14.00,1.00,-1,-1,-1
16,4,1370.00,587.00,14.00,11.00,1.00,-1,-1,-1
16,5,540.00,560.00,18.00,15.00,1.00,-1,-1,-1
16,6,1172.00,562.00,19.00,13.00,1.00,-1,-1,-1
16,7,938.00,538.00,64.00,53.00,1.00,-1,-1,-1
16,8,572.00,494.00,9.00,15.00,1.00,-1,-1,-1
16,9,558.00,615.00,27.00,14.00,1.00,-1,-1,-1
16,10,721.00,504.00,26.00,27.00,1.00,-1,-1,-1
16,11,1794.00,656.00,21.00,26.00,1.00,-1,-1,-1
16,13,476.00,446.00,37.00,57.00,1.00,-1,-1,-1
16,14,1786.00,637.00,14.00,14.00,1.00,-1,-1,-1
16,15,1558.00,613.00,14.00,12.00,1.00,-1,-1,-1
16,16,492.00,491.00,22.00,16.00,1.00,-1,-1,-1
16,17,712.00,559.00,20.00,10.00,1.00,-1,-1,-1
16,18,587.00,460.00,21.00,21.00,1.00,-1,-1,-1
16,20,494.00,555.00,16.00,11.00,1.00,-1,-1,-1
16,22,540.00,456.00,21.00,13.00,1.00,-1,-1,-1
16,25,542.00,460.00,18.00,9.00,1.00,-1,-1,-1
16,27,1502.00,703.00,18.00,10.00,1.00,-1,-1,-1
16,28,964.00,547.00,23.00,38.00,1.00,-1,-1,-1
16,30,481.00,443.00,24.00,15.00,1.00,-1,-1,-1
16,31,1146.00,624.00,18.00,12.00,1.00,-1,-1,-1
16,36,735.00,517.00,44.00,26.00,1.00,-1,-1,-1
16,40,1749.00,630.00,23.00,13.00,1.00,-1,-1,-1
16,42,725.00,521.00,22.00,17.00,1.00,-1,-1,-1
16,45,1772.00,692.00,17.00,12.00,1.00,-1,-1,-1
16,46,979.00,540.00,33.00,19.00,1.00,-1,-1,-1
16,60,1143.00,607.00,30.00,24.00,1.00,-1,-1,-1
17,2,989.00,619.00,32.00,14.00,1.00,-1,-1,-1
17,4,1366.00,588.00,18.00,15.00,1.00,-1,-1,-1
17,5,523.00,565.00,18.00,15.00,1.00,-1,-1,-1
17,6,1172.00,565.00,18.00,13.00,1.00,-1,-1,-1
17,7,939.00,545.00,64.00,53.00,1.00,-1,-1,-1
17,8,572.00,494.00,9.00,15.00,1.00,-1,-1,-1
17,9,552.00,609.00,33.00,18.00,1.00,-1,-1,-1
17,10,724.00,507.00,26.00,27.00,1.00,-1,-1,-1
17,11,1793.00,661.00,21.00,26.00,1.00,-1,-1,-1
17,13,483.00,446.00,37.00,57.00,1.00,-1,-1,-1
17,14,1782.00,639.00,15.00,18.00,1.00,-1,-1,-1
17,15,1553.00,616.00,17.00,13.00,1.00,-1,-1,-1
17,16,494.00,492.00,22.00,16.00,1.00,-1,-1,-1
17,17,726.00,565.00,20.00,10.00,1.00,-1,-1,-1
17,18,588.00,451.00,27.00,24.00,1.00,-1,-1,-1
17,20,497.00,557.00,16.00,11.00,1.00,-1,-1,-1
17,22,543.00,458.00,21.00,12.00,1.00,-1,-1,-1
17,25,545.00,461.00,18.00,9.00,1.00,-1,-1,-1
17,27,1513.00,707.00,18.00,10.00,1.00,-1,-1,-1
17,28,961.00,554.00,23.00,38.00,1.00,-1,-1,-1
17,29,474.00,482.00,40.00,27.00,1.00,-1,-1,-1
17,30,484.00,444.00,24.00,15.00,1.00,-1,-1,-1
17,31,1145.00,629.00,18.00,12.00,1.00,-1,-1,-1
17,36,736.00,494.00,39.00,43.00,1.00,-1,-1,-1
17,40,1748.00,632.00,23.00,13.00,1.00,-1,-1,-1
17,42,730.00,522.00,22.00,17.00,1.00,-1,-1,-1
17,43,478.00,536.00,48.00,25.00,1.00,-1,-1,-1
17,45,1771.00,694.00,17.00,12.00,1.00,-1,-1,-1
17,46,983.00,536.00,24.00,28.00,1.00,-1,-1,-1
17,55,708.00,488.00,17.00,11.00,1.00,-1,-1,-1
17,60,1139.00,614.00,30.00,24.00,1.00,-1,-1,-1
18,2,1005.00,625.00,32.00,14.00,1.00,-1,-1,-1
18,4,1367.00,590.00,18.00,15.00,1.00,-1,-1,-1
18,5,532.00,571.00,18.00,15.00,1.00,-1,-1,-1
18,6,1174.00,566.00,18.00,13.00,1.00,-1,-1,-1
18,7,944.00,546.00,64.00,53.00,1.00,-1,-1,-1
18,8,572.00,494.00,9.00,15.00,1.00,-1,-1,-1
18,9,554.00,611.00,33.00,18.00,1.00,-1,-1,-1
18,10,727.00,509.00,26.00,27.00,1.00,-1,-1,-1
18,11,1794.00,664.00,21.00,26.00,1.00,-1,-1,-1
18,13,478.00,455.00,37.00,57.00,1.00,-1,-1,-1
18,14,1781.00,641.00,15.00,18.00,1.00,-1,-1,-1
18,15,1553.00,618.00,17.00,13.00,1.00,-1,-1,-1
18,16,497.00,494.00,22.00,16.00,1.00,-1,-1,-1
18,17,738.00,572.00,20.00,10.00,1.00,-1,-1,-1
18,18,592.00,452.00,27.00,24.00,1.00,-1,-1,-1
18,20,500.00,559.00,16.00,11.00,1.00,-1,-1,-1
18,22,547.00,459.00,21.00,12.00,1.00,-1,-1,-1
18,25,549.00,463.00,18.00,9.00,1.00,-1,-1,-1
18,27,1513.00,707.00,18.00,10.00,1.00,-1,-1,-1
18,28,965.00,555.00,23.00,38.00,1.00,-1,-1,-1
18,29,477.00,483.00,40.00,27.00,1.00,-1,-1,-1
18,30,488.00,445.00,24.00,15.00,1.00,-1,-1,-1
18,31,1154.00,630.00,18.00,12.00,1.00,-1,-1,-1
18,36,744.00,497.00,39.00,43.00,1.00,-1,-1,-1
18,39,725.00,533.00,22.00,10.00,1.00,-1,-1,-1
18,40,1747.00,635.00,23.00,13.00,1.00,-1,-1,-1
18,42,729.00,527.00,22.00,17.00,1.00,-1,-1,-1
18,43,482.00,537.00,48.00,25.00,1.00,-1,-1,-1
18,45,1771.00,697.00,17.00,12.00,1.00,-1,-1,-1
18,46,986.00,537.00,24.00,28.00,1.00,-1,-1,-1
18,55,711.00,489.00,17.00,11.00,1.00,-1,-1,-1
18,58,464.00,544.00,36.00,10.00,1.00,-1,-1,-1
18,60,1132.00,617.00,30.00,24.00,1.00,-1,-1,-1
19,2,1030.00,632.00,32.00,14.00,1.00,-1,-1,-1
19,4,1369.00,592.00,18.00,15.00,1.00,-1,-1,-1
19,5,548.00,577.00,18.00,15.00,1.00,-1,-1,-1
19,6,1177.00,569.00,18.00,13.00,1.00,-1,-1,-1
19,7,945.00,549.00,64.00,53.00,1.00,-1,-1,-1
19,8,572.00,494.00,9.00,15.00,1.00,-1,-1,-1
19,9,557.00,613.00,33.00,18.00,1.00,-1,-1,-1
19,10,725.00,517.00,26.00,27.00,1.00,-1,-1,-1
19,11,1795.00,666.00,21.00,26.00,1.00,-1,-1,-1
19,13,456.00,457.00,37.00,57.00,1.00,-1,-1,-1
19,14,1781.00,644.00,15.00,18.00,1.00,-1,-1,-1
19,15,1554.00,620.00,17.00,13.00,1.00,-1,-1,-1
19,16,502.00,495.00,22.00,16.00,1.00,-1,-1,-1
19,17,753.00,578.00,20.00,10.00,1.00,-1,-1,-1
19,18,596.00,453.00,27.00,24.00,1.00,-1,-1,-1
19,20,503.00,562.00,16.00,11.00,1.00,-1,-1,-1
19,22,551.00,461.00,21.00,12.00,1.00,-1,-1,-1
19,25,553.00,464.00,18.00,9.00,1.00,-1,-1,-1
19,27,1513.00,707.00,18.00,10.00,1.00,-1,-1,-1
19,28,966.00,559.00,23.00,38.00,1.00,-1,-1,-1
19,29,481.00,484.00,40.00,27.00,1.00,-1,-1,-1
19,30,493.00,447.00,24.00,15.00,1.00,-1,-1,-1
19,31,1170.00,636.00,18.00,12.00,1.00,-1,-1,-1
19,36,737.00,501.00,39.00,43.00,1.00,-1,-1,-1
19,39,734.00,531.00,22.00,10.00,1.00,-1,-1,-1
19,40,1747.00,638.00,23.00,13.00,1.00,-1,-1,-1
19,42,738.00,525.00,22.00,17.00,1.00,-1,-1,-1
19,43,485.00,540.00,48.00,25.00,1.00,-1,-1,-1
19,45,1770.00,695.00,17.00,12.00,1.00,-1,-1,-1
19,46,991.00,540.00,24.00,28.00,1.00,-1,-1,-1
19,55,716.00,491.00,17.00,11.00,1.00,-1,-1,-1
19,58,464.00,551.00,36.00,10.00,1.00,-1,-1,-1
19,60,1135.00,622.00,30.00,24.00,1.00,-1,-1,-1
20,2,1044.00,638.00,32.00,14.00,1.00,-1,-1,-1
20,4,1372.00,598.00,17.00,12.00,1.00,-1,-1,-1
20,5,558.00,583.00,18.00,15.00,1.00,-1,-1,-1
20,6,1179.00,570.00,20.00,15.00,1.00,-1,-1,-1
20,7,946.00,551.00,64.00,53.00,1.00,-1,-1,-1
20,9,559.00,615.00,33.00,18.00,1.00,-1,-1,-1
20,10,736.00,514.00,26.00,27.00,1.00,-1,-1,-1
20,11,1796.00,668.00,21.00,26.00,1.00,-1,-1,-1
20,13,459.00,457.00,37.00,57.00,1.00,-1,-1,-1
20,14,1784.00,646.00,14.00,18.00,1.00,-1,-1,-1
20,15,1558.00,621.00,16.00,14.00,1.00,-1,-1,-1
20,16,506.00,496.00,22.00,16.00,1.00,-1,-1,-1
20,17,766.00,584.00,20.00,10.00,1.00,-1,-1,-1
20,18,606.00,462.00,20.00,17.00,1.00,-1,-1,-1
20,20,507.00,564.00,16.00,11.00,1.00,-1,-1,-1
20,22,556.00,463.00,23.00,14.00,1.00,-1,-1,-1
20,25,556.00,466.00,18.00,9.00,1.00,-1,-1,-1
20,27,1513.00,707.00,18.00,10.00,1.00,-1,-1,-1
20,28,966.00,560.00,23.00,38.00,1.00,-1,-1,-1
20,29,482.00,483.00,43.00,30.00,1.00,-1,-1,-1
20,30,494.00,449.00,25.00,16.00,1.00,-1,-1,-1
20,31,1181.00,640.00,18.00,12.00,1.00,-1,-1,-1
20,36,745.00,504.00,39.00,43.00,1.00,-1,-1,-1
20,39,736.00,536.00,25.00,11.00,1.00,-1,-1,-1
20,40,1746.00,640.00,23.00,13.00,1.00,-1,-1,-1
20,42,737.00,530.00,22.00,17.00,1.00,-1,-1,-1
20,43,488.00,542.00,48.00,25.00,1.00,-1,-1,-1
20,45,1769.00,698.00,17.00,12.00,1.00,-1,-1,-1
20,46,991.00,548.00,32.00,22.00,1.00,-1,-1,-1
20,55,720.00,492.00,21.00,12.00,1.00,-1,-1,-1
20,58,473.00,557.00,36.00,10.00,1.00,-1,-1,-1
20,60,1135.00,622.00,30.00,24.00,1.00,-1,-1,-1
20,65,448.00,449.00,16.00,12.00,1.00,-1,-1,-1
21,2,1054.00,644.00,32.00,14.00,1.00,-1,-1,-1
21,4,1373.00,599.00,17.00,12.00,1.00,-1,-1,-1
21,5,558.00,583.00,18.00,15.00,1.00,-1,-1,-1
21,6,1181.00,571.00,20.00,15.00,1.00,-1,-1,-1
21,7,950.00,553.00,64.00,53.00,1.00,-1,-1,-1
21,9,563.00,616.00,33.00,18.00,1.00,-1,-1,-1
21,10,739.00,519.00,26.00,27.00,1.00,-1,-1,-1
21,11,1796.00,668.00,21.00,26.00,1.00,-1,-1,-1
21,13,464.00,456.00,37.00,57.00,1.00,-1,-1,-1
21,14,1784.00,647.00,14.00,18.00,1.00,-1,-1,-1
21,15,1559.00,623.00,16.00,14.00,1.00,-1,-1,-1
21,16,509.00,498.00,22.00,16.00,1.00,-1,-1,-1
21,17,777.00,589.00,20.00,10.00,1.00,-1,-1,-1
21,18,609.00,463.00,20.00,17.00,1.00,-1,-1,-1
21,20,510.00,566.00,16.00,11.00,1.00,-1,-1,-1
21,22,559.00,464.00,23.00,14.00,1.00,-1,-1,-1
21,25,560.00,467.00,18.00,9.00,1.00,-1,-1,-1
21,27,1513.00,707.00,18.00,10.00,1.00,-1,-1,-1
21,28,971.00,562.00,23.00,38.00,1.00,-1,-1,-1
21,29,485.00,484.00,43.00,30.00,1.00,-1,-1,-1
21,30,498.00,450.00,25.00,16.00,1.00,-1,-1,-1
21,31,1200.00,648.00,18.00,12.00,1.00,-1,-1,-1
21,36,780.00,501.00,39.00,43.00,1.00,-1,-1,-1
21,39,738.00,539.00,25.00,11.00,1.00,-1,-1,-1
21,40,1746.00,642.00,23.00,13.00,1.00,-1,-1,-1
21,42,740.00,534.00,22.00,17.00,1.00,-1,-1,-1
21,43,491.00,545.00,48.00,25.00,1.00,-1,-1,-1
21,45,1769.00,698.00,17.00,12.00,1.00,-1,-1,-1
21,46,989.00,552.00,32.00,22.00,1.00,-1,-1,-1
21,55,723.00,493.00,21.00,12.00,1.00,-1,-1,-1
21,58,478.00,564.00,36.00,10.00,1.00,-1,-1,-1
21,60,1135.00,622.00,30.00,24.00,1.00,-1,-1,-1
21,65,452.00,450.00,16.00,12.00,1.00,-1,-1,-1
22,2,1072.00,650.00,32.00,14.00,1.00,-1,-1,-1
22,4,1376.00,601.00,17.00,12.00,1.00,-1,-1,-1
22,5,558.00,583.00,18.00,15.00,1.00,-1,-1,-1
22,6,1186.00,575.00,20.00,12.00,1.00,-1,-1,-1
22,7,954.00,557.00,64.00,53.00,1.00,-1,-1,-1
22,9,566.00,619.00,33.00,18.00,1.00,-1,-1,-1
22,10,742.00,521.00,26.00,27.00,1.00,-1,-1,-1
22,11,1800.00,669.00,21.00,26.00,1.00,-1,-1,-1
22,13,469.00,457.00,37.00,57.00,1.00,-1,-1,-1
22,14,1785.00,651.00,14.00,18.00,1.00,-1,-1,-1
22,15,1562.00,626.00,16.00,14.00,1.00,-1,-1,-1
22,16,513.00,499.00,22.00,16.00,1.00,-1,-1,-1
22,17,788.00,595.00,20.00,10.00,1.00,-1,-1,-1
22,18,613.00,465.00,20.00,17.00,1.00,-1,-1,-1
22,20,515.00,568.00,16.00,11.00,1.00,-1,-1,-1
22,22,564.00,470.00,18.00,9.00,1.00,-1,-1,-1
22,25,565.00,468.00,18.00,9.00,1.00,-1,-1,-1
22,27,1513.00,707.00,18.00,10.00,1.00,-1,-1,-1
22,28,975.00,566.00,23.00,38.00,1.00,-1,-1,-1
22,29,490.00,485.00,43.00,30.00,1.00,-1,-1,-1
22,30,503.00,451.00,25.00,16.00,1.00,-1,-1,-1
22,31,1215.00,654.00,18.00,12.00,1.00,-1,-1,-1
22,36,779.00,506.00,39.00,43.00,1.00,-1,-1,-1
22,39,741.00,542.00,25.00,11.00,1.00,-1,-1,-1
22,40,1747.00,645.00,23.00,13.00,1.00,-1,-1,-1
22,42,742.00,537.00,22.00,17.00,1.00,-1,-1,-1
22,43,495.00,545.00,44.00,19.00,1.00,-1,-1,-1
22,45,1768.00,701.00,17.00,12.00,1.00,-1,-1,-1
22,46,1000.00,552.00,32.00,22.00,1.00,-1,-1,-1
22,55,728.00,495.00,21.00,12.00,1.00,-1,-1,-1
22,58,487.00,570.00,36.00,10.00,1.00,-1,-1,-1
22,60,1135.00,622.00,30.00,24.00,1.00,-1,-1,-1
22,65,457.00,452.00,16.00,12.00,1.00,-1,-1,-1
23,2,1086.00,656.00,32.00,14.00,1.00,-1,-1,-1
23,4,1378.00,605.00,17.00,12.00,1.00,-1,-1,-1
23,5,558.00,583.00,18.00,15.00,1.00,-1,-1,-1
23,6,1190.00,576.00,21.00,14.00,1.00,-1,-1,-1
23,7,959.00,559.00,64.00,53.00,1.00,-1,-1,-1
23,9,569.00,621.00,33.00,18.00,1.00,-1,-1,-1
23,10,745.00,523.00,26.00,27.00,1.00,-1,-1,-1
23,11,1800.00,674.00,21.00,26.00,1.00,-1,-1,-1
23,13,470.00,461.00,37.00,57.00,1.00,-1,-1,-1
23,14,1784.00,656.00,17.00,16.00,1.00,-1,-1,-1
23,15,1559.00,629.00,24.00,14.00,1.00,-1,-1,-1
23,16,520.00,502.00,21.00,15.00,1.00,-1,-1,-1
23,17,793.00,602.00,20.00,10.00,1.00,-1,-1,-1
23,18,620.00,464.00,22.00,18.00,1.00,-1,-1,-1
23,20,517.00,571.00,16.00,11.00,1.00,-1,-1,-1
23,22,569.00,469.00,21.00,11.00,1.00,-1,-1,-1
23,25,569.00,470.00,18.00,9.00,1.00,-1,-1,-1
23,28,980.00,568.00,23.00,38.00,1.00,-1,-1,-1
23,29,494.00,487.00,43.00,30.00,1.00,-1,-1,-1
23,30,512.00,452.00,23.00,15.00,1.00,-1,-1,-1
23,31,1233.00,661.00,18.00,12.00,1.00,-1,-1,-1
23,36,773.00,512.00,39.00,43.00,1.00,-1,-1,-1
23,39,731.00,544.00,25.00,11.00,1.00,-1,-1,-1
23,40,1744.00,647.00,29.00,18.00,1.00,-1,-1,-1
23,41,588.00,627.00,22.00,12.00,1.00,-1,-1,-1
23,42,738.00,539.00,22.00,17.00,1.00,-1,-1,-1
23,43,528.00,550.00,18.00,27.00,1.00,-1,-1,-1
23,45,1769.00,704.00,17.00,12.00,1.00,-1,-1,-1
23,46,1003.00,553.00,33.00,36.00,1.00,-1,-1,-1
23,55,732.00,497.00,21.00,12.00,1.00,-1,-1,-1
23,58,494.00,576.00,36.00,10.00,1.00,-1,-1,-1
23,60,1135.00,622.00,30.00,24.00,1.00,-1,-1,-1
23,64,784.00,498.00,22.00,16.00,1.00,-1,-1,-1
23,65,462.00,453.00,18.00,12.00,1.00,-1,-1,-1
24,2,1100.00,663.00,32.00,14.00,1.00,-1,-1,-1
24,4,1383.00,606.00,16.00,10.00,1.00,-1,-1,-1
24,5,558.00,583.00,18.00,15.00,1.00,-1,-1,-1
24,6,1189.00,578.00,23.00,17.00,1.00,-1,-1,-1
24,7,962.00,562.00,64.00,53.00,1.00,-1,-1,-1
24,9,587.00,629.00,24.00,15.00,1.00,-1,-1,-1
24,10,747.00,525.00,26.00,27.00,1.00,-1,-1,-1
24,11,1804.00,675.00,21.00,26.00,1.00,-1,-1,-1
24,13,475.00,463.00,37.00,57.00,1.00,-1,-1,-1
24,14,1780.00,658.00,20.00,17.00,1.00,-1,-1,-1
24,15,1554.00,632.00,28.00,15.00,1.00,-1,-1,-1
24,16,522.00,503.00,21.00,15.00,1.00,-1,-1,-1
24,17,803.00,607.00,20.00,10.00,1.00,-1,-1,-1
24,18,621.00,466.00,23.00,18.00,1.00,-1,-1,-1
24,20,521.00,573.00,16.00,11.00,1.00,-1,-1,-1
24,22,572.00,468.00,20.00,14.00,1.00,-1,-1,-1
24,25,573.00,471.00,18.00,9.00,1.00,-1,-1,-1
24,28,982.00,572.00,23.00,38.00,1.00,-1,-1,-1
24,29,499.00,489.00,44.00,29.00,1.00,-1,-1,-1
24,30,514.00,454.00,24.00,15.00,1.00,-1,-1,-1
24,31,1247.00,667.00,18.00,12.00,1.00,-1,-1,-1
24,36,775.00,514.00,39.00,43.00,1.00,-1,-1,-1
24,39,727.00,545.00,25.00,11.00,1.00,-1,-1,-1
24,40,1743.00,648.00,29.00,18.00,1.00,-1,-1,-1
24,41,590.00,629.00,22.00,12.00,1.00,-1,-1,-1
24,42,734.00,540.00,22.00,17.00,1.00,-1,-1,-1
24,43,532.00,552.00,18.00,27.00,1.00,-1,-1,-1
24,45,1769.00,706.00,17.00,12.00,1.00,-1,-1,-1
24,46,993.00,554.00,39.00,42.00,1.00,-1,-1,-1
24,55,736.00,495.00,29.00,19.00,1.00,-1,-1,-1
24,58,522.00,582.00,36.00,10.00,1.00,-1,-1,-1
24,60,1135.00,622.00,30.00,24.00,1.00,-1,-1,-1
24,64,784.00,501.00,24.00,16.00,1.00,-1,-1,-1
24,65,465.00,454.00,19.00,13.00,1.00,-1,-1,-1
24,78,569.00,574.00,21.00,14.00,1.00,-1,-1,-1
25,2,1113.00,669.00,32.00,14.00,1.00,-1,-1,-1
25,4,1386.00,608.00,15.00,10.00,1.00,-1,-1,-1
25,5,558.00,583.00,18.00,15.00,1.00,-1,-1,-1
25,6,1182.00,585.00,23.00,17.00,1.00,-1,-1,-1
25,7,964.00,564.00,64.00,53.00,1.00,-1,-1,-1
25,9,590.00,632.00,23.00,14.00,1.00,-1,-1,-1
25,10,750.00,527.00,26.00,27.00,1.00,-1,-1,-1
25,11,1818.00,673.00,21.00,26.00,1.00,-1,-1,-1
25,13,471.00,467.00,37.00,57.00,1.00,-1,-1,-1
25,14,1787.00,661.00,18.00,27.00,1.00,-1,-1,-1
25,15,1558.00,635.00,25.00,13.00,1.00,-1,-1,-1
25,16,526.00,504.00,21.00,15.00,1.00,-1,-1,-1
25,17,808.00,613.00,20.00,10.00,1.00,-1,-1,-1
25,18,625.00,468.00,23.00,17.00,1.00,-1,-1,-1
25,20,525.00,575.00,16.00,11.00,1.00,-1,-1,-1
25,22,578.00,464.00,25.00,18.00,1.00,-1,-1,-1
25,25,577.00,472.00,18.00,9.00,1.00,-1,-1,-1
25,28,991.00,581.00,33.00,24.00,1.00,-1,-1,-1
25,29,504.00,495.00,42.00,25.00,1.00,-1,-1,-1
25,30,516.00,448.00,26.00,23.00,1.00,-1,-1,-1
25,31,1261.00,675.00,18.00,12.00,1.00,-1,-1,-1
25,36,772.00,517.00,39.00,43.00,1.00,-1,-1,-1
25,39,747.00,546.00,25.00,11.00,1.00,-1,-1,-1
25,40,1743.00,651.00,29.00,18.00,1.00,-1,-1,-1
25,41,594.00,630.00,22.00,12.00,1.00,-1,-1,-1
25,42,761.00,539.00,22.00,17.00,1.00,-1,-1,-1
25,43,536.00,554.00,18.00,27.00,1.00,-1,-1,-1
25,45,1769.00,709.00,17.00,12.00,1.00,-1,-1,-1
25,46,992.00,557.00,39.00,42.00,1.00,-1,-1,-1
25,52,470.00,449.00,29.00,20.00,1.00,-1,-1,-1
25,55,739.00,502.00,19.00,13.00,1.00,-1,-1,-1
25,58,538.00,591.00,36.00,10.00,1.00,-1,-1,-1
25,64,789.00,502.00,24.00,18.00,1.00,-1,-1,-1
25,65,469.00,455.00,19.00,13.00,1.00,-1,-1,-1
25,72,773.00,533.00,23.00,16.00,1.00,-1,-1,-1
25,78,573.00,576.00,20.00,14.00,1.00,-1,-1,-1
26,2,1133.00,675.00,32.00,14.00,1.00,-1,-1,-1
26,4,1389.00,610.00,15.00,10.00,1.00,-1,-1,-1
26,6,1185.00,587.00,23.00,17.00,1.00,-1,-1,-1
26,7,968.00,566.00,64.00,53.00,1.00,-1,-1,-1
26,9,593.00,634.00,23.00,14.00,1.00,-1,-1,-1
26,10,751.00,529.00,26.00,27.00,1.00,-1,-1,-1
26,11,1818.00,673.00,21.00,26.00,1.00,-1,-1,-1
26,13,466.00,470.00,37.00,57.00,1.00,-1,-1,-1
26,14,1786.00,664.00,18.00,27.00,1.00,-1,-1,-1
26,15,1560.00,637.00,25.00,13.00,1.00,-1,-1,-1
26,16,531.00,506.00,21.00,15.00,1.00,-1,-1,-1
26,17,821.00,619.00,20.00,10.00,1.00,-1,-1,-1
26,18,630.00,468.00,23.00,17.00,1.00,-1,-1,-1
26,20,529.00,578.00,16.00,11.00,1.00,-1,-1,-1
26,22,582.00,465.00,25.00,18.00,1.00,-1,-1,-1
26,25,581.00,474.00,18.00,9.00,1.00,-1,-1,-1
26,28,993.00,583.00,33.00,24.00,1.00,-1,-1,-1
26,29,508.00,496.00,42.00,25.00,1.00,-1,-1,-1
26,30,521.00,449.00,26.00,23.00,1.00,-1,-1,-1
26,31,1277.00,681.00,18.00,12.00,1.00,-1,-1,-1
26,36,774.00,517.00,39.00,43.00,1.00,-1,-1,-1
26,39,749.00,548.00,25.00,11.00,1.00,-1,-1,-1
26,40,1744.00,654.00,29.00,18.00,1.00,-1,-1,-1
26,41,598.00,632.00,22.00,12.00,1.00,-1,-1,-1
26,42,765.00,540.00,22.00,17.00,1.00,-1,-1,-1
26,43,542.00,557.00,18.00,27.00,1.00,-1,-1,-1
26,45,1768.00,714.00,17.00,12.00,1.00,-1,-1,-1
26,46,993.00,560.00,39.00,42.00,1.00,-1,-1,-1
26,52,475.00,449.00,29.00,20.00,1.00,-1,-1,-1
26,55,743.00,503.00,19.00,13.00,1.00,-1,-1,-1
26,58,529.00,594.00,36.00,10.00,1.00,-1,-1,-1
26,64,787.00,507.00,24.00,18.00,1.00,-1,-1,-1
26,65,475.00,456.00,19.00,13.00,1.00,-1,-1,-1
26,72,776.00,533.00,23.00,16.00,1.00,-1,-1,-1
26,78,578.00,578.00,20.00,14.00,1.00,-1,-1,-1
27,2,1150.00,682.00,32.00,14.00,1.00,-1,-1,-1
27,4,1393.00,612.00,15.00,10.00,1.00,-1,-1,-1
27,6,1187.00,589.00,23.00,17.00,1.00,-1,-1,-1
27,7,970.00,568.00,64.00,53.00,1.00,-1,-1,-1
27,9,599.00,637.00,21.00,12.00,1.00,-1,-1,-1
27,10,757.00,528.00,26.00,27.00,1.00,-1,-1,-1
27,11,1818.00,673.00,21.00,26.00,1.00,-1,-1,-1
27,13,469.00,472.00,37.00,57.00,1.00,-1,-1,-1
27,14,1786.00,665.00,16.00,16.00,1.00,-1,-1,-1
27,15,1563.00,639.00,24.00,13.00,1.00,-1,-1,-1
27,16,535.00,507.00,21.00,15.00,1.00,-1,-1,-1
27,17,834.00,625.00,20.00,10.00,1.00,-1,-1,-1
27,18,636.00,470.00,21.00,16.00,1.00,-1,-1,-1
27,20,533.00,580.00,16.00,11.00,1.00,-1,-1,-1
27,22,587.00,472.00,18.00,12.00,1.00,-1,-1,-1
27,25,586.00,475.00,18.00,9.00,1.00,-1,-1,-1
27,28,995.00,585.00,33.00,24.00,1.00,-1,-1,-1
27,29,511.00,497.00,42.00,25.00,1.00,-1,-1,-1
27,30,527.00,458.00,25.00,14.00,1.00,-1,-1,-1
27,31,1286.00,688.00,18.00,12.00,1.00,-1,-1,-1
27,36,777.00,519.00,39.00,43.00,1.00,-1,-1,-1
27,39,755.00,548.00,25.00,11.00,1.00,-1,-1,-1
27,40,1743.00,656.00,29.00,18.00,1.00,-1,-1,-1
27,41,601.00,634.00,22.00,12.00,1.00,-1,-1,-1
27,42,771.00,538.00,22.00,17.00,1.00,-1,-1,-1
27,43,545.00,559.00,18.00,27.00,1.00,-1,-1,-1
27,45,1768.00,717.00,17.00,12.00,1.00,-1,-1,-1
27,46,996.00,564.00,39.00,42.00,1.00,-1,-1,-1
27,51,482.00,500.00,37.00,20.00,1.00,-1,-1,-1
27,52,479.00,450.00,29.00,20.00,1.00,-1,-1,-1
27,55,746.00,505.00,19.00,13.00,1.00,-1,-1,-1
27,58,529.00,594.00,36.00,10.00,1.00,-1,-1,-1
27,64,799.00,505.00,22.00,15.00,1.00,-1,-1,-1
27,65,478.00,457.00,19.00,13.00,1.00,-1,-1,-1
27,72,780.00,534.00,23.00,16.00,1.00,-1,-1,-1
27,78,580.00,580.00,20.00,14.00,1.00,-1,-1,-1
27,85,1200.00,583.00,21.00,14.00,1.00,-1,-1,-1
28,2,1176.00,688.00,32.00,14.00,1.00,-1,-1,-1
28,4,1390.00,614.00,22.00,11.00,1.00,-1,-1,-1
28,6,1190.00,591.00,23.00,17.00,1.00,-1,-1,-1
28,7,972.00,577.00,64.00,53.00,1.00,-1,-1,-1
28,9,601.00,638.00,23.00,13.00,1.00,-1,-1,-1
28,10,761.00,532.00,26.00,27.00,1.00,-1,-1,-1
28,11,1818.00,673.00,21.00,26.00,1.00,-1,-1,-1
28,13,471.00,474.00,37.00,57.00,1.00,-1,-1,-1
28,14,1785.00,668.00,17.00,16.00,1.00,-1,-1,-1
28,15,1565.00,641.00,25.00,13.00,1.00,-1,-1,-1
28,16,537.00,507.00,24.00,17.00,1.00,-1,-1,-1
28,17,841.00,630.00,20.00,10.00,1.00,-1,-1,-1
28,18,640.00,470.00,23.00,17.00,1.00,-1,-1,-1
28,20,536.00,582.00,16.00,11.00,1.00,-1,-1,-1
28,22,587.00,473.00,23.00,13.00,1.00,-1,-1,-1
28,25,588.00,476.00,18.00,9.00,1.00,-1,-1,-1
28,28,977.00,594.00,33.00,24.00,1.00,-1,-1,-1
28,29,515.00,498.00,42.00,25.00,1.00,-1,-1,-1
28,30,533.00,458.00,25.00,15.00,1.00,-1,-1,-1
28,31,1300.00,693.00,18.00,12.00,1.00,-1,-1,-1
28,36,783.00,521.00,39.00,43.00,1.00,-1,-1,-1
28,39,760.00,551.00,25.00,11.00,1.00,-1,-1,-1
28,40,1743.00,657.00,29.00,18.00,1.00,-1,-1,-1
28,41,604.00,636.00,22.00,12.00,1.00,-1,-1,-1
28,42,776.00,540.00,22.00,17.00,1.00,-1,-1,-1
28,43,549.00,561.00,18.00,27.00,1.00,-1,-1,-1
28,45,1767.00,717.00,17.00,12.00,1.00,-1,-1,-1
28,46,999.00,567.00,39.00,42.00,1.00,-1,-1,-1
28,51,485.00,510.00,22.00,12.00,1.00,-1,-1,-1
28,52,483.00,451.00,29.00,20.00,1.00,-1,-1,-1
28,55,749.00,506.00,19.00,13.00,1.00,-1,-1,-1
28,58,529.00,594.00,36.00,10.00,1.00,-1,-1,-1
28,64,801.00,505.00,25.00,17.00,1.00,-1,-1,-1
28,65,483.00,458.00,19.00,13.00,1.00,-1,-1,-1
28,72,785.00,536.00,23.00,16.00,1.00,-1,-1,-1
28,78,584.00,581.00,22.00,12.00,1.00,-1,-1,-1
28,85,1202.00,585.00,23.00,14.00,1.00,-1,-1,-1
28,92,995.00,598.00,18.00,15.00,1.00,-1,-1,-1
29,2,1176.00,688.00,32.00,14.00,1.00,-1,-1,-1
29,4,1389.00,614.00,21.00,14.00,1.00,-1,-1,-1
29,6,1193.00,592.00,23.00,17.00,1.00,-1,-1,-1
29,7,969.00,579.00,64.00,53.00,1.00,-1,-1,-1
29,9,599.00,631.00,25.00,20.00,1.00,-1,-1,-1
29,10,772.00,539.00,26.00,27.00,1.00,-1,-1,-1
29,11,1818.00,673.00,21.00,26.00,1.00,-1,-1,-1
29,13,475.00,476.00,37.00,57.00,1.00,-1,-1,-1
29,14,1785.00,672.00,16.00,13.00,1.00,-1,-1,-1
29,15,1559.00,644.00,27.00,12.00,1.00,-1,-1,-1
29,16,541.00,508.00,24.00,17.00,1.00,-1,-1,-1
29,17,847.00,635.00,20.00,10.00,1.00,-1,-1,-1
29,18,643.00,472.00,20.00,15.00,1.00,-1,-1,-1
29,20,541.00,583.00,16.00,11.00,1.00,-1,-1,-1
29,22,592.00,468.00,30.00,20.00,1.00,-1,-1,-1
29,25,592.00,476.00,18.00,9.00,1.00,-1,-1,-1
29,28,980.00,602.00,33.00,18.00,1.00,-1,-1,-1
29,29,520.00,499.00,42.00,25.00,1.00,-1,-1,-1
29,30,537.00,459.00,25.00,15.00,1.00,-1,-1,-1
29,31,1312.00,699.00,18.00,12.00,1.00,-1,-1,-1
29,36,783.00,520.00,39.00,43.00,1.00,-1,-1,-1
29,39,774.00,550.00,25.00,11.00,1.00,-1,-1,-1
29,40,1745.00,659.00,29.00,18.00,1.00,-1,-1,-1
29,41,608.00,637.00,22.00,12.00,1.00,-1,-1,-1
29,42,780.00,541.00,22.00,17.00,1.00,-1,-1,-1
29,43,553.00,562.00,18.00,27.00,1.00,-1,-1,-1
29,45,1767.00,716.00,17.00,12.00,1.00,-1,-1,-1
29,46,1001.00,569.00,39.00,42.00,1.00,-1,-1,-1
29,51,491.00,505.00,29.00,18.00,1.00,-1,-1,-1
29,52,488.00,452.00,29.00,20.00,1.00,-1,-1,-1
29,55,756.00,509.00,23.00,12.00,1.00,-1,-1,-1
29,58,529.00,594.00,36.00,10.00,1.00,-1,-1,-1
29,64,805.00,508.00,22.00,14.00,1.00,-1,-1,-1
29,65,487.00,459.00,19.00,13.00,1.00,-1,-1,-1
29,72,792.00,537.00,23.00,16.00,1.00,-1,-1,-1
29,73,1154.00,577.00,40.00,16.00,1.00,-1,-1,-1
29,78,587.00,582.00,22.00,12.00,1.00,-1,-1,-1
29,85,1205.00,587.00,25.00,17.00,1.00,-1,-1,-1
29,92,991.00,600.00,18.00,15.00,1.00,-1,-1,-1
29,94,1023.00,565.00,19.00,10.00,1.00,-1,-1,-1
30,2,1176.00,688.00,32.00,14.00,1.00,-1,-1,-1
30,4,1391.00,615.00,21.00,14.00,1.00,-1,-1,-1
30,6,1196.00,594.00,23.00,17.00,1.00,-1,-1,-1
30,7,967.00,579.00,64.00,53.00,1.00,-1,-1,-1
30,9,601.00,632.00,25.00,20.00,1.00,-1,-1,-1
30,10,777.00,542.00,26.00,27.00,1.00,-1,-1,-1
30,11,1818.00,673.00,21.00,26.00,1.00,-1,-1,-1
30,13,479.00,476.00,37.00,57.00,1.00,-1,-1,-1
30,14,1787.00,672.00,14.00,12.00,1.00,-1,-1,-1
30,15,1560.00,646.00,27.00,12.00,1.00,-1,-1,-1
30,16,545.00,508.00,24.00,17.00,1.00,-1,-1,-1
30,17,864.00,641.00,20.00,10.00,1.00,-1,-1,-1
30,18,656.00,469.00,20.00,15.00,1.00,-1,-1,-1
30,20,544.00,585.00,16.00,11.00,1.00,-1,-1,-1
30,22,596.00,468.00,30.00,20.00,1.00,-1,-1,-1
30,25,595.00,475.00,17.00,11.00,1.00,-1,-1,-1
30,28,976.00,601.00,33.00,18.00,1.00,-1,-1,-1
30,29,523.00,500.00,42.00,25.00,1.00,-1,-1,-1
30,30,542.00,459.00,25.00,15.00,1.00,-1,-1,-1
30,31,1314.00,704.00,18.00,12.00,1.00,-1,-1,-1
30,36,789.00,526.00,39.00,43.00,1.00,-1,-1,-1
30,39,777.00,553.00,25.00,11.00,1.00,-1,-1,-1
30,40,1744.00,662.00,29.00,18.00,1.00,-1,-1,-1
30,41,611.00,639.00,22.00,12.00,1.00,-1,-1,-1
30,42,788.00,542.00,22.00,17.00,1.00,-1,-1,-1
30,43,556.00,564.00,18.00,27.00,1.00,-1,-1,-1
30,45,1767.00,716.00,17.00,12.00,1.00,-1,-1,-1
30,46,1001.00,572.00,39.00,42.00,1.00,-1,-1,-1
30,51,495.00,505.00,29.00,18.00,1.00,-1,-1,-1
30,52,492.00,453.00,29.00,20.00,1.00,-1,-1,-1
30,55,760.00,510.00,23.00,12.00,1.00,-1,-1,-1
30,58,529.00,594.00,36.00,10.00,1.00,-1,-1,-1
30,64,809.00,508.00,22.00,14.00,1.00,-1,-1,-1
30,65,492.00,459.00,19.00,13.00,1.00,-1,-1,-1
30,72,804.00,543.00,23.00,16.00,1.00,-1,-1,-1
30,73,1157.00,578.00,40.00,16.00,1.00,-1,-1,-1
30,78,591.00,584.00,22.00,12.00,1.00,-1,-1,-1
30,85,1204.00,591.00,25.00,17.00,1.00,-1,-1,-1
30,92,990.00,600.00,18.00,15.00,1.00,-1,-1,-1
30,94,1026.00,566.00,19.00,10.00,1.00,-1,-1,-1
31,2,1176.00,688.00,32.00,14.00,1.00,-1,-1,-1
31,4,1393.00,617.00,21.00,14.00,1.00,-1,-1,-1
31,6,1198.00,595.00,23.00,17.00,1.00,-1,-1,-1
31,7,976.00,582.00,64.00,53.00,1.00,-1,-1,-1
31,9,604.00,634.00,25.00,20.00,1.00,-1,-1,-1
31,10,770.00,547.00,26.00,27.00,1.00,-1,-1,-1
31,13,483.00,477.00,37.00,57.00,1.00,-1,-1,-1
31,14,1786.00,675.00,15.00,13.00,1.00,-1,-1,-1
31,15,1562.00,647.00,27.00,12.00,1.00,-1,-1,-1
31,16,548.00,512.00,21.00,12.00,1.00,-1,-1,-1
31,17,873.00,645.00,20.00,10.00,1.00,-1,-1,-1
31,18,654.00,475.00,20.00,15.00,1.00,-1,-1,-1
31,20,547.00,587.00,16.00,11.00,1.00,-1,-1,-1
31,22,599.00,477.00,20.00,11.00,1.00,-1,-1,-1
31,25,598.00,475.00,17.00,11.00,1.00,-1,-1,-1
31,28,964.00,605.00,33.00,18.00,1.00,-1,-1,-1
31,29,526.00,500.00,42.00,25.00,1.00,-1,-1,-1
31,30,546.00,460.00,25.00,15.00,1.00,-1,-1,-1
31,31,1323.00,711.00,18.00,12.00,1.00,-1,-1,-1
31,36,789.00,526.00,39.00,43.00,1.00,-1,-1,-1
31,39,771.00,558.00,25.00,11.00,1.00,-1,-1,-1
31,40,1744.00,664.00,29.00,18.00,1.00,-1,-1,-1
31,41,614.00,640.00,22.00,12.00,1.00,-1,-1,-1
31,42,783.00,547.00,22.00,17.00,1.00,-1,-1,-1
31,43,560.00,565.00,18.00,27.00,1.00,-1,-1,-1
31,45,1766.00,716.00,17.00,12.00,1.00,-1,-1,-1
31,46,1003.00,573.00,39.00,42.00,1.00,-1,-1,-1
31,51,498.00,506.00,29.00,18.00,1.00,-1,-1,-1
31,52,496.00,454.00,29.00,20.00,1.00,-1,-1,-1
31,55,763.00,510.00,23.00,12.00,1.00,-1,-1,-1
31,58,529.00,594.00,36.00,10.00,1.00,-1,-1,-1
31,64,809.00,510.00,22.00,14.00,1.00,-1,-1,-1
31,65,496.00,460.00,19.00,13.00,1.00,-1,-1,-1
31,72,804.00,543.00,23.00,16.00,1.00,-1,-1,-1
31,73,1158.00,580.00,40.00,16.00,1.00,-1,-1,-1
31,78,594.00,585.00,22.00,12.00,1.00,-1,-1,-1
31,85,1206.00,596.00,25.00,17.00,1.00,-1,-1,-1
31,92,1003.00,602.00,18.00,15.00,1.00,-1,-1,-1
31,94,1028.00,568.00,19.00,10.00,1.00,-1,-1,-1
32,2,1176.00,688.00,32.00,14.00,1.00,-1,-1,-1
32,4,1400.00,619.00,22.00,12.00,1.00,-1,-1,-1
32,6,1201.00,596.00,23.00,17.00,1.00,-1,-1,-1
32,7,968.00,584.00,64.00,53.00,1.00,-1,-1,-1
32,9,573.00,634.00,64.00,22.00,1.00,-1,-1,-1
32,10,799.00,551.00,26.00,27.00,1.00,-1,-1,-1
32,13,487.00,474.00,37.00,57.00,1.00,-1,-1,-1
32,14,1783.00,675.00,24.00,16.00,1.00,-1,-1,-1
32,15,1575.00,646.00,22.00,13.00,1.00,-1,-1,-1
32,16,549.00,513.00,21.00,12.00,1.00,-1,-1,-1
32,17,885.00,651.00,20.00,10.00,1.00,-1,-1,-1
32,18,654.00,472.00,27.00,18.00,1.00,-1,-1,-1
32,20,550.00,588.00,17.00,11.00,1.00,-1,-1,-1
32,22,602.00,476.00,32.00,13.00,1.00,-1,-1,-1
32,25,601.00,475.00,17.00,11.00,1.00,-1,-1,-1
32,28,997.00,608.00,33.00,18.00,1.00,-1,-1,-1
32,29,502.00,492.00,74.00,34.00,1.00,-1,-1,-1
32,30,550.00,461.00,25.00,15.00,1.00,-1,-1,-1
32,31,1333.00,716.00,18.00,12.00,1.00,-1,-1,-1
32,36,789.00,526.00,39.00,43.00,1.00,-1,-1,-1
32,39,793.00,561.00,25.00,11.00,1.00,-1,-1,-1
32,40,1743.00,664.00,29.00,18.00,1.00,-1,-1,-1
32,41,616.00,641.00,22.00,12.00,1.00,-1,-1,-1
32,42,776.00,551.00,22.00,17.00,1.00,-1,-1,-1
32,43,563.00,567.00,18.00,27.00,1.00,-1,-1,-1
32,45,1767.00,714.00,17.00,12.00,1.00,-1,-1,-1
32,46,990.00,568.00,39.00,42.00,1.00,-1,-1,-1
32,51,501.00,506.00,29.00,18.00,1.00,-1,-1,-1
32,52,504.00,455.00,70.00,22.00,1.00,-1,-1,-1
32,55,767.00,503.00,40.00,21.00,1.00,-1,-1,-1
32,64,816.00,508.00,27.00,21.00,1.00,-1,-1,-1
32,65,500.00,461.00,19.00,13.00,1.00,-1,-1,-1
32,72,804.00,543.00,23.00,16.00,1.00,-1,-1,-1
32,73,1161.00,580.00,40.00,16.00,1.00,-1,-1,-1
32,78,598.00,586.00,25.00,15.00,1.00,-1,-1,-1
32,85,1219.00,593.00,25.00,17.00,1.00,-1,-1,-1
32,92,1004.00,604.00,18.00,15.00,1.00,-1,-1,-1
32,94,1031.00,562.00,28.00,19.00,1.00,-1,-1,-1
33,2,1176.00,688.00,32.00,14.00,1.00,-1,-1,-1
33,4,1403.00,620.00,22.00,12.00,1.00,-1,-1,-1
33,6,1204.00,597.00,23.00,17.00,1.00,-1,-1,-1
33,7,968.00,584.00,64.00,53.00,1.00,-1,-1,-1
33,9,576.00,635.00,64.00,22.00,1.00,-1,-1,-1
33,10,799.00,551.00,26.00,27.00,1.00,-1,-1,-1
33,13,492.00,474.00,37.00,57.00,1.00,-1,-1,-1
33,14,1777.00,682.00,24.00,16.00,1.00,-1,-1,-1
33,15,1579.00,646.00,17.00,12.00,1.00,-1,-1,-1
33,16,555.00,511.00,23.00,16.00,1.00,-1,-1,-1
33,17,895.00,656.00,20.00,10.00,1.00,-1,-1,-1
33,18,659.00,474.00,28.00,20.00,1.00,-1,-1,-1
33,20,553.00,589.00,17.00,11.00,1.00,-1,-1,-1
33,22,610.00,477.00,17.00,12.00,1.00,-1,-1,-1
33,25,605.00,475.00,17.00,11.00,1.00,-1,-1,-1
33,28,997.00,608.00,33.00,18.00,1.00,-1,-1,-1
33,29,505.00,492.00,74.00,34.00,1.00,-1,-1,-1
33,30,554.00,461.00,25.00,15.00,1.00,-1,-1,-1
33,31,1344.00,721.00,18.00,12.00,1.00,-1,-1,-1
33,36,789.00,526.00,39.00,43.00,1.00,-1,-1,-1
33,39,793.00,566.00,25.00,11.00,1.00,-1,-1,-1
33,40,1744.00,666.00,29.00,18.00,1.00,-1,-1,-1
33,41,617.00,643.00,22.00,14.00,1.00,-1,-1,-1
33,42,776.00,551.00,22.00,17.00,1.00,-1,-1,-1
33,43,566.00,568.00,18.00,27.00,1.00,-1,-1,-1
33,45,1768.00,714.00,17.00,12.00,1.00,-1,-1,-1
33,46,993.00,571.00,39.00,42.00,1.00,-1,-1,-1
33,51,505.00,513.00,19.00,11.00,1.00,-1,-1,-1
33,52,508.00,455.00,70.00,22.00,1.00,-1,-1,-1
33,55,772.00,503.00,40.00,21.00,1.00,-1,-1,-1
33,64,819.00,509.00,25.00,18.00,1.00,-1,-1,-1
33,65,505.00,461.00,19.00,13.00,1.00,-1,-1,-1
33,72,804.00,543.00,23.00,16.00,1.00,-1,-1,-1
33,73,1164.00,581.00,40.00,16.00,1.00,-1,-1,-1
33,78,602.00,589.00,23.00,12.00,1.00,-1,-1,-1
33,85,1207.00,597.00,25.00,17.00,1.00,-1,-1,-1
33,92,1005.00,612.00,18.00,15.00,1.00,-1,-1,-1
33,94,1037.00,566.00,22.00,14.00,1.00,-1,-1,-1
34,4,1405.00,621.00,22.00,12.00,1.00,-1,-1,-1
34,6,1205.00,598.00,23.00,17.00,1.00,-1,-1,-1
34,7,968.00,584.00,64.00,53.00,1.00,-1,-1,-1
34,9,578.00,636.00,64.00,22.00,1.00,-1,-1,-1
34,10,799.00,551.00,26.00,27.00,1.00,-1,-1,-1
34,13,494.00,476.00,37.00,57.00,1.00,-1,-1,-1
34,14,1776.00,684.00,24.00,16.00,1.00,-1,-1,-1
34,15,1580.00,647.00,17.00,12.00,1.00,-1,-1,-1
34,16,558.00,510.00,23.00,16.00,1.00,-1,-1,-1
34,17,911.00,661.00,20.00,10.00,1.00,-1,-1,-1
34,18,666.00,474.00,28.00,20.00,1.00,-1,-1,-1
34,20,556.00,590.00,17.00,11.00,1.00,-1,-1,-1
34,22,613.00,476.00,17.00,12.00,1.00,-1,-1,-1
34,25,608.00,475.00,17.00,11.00,1.00,-1,-1,-1
34,28,997.00,608.00,33.00,18.00,1.00,-1,-1,-1
34,29,509.00,492.00,74.00,34.00,1.00,-1,-1,-1
34,30,557.00,462.00,25.00,15.00,1.00,-1,-1,-1
34,31,1191.00,724.00,18.00,12.00,1.00,-1,-1,-1
34,36,789.00,526.00,39.00,43.00,1.00,-1,-1,-1
34,39,802.00,571.00,25.00,11.00,1.00,-1,-1,-1
34,40,1744.00,668.00,29.00,18.00,1.00,-1,-1,-1
34,41,620.00,644.00,22.00,14.00,1.00,-1,-1,-1
34,42,776.00,551.00,22.00,17.00,1.00,-1,-1,-1
34,43,569.00,569.00,18.00,27.00,1.00,-1,-1,-1
34,45,1767.00,717.00,17.00,12.00,1.00,-1,-1,-1
34,46,982.00,582.00,39.00,42.00,1.00,-1,-1,-1
34,51,508.00,513.00,19.00,11.00,1.00,-1,-1,-1
34,52,512.00,454.00,70.00,22.00,1.00,-1,-1,-1
34,55,774.00,503.00,40.00,21.00,1.00,-1,-1,-1
34,64,822.00,509.00,25.00,18.00,1.00,-1,-1,-1
34,65,509.00,461.00,19.00,13.00,1.00,-1,-1,-1
34,72,804.00,543.00,23.00,16.00,1.00,-1,-1,-1
34,73,1165.00,582.00,40.00,16.00,1.00,-1,-1,-1
34,78,605.00,590.00,23.00,12.00,1.00,-1,-1,-1
34,85,1208.00,598.00,25.00,17.00,1.00,-1,-1,-1
34,92,1005.00,612.00,18.00,15.00,1.00,-1,-1,-1
34,94,1040.00,566.00,22.00,14.00,1.00,-1,-1,-1
35,4,1401.00,624.00,21.00,11.00,1.00,-1,-1,-1
35,6,1207.00,598.00,23.00,17.00,1.00,-1,-1,-1
35,7,968.00,584.00,64.00,53.00,1.00,-1,-1,-1
35,9,620.00,633.00,23.00,26.00,1.00,-1,-1,-1
35,10,799.00,551.00,26.00,27.00,1.00,-1,-1,-1
35,13,496.00,476.00,37.00,57.00,1.00,-1,-1,-1
35,14,1784.00,679.00,17.00,15.00,1.00,-1,-1,-1
35,15,1579.00,650.00,16.00,12.00,1.00,-1,-1,-1
35,16,560.00,511.00,23.00,16.00,1.00,-1,-1,-1
35,17,924.00,666.00,20.00,10.00,1.00,-1,-1,-1
35,18,668.00,476.00,28.00,20.00,1.00,-1,-1,-1
35,20,558.00,592.00,14.00,12.00,1.00,-1,-1,-1
35,22,616.00,476.00,17.00,12.00,1.00,-1,-1,-1
35,25,611.00,475.00,17.00,11.00,1.00,-1,-1,-1
35,28,997.00,608.00,33.00,18.00,1.00,-1,-1,-1
35,29,543.00,490.00,36.00,37.00,1.00,-1,-1,-1
35,30,561.00,464.00,22.00,12.00,1.00,-1,-1,-1
35,31,1205.00,727.00,18.00,12.00,1.00,-1,-1,-1
35,36,789.00,526.00,39.00,43.00,1.00,-1,-1,-1
35,39,811.00,576.00,25.00,11.00,1.00,-1,-1,-1
35,40,1743.00,668.00,29.00,18.00,1.00,-1,-1,-1
35,41,622.00,644.00,22.00,14.00,1.00,-1,-1,-1
35,42,776.00,551.00,22.00,17.00,1.00,-1,-1,-1
35,43,572.00,569.00,18.00,27.00,1.00,-1,-1,-1
35,45,1767.00,719.00,17.00,12.00,1.00,-1,-1,-1
35,46,1000.00,580.00,39.00,42.00,1.00,-1,-1,-1
35,51,510.00,512.00,19.00,11.00,1.00,-1,-1,-1
35,52,515.00,454.00,70.00,22.00,1.00,-1,-1,-1
35,55,776.00,504.00,36.00,21.00,1.00,-1,-1,-1
35,64,823.00,510.00,25.00,18.00,1.00,-1,-1,-1
35,65,511.00,461.00,19.00,13.00,1.00,-1,-1,-1
35,72,804.00,543.00,23.00,16.00,1.00,-1,-1,-1
35,73,1168.00,582.00,40.00,16.00,1.00,-1,-1,-1
35,78,608.00,590.00,23.00,12.00,1.00,-1,-1,-1
35,85,1209.00,599.00,25.00,17.00,1.00,-1,-1,-1
35,92,1005.00,612.00,18.00,15.00,1.00,-1,-1,-1
35,94,1040.00,567.00,26.00,16.00,1.00,-1,-1,-1
35,113,1219.00,593.00,21.00,14.00,1.00,-1,-1,-1
36,4,1408.00,621.00,17.00,11.00,1.00,-1,-1,-1
36,6,1209.00,598.00,23.00,17.00,1.00,-1,-1,-1
36,7,968.00,584.00,64.00,53.00,1.00,-1,-1,-1
36,9,624.00,637.00,23.00,21.00,1.00,-1,-1,-1
36,10,799.00,551.00,26.00,27.00,1.00,-1,-1,-1
36,13,503.00,469.00,37.00,57.00,1.00,-1,-1,-1
36,14,1782.00,679.00,19.00,17.00,1.00,-1,-1,-1
36,15,1573.00,652.00,22.00,11.00,1.00,-1,-1,-1
36,16,562.00,510.00,23.00,16.00,1.00,-1,-1,-1
36,17,924.00,666.00,20.00,10.00,1.00,-1,-1,-1
36,18,670.00,476.00,28.00,20.00,1.00,-1,-1,-1
36,20,561.00,593.00,14.00,11.00,1.00,-1,-1,-1
36,22,619.00,476.00,17.00,12.00,1.00,-1,-1,-1
36,25,614.00,475.00,17.00,11.00,1.00,-1,-1,-1
36,28,997.00,608.00,33.00,18.00,1.00,-1,-1,-1
36,29,517.00,493.00,56.00,34.00,1.00,-1,-1,-1
36,30,564.00,464.00,22.00,12.00,1.00,-1,-1,-1
36,31,1230.00,731.00,18.00,12.00,1.00,-1,-1,-1
36,39,827.00,580.00,25.00,11.00,1.00,-1,-1,-1
36,40,1743.00,668.00,29.00,18.00,1.00,-1,-1,-1
36,41,625.00,644.00,22.00,14.00,1.00,-1,-1,-1
36,42,776.00,551.00,22.00,17.00,1.00,-1,-1,-1
36,43,575.00,569.00,18.00,27.00,1.00,-1,-1,-1
36,45,1768.00,718.00,17.00,12.00,1.00,-1,-1,-1
36,46,1005.00,582.00,39.00,42.00,1.00,-1,-1,-1
36,51,513.00,512.00,19.00,11.00,1.00,-1,-1,-1
36,52,518.00,454.00,70.00,22.00,1.00,-1,-1,-1
36,55,778.00,503.00,36.00,21.00,1.00,-1,-1,-1
36,64,824.00,510.00,26.00,18.00,1.00,-1,-1,-1
36,65,515.00,457.00,24.00,16.00,1.00,-1,-1,-1
36,73,1169.00,582.00,40.00,16.00,1.00,-1,-1,-1
36,78,611.00,590.00,23.00,12.00,1.00,-1,-1,-1
36,85,1210.00,599.00,25.00,17.00,1.00,-1,-1,-1
36,92,1005.00,612.00,18.00,15.00,1.00,-1,-1,-1
36,94,1041.00,570.00,26.00,16.00,1.00,-1,-1,-1
36,112,779.00,513.00,19.00,13.00,1.00,-1,-1,-1
36,113,1217.00,587.00,23.00,19.00,1.00,-1,-1,-1
36,119,617.00,467.00,33.00,17.00,1.00,-1,-1,-1
37,4,1410.00,621.00,17.00,11.00,1.00,-1,-1,-1
37,6,1212.00,598.00,23.00,17.00,1.00,-1,-1,-1
37,7,968.00,584.00,64.00,53.00,1.00,-1,-1,-1
37,9,626.00,637.00,23.00,21.00,1.00,-1,-1,-1
37,10,799.00,551.00,26.00,27.00,1.00,-1,-1,-1
37,13,512.00,469.00,37.00,57.00,1.00,-1,-1,-1
37,14,1787.00,679.00,15.00,16.00,1.00,-1,-1,-1
37,15,1574.00,652.00,22.00,11.00,1.00,-1,-1,-1
37,16,565.00,510.00,23.00,16.00,1.00,-1,-1,-1
37,17,924.00,666.00,20.00,10.00,1.00,-1,-1,-1
37,18,667.00,479.00,28.00,20.00,1.00,-1,-1,-1
37,20,564.00,593.00,14.00,11.00,1.00,-1,-1,-1
37,22,622.00,475.00,17.00,12.00,1.00,-1,-1,-1
37,25,618.00,474.00,17.00,11.00,1.00,-1,-1,-1
37,28,997.00,608.00,33.00,18.00,1.00,-1,-1,-1
37,29,527.00,494.00,34.00,26.00,1.00,-1,-1,-1
37,30,563.00,469.00,22.00,12.00,1.00,-1,-1,-1
37,31,1230.00,731.00,18.00,12.00,1.00,-1,-1,-1
37,39,841.00,584.00,25.00,11.00,1.00,-1,-1,-1
37,40,1742.00,668.00,29.00,18.00,1.00,-1,-1,-1
37,41,628.00,644.00,22.00,14.00,1.00,-1,-1,-1
37,42,776.00,551.00,22.00,17.00,1.00,-1,-1,-1
37,43,578.00,570.00,18.00,27.00,1.00,-1,-1,-1
37,45,1767.00,721.00,17.00,12.00,1.00,-1,-1,-1
37,46,1007.00,588.00,39.00,42.00,1.00,-1,-1,-1
37,51,516.00,511.00,19.00,11.00,1.00,-1,-1,-1
37,52,522.00,454.00,70.00,22.00,1.00,-1,-1,-1
37,55,781.00,503.00,36.00,21.00,1.00,-1,-1,-1
37,64,827.00,509.00,26.00,18.00,1.00,-1,-1,-1
37,65,519.00,456.00,24.00,16.00,1.00,-1,-1,-1
37,73,1172.00,582.00,40.00,16.00,1.00,-1,-1,-1
37,78,614.00,591.00,23.00,12.00,1.00,-1,-1,-1
37,85,1212.00,599.00,25.00,17.00,1.00,-1,-1,-1
37,92,1005.00,612.00,18.00,15.00,1.00,-1,-1,-1
37,94,1040.00,572.00,26.00,16.00,1.00,-1,-1,-1
37,109,1224.00,593.00,29.00,27.00,1.00,-1,-1,-1
37,112,781.00,514.00,17.00,11.00,1.00,-1,-1,-1
37,113,1219.00,587.00,23.00,19.00,1.00,-1,-1,-1
37,119,620.00,465.00,33.00,17.00,1.00,-1,-1,-1
38,4,1411.00,622.00,17.00,11.00,1.00,-1,-1,-1
38,6,1213.00,598.00,23.00,17.00,1.00,-1,-1,-1
38,9,628.00,637.00,23.00,21.00,1.00,-1,-1,-1
38,13,526.00,471.00,37.00,57.00,1.00,-1,-1,-1
38,14,1786.00,679.00,14.00,14.00,1.00,-1,-1,-1
38,15,1574.00,653.00,22.00,11.00,1.00,-1,-1,-1
38,16,567.00,510.00,23.00,16.00,1.00,-1,-1,-1
38,17,924.00,666.00,20.00,10.00,1.00,-1,-1,-1
38,18,661.00,484.00,28.00,20.00,1.00,-1,-1,-1
38,20,566.00,593.00,14.00,11.00,1.00,-1,-1,-1
38,22,622.00,470.00,19.00,14.00,1.00,-1,-1,-1
38,25,620.00,473.00,17.00,11.00,1.00,-1,-1,-1
38,29,528.00,493.00,34.00,26.00,1.00,-1,-1,-1
38,30,563.00,471.00,22.00,12.00,1.00,-1,-1,-1
38,31,1230.00,731.00,18.00,12.00,1.00,-1,-1,-1
38,39,848.00,588.00,25.00,11.00,1.00,-1,-1,-1
38,40,1739.00,668.00,29.00,18.00,1.00,-1,-1,-1
38,41,630.00,644.00,22.00,14.00,1.00,-1,-1,-1
38,43,580.00,570.00,18.00,27.00,1.00,-1,-1,-1
38,45,1766.00,720.00,17.00,12.00,1.00,-1,-1,-1
38,46,1006.00,591.00,39.00,42.00,1.00,-1,-1,-1
38,51,519.00,510.00,19.00,11.00,1.00,-1,-1,-1
38,52,526.00,453.00,70.00,22.00,1.00,-1,-1,-1
38,55,783.00,503.00,36.00,21.00,1.00,-1,-1,-1
38,64,829.00,509.00,26.00,18.00,1.00,-1,-1,-1
38,65,522.00,455.00,24.00,16.00,1.00,-1,-1,-1
38,73,1173.00,582.00,40.00,16.00,1.00,-1,-1,-1
38,78,616.00,591.00,23.00,12.00,1.00,-1,-1,-1
38,85,1213.00,599.00,25.00,17.00,1.00,-1,-1,-1
38,92,1005.00,612.00,18.00,15.00,1.00,-1,-1,-1
38,94,1037.00,576.00,26.00,16.00,1.00,-1,-1,-1
38,109,1217.00,597.00,29.00,27.00,1.00,-1,-1,-1
38,112,784.00,513.00,17.00,11.00,1.00,-1,-1,-1
38,113,1225.00,593.00,18.00,13.00,1.00,-1,-1,-1
38,119,623.00,465.00,33.00,17.00,1.00,-1,-1,-1
39,4,1412.00,623.00,21.00,11.00,1.00,-1,-1,-1
39,6,1214.00,598.00,23.00,17.00,1.00,-1,-1,-1
39,9,627.00,634.00,25.00,27.00,1.00,-1,-1,-1
39,13,529.00,470.00,37.00,57.00,1.00,-1,-1,-1
39,14,1782.00,680.00,19.00,17.00,1.00,-1,-1,-1
39,15,1580.00,651.00,22.00,14.00,1.00,-1,-1,-1
39,16,569.00,490.00,31.00,36.00,1.00,-1,-1,-1
39,17,924.00,666.00,20.00,10.00,1.00,-1,-1,-1
39,18,661.00,486.00,28.00,20.00,1.00,-1,-1,-1
39,20,568.00,593.00,14.00,11.00,1.00,-1,-1,-1
39,22,624.00,474.00,24.00,13.00,1.00,-1,-1,-1
39,25,622.00,472.00,17.00,11.00,1.00,-1,-1,-1
39,29,531.00,492.00,34.00,26.00,1.00,-1,-1,-1
39,30,563.00,474.00,22.00,12.00,1.00,-1,-1,-1
39,31,1230.00,731.00,18.00,12.00,1.00,-1,-1,-1
39,39,863.00,592.00,25.00,11.00,1.00,-1,-1,-1
39,40,1739.00,668.00,29.00,18.00,1.00,-1,-1,-1
39,41,631.00,644.00,22.00,14.00,1.00,-1,-1,-1
39,43,583.00,570.00,18.00,27.00,1.00,-1,-1,-1
39,45,1765.00,721.00,17.00,12.00,1.00,-1,-1,-1
39,46,1003.00,594.00,39.00,42.00,1.00,-1,-1,-1
39,51,521.00,509.00,19.00,11.00,1.00,-1,-1,-1
39,52,529.00,452.00,34.00,19.00,1.00,-1,-1,-1
39,55,785.00,502.00,36.00,21.00,1.00,-1,-1,-1
39,64,837.00,507.00,23.00,17.00,1.00,-1,-1,-1
39,65,524.00,454.00,24.00,16.00,1.00,-1,-1,-1
39,73,1175.00,585.00,36.00,16.00,1.00,-1,-1,-1
39,78,618.00,588.00,23.00,19.00,1.00,-1,-1,-1
39,82,570.00,583.00,33.00,21.00,1.00,-1,-1,-1
39,85,1214.00,599.00,25.00,17.00,1.00,-1,-1,-1
39,94,1040.00,576.00,26.00,16.00,1.00,-1,-1,-1
39,109,1212.00,599.00,29.00,27.00,1.00,-1,-1,-1
39,112,787.00,512.00,17.00,13.00,1.00,-1,-1,-1
39,113,1226.00,592.00,22.00,15.00,1.00,-1,-1,-1
39,116,589.00,640.00,26.00,15.00,1.00,-1,-1,-1
39,119,625.00,463.00,33.00,17.00,1.00,-1,-1,-1
40,4,1413.00,622.00,21.00,11.00,1.00,-1,-1,-1
40,6,1216.00,597.00,23.00,17.00,1.00,-1,-1,-1
40,9,628.00,633.00,25.00,27.00,1.00,-1,-1,-1
40,13,531.00,469.00,37.00,57.00,1.00,-1,-1,-1
40,14,1783.00,681.00,14.00,12.00,1.00,-1,-1,-1
40,15,1580.00,650.00,22.00,14.00,1.00,-1,-1,-1
40,16,571.00,488.00,31.00,36.00,1.00,-1,-1,-1
40,17,924.00,666.00,20.00,10.00,1.00,-1,-1,-1
40,18,662.00,489.00,28.00,20.00,1.00,-1,-1,-1
40,20,570.00,592.00,14.00,11.00,1.00,-1,-1,-1
40,22,627.00,473.00,24.00,13.00,1.00,-1,-1,-1
40,25,625.00,471.00,17.00,11.00,1.00,-1,-1,-1
40,29,533.00,490.00,34.00,26.00,1.00,-1,-1,-1
40,30,567.00,477.00,22.00,12.00,1.00,-1,-1,-1
40,31,1230.00,731.00,18.00,12.00,1.00,-1,-1,-1
40,39,871.00,595.00,25.00,11.00,1.00,-1,-1,-1
40,40,1739.00,668.00,29.00,18.00,1.00,-1,-1,-1
40,41,633.00,644.00,22.00,14.00,1.00,-1,-1,-1
40,43,585.00,569.00,18.00,27.00,1.00,-1,-1,-1
40,45,1764.00,723.00,17.00,12.00,1.00,-1,-1,-1
40,46,1007.00,594.00,39.00,42.00,1.00,-1,-1,-1
40,51,523.00,508.00,19.00,11.00,1.00,-1,-1,-1
40,52,532.00,451.00,34.00,19.00,1.00,-1,-1,-1
40,55,787.00,501.00,36.00,21.00,1.00,-1,-1,-1
40,64,838.00,509.00,23.00,17.00,1.00,-1,-1,-1
40,65,528.00,454.00,24.00,16.00,1.00,-1,-1,-1
40,73,1175.00,584.00,36.00,16.00,1.00,-1,-1,-1
40,78,620.00,587.00,23.00,19.00,1.00,-1,-1,-1
40,82,572.00,582.00,33.00,21.00,1.00,-1,-1,-1
40,85,1215.00,599.00,25.00,17.00,1.00,-1,-1,-1
40,94,1038.00,576.00,26.00,16.00,1.00,-1,-1,-1
40,109,1211.00,597.00,29.00,27.00,1.00,-1,-1,-1
40,112,789.00,510.00,17.00,13.00,1.00,-1,-1,-1
40,113,1220.00,594.00,22.00,15.00,1.00,-1,-1,-1
40,116,591.00,639.00,26.00,15.00,1.00,-1,-1,-1
40,119,628.00,462.00,33.00,17.00,1.00,-1,-1,-1
40,124,1005.00,564.00,16.00,9.00,1.00,-1,-1,-1
41,4,1414.00,622.00,21.00,11.00,1.00,-1,-1,-1
41,6,1218.00,597.00,23.00,17.00,1.00,-1,-1,-1
41,9,630.00,633.00,25.00,27.00,1.00,-1,-1,-1
41,13,535.00,468.00,37.00,57.00,1.00,-1,-1,-1
41,14,1783.00,679.00,16.00,14.00,1.00,-1,-1,-1
41,15,1581.00,651.00,22.00,14.00,1.00,-1,-1,-1
41,16,574.00,487.00,31.00,36.00,1.00,-1,-1,-1
41,18,661.00,493.00,28.00,20.00,1.00,-1,-1,-1
41,20,572.00,592.00,14.00,11.00,1.00,-1,-1,-1
41,22,624.00,475.00,24.00,13.00,1.00,-1,-1,-1
41,25,628.00,471.00,17.00,11.00,1.00,-1,-1,-1
41,29,536.00,489.00,34.00,26.00,1.00,-1,-1,-1
41,30,570.00,477.00,22.00,12.00,1.00,-1,-1,-1
41,31,1230.00,731.00,18.00,12.00,1.00,-1,-1,-1
41,39,882.00,599.00,25.00,11.00,1.00,-1,-1,-1
41,40,1737.00,668.00,29.00,18.00,1.00,-1,-1,-1
41,41,635.00,644.00,22.00,14.00,1.00,-1,-1,-1
41,43,587.00,569.00,18.00,27.00,1.00,-1,-1,-1
41,45,1762.00,728.00,17.00,12.00,1.00,-1,-1,-1
41,46,1020.00,599.00,39.00,42.00,1.00,-1,-1,-1
41,51,526.00,507.00,19.00,11.00,1.00,-1,-1,-1
41,52,536.00,450.00,34.00,19.00,1.00,-1,-1,-1
41,55,790.00,500.00,36.00,21.00,1.00,-1,-1,-1
41,64,836.00,512.00,23.00,17.00,1.00,-1,-1,-1
41,65,531.00,453.00,24.00,16.00,1.00,-1,-1,-1
41,73,1177.00,584.00,36.00,16.00,1.00,-1,-1,-1
41,78,622.00,587.00,23.00,19.00,1.00,-1,-1,-1
41,82,574.00,582.00,33.00,21.00,1.00,-1,-1,-1
41,85,1217.00,599.00,25.00,17.00,1.00,-1,-1,-1
41,94,1056.00,578.00,26.00,16.00,1.00,-1,-1,-1
41,109,1211.00,599.00,29.00,27.00,1.00,-1,-1,-1
41,112,792.00,510.00,17.00,13.00,1.00,-1,-1,-1
41,113,1222.00,594.00,22.00,15.00,1.00,-1,-1,-1
41,116,592.00,640.00,26.00,15.00,1.00,-1,-1,-1
41,119,631.00,461.00,33.00,17.00,1.00,-1,-1,-1
41,124,1008.00,564.00,17.00,9.00,1.00,-1,-1,-1
42,4,1415.00,621.00,21.00,11.00,1.00,-1,-1,-1
42,6,1218.00,596.00,23.00,17.00,1.00,-1,-1,-1
42,9,631.00,632.00,25.00,27.00,1.00,-1,-1,-1
42,13,536.00,467.00,37.00,57.00,1.00,-1,-1,-1
42,14,1781.00,678.00,16.00,14.00,1.00,-1,-1,-1
42,15,1581.00,650.00,22.00,14.00,1.00,-1,-1,-1
42,16,576.00,486.00,31.00,36.00,1.00,-1,-1,-1
42,18,645.00,496.00,28.00,20.00,1.00,-1,-1,-1
42,20,574.00,591.00,14.00,11.00,1.00,-1,-1,-1
42,22,605.00,476.00,24.00,13.00,1.00,-1,-1,-1
42,25,631.00,470.00,17.00,11.00,1.00,-1,-1,-1
42,29,537.00,488.00,34.00,26.00,1.00,-1,-1,-1
42,30,572.00,477.00,22.00,12.00,1.00,-1,-1,-1
42,39,892.00,603.00,25.00,11.00,1.00,-1,-1,-1
42,40,1739.00,668.00,29.00,18.00,1.00,-1,-1,-1
42,41,636.00,642.00,22.00,14.00,1.00,-1,-1,-1
42,43,589.00,568.00,18.00,27.00,1.00,-1,-1,-1
42,45,1746.00,728.00,17.00,12.00,1.00,-1,-1,-1
42,46,1031.00,602.00,39.00,42.00,1.00,-1,-1,-1
42,51,528.00,505.00,19.00,11.00,1.00,-1,-1,-1
42,52,539.00,450.00,34.00,19.00,1.00,-1,-1,-1
42,55,792.00,499.00,36.00,21.00,1.00,-1,-1,-1
42,64,834.00,516.00,23.00,17.00,1.00,-1,-1,-1
42,65,535.00,453.00,24.00,16.00,1.00,-1,-1,-1
42,73,1178.00,583.00,36.00,16.00,1.00,-1,-1,-1
42,78,623.00,586.00,23.00,19.00,1.00,-1,-1,-1
42,82,578.00,581.00,33.00,21.00,1.00,-1,-1,-1
42,85,1219.00,598.00,25.00,17.00,1.00,-1,-1,-1
42,94,1041.00,584.00,26.00,16.00,1.00,-1,-1,-1
42,109,1221.00,598.00,29.00,27.00,1.00,-1,-1,-1
42,112,793.00,508.00,17.00,13.00,1.00,-1,-1,-1
42,113,1222.00,593.00,22.00,15.00,1.00,-1,-1,-1
42,116,592.00,639.00,26.00,15.00,1.00,-1,-1,-1
42,119,632.00,460.00,33.00,17.00,1.00,-1,-1,-1
42,124,1009.00,562.00,17.00,9.00,1.00,-1,-1,-1
43,4,1410.00,623.00,25.00,13.00,1.00,-1,-1,-1
43,6,1218.00,596.00,23.00,17.00,1.00,-1,-1,-1
43,9,626.00,635.00,29.00,23.00,1.00,-1,-1,-1
43,13,537.00,465.00,37.00,57.00,1.00,-1,-1,-1
43,14,1780.00,677.00,16.00,14.00,1.00,-1,-1,-1
43,15,1573.00,639.00,29.00,22.00,1.00,-1,-1,-1
43,16,566.00,463.00,34.00,55.00,1.00,-1,-1,-1
43,18,677.00,499.00,28.00,20.00,1.00,-1,-1,-1
43,20,575.00,588.00,19.00,14.00,1.00,-1,-1,-1
43,22,603.00,476.00,24.00,13.00,1.00,-1,-1,-1
43,25,631.00,468.00,14.00,10.00,1.00,-1,-1,-1
43,29,538.00,486.00,34.00,26.00,1.00,-1,-1,-1
43,30,569.00,477.00,22.00,12.00,1.00,-1,-1,-1
43,39,904.00,606.00,25.00,11.00,1.00,-1,-1,-1
43,40,1737.00,666.00,29.00,18.00,1.00,-1,-1,-1
43,41,638.00,640.00,22.00,14.00,1.00,-1,-1,-1
43,43,590.00,567.00,18.00,27.00,1.00,-1,-1,-1
43,45,1743.00,729.00,17.00,12.00,1.00,-1,-1,-1
43,46,1040.00,606.00,39.00,42.00,1.00,-1,-1,-1
43,51,532.00,502.00,17.00,12.00,1.00,-1,-1,-1
43,52,542.00,449.00,34.00,19.00,1.00,-1,-1,-1
43,55,793.00,497.00,36.00,21.00,1.00,-1,-1,-1
43,64,837.00,518.00,23.00,17.00,1.00,-1,-1,-1
43,65,537.00,454.00,24.00,16.00,1.00,-1,-1,-1
43,73,1178.00,582.00,36.00,16.00,1.00,-1,-1,-1
43,78,624.00,585.00,23.00,19.00,1.00,-1,-1,-1
43,82,579.00,580.00,33.00,21.00,1.00,-1,-1,-1
43,85,1215.00,600.00,25.00,17.00,1.00,-1,-1,-1
43,94,1028.00,591.00,26.00,16.00,1.00,-1,-1,-1
43,109,1218.00,601.00,29.00,27.00,1.00,-1,-1,-1
43,112,794.00,507.00,17.00,13.00,1.00,-1,-1,-1
43,113,1225.00,583.00,33.00,30.00,1.00,-1,-1,-1
43,116,594.00,637.00,26.00,15.00,1.00,-1,-1,-1
43,119,634.00,459.00,33.00,17.00,1.00,-1,-1,-1
43,124,1010.00,561.00,17.00,9.00,1.00,-1,-1,-1
43,126,1363.00,617.00,17.00,11.00,1.00,-1,-1,-1
44,4,1416.00,620.00,22.00,12.00,1.00,-1,-1,-1
44,6,1219.00,594.00,23.00,17.00,1.00,-1,-1,-1
44,9,631.00,635.00,28.00,21.00,1.00,-1,-1,-1
44,13,538.00,463.00,37.00,57.00,1.00,-1,-1,-1
44,14,1780.00,676.00,16.00,14.00,1.00,-1,-1,-1
44,15,1585.00,645.00,21.00,15.00,1.00,-1,-1,-1
44,16,565.00,463.00,34.00,55.00,1.00,-1,-1,-1
44,18,672.00,502.00,28.00,20.00,1.00,-1,-1,-1
44,20,576.00,586.00,19.00,14.00,1.00,-1,-1,-1
44,22,613.00,481.00,24.00,13.00,1.00,-1,-1,-1
44,25,634.00,467.00,31.00,11.00,1.00,-1,-1,-1
44,29,540.00,484.00,34.00,26.00,1.00,-1,-1,-1
44,30,571.00,475.00,22.00,12.00,1.00,-1,-1,-1
44,39,917.00,610.00,25.00,11.00,1.00,-1,-1,-1
44,40,1738.00,666.00,29.00,18.00,1.00,-1,-1,-1
44,41,639.00,640.00,22.00,14.00,1.00,-1,-1,-1
44,43,593.00,566.00,18.00,27.00,1.00,-1,-1,-1
44,45,1746.00,729.00,17.00,12.00,1.00,-1,-1,-1
44,46,1045.00,609.00,39.00,42.00,1.00,-1,-1,-1
44,51,533.00,500.00,17.00,12.00,1.00,-1,-1,-1
44,52,546.00,448.00,34.00,19.00,1.00,-1,-1,-1
44,55,795.00,496.00,36.00,21.00,1.00,-1,-1,-1
44,56,1011.00,552.00,36.00,20.00,1.00,-1,-1,-1
44,64,849.00,519.00,23.00,17.00,1.00,-1,-1,-1
44,65,546.00,459.00,18.00,13.00,1.00,-1,-1,-1
44,73,1182.00,578.00,35.00,19.00,1.00,-1,-1,-1
44,78,628.00,586.00,22.00,17.00,1.00,-1,-1,-1
44,82,575.00,578.00,41.00,23.00,1.00,-1,-1,-1
44,85,1212.00,601.00,25.00,17.00,1.00,-1,-1,-1
44,94,1029.00,590.00,26.00,16.00,1.00,-1,-1,-1
44,109,1216.00,602.00,29.00,27.00,1.00,-1,-1,-1
44,112,797.00,505.00,17.00,13.00,1.00,-1,-1,-1
44,113,1231.00,586.00,25.00,31.00,1.00,-1,-1,-1
44,116,596.00,637.00,26.00,15.00,1.00,-1,-1,-1
44,119,636.00,458.00,33.00,17.00,1.00,-1,-1,-1
44,124,1012.00,560.00,17.00,9.00,1.00,-1,-1,-1
44,126,1363.00,616.00,17.00,11.00,1.00,-1,-1,-1
44,128,1061.00,556.00,26.00,20.00,1.00,-1,-1,-1
44,131,1779.00,677.00,35.00,35.00,1.00,-1,-1,-1
44,134,688.00,468.00,26.00,26.00,1.00,-1,-1,-1
45,4,1416.00,619.00,22.00,12.00,1.00,-1,-1,-1
45,6,1220.00,593.00,23.00,17.00,1.00,-1,-1,-1
45,9,631.00,634.00,28.00,21.00,1.00,-1,-1,-1
45,13,541.00,461.00,37.00,57.00,1.00,-1,-1,-1
45,14,1778.00,676.00,16.00,14.00,1.00,-1,-1,-1
45,15,1585.00,644.00,21.00,15.00,1.00,-1,-1,-1
45,16,573.00,461.00,34.00,55.00,1.00,-1,-1,-1
45,18,673.00,506.00,28.00,20.00,1.00,-1,-1,-1
45,20,577.00,585.00,19.00,14.00,1.00,-1,-1,-1
45,22,598.00,470.00,24.00,13.00,1.00,-1,-1,-1
45,25,635.00,465.00,31.00,11.00,1.00,-1,-1,-1
45,29,542.00,482.00,34.00,26.00,1.00,-1,-1,-1
45,30,574.00,474.00,22.00,12.00,1.00,-1,-1,-1
45,39,928.00,613.00,25.00,11.00,1.00,-1,-1,-1
45,40,1737.00,666.00,29.00,18.00,1.00,-1,-1,-1
45,41,639.00,638.00,22.00,14.00,1.00,-1,-1,-1
45,43,594.00,565.00,18.00,27.00,1.00,-1,-1,-1
45,45,1746.00,729.00,17.00,12.00,1.00,-1,-1,-1
45,46,1045.00,609.00,39.00,42.00,1.00,-1,-1,-1
45,51,536.00,498.00,17.00,12.00,1.00,-1,-1,-1
45,52,548.00,447.00,34.00,19.00,1.00,-1,-1,-1
45,55,797.00,494.00,36.00,21.00,1.00,-1,-1,-1
45,56,1012.00,550.00,36.00,20.00,1.00,-1,-1,-1
45,64,850.00,521.00,23.00,17.00,1.00,-1,-1,-1
45,65,548.00,457.00,18.00,13.00,1.00,-1,-1,-1
45,73,1183.00,576.00,35.00,19.00,1.00,-1,-1,-1
45,78,628.00,585.00,22.00,17.00,1.00,-1,-1,-1
45,82,580.00,576.00,41.00,23.00,1.00,-1,-1,-1
45,85,1214.00,603.00,25.00,17.00,1.00,-1,-1,-1
45,94,1025.00,596.00,26.00,16.00,1.00,-1,-1,-1
45,109,1218.00,603.00,29.00,27.00,1.00,-1,-1,-1
45,112,798.00,504.00,17.00,13.00,1.00,-1,-1,-1
45,113,1240.00,588.00,25.00,31.00,1.00,-1,-1,-1
45,116,597.00,636.00,26.00,15.00,1.00,-1,-1,-1
45,119,638.00,456.00,33.00,17.00,1.00,-1,-1,-1
45,124,1013.00,558.00,17.00,9.00,1.00,-1,-1,-1
45,126,1363.00,616.00,17.00,11.00,1.00,-1,-1,-1
45,128,1061.00,554.00,26.00,20.00,1.00,-1,-1,-1
45,131,1777.00,679.00,35.00,35.00,1.00,-1,-1,-1
45,134,687.00,470.00,26.00,26.00,1.00,-1,-1,-1
46,4,1416.00,618.00,22.00,12.00,1.00,-1,-1,-1
46,6,1220.00,592.00,23.00,17.00,1.00,-1,-1,-1
46,9,631.00,632.00,28.00,21.00,1.00,-1,-1,-1
46,13,541.00,459.00,37.00,57.00,1.00,-1,-1,-1
46,14,1777.00,674.00,16.00,14.00,1.00,-1,-1,-1
46,15,1584.00,643.00,21.00,15.00,1.00,-1,-1,-1
46,16,574.00,460.00,34.00,55.00,1.00,-1,-1,-1
46,18,679.00,508.00,28.00,20.00,1.00,-1,-1,-1
46,20,578.00,584.00,19.00,14.00,1.00,-1,-1,-1
46,22,597.00,469.00,24.00,13.00,1.00,-1,-1,-1
46,25,636.00,463.00,31.00,11.00,1.00,-1,-1,-1
46,29,543.00,480.00,34.00,26.00,1.00,-1,-1,-1
46,30,574.00,481.00,22.00,12.00,1.00,-1,-1,-1
46,39,939.00,616.00,25.00,11.00,1.00,-1,-1,-1
46,40,1733.00,664.00,29.00,18.00,1.00,-1,-1,-1
46,41,639.00,637.00,22.00,14.00,1.00,-1,-1,-1
46,43,594.00,563.00,18.00,27.00,1.00,-1,-1,-1
46,45,1744.00,727.00,17.00,12.00,1.00,-1,-1,-1
46,46,1045.00,609.00,39.00,42.00,1.00,-1,-1,-1
46,51,536.00,496.00,17.00,12.00,1.00,-1,-1,-1
46,52,547.00,445.00,34.00,19.00,1.00,-1,-1,-1
46,55,797.00,492.00,36.00,21.00,1.00,-1,-1,-1
46,56,1012.00,548.00,36.00,20.00,1.00,-1,-1,-1
46,64,848.00,520.00,23.00,17.00,1.00,-1,-1,-1
46,65,549.00,455.00,18.00,13.00,1.00,-1,-1,-1
46,73,1183.00,575.00,35.00,19.00,1.00,-1,-1,-1
46,78,630.00,584.00,22.00,17.00,1.00,-1,-1,-1
46,82,575.00,575.00,41.00,23.00,1.00,-1,-1,-1
46,85,1212.00,604.00,25.00,17.00,1.00,-1,-1,-1
46,94,989.00,594.00,26.00,16.00,1.00,-1,-1,-1
46,109,1218.00,604.00,29.00,27.00,1.00,-1,-1,-1
46,112,798.00,502.00,17.00,13.00,1.00,-1,-1,-1
46,113,1246.00,589.00,25.00,31.00,1.00,-1,-1,-1
46,116,597.00,634.00,26.00,15.00,1.00,-1,-1,-1
46,119,638.00,454.00,33.00,17.00,1.00,-1,-1,-1
46,124,1013.00,556.00,17.00,9.00,1.00,-1,-1,-1
46,126,1362.00,615.00,17.00,11.00,1.00,-1,-1,-1
46,128,1061.00,553.00,26.00,20.00,1.00,-1,-1,-1
46,131,1767.00,684.00,35.00,35.00,1.00,-1,-1,-1
46,134,682.00,472.00,26.00,26.00,1.00,-1,-1,-1
47,4,1415.00,616.00,22.00,12.00,1.00,-1,-1,-1
47,6,1220.00,590.00,23.00,17.00,1.00,-1,-1,-1
47,9,631.00,630.00,28.00,21.00,1.00,-1,-1,-1
47,13,542.00,457.00,37.00,57.00,1.00,-1,-1,-1
47,14,1775.00,673.00,16.00,14.00,1.00,-1,-1,-1
47,15,1584.00,641.00,21.00,15.00,1.00,-1,-1,-1
47,16,575.00,458.00,34.00,55.00,1.00,-1,-1,-1
47,18,679.00,511.00,28.00,20.00,1.00,-1,-1,-1
47,20,579.00,582.00,19.00,14.00,1.00,-1,-1,-1
47,22,598.00,469.00,24.00,13.00,1.00,-1,-1,-1
47,25,637.00,462.00,31.00,11.00,1.00,-1,-1,-1
47,29,544.00,478.00,34.00,26.00,1.00,-1,-1,-1
47,30,573.00,480.00,22.00,12.00,1.00,-1,-1,-1
47,39,950.00,619.00,25.00,11.00,1.00,-1,-1,-1
47,40,1733.00,664.00,29.00,18.00,1.00,-1,-1,-1
47,41,639.00,636.00,22.00,14.00,1.00,-1,-1,-1
47,43,595.00,562.00,18.00,27.00,1.00,-1,-1,-1
47,45,1741.00,728.00,17.00,12.00,1.00,-1,-1,-1
47,46,1045.00,609.00,39.00,42.00,1.00,-1,-1,-1
47,51,537.00,494.00,17.00,12.00,1.00,-1,-1,-1
47,52,546.00,442.00,34.00,19.00,1.00,-1,-1,-1
47,55,798.00,490.00,36.00,21.00,1.00,-1,-1,-1
47,56,1013.00,546.00,36.00,20.00,1.00,-1,-1,-1
47,64,848.00,519.00,23.00,17.00,1.00,-1,-1,-1
47,65,550.00,451.00,18.00,13.00,1.00,-1,-1,-1
47,73,1183.00,573.00,35.00,19.00,1.00,-1,-1,-1
47,78,630.00,582.00,22.00,17.00,1.00,-1,-1,-1
47,82,576.00,573.00,41.00,23.00,1.00,-1,-1,-1
47,85,1210.00,608.00,25.00,17.00,1.00,-1,-1,-1
47,94,989.00,594.00,26.00,16.00,1.00,-1,-1,-1
47,109,1216.00,607.00,29.00,27.00,1.00,-1,-1,-1
47,112,799.00,500.00,17.00,13.00,1.00,-1,-1,-1
47,113,1246.00,590.00,25.00,31.00,1.00,-1,-1,-1
47,116,597.00,633.00,26.00,15.00,1.00,-1,-1,-1
47,119,639.00,453.00,33.00,17.00,1.00,-1,-1,-1
47,124,1014.00,554.00,17.00,9.00,1.00,-1,-1,-1
47,126,1363.00,614.00,17.00,11.00,1.00,-1,-1,-1
47,128,1062.00,551.00,26.00,20.00,1.00,-1,-1,-1
47,131,1762.00,687.00,35.00,35.00,1.00,-1,-1,-1
47,134,687.00,473.00,26.00,26.00,1.00,-1,-1,-1
48,4,1416.00,615.00,21.00,11.00,1.00,-1,-1,-1
48,6,1220.00,589.00,23.00,17.00,1.00,-1,-1,-1
48,9,638.00,624.00,24.00,28.00,1.00,-1,-1,-1
48,13,543.00,455.00,37.00,57.00,1.00,-1,-1,-1
48,14,1773.00,675.00,16.00,12.00,1.00,-1,-1,-1
48,15,1583.00,643.00,21.00,12.00,1.00,-1,-1,-1
48,16,574.00,456.00,34.00,55.00,1.00,-1,-1,-1
48,18,685.00,514.00,28.00,20.00,1.00,-1,-1,-1
48,20,580.00,580.00,18.00,15.00,1.00,-1,-1,-1
48,22,600.00,470.00,24.00,13.00,1.00,-1,-1,-1
48,25,639.00,460.00,31.00,11.00,1.00,-1,-1,-1
48,29,545.00,476.00,34.00,26.00,1.00,-1,-1,-1
48,30,587.00,477.00,22.00,12.00,1.00,-1,-1,-1
48,39,961.00,623.00,25.00,11.00,1.00,-1,-1,-1
48,40,1732.00,663.00,29.00,18.00,1.00,-1,-1,-1
48,41,640.00,634.00,22.00,14.00,1.00,-1,-1,-1
48,43,596.00,560.00,18.00,27.00,1.00,-1,-1,-1
48,45,1739.00,730.00,17.00,12.00,1.00,-1,-1,-1
48,46,1045.00,609.00,39.00,42.00,1.00,-1,-1,-1
48,51,539.00,492.00,17.00,12.00,1.00,-1,-1,-1
48,52,547.00,438.00,34.00,19.00,1.00,-1,-1,-1
48,55,799.00,488.00,36.00,21.00,1.00,-1,-1,-1
48,56,1014.00,553.00,22.00,12.00,1.00,-1,-1,-1
48,64,849.00,518.00,23.00,17.00,1.00,-1,-1,-1
48,65,550.00,447.00,18.00,13.00,1.00,-1,-1,-1
48,73,1184.00,572.00,35.00,19.00,1.00,-1,-1,-1
48,78,631.00,581.00,22.00,15.00,1.00,-1,-1,-1
48,82,577.00,572.00,41.00,23.00,1.00,-1,-1,-1
48,85,1216.00,611.00,25.00,17.00,1.00,-1,-1,-1
48,94,989.00,594.00,26.00,16.00,1.00,-1,-1,-1
48,109,1221.00,607.00,29.00,27.00,1.00,-1,-1,-1
48,112,801.00,498.00,17.00,13.00,1.00,-1,-1,-1
48,113,1234.00,584.00,33.00,34.00,1.00,-1,-1,-1
48,116,597.00,631.00,26.00,15.00,1.00,-1,-1,-1
48,119,641.00,451.00,33.00,17.00,1.00,-1,-1,-1
48,124,1015.00,552.00,17.00,9.00,1.00,-1,-1,-1
48,126,1363.00,614.00,17.00,11.00,1.00,-1,-1,-1
48,128,1066.00,551.00,23.00,17.00,1.00,-1,-1,-1
48,131,1756.00,691.00,35.00,35.00,1.00,-1,-1,-1
48,134,689.00,475.00,26.00,26.00,1.00,-1,-1,-1
49,4,1414.00,614.00,21.00,11.00,1.00,-1,-1,-1
49,6,1222.00,588.00,23.00,17.00,1.00,-1,-1,-1
49,9,637.00,622.00,24.00,28.00,1.00,-1,-1,-1
49,13,544.00,453.00,37.00,57.00,1.00,-1,-1,-1
49,14,1770.00,673.00,16.00,12.00,1.00,-1,-1,-1
49,15,1581.00,641.00,21.00,12.00,1.00,-1,-1,-1
49,16,576.00,454.00,34.00,55.00,1.00,-1,-1,-1
49,18,689.00,517.00,28.00,20.00,1.00,-1,-1,-1
49,20,579.00,578.00,18.00,15.00,1.00,-1,-1,-1
49,22,600.00,473.00,24.00,13.00,1.00,-1,-1,-1
49,25,640.00,458.00,31.00,11.00,1.00,-1,-1,-1
49,29,546.00,474.00,34.00,26.00,1.00,-1,-1,-1
49,30,588.00,475.00,22.00,12.00,1.00,-1,-1,-1
49,39,976.00,626.00,25.00,11.00,1.00,-1,-1,-1
49,40,1730.00,662.00,29.00,18.00,1.00,-1,-1,-1
49,41,640.00,632.00,22.00,14.00,1.00,-1,-1,-1
49,43,595.00,558.00,18.00,27.00,1.00,-1,-1,-1
49,45,1737.00,733.00,17.00,12.00,1.00,-1,-1,-1
49,46,1045.00,609.00,39.00,42.00,1.00,-1,-1,-1
49,51,539.00,490.00,17.00,12.00,1.00,-1,-1,-1
49,52,547.00,433.00,34.00,19.00,1.00,-1,-1,-1
49,55,799.00,486.00,36.00,21.00,1.00,-1,-1,-1
49,56,1014.00,550.00,22.00,12.00,1.00,-1,-1,-1
49,64,844.00,519.00,23.00,17.00,1.00,-1,-1,-1
49,65,550.00,441.00,18.00,13.00,1.00,-1,-1,-1
49,73,1183.00,570.00,35.00,19.00,1.00,-1,-1,-1
49,78,631.00,579.00,22.00,15.00,1.00,-1,-1,-1
49,82,578.00,570.00,41.00,23.00,1.00,-1,-1,-1
49,85,1215.00,611.00,25.00,17.00,1.00,-1,-1,-1
49,94,989.00,594.00,26.00,16.00,1.00,-1,-1,-1
49,109,1218.00,609.00,29.00,27.00,1.00,-1,-1,-1
49,112,800.00,496.00,17.00,13.00,1.00,-1,-1,-1
49,113,1222.00,589.00,33.00,34.00,1.00,-1,-1,-1
49,116,597.00,629.00,26.00,15.00,1.00,-1,-1,-1
49,119,641.00,449.00,33.00,17.00,1.00,-1,-1,-1
49,124,1015.00,550.00,17.00,9.00,1.00,-1,-1,-1
49,126,1361.00,612.00,17.00,11.00,1.00,-1,-1,-1
49,128,1066.00,548.00,23.00,17.00,1.00,-1,-1,-1
49,131,1750.00,695.00,35.00,35.00,1.00,-1,-1,-1
49,134,682.00,478.00,26.00,26.00,1.00,-1,-1,-1
50,4,1412.00,612.00,21.00,11.00,1.00,-1,-1,-1
50,6,1219.00,586.00,23.00,17.00,1.00,-1,-1,-1
50,9,637.00,619.00,24.00,28.00,1.00,-1,-1,-1
50,13,544.00,451.00,37.00,57.00,1.00,-1,-1,-1
50,14,1767.00,671.00,16.00,12.00,1.00,-1,-1,-1
50,15,1580.00,639.00,21.00,12.00,1.00,-1,-1,-1
50,16,575.00,452.00,34.00,55.00,1.00,-1,-1,-1
50,18,686.00,519.00,28.00,20.00,1.00,-1,-1,-1
50,20,579.00,576.00,18.00,15.00,1.00,-1,-1,-1
50,22,594.00,475.00,24.00,13.00,1.00,-1,-1,-1
50,25,640.00,457.00,31.00,11.00,1.00,-1,-1,-1
50,29,546.00,472.00,34.00,26.00,1.00,-1,-1,-1
50,30,588.00,473.00,22.00,12.00,1.00,-1,-1,-1
50,39,983.00,628.00,25.00,11.00,1.00,-1,-1,-1
50,40,1728.00,660.00,29.00,18.00,1.00,-1,-1,-1
50,41,639.00,630.00,22.00,14.00,1.00,-1,-1,-1
50,43,595.00,556.00,18.00,27.00,1.00,-1,-1,-1
50,45,1726.00,736.00,17.00,12.00,1.00,-1,-1,-1
50,51,538.00,488.00,17.00,12.00,1.00,-1,-1,-1
50,52,546.00,428.00,34.00,19.00,1.00,-1,-1,-1
50,55,798.00,484.00,36.00,21.00,1.00,-1,-1,-1
50,56,1013.00,548.00,22.00,12.00,1.00,-1,-1,-1
50,64,843.00,518.00,23.00,17.00,1.00,-1,-1,-1
50,65,558.00,439.00,18.00,13.00,1.00,-1,-1,-1
50,73,1182.00,568.00,35.00,19.00,1.00,-1,-1,-1
50,78,631.00,577.00,22.00,15.00,1.00,-1,-1,-1
50,82,578.00,568.00,41.00,23.00,1.00,-1,-1,-1
50,85,1202.00,604.00,25.00,17.00,1.00,-1,-1,-1
50,94,989.00,594.00,26.00,16.00,1.00,-1,-1,-1
50,109,1213.00,601.00,29.00,27.00,1.00,-1,-1,-1
50,112,799.00,494.00,17.00,13.00,1.00,-1,-1,-1
50,113,1212.00,592.00,33.00,34.00,1.00,-1,-1,-1
50,116,596.00,627.00,26.00,15.00,1.00,-1,-1,-1
50,119,641.00,447.00,33.00,17.00,1.00,-1,-1,-1
50,124,1014.00,548.00,17.00,9.00,1.00,-1,-1,-1
50,126,1361.00,611.00,17.00,11.00,1.00,-1,-1,-1
50,128,1065.00,546.00,23.00,17.00,1.00,-1,-1,-1
50,131,1734.00,700.00,35.00,35.00,1.00,-1,-1,-1
50,134,677.00,480.00,26.00,26.00,1.00,-1,-1,-1
51,4,1409.00,610.00,26.00,14.00,1.00,-1,-1,-1
51,6,1219.00,584.00,23.00,17.00,1.00,-1,-1,-1
51,9,637.00,617.00,24.00,28.00,1.00,-1,-1,-1
51,13,544.00,449.00,37.00,57.00,1.00,-1,-1,-1
51,14,1760.00,664.00,22.00,18.00,1.00,-1,-1,-1
51,15,1579.00,639.00,21.00,13.00,1.00,-1,-1,-1
51,16,579.00,482.00,28.00,21.00,1.00,-1,-1,-1
51,18,699.00,522.00,28.00,20.00,1.00,-1,-1,-1
51,20,579.00,574.00,18.00,15.00,1.00,-1,-1,-1
51,22,595.00,474.00,24.00,13.00,1.00,-1,-1,-1
51,25,640.00,455.00,31.00,11.00,1.00,-1,-1,-1
51,29,545.00,470.00,34.00,26.00,1.00,-1,-1,-1
51,30,589.00,471.00,22.00,12.00,1.00,-1,-1,-1
51,39,995.00,630.00,25.00,11.00,1.00,-1,-1,-1
51,40,1726.00,658.00,29.00,18.00,1.00,-1,-1,-1
51,41,639.00,628.00,22.00,14.00,1.00,-1,-1,-1
51,43,595.00,554.00,18.00,27.00,1.00,-1,-1,-1
51,45,1731.00,739.00,17.00,12.00,1.00,-1,-1,-1
51,51,539.00,486.00,17.00,12.00,1.00,-1,-1,-1
51,52,548.00,425.00,34.00,19.00,1.00,-1,-1,-1
51,55,798.00,482.00,36.00,21.00,1.00,-1,-1,-1
51,56,1013.00,538.00,36.00,21.00,1.00,-1,-1,-1
51,64,843.00,516.00,23.00,17.00,1.00,-1,-1,-1
51,65,556.00,434.00,18.00,13.00,1.00,-1,-1,-1
51,73,1179.00,569.00,37.00,20.00,1.00,-1,-1,-1
51,78,631.00,575.00,22.00,15.00,1.00,-1,-1,-1
51,82,583.00,567.00,68.00,23.00,1.00,-1,-1,-1
51,85,1188.00,607.00,25.00,17.00,1.00,-1,-1,-1
51,94,989.00,594.00,26.00,16.00,1.00,-1,-1,-1
51,109,1188.00,606.00,29.00,27.00,1.00,-1,-1,-1
51,112,800.00,492.00,17.00,13.00,1.00,-1,-1,-1
51,113,1187.00,596.00,33.00,34.00,1.00,-1,-1,-1
51,116,596.00,625.00,26.00,15.00,1.00,-1,-1,-1
51,119,641.00,445.00,33.00,17.00,1.00,-1,-1,-1
51,124,1014.00,546.00,17.00,9.00,1.00,-1,-1,-1
51,126,1360.00,609.00,17.00,11.00,1.00,-1,-1,-1
51,128,1063.00,539.00,28.00,27.00,1.00,-1,-1,-1
51,131,1791.00,690.00,35.00,35.00,1.00,-1,-1,-1
51,134,673.00,477.00,26.00,26.00,1.00,-1,-1,-1
51,136,1370.00,601.00,30.00,18.00,1.00,-1,-1,-1
51,145,690.00,454.00,24.00,14.00,1.00,-1,-1,-1
52,4,1408.00,608.00,26.00,14.00,1.00,-1,-1,-1
52,6,1220.00,582.00,23.00,17.00,1.00,-1,-1,-1
52,9,636.00,615.00,24.00,28.00,1.00,-1,-1,-1
52,13,544.00,447.00,37.00,57.00,1.00,-1,-1,-1
52,14,1757.00,663.00,22.00,18.00,1.00,-1,-1,-1
52,15,1576.00,637.00,21.00,13.00,1.00,-1,-1,-1
52,16,579.00,479.00,28.00,21.00,1.00,-1,-1,-1
52,18,712.00,524.00,28.00,20.00,1.00,-1,-1,-1
52,20,580.00,572.00,18.00,15.00,1.00,-1,-1,-1
52,22,596.00,472.00,24.00,13.00,1.00,-1,-1,-1
52,25,639.00,453.00,31.00,11.00,1.00,-1,-1,-1
52,29,546.00,468.00,34.00,26.00,1.00,-1,-1,-1
52,30,590.00,468.00,22.00,12.00,1.00,-1,-1,-1
52,39,1005.00,633.00,25.00,11.00,1.00,-1,-1,-1
52,40,1724.00,657.00,29.00,18.00,1.00,-1,-1,-1
52,41,638.00,626.00,22.00,14.00,1.00,-1,-1,-1
52,43,596.00,553.00,18.00,27.00,1.00,-1,-1,-1
52,45,1720.00,744.00,17.00,12.00,1.00,-1,-1,-1
52,51,539.00,484.00,17.00,12.00,1.00,-1,-1,-1
52,52,549.00,422.00,34.00,19.00,1.00,-1,-1,-1
52,55,799.00,480.00,36.00,21.00,1.00,-1,-1,-1
52,56,1013.00,535.00,36.00,21.00,1.00,-1,-1,-1
52,64,844.00,515.00,23.00,17.00,1.00,-1,-1,-1
52,65,556.00,430.00,18.00,13.00,1.00,-1,-1,-1
52,73,1177.00,567.00,37.00,20.00,1.00,-1,-1,-1
52,78,631.00,573.00,22.00,15.00,1.00,-1,-1,-1
52,82,583.00,565.00,68.00,23.00,1.00,-1,-1,-1
52,85,1189.00,609.00,25.00,17.00,1.00,-1,-1,-1
52,109,1189.00,607.00,29.00,27.00,1.00,-1,-1,-1
52,112,801.00,490.00,17.00,13.00,1.00,-1,-1,-1
52,113,1189.00,596.00,33.00,34.00,1.00,-1,-1,-1
52,116,595.00,623.00,26.00,15.00,1.00,-1,-1,-1
52,119,642.00,443.00,33.00,17.00,1.00,-1,-1,-1
52,124,1014.00,544.00,17.00,9.00,1.00,-1,-1,-1
52,126,1359.00,608.00,17.00,11.00,1.00,-1,-1,-1
52,128,1064.00,536.00,28.00,27.00,1.00,-1,-1,-1
52,131,1791.00,690.00,35.00,35.00,1.00,-1,-1,-1
52,134,688.00,488.00,26.00,26.00,1.00,-1,-1,-1
52,136,1370.00,599.00,30.00,18.00,1.00,-1,-1,-1
52,145,685.00,453.00,24.00,14.00,1.00,-1,-1,-1
53,4,1405.00,606.00,26.00,14.00,1.00,-1,-1,-1
53,6,1214.00,582.00,23.00,17.00,1.00,-1,-1,-1
53,9,635.00,613.00,24.00,28.00,1.00,-1,-1,-1
53,13,543.00,444.00,37.00,57.00,1.00,-1,-1,-1
53,14,1754.00,661.00,22.00,18.00,1.00,-1,-1,-1
53,15,1574.00,639.00,21.00,13.00,1.00,-1,-1,-1
53,16,578.00,476.00,28.00,21.00,1.00,-1,-1,-1
53,18,713.00,526.00,28.00,20.00,1.00,-1,-1,-1
53,20,579.00,570.00,18.00,15.00,1.00,-1,-1,-1
53,22,595.00,470.00,24.00,13.00,1.00,-1,-1,-1
53,25,639.00,451.00,31.00,11.00,1.00,-1,-1,-1
53,29,545.00,465.00,34.00,26.00,1.00,-1,-1,-1
53,30,590.00,466.00,22.00,12.00,1.00,-1,-1,-1
53,39,1017.00,636.00,25.00,11.00,1.00,-1,-1,-1
53,40,1720.00,655.00,29.00,18.00,1.00,-1,-1,-1
53,41,637.00,624.00,22.00,14.00,1.00,-1,-1,-1
53,43,595.00,551.00,18.00,27.00,1.00,-1,-1,-1
53,45,1720.00,744.00,17.00,12.00,1.00,-1,-1,-1
53,51,538.00,481.00,17.00,12.00,1.00,-1,-1,-1
53,52,548.00,420.00,34.00,19.00,1.00,-1,-1,-1
53,55,797.00,478.00,36.00,21.00,1.00,-1,-1,-1
53,56,1012.00,533.00,36.00,21.00,1.00,-1,-1,-1
53,64,841.00,513.00,23.00,17.00,1.00,-1,-1,-1
53,65,555.00,429.00,18.00,13.00,1.00,-1,-1,-1
53,73,1176.00,565.00,37.00,20.00,1.00,-1,-1,-1
53,78,630.00,571.00,22.00,15.00,1.00,-1,-1,-1
53,82,582.00,563.00,68.00,23.00,1.00,-1,-1,-1
53,85,1173.00,619.00,25.00,17.00,1.00,-1,-1,-1
53,109,1176.00,616.00,29.00,27.00,1.00,-1,-1,-1
53,112,799.00,488.00,17.00,13.00,1.00,-1,-1,-1
53,113,1173.00,605.00,33.00,34.00,1.00,-1,-1,-1
53,116,594.00,621.00,26.00,15.00,1.00,-1,-1,-1
53,119,641.00,441.00,33.00,17.00,1.00,-1,-1,-1
53,124,1013.00,542.00,17.00,9.00,1.00,-1,-1,-1
53,126,1357.00,607.00,17.00,11.00,1.00,-1,-1,-1
53,128,1061.00,534.00,28.00,27.00,1.00,-1,-1,-1
53,131,1791.00,690.00,35.00,35.00,1.00,-1,-1,-1
53,134,665.00,486.00,26.00,26.00,1.00,-1,-1,-1
53,136,1368.00,598.00,30.00,18.00,1.00,-1,-1,-1
53,145,685.00,450.00,24.00,14.00,1.00,-1,-1,-1
54,4,1403.00,604.00,26.00,14.00,1.00,-1,-1,-1
54,6,1196.00,594.00,23.00,17.00,1.00,-1,-1,-1
54,9,633.00,611.00,24.00,28.00,1.00,-1,-1,-1
54,13,542.00,442.00,37.00,57.00,1.00,-1,-1,-1
54,14,1751.00,659.00,22.00,18.00,1.00,-1,-1,-1
54,15,1581.00,641.00,21.00,13.00,1.00,-1,-1,-1
54,16,577.00,474.00,28.00,21.00,1.00,-1,-1,-1
54,18,721.00,529.00,28.00,20.00,1.00,-1,-1,-1
54,20,578.00,568.00,18.00,15.00,1.00,-1,-1,-1
54,22,590.00,472.00,24.00,13.00,1.00,-1,-1,-1
54,25,638.00,448.00,31.00,11.00,1.00,-1,-1,-1
54,29,544.00,463.00,34.00,26.00,1.00,-1,-1,-1
54,30,593.00,465.00,22.00,12.00,1.00,-1,-1,-1
54,39,1028.00,638.00,25.00,11.00,1.00,-1,-1,-1
54,40,1717.00,653.00,29.00,18.00,1.00,-1,-1,-1
54,41,635.00,621.00,22.00,14.00,1.00,-1,-1,-1
54,43,593.00,548.00,18.00,27.00,1.00,-1,-1,-1
54,45,1720.00,744.00,17.00,12.00,1.00,-1,-1,-1
54,51,535.00,481.00,17.00,13.00,1.00,-1,-1,-1
54,52,548.00,420.00,34.00,19.00,1.00,-1,-1,-1
54,55,796.00,476.00,36.00,21.00,1.00,-1,-1,-1
54,56,1011.00,530.00,36.00,21.00,1.00,-1,-1,-1
54,64,837.00,512.00,23.00,17.00,1.00,-1,-1,-1
54,65,555.00,429.00,18.00,13.00,1.00,-1,-1,-1
54,73,1174.00,563.00,37.00,20.00,1.00,-1,-1,-1
54,78,629.00,569.00,22.00,15.00,1.00,-1,-1,-1
54,82,581.00,560.00,68.00,23.00,1.00,-1,-1,-1
54,85,1175.00,618.00,25.00,17.00,1.00,-1,-1,-1
54,109,1178.00,615.00,29.00,27.00,1.00,-1,-1,-1
54,112,797.00,486.00,17.00,13.00,1.00,-1,-1,-1
54,113,1172.00,603.00,33.00,34.00,1.00,-1,-1,-1
54,116,593.00,619.00,26.00,15.00,1.00,-1,-1,-1
54,119,640.00,439.00,33.00,17.00,1.00,-1,-1,-1
54,124,1012.00,539.00,17.00,9.00,1.00,-1,-1,-1
54,126,1355.00,605.00,17.00,11.00,1.00,-1,-1,-1
54,128,1059.00,531.00,28.00,27.00,1.00,-1,-1,-1
54,131,1791.00,690.00,35.00,35.00,1.00,-1,-1,-1
54,134,672.00,484.00,26.00,26.00,1.00,-1,-1,-1
54,136,1366.00,596.00,30.00,18.00,1.00,-1,-1,-1
54,141,583.00,624.00,13.00,13.00,1.00,-1,-1,-1
54,145,684.00,448.00,24.00,14.00,1.00,-1,-1,-1
55,4,1402.00,602.00,26.00,14.00,1.00,-1,-1,-1
55,6,1193.00,591.00,23.00,17.00,1.00,-1,-1,-1
55,9,631.00,609.00,24.00,28.00,1.00,-1,-1,-1
55,13,542.00,439.00,37.00,57.00,1.00,-1,-1,-1
55,14,1748.00,657.00,22.00,18.00,1.00,-1,-1,-1
55,15,1591.00,643.00,21.00,13.00,1.00,-1,-1,-1
55,16,577.00,472.00,28.00,21.00,1.00,-1,-1,-1
55,18,724.00,531.00,28.00,20.00,1.00,-1,-1,-1
55,20,577.00,566.00,18.00,15.00,1.00,-1,-1,-1
55,22,589.00,469.00,24.00,13.00,1.00,-1,-1,-1
55,25,638.00,446.00,31.00,11.00,1.00,-1,-1,-1
55,29,544.00,460.00,34.00,26.00,1.00,-1,-1,-1
55,30,593.00,463.00,22.00,12.00,1.00,-1,-1,-1
55,39,1040.00,640.00,25.00,11.00,1.00,-1,-1,-1
55,40,1713.00,652.00,29.00,18.00,1.00,-1,-1,-1
55,41,634.00,619.00,22.00,14.00,1.00,-1,-1,-1
55,43,593.00,546.00,18.00,27.00,1.00,-1,-1,-1
55,45,1720.00,744.00,17.00,12.00,1.00,-1,-1,-1
55,51,534.00,478.00,17.00,13.00,1.00,-1,-1,-1
55,52,548.00,420.00,34.00,19.00,1.00,-1,-1,-1
55,55,795.00,474.00,36.00,21.00,1.00,-1,-1,-1
55,56,1009.00,528.00,36.00,21.00,1.00,-1,-1,-1
55,64,835.00,512.00,23.00,17.00,1.00,-1,-1,-1
55,65,555.00,429.00,18.00,13.00,1.00,-1,-1,-1
55,73,1172.00,561.00,37.00,20.00,1.00,-1,-1,-1
55,78,628.00,567.00,22.00,15.00,1.00,-1,-1,-1
55,82,580.00,558.00,68.00,23.00,1.00,-1,-1,-1
55,85,1186.00,621.00,25.00,17.00,1.00,-1,-1,-1
55,109,1188.00,618.00,29.00,27.00,1.00,-1,-1,-1
55,112,797.00,484.00,17.00,13.00,1.00,-1,-1,-1
55,113,1186.00,605.00,33.00,34.00,1.00,-1,-1,-1
55,116,591.00,617.00,26.00,15.00,1.00,-1,-1,-1
55,119,641.00,436.00,33.00,17.00,1.00,-1,-1,-1
55,124,1011.00,536.00,17.00,9.00,1.00,-1,-1,-1
55,126,1354.00,603.00,17.00,11.00,1.00,-1,-1,-1
55,128,1058.00,528.00,28.00,27.00,1.00,-1,-1,-1
55,131,1791.00,690.00,35.00,35.00,1.00,-1,-1,-1
55,134,673.00,485.00,26.00,26.00,1.00,-1,-1,-1
55,136,1364.00,594.00,30.00,18.00,1.00,-1,-1,-1
55,141,581.00,621.00,13.00,13.00,1.00,-1,-1,-1
55,145,684.00,446.00,24.00,14.00,1.00,-1,-1,-1
56,4,1400.00,600.00,26.00,14.00,1.00,-1,-1,-1
56,6,1192.00,589.00,23.00,17.00,1.00,-1,-1,-1
56,9,630.00,606.00,24.00,28.00,1.00,-1,-1,-1
56,13,541.00,437.00,37.00,57.00,1.00,-1,-1,-1
56,14,1745.00,655.00,22.00,18.00,1.00,-1,-1,-1
56,15,1602.00,647.00,21.00,13.00,1.00,-1,-1,-1
56,16,577.00,469.00,28.00,21.00,1.00,-1,-1,-1
56,18,732.00,533.00,28.00,20.00,1.00,-1,-1,-1
56,20,576.00,564.00,18.00,15.00,1.00,-1,-1,-1
56,22,589.00,467.00,24.00,13.00,1.00,-1,-1,-1
56,25,638.00,443.00,31.00,11.00,1.00,-1,-1,-1
56,29,544.00,458.00,34.00,26.00,1.00,-1,-1,-1
56,30,593.00,461.00,22.00,12.00,1.00,-1,-1,-1
56,39,1048.00,643.00,25.00,11.00,1.00,-1,-1,-1
56,40,1710.00,650.00,29.00,18.00,1.00,-1,-1,-1
56,41,633.00,616.00,22.00,14.00,1.00,-1,-1,-1
56,43,592.00,544.00,18.00,27.00,1.00,-1,-1,-1
56,45,1720.00,744.00,17.00,12.00,1.00,-1,-1,-1
56,51,533.00,475.00,17.00,13.00,1.00,-1,-1,-1
56,52,548.00,420.00,34.00,19.00,1.00,-1,-1,-1
56,55,795.00,472.00,36.00,21.00,1.00,-1,-1,-1
56,56,1008.00,526.00,36.00,21.00,1.00,-1,-1,-1
56,64,835.00,510.00,23.00,17.00,1.00,-1,-1,-1
56,65,556.00,429.00,18.00,13.00,1.00,-1,-1,-1
56,73,1171.00,559.00,37.00,20.00,1.00,-1,-1,-1
56,78,628.00,565.00,22.00,15.00,1.00,-1,-1,-1
56,82,579.00,556.00,68.00,23.00,1.00,-1,-1,-1
56,85,1189.00,624.00,25.00,17.00,1.00,-1,-1,-1
56,109,1191.00,621.00,29.00,27.00,1.00,-1,-1,-1
56,112,796.00,481.00,17.00,13.00,1.00,-1,-1,-1
56,113,1186.00,602.00,33.00,34.00,1.00,-1,-1,-1
56,116,590.00,614.00,26.00,15.00,1.00,-1,-1,-1
56,119,641.00,434.00,33.00,17.00,1.00,-1,-1,-1
56,124,1010.00,534.00,17.00,9.00,1.00,-1,-1,-1
56,126,1351.00,602.00,17.00,11.00,1.00,-1,-1,-1
56,128,1056.00,526.00,28.00,27.00,1.00,-1,-1,-1
56,131,1791.00,690.00,35.00,35.00,1.00,-1,-1,-1
56,134,675.00,487.00,26.00,26.00,1.00,-1,-1,-1
56,136,1363.00,592.00,30.00,18.00,1.00,-1,-1,-1
56,141,579.00,619.00,13.00,13.00,1.00,-1,-1,-1
56,145,684.00,443.00,24.00,14.00,1.00,-1,-1,-1
57,4,1398.00,598.00,26.00,14.00,1.00,-1,-1,-1
57,6,1185.00,594.00,23.00,17.00,1.00,-1,-1,-1
57,9,627.00,604.00,24.00,28.00,1.00,-1,-1,-1
57,13,540.00,435.00,37.00,57.00,1.00,-1,-1,-1
57,14,1743.00,655.00,17.00,15.00,1.00,-1,-1,-1
57,15,1604.00,649.00,21.00,13.00,1.00,-1,-1,-1
57,16,575.00,467.00,28.00,21.00,1.00,-1,-1,-1
57,18,751.00,534.00,28.00,20.00,1.00,-1,-1,-1
57,20,574.00,562.00,18.00,15.00,1.00,-1,-1,-1
57,22,597.00,463.00,24.00,12.00,1.00,-1,-1,-1
57,25,636.00,441.00,31.00,11.00,1.00,-1,-1,-1
57,29,542.00,456.00,34.00,26.00,1.00,-1,-1,-1
57,30,590.00,458.00,22.00,12.00,1.00,-1,-1,-1
57,39,1057.00,644.00,25.00,11.00,1.00,-1,-1,-1
57,40,1707.00,648.00,29.00,18.00,1.00,-1,-1,-1
57,41,630.00,614.00,22.00,14.00,1.00,-1,-1,-1
57,43,590.00,542.00,18.00,27.00,1.00,-1,-1,-1
57,45,1720.00,744.00,17.00,12.00,1.00,-1,-1,-1
57,51,530.00,473.00,30.00,11.00,1.00,-1,-1,-1
57,52,550.00,420.00,34.00,19.00,1.00,-1,-1,-1
57,55,793.00,469.00,36.00,21.00,1.00,-1,-1,-1
57,56,1019.00,525.00,59.00,20.00,1.00,-1,-1,-1
57,64,831.00,507.00,23.00,17.00,1.00,-1,-1,-1
57,65,558.00,429.00,18.00,13.00,1.00,-1,-1,-1
57,73,1176.00,558.00,59.00,18.00,1.00,-1,-1,-1
57,78,626.00,563.00,22.00,15.00,1.00,-1,-1,-1
57,82,587.00,556.00,55.00,18.00,1.00,-1,-1,-1
57,85,1185.00,627.00,25.00,17.00,1.00,-1,-1,-1
57,109,1187.00,624.00,29.00,27.00,1.00,-1,-1,-1
57,112,795.00,479.00,17.00,13.00,1.00,-1,-1,-1
57,113,1180.00,602.00,33.00,34.00,1.00,-1,-1,-1
57,116,582.00,610.00,62.00,19.00,1.00,-1,-1,-1
57,119,639.00,432.00,33.00,17.00,1.00,-1,-1,-1
57,124,1008.00,532.00,17.00,9.00,1.00,-1,-1,-1
57,126,1349.00,600.00,17.00,11.00,1.00,-1,-1,-1
57,128,1055.00,523.00,28.00,27.00,1.00,-1,-1,-1
57,134,681.00,489.00,26.00,26.00,1.00,-1,-1,-1
57,136,1359.00,592.00,59.00,18.00,1.00,-1,-1,-1
57,141,578.00,616.00,13.00,13.00,1.00,-1,-1,-1
57,145,682.00,441.00,24.00,14.00,1.00,-1,-1,-1
58,4,1395.00,596.00,26.00,14.00,1.00,-1,-1,-1
58,6,1174.00,591.00,23.00,17.00,1.00,-1,-1,-1
58,9,626.00,601.00,24.00,28.00,1.00,-1,-1,-1
58,13,539.00,432.00,37.00,57.00,1.00,-1,-1,-1
58,14,1740.00,652.00,17.00,15.00,1.00,-1,-1,-1
58,15,1614.00,651.00,21.00,13.00,1.00,-1,-1,-1
58,16,574.00,464.00,28.00,21.00,1.00,-1,-1,-1
58,18,778.00,535.00,28.00,20.00,1.00,-1,-1,-1
58,20,573.00,559.00,18.00,15.00,1.00,-1,-1,-1
58,22,598.00,453.00,24.00,12.00,1.00,-1,-1,-1
58,25,636.00,435.00,28.00,14.00,1.00,-1,-1,-1
58,29,545.00,455.00,72.00,27.00,1.00,-1,-1,-1
58,30,588.00,455.00,22.00,12.00,1.00,-1,-1,-1
58,39,1064.00,646.00,25.00,11.00,1.00,-1,-1,-1
58,40,1702.00,648.00,53.00,20.00,1.00,-1,-1,-1
58,41,628.00,612.00,22.00,14.00,1.00,-1,-1,-1
58,43,589.00,539.00,18.00,27.00,1.00,-1,-1,-1
58,51,529.00,470.00,30.00,11.00,1.00,-1,-1,-1
58,52,548.00,418.00,34.00,19.00,1.00,-1,-1,-1
58,55,791.00,467.00,36.00,21.00,1.00,-1,-1,-1
58,56,1010.00,522.00,67.00,20.00,1.00,-1,-1,-1
58,64,828.00,504.00,23.00,17.00,1.00,-1,-1,-1
58,65,565.00,429.00,18.00,13.00,1.00,-1,-1,-1
58,73,1176.00,556.00,56.00,19.00,1.00,-1,-1,-1
58,78,625.00,560.00,22.00,15.00,1.00,-1,-1,-1
58,82,584.00,555.00,55.00,17.00,1.00,-1,-1,-1
58,85,1139.00,628.00,25.00,17.00,1.00,-1,-1,-1
58,109,1153.00,624.00,29.00,27.00,1.00,-1,-1,-1
58,112,793.00,477.00,17.00,13.00,1.00,-1,-1,-1
58,113,1100.00,600.00,33.00,34.00,1.00,-1,-1,-1
58,116,579.00,608.00,63.00,19.00,1.00,-1,-1,-1
58,119,636.00,430.00,33.00,17.00,1.00,-1,-1,-1
58,124,1007.00,529.00,17.00,9.00,1.00,-1,-1,-1
58,126,1347.00,597.00,17.00,11.00,1.00,-1,-1,-1
58,128,1053.00,520.00,28.00,27.00,1.00,-1,-1,-1
58,134,683.00,491.00,26.00,26.00,1.00,-1,-1,-1
58,136,1349.00,589.00,66.00,20.00,1.00,-1,-1,-1
58,139,804.00,469.00,58.00,39.00,1.00,-1,-1,-1
58,141,576.00,614.00,13.00,13.00,1.00,-1,-1,-1
58,145,681.00,439.00,24.00,14.00,1.00,-1,-1,-1
58,166,1522.00,618.00,58.00,20.00,1.00,-1,-1,-1
59,4,1393.00,594.00,26.00,14.00,1.00,-1,-1,-1
59,6,1159.00,590.00,23.00,17.00,1.00,-1,-1,-1
59,9,625.00,599.00,24.00,28.00,1.00,-1,-1,-1
59,13,538.00,430.00,37.00,57.00,1.00,-1,-1,-1
59,14,1737.00,651.00,17.00,15.00,1.00,-1,-1,-1
59,15,1617.00,652.00,21.00,13.00,1.00,-1,-1,-1
59,16,573.00,462.00,28.00,21.00,1.00,-1,-1,-1
59,18,784.00,538.00,28.00,20.00,1.00,-1,-1,-1
59,20,572.00,557.00,18.00,15.00,1.00,-1,-1,-1
59,22,598.00,447.00,24.00,12.00,1.00,-1,-1,-1
59,25,635.00,433.00,28.00,14.00,1.00,-1,-1,-1
59,29,580.00,449.00,35.00,31.00,1.00,-1,-1,-1
59,30,586.00,453.00,22.00,12.00,1.00,-1,-1,-1
59,39,1067.00,649.00,25.00,11.00,1.00,-1,-1,-1
59,40,1699.00,646.00,53.00,20.00,1.00,-1,-1,-1
59,41,626.00,610.00,22.00,14.00,1.00,-1,-1,-1
59,43,588.00,537.00,18.00,27.00,1.00,-1,-1,-1
59,51,543.00,465.00,13.00,15.00,1.00,-1,-1,-1
59,52,548.00,417.00,34.00,19.00,1.00,-1,-1,-1
59,55,791.00,465.00,36.00,21.00,1.00,-1,-1,-1
59,56,1006.00,520.00,68.00,19.00,1.00,-1,-1,-1
59,64,822.00,502.00,23.00,17.00,1.00,-1,-1,-1
59,65,565.00,427.00,18.00,13.00,1.00,-1,-1,-1
59,73,1174.00,554.00,58.00,19.00,1.00,-1,-1,-1
59,78,625.00,559.00,22.00,15.00,1.00,-1,-1,-1
59,82,582.00,552.00,55.00,17.00,1.00,-1,-1,-1
59,85,1145.00,631.00,25.00,17.00,1.00,-1,-1,-1
59,109,1153.00,624.00,29.00,27.00,1.00,-1,-1,-1
59,112,792.00,475.00,17.00,13.00,1.00,-1,-1,-1
59,113,1100.00,600.00,33.00,34.00,1.00,-1,-1,-1
59,116,580.00,604.00,61.00,20.00,1.00,-1,-1,-1
59,119,636.00,428.00,33.00,17.00,1.00,-1,-1,-1
59,124,1006.00,526.00,17.00,9.00,1.00,-1,-1,-1
59,126,1345.00,595.00,17.00,11.00,1.00,-1,-1,-1
59,128,1052.00,518.00,28.00,27.00,1.00,-1,-1,-1
59,134,691.00,492.00,26.00,26.00,1.00,-1,-1,-1
59,136,1352.00,588.00,61.00,17.00,1.00,-1,-1,-1
59,139,802.00,466.00,58.00,39.00,1.00,-1,-1,-1
59,141,575.00,611.00,13.00,13.00,1.00,-1,-1,-1
59,145,681.00,437.00,24.00,14.00,1.00,-1,-1,-1
59,164,367.00,919.00,82.00,13.00,1.00,-1,-1,-1
59,166,1518.00,615.00,61.00,20.00,1.00,-1,-1,-1
60,4,1391.00,592.00,26.00,14.00,1.00,-1,-1,-1
60,6,1172.00,586.00,23.00,17.00,1.00,-1,-1,-1
60,9,622.00,596.00,24.00,28.00,1.00,-1,-1,-1
60,13,537.00,428.00,37.00,57.00,1.00,-1,-1,-1
60,14,1733.00,649.00,17.00,15.00,1.00,-1,-1,-1
60,15,1617.00,652.00,21.00,13.00,1.00,-1,-1,-1
60,16,571.00,460.00,28.00,21.00,1.00,-1,-1,-1
60,18,802.00,541.00,28.00,20.00,1.00,-1,-1,-1
60,20,571.00,555.00,18.00,15.00,1.00,-1,-1,-1
60,22,593.00,446.00,24.00,12.00,1.00,-1,-1,-1
60,25,634.00,430.00,28.00,14.00,1.00,-1,-1,-1
60,29,578.00,446.00,35.00,31.00,1.00,-1,-1,-1
60,30,584.00,450.00,22.00,12.00,1.00,-1,-1,-1
60,39,1080.00,652.00,25.00,11.00,1.00,-1,-1,-1
60,40,1695.00,644.00,53.00,20.00,1.00,-1,-1,-1
60,41,625.00,607.00,22.00,14.00,1.00,-1,-1,-1
60,43,587.00,535.00,18.00,27.00,1.00,-1,-1,-1
60,51,541.00,462.00,13.00,15.00,1.00,-1,-1,-1
60,52,547.00,414.00,34.00,19.00,1.00,-1,-1,-1
60,55,789.00,462.00,36.00,21.00,1.00,-1,-1,-1
60,56,1004.00,517.00,68.00,19.00,1.00,-1,-1,-1
60,64,822.00,498.00,23.00,17.00,1.00,-1,-1,-1
60,65,566.00,424.00,18.00,13.00,1.00,-1,-1,-1
60,73,1172.00,551.00,58.00,19.00,1.00,-1,-1,-1
60,78,623.00,556.00,22.00,15.00,1.00,-1,-1,-1
60,82,581.00,550.00,55.00,17.00,1.00,-1,-1,-1
60,85,1145.00,631.00,25.00,17.00,1.00,-1,-1,-1
60,109,1153.00,624.00,29.00,27.00,1.00,-1,-1,-1
60,112,790.00,472.00,17.00,13.00,1.00,-1,-1,-1
60,113,1100.00,600.00,33.00,34.00,1.00,-1,-1,-1
60,116,578.00,601.00,61.00,20.00,1.00,-1,-1,-1
60,119,635.00,426.00,33.00,17.00,1.00,-1,-1,-1
60,124,1004.00,524.00,17.00,9.00,1.00,-1,-1,-1
60,126,1343.00,593.00,17.00,11.00,1.00,-1,-1,-1
60,128,1050.00,515.00,28.00,27.00,1.00,-1,-1,-1
60,134,707.00,495.00,26.00,26.00,1.00,-1,-1,-1
60,136,1349.00,586.00,61.00,17.00,1.00,-1,-1,-1
60,139,801.00,464.00,58.00,39.00,1.00,-1,-1,-1
60,141,574.00,609.00,13.00,13.00,1.00,-1,-1,-1
60,145,680.00,435.00,24.00,14.00,1.00,-1,-1,-1
60,157,1087.00,946.00,25.00,16.00,1.00,-1,-1,-1
60,164,367.00,919.00,82.00,13.00,1.00,-1,-1,-1
60,166,1515.00,613.00,61.00,20.00,1.00,-1,-1,-1
61,4,1388.00,590.00,26.00,14.00,1.00,-1,-1,-1
61,6,1172.00,586.00,23.00,17.00,1.00,-1,-1,-1
61,9,620.00,594.00,24.00,28.00,1.00,-1,-1,-1
61,13,535.00,425.00,37.00,57.00,1.00,-1,-1,-1
61,14,1729.00,646.00,17.00,15.00,1.00,-1,-1,-1
61,15,1617.00,652.00,21.00,13.00,1.00,-1,-1,-1
61,16,529.00,459.00,65.00,18.00,1.00,-1,-1,-1
61,18,802.00,543.00,28.00,20.00,1.00,-1,-1,-1
61,20,568.00,552.00,18.00,15.00,1.00,-1,-1,-1
61,22,590.00,446.00,24.00,12.00,1.00,-1,-1,-1
61,25,644.00,428.00,15.00,11.00,1.00,-1,-1,-1
61,29,577.00,444.00,35.00,31.00,1.00,-1,-1,-1
61,30,583.00,448.00,22.00,12.00,1.00,-1,-1,-1
61,39,1089.00,654.00,25.00,11.00,1.00,-1,-1,-1
61,40,1690.00,643.00,56.00,19.00,1.00,-1,-1,-1
61,41,622.00,604.00,22.00,14.00,1.00,-1,-1,-1
61,43,585.00,532.00,18.00,27.00,1.00,-1,-1,-1
61,51,540.00,459.00,13.00,15.00,1.00,-1,-1,-1
61,52,544.00,409.00,53.00,30.00,1.00,-1,-1,-1
61,55,787.00,460.00,36.00,21.00,1.00,-1,-1,-1
61,56,1002.00,514.00,72.00,19.00,1.00,-1,-1,-1
61,64,821.00,498.00,23.00,17.00,1.00,-1,-1,-1
61,65,561.00,420.00,18.00,13.00,1.00,-1,-1,-1
61,73,1165.00,552.00,64.00,35.00,1.00,-1,-1,-1
61,78,622.00,553.00,22.00,15.00,1.00,-1,-1,-1
61,82,570.00,549.00,65.00,16.00,1.00,-1,-1,-1
61,85,1145.00,631.00,25.00,17.00,1.00,-1,-1,-1
61,109,1153.00,624.00,29.00,27.00,1.00,-1,-1,-1
61,112,788.00,470.00,17.00,13.00,1.00,-1,-1,-1
61,113,1100.00,600.00,33.00,34.00,1.00,-1,-1,-1
61,116,575.00,597.00,62.00,22.00,1.00,-1,-1,-1
61,119,633.00,424.00,33.00,17.00,1.00,-1,-1,-1
61,124,1002.00,522.00,17.00,9.00,1.00,-1,-1,-1
61,126,1340.00,591.00,17.00,11.00,1.00,-1,-1,-1
61,128,1048.00,513.00,28.00,27.00,1.00,-1,-1,-1
61,134,707.00,496.00,26.00,26.00,1.00,-1,-1,-1
61,136,1343.00,584.00,65.00,18.00,1.00,-1,-1,-1
61,139,799.00,463.00,69.00,33.00,1.00,-1,-1,-1
61,141,571.00,606.00,13.00,13.00,1.00,-1,-1,-1
61,145,677.00,437.00,24.00,14.00,1.00,-1,-1,-1
61,157,1086.00,946.00,25.00,16.00,1.00,-1,-1,-1
61,164,367.00,919.00,82.00,13.00,1.00,-1,-1,-1
61,166,1510.00,612.00,64.00,19.00,1.00,-1,-1,-1
61,178,680.00,427.00,20.00,17.00,1.00,-1,-1,-1
62,4,1386.00,587.00,26.00,14.00,1.00,-1,-1,-1
62,6,1172.00,586.00,23.00,17.00,1.00,-1,-1,-1
62,9,619.00,590.00,24.00,28.00,1.00,-1,-1,-1
62,13,534.00,422.00,37.00,57.00,1.00,-1,-1,-1
62,14,1726.00,644.00,17.00,15.00,1.00,-1,-1,-1
62,15,1617.00,652.00,21.00,13.00,1.00,-1,-1,-1
62,16,527.00,456.00,65.00,18.00,1.00,-1,-1,-1
62,18,814.00,546.00,28.00,20.00,1.00,-1,-1,-1
62,20,567.00,549.00,18.00,15.00,1.00,-1,-1,-1
62,22,587.00,450.00,24.00,12.00,1.00,-1,-1,-1
62,25,643.00,425.00,15.00,11.00,1.00,-1,-1,-1
62,29,576.00,441.00,35.00,31.00,1.00,-1,-1,-1
62,30,584.00,446.00,22.00,12.00,1.00,-1,-1,-1
62,39,1095.00,656.00,25.00,11.00,1.00,-1,-1,-1
62,40,1686.00,640.00,56.00,19.00,1.00,-1,-1,-1
62,41,621.00,601.00,22.00,14.00,1.00,-1,-1,-1
62,43,584.00,530.00,18.00,27.00,1.00,-1,-1,-1
62,51,538.00,457.00,13.00,15.00,1.00,-1,-1,-1
62,52,541.00,405.00,53.00,30.00,1.00,-1,-1,-1
62,55,786.00,458.00,36.00,21.00,1.00,-1,-1,-1
62,56,1000.00,510.00,72.00,19.00,1.00,-1,-1,-1
62,64,803.00,499.00,23.00,17.00,1.00,-1,-1,-1
62,65,558.00,417.00,18.00,13.00,1.00,-1,-1,-1
62,73,1161.00,549.00,64.00,35.00,1.00,-1,-1,-1
62,78,620.00,551.00,22.00,15.00,1.00,-1,-1,-1
62,82,568.00,546.00,65.00,16.00,1.00,-1,-1,-1
62,85,1145.00,631.00,25.00,17.00,1.00,-1,-1,-1
62,109,1153.00,624.00,29.00,27.00,1.00,-1,-1,-1
62,112,788.00,468.00,17.00,13.00,1.00,-1,-1,-1
62,113,1100.00,600.00,33.00,34.00,1.00,-1,-1,-1
62,116,573.00,594.00,62.00,22.00,1.00,-1,-1,-1
62,119,632.00,422.00,33.00,17.00,1.00,-1,-1,-1
62,124,1001.00,521.00,17.00,9.00,1.00,-1,-1,-1
62,126,1337.00,589.00,17.00,11.00,1.00,-1,-1,-1
62,128,1048.00,511.00,28.00,27.00,1.00,-1,-1,-1
62,134,712.00,497.00,26.00,26.00,1.00,-1,-1,-1
62,136,1340.00,581.00,65.00,18.00,1.00,-1,-1,-1
62,139,798.00,460.00,69.00,33.00,1.00,-1,-1,-1
62,141,570.00,603.00,13.00,13.00,1.00,-1,-1,-1
62,145,663.00,439.00,24.00,14.00,1.00,-1,-1,-1
62,157,1087.00,946.00,25.00,16.00,1.00,-1,-1,-1
62,164,367.00,919.00,82.00,13.00,1.00,-1,-1,-1
62,166,1507.00,609.00,64.00,19.00,1.00,-1,-1,-1
62,178,679.00,424.00,20.00,17.00,1.00,-1,-1,-1
62,191,1230.00,961.00,14.00,9.00,1.00,-1,-1,-1
62,192,1257.00,987.00,18.00,18.00,1.00,-1,-1,-1
63,4,1384.00,586.00,26.00,14.00,1.00,-1,-1,-1
63,6,1172.00,586.00,23.00,17.00,1.00,-1,-1,-1
63,9,617.00,588.00,24.00,28.00,1.00,-1,-1,-1
63,13,533.00,420.00,37.00,57.00,1.00,-1,-1,-1
63,14,1716.00,642.00,25.00,16.00,1.00,-1,-1,-1
63,15,1617.00,652.00,21.00,13.00,1.00,-1,-1,-1
63,16,541.00,455.00,49.00,26.00,1.00,-1,-1,-1
63,18,816.00,548.00,28.00,20.00,1.00,-1,-1,-1
63,20,567.00,547.00,18.00,15.00,1.00,-1,-1,-1
63,22,586.00,451.00,24.00,12.00,1.00,-1,-1,-1
63,25,642.00,423.00,15.00,11.00,1.00,-1,-1,-1
63,29,576.00,439.00,35.00,31.00,1.00,-1,-1,-1
63,30,584.00,444.00,22.00,12.00,1.00,-1,-1,-1
63,39,1102.00,659.00,25.00,11.00,1.00,-1,-1,-1
63,40,1683.00,638.00,56.00,19.00,1.00,-1,-1,-1
63,41,619.00,598.00,22.00,14.00,1.00,-1,-1,-1
63,43,583.00,527.00,18.00,27.00,1.00,-1,-1,-1
63,51,537.00,455.00,13.00,15.00,1.00,-1,-1,-1
63,52,544.00,404.00,52.00,28.00,1.00,-1,-1,-1
63,55,785.00,455.00,36.00,21.00,1.00,-1,-1,-1
63,56,1011.00,507.00,49.00,21.00,1.00,-1,-1,-1
63,64,798.00,499.00,23.00,17.00,1.00,-1,-1,-1
63,65,553.00,412.00,18.00,13.00,1.00,-1,-1,-1
63,73,1161.00,546.00,61.00,37.00,1.00,-1,-1,-1
63,78,619.00,549.00,22.00,15.00,1.00,-1,-1,-1
63,82,579.00,541.00,54.00,18.00,1.00,-1,-1,-1
63,85,1145.00,631.00,25.00,17.00,1.00,-1,-1,-1
63,109,1153.00,624.00,29.00,27.00,1.00,-1,-1,-1
63,112,786.00,465.00,17.00,13.00,1.00,-1,-1,-1
63,113,1100.00,600.00,33.00,34.00,1.00,-1,-1,-1
63,116,573.00,595.00,60.00,18.00,1.00,-1,-1,-1
63,119,632.00,420.00,33.00,17.00,1.00,-1,-1,-1
63,124,1001.00,519.00,17.00,9.00,1.00,-1,-1,-1
63,126,1335.00,587.00,17.00,11.00,1.00,-1,-1,-1
63,128,1050.00,508.00,28.00,27.00,1.00,-1,-1,-1
63,134,715.00,498.00,26.00,26.00,1.00,-1,-1,-1
63,136,1345.00,580.00,58.00,17.00,1.00,-1,-1,-1
63,139,824.00,466.00,28.00,27.00,1.00,-1,-1,-1
63,141,568.00,601.00,13.00,13.00,1.00,-1,-1,-1
63,145,664.00,439.00,24.00,14.00,1.00,-1,-1,-1
63,157,1087.00,945.00,25.00,16.00,1.00,-1,-1,-1
63,164,367.00,919.00,82.00,13.00,1.00,-1,-1,-1
63,166,1508.00,608.00,61.00,19.00,1.00,-1,-1,-1
63,178,678.00,422.00,20.00,17.00,1.00,-1,-1,-1
63,182,1365.00,630.00,34.00,18.00,1.00,-1,-1,-1
63,191,1229.00,961.00,14.00,9.00,1.00,-1,-1,-1
63,192,1257.00,987.00,18.00,18.00,1.00,-1,-1,-1
63,200,175.00,927.00,33.00,14.00,1.00,-1,-1,-1
64,4,1382.00,583.00,26.00,14.00,1.00,-1,-1,-1
64,6,1172.00,586.00,23.00,17.00,1.00,-1,-1,-1
64,9,615.00,585.00,24.00,28.00,1.00,-1,-1,-1
64,13,531.00,418.00,37.00,57.00,1.00,-1,-1,-1
64,14,1677.00,636.00,62.00,19.00,1.00,-1,-1,-1
64,15,1617.00,652.00,21.00,13.00,1.00,-1,-1,-1
64,16,536.00,452.00,56.00,14.00,1.00,-1,-1,-1
64,18,816.00,548.00,28.00,20.00,1.00,-1,-1,-1
64,20,565.00,545.00,18.00,15.00,1.00,-1,-1,-1
64,22,583.00,454.00,24.00,12.00,1.00,-1,-1,-1
64,25,641.00,421.00,15.00,11.00,1.00,-1,-1,-1
64,29,574.00,436.00,35.00,31.00,1.00,-1,-1,-1
64,30,583.00,442.00,22.00,12.00,1.00,-1,-1,-1
64,39,1113.00,662.00,25.00,11.00,1.00,-1,-1,-1
64,40,1680.00,636.00,56.00,19.00,1.00,-1,-1,-1
64,41,616.00,596.00,22.00,14.00,1.00,-1,-1,-1
64,43,582.00,525.00,18.00,27.00,1.00,-1,-1,-1
64,51,536.00,452.00,13.00,15.00,1.00,-1,-1,-1
64,52,540.00,400.00,52.00,28.00,1.00,-1,-1,-1
64,55,782.00,453.00,36.00,21.00,1.00,-1,-1,-1
64,56,1009.00,504.00,65.00,36.00,1.00,-1,-1,-1
64,64,785.00,501.00,23.00,17.00,1.00,-1,-1,-1
64,65,544.00,404.00,15.00,11.00,1.00,-1,-1,-1
64,73,1159.00,543.00,63.00,18.00,1.00,-1,-1,-1
64,78,617.00,546.00,22.00,15.00,1.00,-1,-1,-1
64,82,577.00,539.00,54.00,17.00,1.00,-1,-1,-1
64,85,1145.00,631.00,25.00,17.00,1.00,-1,-1,-1
64,112,785.00,463.00,17.00,13.00,1.00,-1,-1,-1
64,116,576.00,592.00,55.00,20.00,1.00,-1,-1,-1
64,119,630.00,418.00,33.00,17.00,1.00,-1,-1,-1
64,124,1000.00,517.00,17.00,9.00,1.00,-1,-1,-1
64,126,1333.00,585.00,17.00,11.00,1.00,-1,-1,-1
64,128,1046.00,506.00,28.00,27.00,1.00,-1,-1,-1
64,134,725.00,502.00,26.00,26.00,1.00,-1,-1,-1
64,136,1342.00,578.00,59.00,17.00,1.00,-1,-1,-1
64,139,818.00,477.00,33.00,18.00,1.00,-1,-1,-1
64,141,566.00,599.00,13.00,13.00,1.00,-1,-1,-1
64,145,653.00,441.00,24.00,14.00,1.00,-1,-1,-1
64,157,1087.00,946.00,25.00,16.00,1.00,-1,-1,-1
64,164,367.00,919.00,82.00,13.00,1.00,-1,-1,-1
64,166,1498.00,605.00,67.00,19.00,1.00,-1,-1,-1
64,178,682.00,419.00,17.00,9.00,1.00,-1,-1,-1
64,182,1363.00,632.00,34.00,18.00,1.00,-1,-1,-1
64,191,1230.00,961.00,14.00,9.00,1.00,-1,-1,-1
64,192,1256.00,986.00,18.00,18.00,1.00,-1,-1,-1
64,200,204.00,931.00,33.00,14.00,1.00,-1,-1,-1
64,204,1713.00,686.00,22.00,10.00,1.00,-1,-1,-1
65,4,1379.00,580.00,26.00,14.00,1.00,-1,-1,-1
65,6,1172.00,586.00,23.00,17.00,1.00,-1,-1,-1
65,9,613.00,582.00,24.00,28.00,1.00,-1,-1,-1
65,13,530.00,415.00,37.00,57.00,1.00,-1,-1,-1
65,14,1674.00,635.00,60.00,18.00,1.00,-1,-1,-1
65,16,534.00,450.00,57.00,14.00,1.00,-1,-1,-1
65,18,816.00,548.00,28.00,20.00,1.00,-1,-1,-1
65,20,563.00,542.00,18.00,15.00,1.00,-1,-1,-1
65,22,582.00,452.00,24.00,12.00,1.00,-1,-1,-1
65,25,639.00,420.00,15.00,11.00,1.00,-1,-1,-1
65,29,573.00,434.00,35.00,31.00,1.00,-1,-1,-1
65,30,581.00,440.00,22.00,12.00,1.00,-1,-1,-1
65,39,1119.00,664.00,25.00,11.00,1.00,-1,-1,-1
65,40,1675.00,633.00,56.00,19.00,1.00,-1,-1,-1
65,41,614.00,593.00,22.00,14.00,1.00,-1,-1,-1
65,43,580.00,522.00,18.00,27.00,1.00,-1,-1,-1
65,51,533.00,450.00,13.00,15.00,1.00,-1,-1,-1
65,52,542.00,392.00,60.00,26.00,1.00,-1,-1,-1
65,55,781.00,450.00,36.00,21.00,1.00,-1,-1,-1
65,56,1007.00,501.00,53.00,23.00,1.00,-1,-1,-1
65,64,785.00,501.00,23.00,17.00,1.00,-1,-1,-1
65,65,543.00,399.00,15.00,11.00,1.00,-1,-1,-1
65,73,1156.00,540.00,63.00,20.00,1.00,-1,-1,-1
65,78,615.00,544.00,22.00,15.00,1.00,-1,-1,-1
65,82,573.00,535.00,57.00,20.00,1.00,-1,-1,-1
65,112,783.00,461.00,17.00,13.00,1.00,-1,-1,-1
65,116,569.00,587.00,59.00,23.00,1.00,-1,-1,-1
65,119,628.00,416.00,33.00,17.00,1.00,-1,-1,-1
65,124,999.00,514.00,17.00,9.00,1.00,-1,-1,-1
65,126,1330.00,583.00,17.00,11.00,1.00,-1,-1,-1
65,128,1043.00,504.00,28.00,27.00,1.00,-1,-1,-1
65,134,726.00,504.00,26.00,26.00,1.00,-1,-1,-1
65,136,1337.00,575.00,61.00,23.00,1.00,-1,-1,-1
65,139,804.00,477.00,33.00,18.00,1.00,-1,-1,-1
65,141,564.00,596.00,13.00,13.00,1.00,-1,-1,-1
65,145,650.00,443.00,24.00,14.00,1.00,-1,-1,-1
65,157,1087.00,946.00,25.00,16.00,1.00,-1,-1,-1
65,166,1493.00,603.00,70.00,20.00,1.00,-1,-1,-1
65,178,668.00,416.00,29.00,12.00,1.00,-1,-1,-1
65,181,793.00,453.00,54.00,13.00,1.00,-1,-1,-1
65,182,1363.00,632.00,34.00,18.00,1.00,-1,-1,-1
65,191,1230.00,961.00,14.00,9.00,1.00,-1,-1,-1
65,192,1256.00,986.00,18.00,18.00,1.00,-1,-1,-1
65,200,206.00,933.00,33.00,14.00,1.00,-1,-1,-1
65,204,1712.00,683.00,22.00,10.00,1.00,-1,-1,-1
65,214,1697.00,690.00,31.00,22.00,1.00,-1,-1,-1
65,227,1526.00,644.00,36.00,20.00,1.00,-1,-1,-1
66,4,1377.00,578.00,26.00,14.00,1.00,-1,-1,-1
66,9,611.00,579.00,24.00,28.00,1.00,-1,-1,-1
66,13,529.00,413.00,37.00,57.00,1.00,-1,-1,-1
66,14,1670.00,632.00,62.00,19.00,1.00,-1,-1,-1
66,16,535.00,447.00,53.00,16.00,1.00,-1,-1,-1
66,18,816.00,548.00,28.00,20.00,1.00,-1,-1,-1
66,20,563.00,540.00,18.00,15.00,1.00,-1,-1,-1
66,22,581.00,450.00,24.00,12.00,1.00,-1,-1,-1
66,25,638.00,417.00,15.00,11.00,1.00,-1,-1,-1
66,29,572.00,432.00,35.00,31.00,1.00,-1,-1,-1
66,30,581.00,438.00,22.00,12.00,1.00,-1,-1,-1
66,39,1133.00,667.00,25.00,11.00,1.00,-1,-1,-1
66,40,1674.00,631.00,56.00,19.00,1.00,-1,-1,-1
66,41,613.00,590.00,22.00,14.00,1.00,-1,-1,-1
66,43,579.00,520.00,18.00,27.00,1.00,-1,-1,-1
66,51,533.00,448.00,13.00,15.00,1.00,-1,-1,-1
66,52,541.00,389.00,60.00,26.00,1.00,-1,-1,-1
66,55,791.00,452.00,28.00,11.00,1.00,-1,-1,-1
66,56,1006.00,498.00,50.00,24.00,1.00,-1,-1,-1
66,64,785.00,501.00,23.00,17.00,1.00,-1,-1,-1
66,65,552.00,400.00,15.00,11.00,1.00,-1,-1,-1
66,73,1152.00,537.00,66.00,19.00,1.00,-1,-1,-1
66,78,614.00,541.00,22.00,15.00,1.00,-1,-1,-1
66,82,572.00,533.00,56.00,18.00,1.00,-1,-1,-1
66,112,781.00,458.00,17.00,13.00,1.00,-1,-1,-1
66,116,569.00,578.00,57.00,26.00,1.00,-1,-1,-1
66,119,639.00,414.00,55.00,16.00,1.00,-1,-1,-1
66,124,998.00,510.00,17.00,9.00,1.00,-1,-1,-1
66,126,1329.00,580.00,17.00,11.00,1.00,-1,-1,-1
66,128,1042.00,501.00,28.00,27.00,1.00,-1,-1,-1
66,134,727.00,506.00,26.00,26.00,1.00,-1,-1,-1
66,136,1336.00,574.00,61.00,17.00,1.00,-1,-1,-1
66,139,814.00,476.00,33.00,18.00,1.00,-1,-1,-1
66,141,562.00,593.00,13.00,13.00,1.00,-1,-1,-1
66,145,657.00,444.00,24.00,14.00,1.00,-1,-1,-1
66,157,1086.00,946.00,25.00,16.00,1.00,-1,-1,-1
66,166,1491.00,600.00,70.00,20.00,1.00,-1,-1,-1
66,178,667.00,413.00,29.00,12.00,1.00,-1,-1,-1
66,181,791.00,450.00,54.00,13.00,1.00,-1,-1,-1
66,182,1363.00,632.00,34.00,18.00,1.00,-1,-1,-1
66,191,1230.00,960.00,14.00,9.00,1.00,-1,-1,-1
66,192,1256.00,987.00,18.00,18.00,1.00,-1,-1,-1
66,200,206.00,933.00,33.00,14.00,1.00,-1,-1,-1
66,204,1673.00,692.00,42.00,14.00,1.00,-1,-1,-1
66,214,1695.00,695.00,31.00,22.00,1.00,-1,-1,-1
66,221,574.00,387.00,35.00,20.00,1.00,-1,-1,-1
66,222,343.00,941.00,153.00,20.00,1.00,-1,-1,-1
66,223,949.00,946.00,25.00,9.00,1.00,-1,-1,-1
66,227,1519.00,642.00,36.00,20.00,1.00,-1,-1,-1
67,4,1376.00,576.00,26.00,14.00,1.00,-1,-1,-1
67,9,610.00,576.00,24.00,28.00,1.00,-1,-1,-1
67,13,529.00,411.00,37.00,57.00,1.00,-1,-1,-1
67,14,1667.00,630.00,62.00,19.00,1.00,-1,-1,-1
67,16,534.00,444.00,53.00,16.00,1.00,-1,-1,-1
67,18,816.00,548.00,28.00,20.00,1.00,-1,-1,-1
67,20,562.00,537.00,18.00,15.00,1.00,-1,-1,-1
67,22,580.00,448.00,24.00,12.00,1.00,-1,-1,-1
67,25,638.00,414.00,15.00,11.00,1.00,-1,-1,-1
67,29,571.00,429.00,35.00,31.00,1.00,-1,-1,-1
67,30,580.00,435.00,22.00,12.00,1.00,-1,-1,-1
67,39,1144.00,670.00,25.00,11.00,1.00,-1,-1,-1
67,40,1671.00,629.00,56.00,19.00,1.00,-1,-1,-1
67,41,611.00,587.00,22.00,14.00,1.00,-1,-1,-1
67,43,578.00,517.00,18.00,27.00,1.00,-1,-1,-1
67,51,533.00,445.00,13.00,15.00,1.00,-1,-1,-1
67,52,540.00,387.00,60.00,26.00,1.00,-1,-1,-1
67,55,789.00,449.00,28.00,11.00,1.00,-1,-1,-1
67,56,1004.00,494.00,50.00,24.00,1.00,-1,-1,-1
67,64,785.00,501.00,23.00,17.00,1.00,-1,-1,-1
67,65,554.00,401.00,15.00,11.00,1.00,-1,-1,-1
67,73,1150.00,534.00,66.00,19.00,1.00,-1,-1,-1
67,78,612.00,539.00,22.00,15.00,1.00,-1,-1,-1
67,82,571.00,530.00,56.00,18.00,1.00,-1,-1,-1
67,112,781.00,455.00,17.00,13.00,1.00,-1,-1,-1
67,116,567.00,575.00,57.00,26.00,1.00,-1,-1,-1
67,119,638.00,411.00,55.00,16.00,1.00,-1,-1,-1
67,124,997.00,506.00,17.00,9.00,1.00,-1,-1,-1
67,126,1327.00,578.00,17.00,11.00,1.00,-1,-1,-1
67,128,1039.00,496.00,28.00,27.00,1.00,-1,-1,-1
67,134,735.00,508.00,26.00,26.00,1.00,-1,-1,-1
67,136,1334.00,571.00,61.00,17.00,1.00,-1,-1,-1
67,139,813.00,475.00,33.00,18.00,1.00,-1,-1,-1
67,141,561.00,590.00,13.00,13.00,1.00,-1,-1,-1
67,145,658.00,445.00,24.00,14.00,1.00,-1,-1,-1
67,157,1090.00,952.00,18.00,10.00,1.00,-1,-1,-1
67,166,1489.00,598.00,70.00,20.00,1.00,-1,-1,-1
67,169,889.00,951.00,41.00,23.00,1.00,-1,-1,-1
67,172,1012.00,948.00,25.00,25.00,1.00,-1,-1,-1
67,178,666.00,410.00,29.00,12.00,1.00,-1,-1,-1
67,181,791.00,447.00,54.00,13.00,1.00,-1,-1,-1
67,182,1363.00,632.00,34.00,18.00,1.00,-1,-1,-1
67,190,851.00,947.00,29.00,12.00,1.00,-1,-1,-1
67,191,1230.00,961.00,14.00,9.00,1.00,-1,-1,-1
67,192,1257.00,985.00,22.00,20.00,1.00,-1,-1,-1
67,197,653.00,966.00,28.00,16.00,1.00,-1,-1,-1
67,200,206.00,933.00,33.00,14.00,1.00,-1,-1,-1
67,204,1667.00,687.00,42.00,14.00,1.00,-1,-1,-1
67,205,1163.00,945.00,37.00,27.00,1.00,-1,-1,-1
67,214,1645.00,698.00,31.00,22.00,1.00,-1,-1,-1
67,221,573.00,384.00,35.00,20.00,1.00,-1,-1,-1
67,222,343.00,941.00,153.00,20.00,1.00,-1,-1,-1
67,223,949.00,946.00,25.00,9.00,1.00,-1,-1,-1
67,227,1517.00,638.00,36.00,20.00,1.00,-1,-1,-1
68,4,1372.00,574.00,26.00,14.00,1.00,-1,-1,-1
68,9,609.00,573.00,24.00,28.00,1.00,-1,-1,-1
68,13,526.00,408.00,37.00,57.00,1.00,-1,-1,-1
68,14,1663.00,626.00,63.00,20.00,1.00,-1,-1,-1
68,16,532.00,440.00,56.00,13.00,1.00,-1,-1,-1
68,18,816.00,548.00,28.00,20.00,1.00,-1,-1,-1
68,20,561.00,534.00,18.00,15.00,1.00,-1,-1,-1
68,22,578.00,445.00,24.00,12.00,1.00,-1,-1,-1
68,25,636.00,412.00,15.00,11.00,1.00,-1,-1,-1
68,29,570.00,426.00,35.00,31.00,1.00,-1,-1,-1
68,30,579.00,432.00,22.00,12.00,1.00,-1,-1,-1
68,39,1155.00,672.00,25.00,11.00,1.00,-1,-1,-1
68,40,1668.00,626.00,56.00,19.00,1.00,-1,-1,-1
68,41,609.00,584.00,22.00,14.00,1.00,-1,-1,-1
68,43,577.00,514.00,18.00,27.00,1.00,-1,-1,-1
68,51,531.00,442.00,13.00,15.00,1.00,-1,-1,-1
68,52,544.00,385.00,53.00,12.00,1.00,-1,-1,-1
68,55,790.00,448.00,19.00,8.00,1.00,-1,-1,-1
68,56,1002.00,493.00,50.00,32.00,1.00,-1,-1,-1
68,64,785.00,501.00,23.00,17.00,1.00,-1,-1,-1
68,65,556.00,402.00,15.00,11.00,1.00,-1,-1,-1
68,73,1148.00,530.00,66.00,21.00,1.00,-1,-1,-1
68,78,609.00,536.00,22.00,15.00,1.00,-1,-1,-1
68,82,571.00,528.00,57.00,18.00,1.00,-1,-1,-1
68,112,780.00,452.00,17.00,13.00,1.00,-1,-1,-1
68,116,573.00,579.00,50.00,18.00,1.00,-1,-1,-1
68,119,640.00,407.00,25.00,14.00,1.00,-1,-1,-1
68,124,995.00,500.00,17.00,9.00,1.00,-1,-1,-1
68,126,1324.00,576.00,17.00,11.00,1.00,-1,-1,-1
68,128,1036.00,491.00,28.00,27.00,1.00,-1,-1,-1
68,134,746.00,510.00,26.00,26.00,1.00,-1,-1,-1
68,136,1333.00,568.00,57.00,21.00,1.00,-1,-1,-1
68,139,809.00,475.00,33.00,18.00,1.00,-1,-1,-1
68,141,559.00,587.00,13.00,13.00,1.00,-1,-1,-1
68,145,668.00,446.00,24.00,14.00,1.00,-1,-1,-1
68,152,823.00,447.00,21.00,18.00,1.00,-1,-1,-1
68,157,1090.00,951.00,18.00,10.00,1.00,-1,-1,-1
68,166,1497.00,596.00,60.00,63.00,1.00,-1,-1,-1
68,169,888.00,951.00,41.00,23.00,1.00,-1,-1,-1
68,172,1011.00,947.00,25.00,25.00,1.00,-1,-1,-1
68,178,665.00,408.00,29.00,12.00,1.00,-1,-1,-1
68,181,789.00,445.00,54.00,13.00,1.00,-1,-1,-1
68,182,1363.00,632.00,34.00,18.00,1.00,-1,-1,-1
68,190,851.00,946.00,29.00,12.00,1.00,-1,-1,-1
68,191,1229.00,960.00,14.00,9.00,1.00,-1,-1,-1
68,192,1257.00,985.00,22.00,20.00,1.00,-1,-1,-1
68,197,653.00,965.00,28.00,16.00,1.00,-1,-1,-1
68,200,206.00,933.00,33.00,14.00,1.00,-1,-1,-1
68,204,1664.00,684.00,42.00,14.00,1.00,-1,-1,-1
68,205,1163.00,945.00,37.00,27.00,1.00,-1,-1,-1
68,214,1645.00,698.00,31.00,22.00,1.00,-1,-1,-1
68,221,573.00,382.00,35.00,20.00,1.00,-1,-1,-1
68,222,343.00,941.00,153.00,20.00,1.00,-1,-1,-1
68,223,949.00,946.00,25.00,9.00,1.00,-1,-1,-1
68,227,1520.00,635.00,36.00,20.00,1.00,-1,-1,-1
68,240,1099.00,1044.00,51.00,8.00,1.00,-1,-1,-1
69,4,1370.00,571.00,26.00,14.00,1.00,-1,-1,-1
69,9,607.00,570.00,24.00,28.00,1.00,-1,-1,-1
69,13,525.00,406.00,37.00,57.00,1.00,-1,-1,-1
69,14,1659.00,623.00,63.00,20.00,1.00,-1,-1,-1
69,16,531.00,437.00,56.00,13.00,1.00,-1,-1,-1
69,20,560.00,531.00,18.00,15.00,1.00,-1,-1,-1
69,22,568.00,447.00,24.00,12.00,1.00,-1,-1,-1
69,25,636.00,410.00,15.00,11.00,1.00,-1,-1,-1
69,29,570.00,422.00,35.00,31.00,1.00,-1,-1,-1
69,30,579.00,429.00,22.00,12.00,1.00,-1,-1,-1
69,39,1169.00,673.00,25.00,11.00,1.00,-1,-1,-1
69,40,1665.00,623.00,56.00,19.00,1.00,-1,-1,-1
69,41,607.00,581.00,22.00,14.00,1.00,-1,-1,-1
69,43,577.00,511.00,18.00,27.00,1.00,-1,-1,-1
69,51,530.00,440.00,13.00,15.00,1.00,-1,-1,-1
69,52,543.00,382.00,53.00,12.00,1.00,-1,-1,-1
69,55,787.00,445.00,19.00,8.00,1.00,-1,-1,-1
69,56,996.00,487.00,50.00,32.00,1.00,-1,-1,-1
69,64,785.00,501.00,23.00,17.00,1.00,-1,-1,-1
69,65,561.00,402.00,15.00,11.00,1.00,-1,-1,-1
69,73,1146.00,527.00,66.00,21.00,1.00,-1,-1,-1
69,78,607.00,534.00,22.00,15.00,1.00,-1,-1,-1
69,82,570.00,524.00,57.00,18.00,1.00,-1,-1,-1
69,112,780.00,451.00,17.00,13.00,1.00,-1,-1,-1
69,116,571.00,575.00,50.00,18.00,1.00,-1,-1,-1
69,119,639.00,404.00,25.00,14.00,1.00,-1,-1,-1
69,124,994.00,494.00,17.00,9.00,1.00,-1,-1,-1
69,126,1322.00,573.00,17.00,11.00,1.00,-1,-1,-1
69,128,1036.00,485.00,28.00,27.00,1.00,-1,-1,-1
69,134,756.00,512.00,26.00,26.00,1.00,-1,-1,-1
69,136,1330.00,565.00,57.00,21.00,1.00,-1,-1,-1
69,139,804.00,474.00,33.00,18.00,1.00,-1,-1,-1
69,141,557.00,583.00,13.00,13.00,1.00,-1,-1,-1
69,145,668.00,448.00,24.00,14.00,1.00,-1,-1,-1
69,152,822.00,444.00,21.00,18.00,1.00,-1,-1,-1
69,157,1089.00,951.00,18.00,10.00,1.00,-1,-1,-1
69,166,1488.00,594.00,60.00,63.00,1.00,-1,-1,-1
69,169,888.00,951.00,41.00,23.00,1.00,-1,-1,-1
69,172,1011.00,948.00,25.00,25.00,1.00,-1,-1,-1
69,178,664.00,405.00,29.00,12.00,1.00,-1,-1,-1
69,181,788.00,442.00,54.00,13.00,1.00,-1,-1,-1
69,182,1363.00,632.00,34.00,18.00,1.00,-1,-1,-1
69,190,851.00,948.00,27.00,11.00,1.00,-1,-1,-1
69,191,1229.00,960.00,14.00,9.00,1.00,-1,-1,-1
69,192,1257.00,987.00,19.00,18.00,1.00,-1,-1,-1
69,197,653.00,965.00,28.00,16.00,1.00,-1,-1,-1
69,200,206.00,933.00,33.00,14.00,1.00,-1,-1,-1
69,204,1663.00,679.00,42.00,14.00,1.00,-1,-1,-1
69,205,1163.00,945.00,37.00,27.00,1.00,-1,-1,-1
69,214,1645.00,698.00,31.00,22.00,1.00,-1,-1,-1
69,221,574.00,382.00,35.00,20.00,1.00,-1,-1,-1
69,222,343.00,941.00,153.00,20.00,1.00,-1,-1,-1
69,223,938.00,948.00,35.00,7.00,1.00,-1,-1,-1
69,227,1517.00,630.00,36.00,20.00,1.00,-1,-1,-1
69,240,1099.00,1044.00,51.00,8.00,1.00,-1,-1,-1
69,246,1059.00,957.00,23.00,12.00,1.00,-1,-1,-1
70,4,1369.00,568.00,26.00,14.00,1.00,-1,-1,-1
70,9,606.00,567.00,24.00,28.00,1.00,-1,-1,-1
70,13,525.00,403.00,37.00,57.00,1.00,-1,-1,-1
70,14,1663.00,622.00,59.00,20.00,1.00,-1,-1,-1
70,16,532.00,436.00,49.00,22.00,1.00,-1,-1,-1
70,20,559.00,528.00,18.00,15.00,1.00,-1,-1,-1
70,22,560.00,448.00,24.00,12.00,1.00,-1,-1,-1
70,25,636.00,407.00,15.00,11.00,1.00,-1,-1,-1
70,29,571.00,420.00,35.00,31.00,1.00,-1,-1,-1
70,30,579.00,427.00,22.00,12.00,1.00,-1,-1,-1
70,39,1184.00,677.00,25.00,11.00,1.00,-1,-1,-1
70,40,1663.00,621.00,56.00,19.00,1.00,-1,-1,-1
70,41,606.00,578.00,22.00,14.00,1.00,-1,-1,-1
70,43,576.00,508.00,18.00,27.00,1.00,-1,-1,-1
70,51,530.00,437.00,13.00,15.00,1.00,-1,-1,-1
70,52,545.00,379.00,53.00,12.00,1.00,-1,-1,-1
70,55,789.00,442.00,19.00,8.00,1.00,-1,-1,-1
70,56,1001.00,481.00,56.00,28.00,1.00,-1,-1,-1
70,65,561.00,387.00,16.00,20.00,1.00,-1,-1,-1
70,73,1146.00,528.00,76.00,30.00,1.00,-1,-1,-1
70,78,607.00,531.00,22.00,15.00,1.00,-1,-1,-1
70,82,563.00,522.00,63.00,19.00,1.00,-1,-1,-1
70,112,783.00,451.00,17.00,13.00,1.00,-1,-1,-1
70,116,569.00,574.00,51.00,18.00,1.00,-1,-1,-1
70,119,637.00,403.00,56.00,15.00,1.00,-1,-1,-1
70,124,993.00,488.00,17.00,9.00,1.00,-1,-1,-1
70,126,1321.00,571.00,17.00,11.00,1.00,-1,-1,-1
70,128,1034.00,481.00,28.00,27.00,1.00,-1,-1,-1
70,134,756.00,512.00,26.00,26.00,1.00,-1,-1,-1
70,136,1334.00,564.00,55.00,41.00,1.00,-1,-1,-1
70,139,804.00,473.00,33.00,18.00,1.00,-1,-1,-1
70,141,557.00,580.00,13.00,13.00,1.00,-1,-1,-1
70,145,685.00,450.00,24.00,14.00,1.00,-1,-1,-1
70,152,789.00,441.00,52.00,16.00,1.00,-1,-1,-1
70,157,1089.00,951.00,18.00,10.00,1.00,-1,-1,-1
70,166,1497.00,599.00,60.00,63.00,1.00,-1,-1,-1
70,169,888.00,951.00,41.00,23.00,1.00,-1,-1,-1
70,172,1011.00,948.00,25.00,25.00,1.00,-1,-1,-1
70,178,665.00,403.00,29.00,12.00,1.00,-1,-1,-1
70,181,788.00,439.00,54.00,13.00,1.00,-1,-1,-1
70,190,850.00,948.00,27.00,11.00,1.00,-1,-1,-1
70,191,1229.00,960.00,14.00,9.00,1.00,-1,-1,-1
70,192,1257.00,987.00,19.00,18.00,1.00,-1,-1,-1
70,195,926.00,960.00,20.00,8.00,1.00,-1,-1,-1
70,197,653.00,965.00,28.00,16.00,1.00,-1,-1,-1
70,200,206.00,933.00,33.00,14.00,1.00,-1,-1,-1
70,204,1661.00,675.00,42.00,14.00,1.00,-1,-1,-1
70,205,1163.00,945.00,37.00,27.00,1.00,-1,-1,-1
70,214,1645.00,698.00,31.00,22.00,1.00,-1,-1,-1
70,221,574.00,382.00,35.00,20.00,1.00,-1,-1,-1
70,222,343.00,941.00,153.00,20.00,1.00,-1,-1,-1
70,223,938.00,947.00,35.00,7.00,1.00,-1,-1,-1
70,227,1492.00,630.00,36.00,20.00,1.00,-1,-1,-1
70,230,1705.00,660.00,25.00,15.00,1.00,-1,-1,-1
70,240,1099.00,1044.00,51.00,8.00,1.00,-1,-1,-1
70,245,1424.00,1013.00,61.00,7.00,1.00,-1,-1,-1
70,246,1059.00,957.00,23.00,12.00,1.00,-1,-1,-1
71,4,1367.00,566.00,26.00,14.00,1.00,-1,-1,-1
71,9,568.00,565.00,58.00,23.00,1.00,-1,-1,-1
71,13,524.00,400.00,37.00,57.00,1.00,-1,-1,-1
71,14,1658.00,618.00,60.00,20.00,1.00,-1,-1,-1
71,16,531.00,433.00,30.00,20.00,1.00,-1,-1,-1
71,20,559.00,525.00,18.00,15.00,1.00,-1,-1,-1
71,22,559.00,446.00,24.00,12.00,1.00,-1,-1,-1
71,25,635.00,404.00,15.00,11.00,1.00,-1,-1,-1
71,29,570.00,417.00,35.00,31.00,1.00,-1,-1,-1
71,30,578.00,424.00,22.00,12.00,1.00,-1,-1,-1
71,39,1219.00,679.00,25.00,11.00,1.00,-1,-1,-1
71,40,1660.00,618.00,56.00,19.00,1.00,-1,-1,-1
71,41,607.00,575.00,22.00,14.00,1.00,-1,-1,-1
71,43,575.00,505.00,18.00,27.00,1.00,-1,-1,-1
71,51,529.00,435.00,13.00,15.00,1.00,-1,-1,-1
71,52,545.00,376.00,53.00,12.00,1.00,-1,-1,-1
71,55,788.00,439.00,19.00,8.00,1.00,-1,-1,-1
71,56,999.00,475.00,71.00,25.00,1.00,-1,-1,-1
71,65,558.00,383.00,23.00,20.00,1.00,-1,-1,-1
71,73,1147.00,526.00,64.00,29.00,1.00,-1,-1,-1
71,78,606.00,529.00,22.00,15.00,1.00,-1,-1,-1
71,82,566.00,519.00,60.00,17.00,1.00,-1,-1,-1
71,112,793.00,454.00,17.00,13.00,1.00,-1,-1,-1
71,116,567.00,571.00,51.00,18.00,1.00,-1,-1,-1
71,119,634.00,400.00,60.00,14.00,1.00,-1,-1,-1
71,124,1008.00,490.00,17.00,9.00,1.00,-1,-1,-1
71,126,1319.00,568.00,17.00,11.00,1.00,-1,-1,-1
71,128,1032.00,477.00,28.00,27.00,1.00,-1,-1,-1
71,134,756.00,512.00,26.00,26.00,1.00,-1,-1,-1
71,136,1331.00,561.00,56.00,17.00,1.00,-1,-1,-1
71,139,803.00,471.00,33.00,18.00,1.00,-1,-1,-1
71,141,556.00,577.00,13.00,13.00,1.00,-1,-1,-1
71,145,682.00,451.00,24.00,14.00,1.00,-1,-1,-1
71,152,787.00,437.00,55.00,12.00,1.00,-1,-1,-1
71,157,1089.00,951.00,18.00,10.00,1.00,-1,-1,-1
71,158,865.00,936.00,49.00,8.00,1.00,-1,-1,-1
71,166,1497.00,599.00,60.00,63.00,1.00,-1,-1,-1
71,169,888.00,951.00,41.00,23.00,1.00,-1,-1,-1
71,172,1011.00,948.00,25.00,25.00,1.00,-1,-1,-1
71,178,664.00,400.00,29.00,12.00,1.00,-1,-1,-1
71,181,788.00,436.00,54.00,13.00,1.00,-1,-1,-1
71,190,850.00,948.00,27.00,11.00,1.00,-1,-1,-1
71,191,1229.00,961.00,14.00,9.00,1.00,-1,-1,-1
71,192,1257.00,987.00,19.00,18.00,1.00,-1,-1,-1
71,195,925.00,960.00,20.00,8.00,1.00,-1,-1,-1
71,197,653.00,965.00,28.00,16.00,1.00,-1,-1,-1
71,204,1659.00,671.00,42.00,14.00,1.00,-1,-1,-1
71,205,1163.00,945.00,37.00,27.00,1.00,-1,-1,-1
71,214,1645.00,698.00,31.00,22.00,1.00,-1,-1,-1
71,221,573.00,382.00,35.00,20.00,1.00,-1,-1,-1
71,222,343.00,941.00,153.00,20.00,1.00,-1,-1,-1
71,223,944.00,948.00,35.00,7.00,1.00,-1,-1,-1
71,227,1495.00,627.00,36.00,20.00,1.00,-1,-1,-1
71,230,1709.00,660.00,18.00,16.00,1.00,-1,-1,-1
71,240,1099.00,1044.00,51.00,8.00,1.00,-1,-1,-1
71,245,1442.00,1017.00,61.00,7.00,1.00,-1,-1,-1
71,246,1059.00,957.00,23.00,12.00,1.00,-1,-1,-1
71,252,1492.00,589.00,60.00,17.00,1.00,-1,-1,-1
71,253,407.00,960.00,85.00,22.00,1.00,-1,-1,-1
71,257,1191.00,1052.00,98.00,20.00,1.00,-1,-1,-1
71,260,247.00,960.00,86.00,15.00,1.00,-1,-1,-1
72,4,1365.00,563.00,26.00,14.00,1.00,-1,-1,-1
72,9,568.00,567.00,50.00,23.00,1.00,-1,-1,-1
72,13,524.00,398.00,37.00,57.00,1.00,-1,-1,-1
72,14,1656.00,615.00,60.00,20.00,1.00,-1,-1,-1
72,16,530.00,430.00,30.00,20.00,1.00,-1,-1,-1
72,20,558.00,522.00,18.00,15.00,1.00,-1,-1,-1
72,22,556.00,444.00,24.00,12.00,1.00,-1,-1,-1
72,25,634.00,402.00,15.00,11.00,1.00,-1,-1,-1
72,29,567.00,426.00,35.00,19.00,1.00,-1,-1,-1
72,30,577.00,421.00,22.00,12.00,1.00,-1,-1,-1
72,39,1224.00,680.00,25.00,11.00,1.00,-1,-1,-1
72,40,1657.00,615.00,56.00,19.00,1.00,-1,-1,-1
72,41,604.00,572.00,22.00,14.00,1.00,-1,-1,-1
72,43,575.00,502.00,18.00,27.00,1.00,-1,-1,-1
72,51,528.00,432.00,13.00,15.00,1.00,-1,-1,-1
72,52,549.00,374.00,53.00,12.00,1.00,-1,-1,-1
72,55,787.00,436.00,19.00,8.00,1.00,-1,-1,-1
72,56,1030.00,468.00,39.00,21.00,1.00,-1,-1,-1
72,65,557.00,381.00,19.00,17.00,1.00,-1,-1,-1
72,73,1146.00,522.00,65.00,29.00,1.00,-1,-1,-1
72,78,605.00,528.00,22.00,15.00,1.00,-1,-1,-1
72,82,566.00,516.00,59.00,19.00,1.00,-1,-1,-1
72,112,799.00,455.00,17.00,13.00,1.00,-1,-1,-1
72,116,566.00,567.00,51.00,18.00,1.00,-1,-1,-1
72,119,633.00,397.00,60.00,14.00,1.00,-1,-1,-1
72,124,1011.00,491.00,17.00,9.00,1.00,-1,-1,-1
72,126,1317.00,566.00,17.00,11.00,1.00,-1,-1,-1
72,128,1030.00,473.00,28.00,27.00,1.00,-1,-1,-1
72,134,756.00,512.00,26.00,26.00,1.00,-1,-1,-1
72,136,1331.00,558.00,63.00,27.00,1.00,-1,-1,-1
72,139,805.00,464.00,36.00,23.00,1.00,-1,-1,-1
72,141,554.00,574.00,13.00,13.00,1.00,-1,-1,-1
72,145,683.00,451.00,24.00,14.00,1.00,-1,-1,-1
72,152,786.00,434.00,55.00,18.00,1.00,-1,-1,-1
72,157,1089.00,951.00,18.00,10.00,1.00,-1,-1,-1
72,158,865.00,936.00,49.00,8.00,1.00,-1,-1,-1
72,166,1497.00,599.00,60.00,63.00,1.00,-1,-1,-1
72,169,888.00,951.00,41.00,23.00,1.00,-1,-1,-1
72,172,1011.00,948.00,25.00,25.00,1.00,-1,-1,-1
72,178,676.00,399.00,18.00,10.00,1.00,-1,-1,-1
72,181,787.00,433.00,54.00,13.00,1.00,-1,-1,-1
72,190,850.00,948.00,27.00,11.00,1.00,-1,-1,-1
72,191,1229.00,961.00,14.00,9.00,1.00,-1,-1,-1
72,192,1257.00,987.00,19.00,18.00,1.00,-1,-1,-1
72,195,925.00,960.00,20.00,8.00,1.00,-1,-1,-1
72,197,653.00,965.00,28.00,16.00,1.00,-1,-1,-1
72,204,1655.00,668.00,42.00,14.00,1.00,-1,-1,-1
72,205,1163.00,945.00,37.00,27.00,1.00,-1,-1,-1
72,214,1645.00,698.00,31.00,22.00,1.00,-1,-1,-1
72,221,569.00,381.00,35.00,20.00,1.00,-1,-1,-1
72,223,944.00,948.00,35.00,7.00,1.00,-1,-1,-1
72,227,1503.00,625.00,36.00,20.00,1.00,-1,-1,-1
72,230,1704.00,659.00,16.00,11.00,1.00,-1,-1,-1
72,240,1099.00,1044.00,51.00,8.00,1.00,-1,-1,-1
72,245,1453.00,1018.00,61.00,7.00,1.00,-1,-1,-1
72,246,1058.00,957.00,23.00,12.00,1.00,-1,-1,-1
72,252,1482.00,586.00,67.00,18.00,1.00,-1,-1,-1
72,253,407.00,960.00,85.00,22.00,1.00,-1,-1,-1
72,257,1212.00,1054.00,98.00,20.00,1.00,-1,-1,-1
72,260,233.00,962.00,86.00,15.00,1.00,-1,-1,-1
73,4,1363.00,561.00,26.00,14.00,1.00,-1,-1,-1
73,9,566.00,565.00,51.00,18.00,1.00,-1,-1,-1
73,13,525.00,395.00,37.00,57.00,1.00,-1,-1,-1
73,14,1649.00,614.00,65.00,18.00,1.00,-1,-1,-1
73,16,533.00,426.00,69.00,21.00,1.00,-1,-1,-1
73,20,559.00,519.00,18.00,15.00,1.00,-1,-1,-1
73,22,558.00,447.00,24.00,12.00,1.00,-1,-1,-1
73,25,634.00,400.00,15.00,11.00,1.00,-1,-1,-1
73,29,566.00,423.00,35.00,19.00,1.00,-1,-1,-1
73,30,577.00,419.00,22.00,12.00,1.00,-1,-1,-1
73,39,1224.00,680.00,25.00,11.00,1.00,-1,-1,-1
73,40,1656.00,611.00,56.00,19.00,1.00,-1,-1,-1
73,41,604.00,569.00,22.00,14.00,1.00,-1,-1,-1
73,43,575.00,499.00,18.00,27.00,1.00,-1,-1,-1
73,51,528.00,429.00,13.00,15.00,1.00,-1,-1,-1
73,52,549.00,372.00,53.00,12.00,1.00,-1,-1,-1
73,55,787.00,433.00,19.00,8.00,1.00,-1,-1,-1
73,56,1002.00,462.00,68.00,23.00,1.00,-1,-1,-1
73,65,543.00,378.00,46.00,18.00,1.00,-1,-1,-1
73,73,1153.00,519.00,56.00,33.00,1.00,-1,-1,-1
73,78,608.00,529.00,22.00,15.00,1.00,-1,-1,-1
73,82,568.00,512.00,57.00,19.00,1.00,-1,-1,-1
73,112,799.00,456.00,17.00,13.00,1.00,-1,-1,-1
73,116,565.00,563.00,51.00,18.00,1.00,-1,-1,-1
73,119,627.00,395.00,65.00,19.00,1.00,-1,-1,-1
73,124,1015.00,490.00,17.00,9.00,1.00,-1,-1,-1
73,126,1315.00,563.00,17.00,11.00,1.00,-1,-1,-1
73,128,1030.00,471.00,28.00,27.00,1.00,-1,-1,-1
73,134,756.00,512.00,26.00,26.00,1.00,-1,-1,-1
73,136,1327.00,554.00,55.00,18.00,1.00,-1,-1,-1
73,139,790.00,463.00,36.00,23.00,1.00,-1,-1,-1
73,141,554.00,570.00,13.00,13.00,1.00,-1,-1,-1
73,145,676.00,451.00,24.00,14.00,1.00,-1,-1,-1
73,152,787.00,430.00,52.00,19.00,1.00,-1,-1,-1
73,157,1089.00,951.00,18.00,10.00,1.00,-1,-1,-1
73,158,868.00,940.00,49.00,8.00,1.00,-1,-1,-1
73,166,1497.00,599.00,60.00,63.00,1.00,-1,-1,-1
73,169,888.00,951.00,41.00,23.00,1.00,-1,-1,-1
73,172,1011.00,948.00,25.00,25.00,1.00,-1,-1,-1
73,178,676.00,396.00,18.00,10.00,1.00,-1,-1,-1
73,181,786.00,430.00,54.00,13.00,1.00,-1,-1,-1
73,190,850.00,948.00,27.00,11.00,1.00,-1,-1,-1
73,191,1229.00,961.00,14.00,9.00,1.00,-1,-1,-1
73,192,1256.00,987.00,19.00,18.00,1.00,-1,-1,-1
73,195,925.00,960.00,20.00,8.00,1.00,-1,-1,-1
73,197,653.00,965.00,28.00,16.00,1.00,-1,-1,-1
73,204,1656.00,666.00,42.00,14.00,1.00,-1,-1,-1
73,205,1163.00,945.00,37.00,27.00,1.00,-1,-1,-1
73,221,567.00,380.00,35.00,20.00,1.00,-1,-1,-1
73,223,945.00,948.00,35.00,7.00,1.00,-1,-1,-1
73,227,1503.00,625.00,36.00,20.00,1.00,-1,-1,-1
73,230,1682.00,656.00,33.00,13.00,1.00,-1,-1,-1
73,240,1099.00,1044.00,51.00,8.00,1.00,-1,-1,-1
73,245,1453.00,1018.00,61.00,7.00,1.00,-1,-1,-1
73,246,1058.00,957.00,23.00,12.00,1.00,-1,-1,-1
73,252,1490.00,583.00,57.00,23.00,1.00,-1,-1,-1
73,253,407.00,960.00,85.00,22.00,1.00,-1,-1,-1
73,255,783.00,959.00,21.00,13.00,1.00,-1,-1,-1
73,257,1223.00,1057.00,98.00,20.00,1.00,-1,-1,-1
73,260,233.00,962.00,86.00,15.00,1.00,-1,-1,-1
74,4,1361.00,559.00,26.00,14.00,1.00,-1,-1,-1
74,9,566.00,562.00,51.00,18.00,1.00,-1,-1,-1
74,13,525.00,392.00,37.00,57.00,1.00,-1,-1,-1
74,14,1648.00,611.00,65.00,18.00,1.00,-1,-1,-1
74,16,533.00,422.00,69.00,21.00,1.00,-1,-1,-1
74,20,559.00,516.00,18.00,15.00,1.00,-1,-1,-1
74,22,594.00,450.00,24.00,12.00,1.00,-1,-1,-1
74,25,635.00,396.00,15.00,11.00,1.00,-1,-1,-1
74,29,566.00,419.00,35.00,19.00,1.00,-1,-1,-1
74,30,577.00,416.00,22.00,12.00,1.00,-1,-1,-1
74,39,1224.00,680.00,25.00,11.00,1.00,-1,-1,-1
74,40,1655.00,609.00,56.00,19.00,1.00,-1,-1,-1
74,41,603.00,566.00,22.00,14.00,1.00,-1,-1,-1
74,43,575.00,496.00,18.00,27.00,1.00,-1,-1,-1
74,51,529.00,426.00,13.00,15.00,1.00,-1,-1,-1
74,52,548.00,368.00,53.00,12.00,1.00,-1,-1,-1
74,55,789.00,430.00,19.00,8.00,1.00,-1,-1,-1
74,56,1003.00,459.00,68.00,23.00,1.00,-1,-1,-1
74,65,531.00,373.00,44.00,31.00,1.00,-1,-1,-1
74,73,1152.00,515.00,56.00,33.00,1.00,-1,-1,-1
74,78,613.00,531.00,22.00,15.00,1.00,-1,-1,-1
74,82,569.00,508.00,57.00,19.00,1.00,-1,-1,-1
74,112,810.00,457.00,17.00,13.00,1.00,-1,-1,-1
74,116,565.00,561.00,51.00,18.00,1.00,-1,-1,-1
74,119,627.00,391.00,65.00,19.00,1.00,-1,-1,-1
74,124,1021.00,488.00,17.00,9.00,1.00,-1,-1,-1
74,126,1315.00,560.00,17.00,11.00,1.00,-1,-1,-1
74,128,1028.00,473.00,28.00,27.00,1.00,-1,-1,-1
74,134,756.00,512.00,26.00,26.00,1.00,-1,-1,-1
74,136,1326.00,551.00,55.00,18.00,1.00,-1,-1,-1
74,139,792.00,463.00,36.00,23.00,1.00,-1,-1,-1
74,141,554.00,568.00,13.00,13.00,1.00,-1,-1,-1
74,145,655.00,449.00,24.00,14.00,1.00,-1,-1,-1
74,152,787.00,426.00,52.00,19.00,1.00,-1,-1,-1
74,157,1089.00,951.00,18.00,10.00,1.00,-1,-1,-1
74,158,885.00,946.00,49.00,8.00,1.00,-1,-1,-1
74,166,1497.00,599.00,60.00,63.00,1.00,-1,-1,-1
74,169,889.00,950.00,41.00,23.00,1.00,-1,-1,-1
74,172,1011.00,948.00,25.00,25.00,1.00,-1,-1,-1
74,178,676.00,393.00,18.00,10.00,1.00,-1,-1,-1
74,181,787.00,427.00,54.00,13.00,1.00,-1,-1,-1
74,190,849.00,947.00,27.00,11.00,1.00,-1,-1,-1
74,191,1229.00,961.00,14.00,9.00,1.00,-1,-1,-1
74,192,1256.00,987.00,19.00,18.00,1.00,-1,-1,-1
74,195,925.00,960.00,20.00,8.00,1.00,-1,-1,-1
74,197,653.00,965.00,28.00,16.00,1.00,-1,-1,-1
74,204,1655.00,665.00,42.00,14.00,1.00,-1,-1,-1
74,205,1163.00,945.00,37.00,27.00,1.00,-1,-1,-1
74,221,567.00,376.00,35.00,20.00,1.00,-1,-1,-1
74,223,954.00,947.00,35.00,7.00,1.00,-1,-1,-1
74,227,1503.00,625.00,36.00,20.00,1.00,-1,-1,-1
74,230,1684.00,650.00,33.00,13.00,1.00,-1,-1,-1
74,245,1453.00,1018.00,61.00,7.00,1.00,-1,-1,-1
74,246,1058.00,957.00,23.00,12.00,1.00,-1,-1,-1
74,252,1488.00,580.00,57.00,23.00,1.00,-1,-1,-1
74,253,407.00,960.00,85.00,22.00,1.00,-1,-1,-1
74,255,783.00,958.00,21.00,13.00,1.00,-1,-1,-1
74,257,1205.00,1067.00,98.00,20.00,1.00,-1,-1,-1
74,260,233.00,962.00,86.00,15.00,1.00,-1,-1,-1
75,4,1360.00,556.00,26.00,14.00,1.00,-1,-1,-1
75,9,566.00,557.00,50.00,18.00,1.00,-1,-1,-1
75,13,525.00,388.00,37.00,57.00,1.00,-1,-1,-1
75,14,1656.00,608.00,55.00,18.00,1.00,-1,-1,-1
75,16,531.00,421.00,58.00,18.00,1.00,-1,-1,-1
75,20,559.00,513.00,18.00,15.00,1.00,-1,-1,-1
75,22,591.00,450.00,24.00,12.00,1.00,-1,-1,-1
75,25,635.00,393.00,15.00,11.00,1.00,-1,-1,-1
75,29,566.00,416.00,35.00,19.00,1.00,-1,-1,-1
75,30,577.00,412.00,22.00,12.00,1.00,-1,-1,-1
75,39,1224.00,680.00,25.00,11.00,1.00,-1,-1,-1
75,40,1653.00,606.00,56.00,19.00,1.00,-1,-1,-1
75,41,602.00,563.00,22.00,14.00,1.00,-1,-1,-1
75,43,576.00,492.00,18.00,27.00,1.00,-1,-1,-1
75,51,529.00,423.00,13.00,15.00,1.00,-1,-1,-1
75,52,548.00,364.00,53.00,12.00,1.00,-1,-1,-1
75,55,788.00,427.00,19.00,8.00,1.00,-1,-1,-1
75,56,1003.00,456.00,68.00,23.00,1.00,-1,-1,-1
75,65,537.00,370.00,50.00,27.00,1.00,-1,-1,-1
75,73,1149.00,511.00,63.00,23.00,1.00,-1,-1,-1
75,78,614.00,532.00,22.00,15.00,1.00,-1,-1,-1
75,82,568.00,506.00,58.00,18.00,1.00,-1,-1,-1
75,112,808.00,457.00,17.00,13.00,1.00,-1,-1,-1
75,116,564.00,557.00,51.00,18.00,1.00,-1,-1,-1
75,119,625.00,389.00,67.00,18.00,1.00,-1,-1,-1
75,124,1020.00,485.00,17.00,9.00,1.00,-1,-1,-1
75,126,1314.00,557.00,17.00,11.00,1.00,-1,-1,-1
75,128,1026.00,475.00,28.00,27.00,1.00,-1,-1,-1
75,136,1328.00,548.00,53.00,17.00,1.00,-1,-1,-1
75,139,789.00,463.00,36.00,23.00,1.00,-1,-1,-1
75,141,553.00,564.00,13.00,13.00,1.00,-1,-1,-1
75,145,654.00,449.00,24.00,14.00,1.00,-1,-1,-1
75,152,787.00,425.00,53.00,18.00,1.00,-1,-1,-1
75,157,1089.00,951.00,18.00,10.00,1.00,-1,-1,-1
75,158,885.00,946.00,49.00,8.00,1.00,-1,-1,-1
75,166,1497.00,599.00,60.00,63.00,1.00,-1,-1,-1
75,169,889.00,951.00,41.00,23.00,1.00,-1,-1,-1
75,172,1011.00,948.00,25.00,25.00,1.00,-1,-1,-1
75,178,676.00,389.00,18.00,10.00,1.00,-1,-1,-1
75,181,786.00,424.00,54.00,13.00,1.00,-1,-1,-1
75,190,846.00,947.00,27.00,11.00,1.00,-1,-1,-1
75,191,1229.00,961.00,14.00,9.00,1.00,-1,-1,-1
75,192,1256.00,987.00,19.00,18.00,1.00,-1,-1,-1
75,195,925.00,960.00,20.00,8.00,1.00,-1,-1,-1
75,197,653.00,965.00,28.00,16.00,1.00,-1,-1,-1
75,204,1650.00,663.00,42.00,14.00,1.00,-1,-1,-1
75,205,1163.00,945.00,37.00,27.00,1.00,-1,-1,-1
75,221,566.00,372.00,35.00,20.00,1.00,-1,-1,-1
75,223,954.00,947.00,35.00,7.00,1.00,-1,-1,-1
75,227,1503.00,625.00,36.00,20.00,1.00,-1,-1,-1
75,230,1685.00,647.00,33.00,13.00,1.00,-1,-1,-1
75,237,1662.00,664.00,15.00,10.00,1.00,-1,-1,-1
75,245,1453.00,1018.00,61.00,7.00,1.00,-1,-1,-1
75,246,1058.00,957.00,23.00,12.00,1.00,-1,-1,-1
75,252,1489.00,576.00,56.00,36.00,1.00,-1,-1,-1
75,253,407.00,960.00,85.00,22.00,1.00,-1,-1,-1
75,255,783.00,958.00,21.00,13.00,1.00,-1,-1,-1
75,257,1205.00,1067.00,98.00,20.00,1.00,-1,-1,-1
75,260,233.00,962.00,86.00,15.00,1.00,-1,-1,-1
75,262,1498.00,1015.00,23.00,23.00,1.00,-1,-1,-1
75,271,627.00,433.00,36.00,14.00,1.00,-1,-1,-1
75,276,444.00,977.00,75.00,20.00,1.00,-1,-1,-1
76,4,1358.00,553.00,26.00,14.00,1.00,-1,-1,-1
76,9,566.00,556.00,51.00,40.00,1.00,-1,-1,-1
76,13,523.00,385.00,37.00,57.00,1.00,-1,-1,-1
76,14,1655.00,605.00,70.00,38.00,1.00,-1,-1,-1
76,16,531.00,418.00,54.00,21.00,1.00,-1,-1,-1
76,20,559.00,510.00,18.00,15.00,1.00,-1,-1,-1
76,22,591.00,451.00,24.00,12.00,1.00,-1,-1,-1
76,25,635.00,391.00,15.00,11.00,1.00,-1,-1,-1
76,29,566.00,413.00,35.00,19.00,1.00,-1,-1,-1
76,30,577.00,410.00,22.00,12.00,1.00,-1,-1,-1
76,39,1224.00,680.00,25.00,11.00,1.00,-1,-1,-1
76,40,1651.00,602.00,56.00,19.00,1.00,-1,-1,-1
76,41,602.00,559.00,22.00,14.00,1.00,-1,-1,-1
76,43,576.00,489.00,18.00,27.00,1.00,-1,-1,-1
76,51,529.00,419.00,13.00,15.00,1.00,-1,-1,-1
76,52,551.00,360.00,53.00,12.00,1.00,-1,-1,-1
76,55,788.00,424.00,19.00,8.00,1.00,-1,-1,-1
76,56,1004.00,454.00,68.00,23.00,1.00,-1,-1,-1
76,65,534.00,366.00,53.00,32.00,1.00,-1,-1,-1
76,73,1151.00,510.00,53.00,26.00,1.00,-1,-1,-1
76,78,609.00,535.00,22.00,15.00,1.00,-1,-1,-1
76,82,567.00,503.00,59.00,18.00,1.00,-1,-1,-1
76,112,809.00,458.00,17.00,13.00,1.00,-1,-1,-1
76,116,563.00,553.00,51.00,18.00,1.00,-1,-1,-1
76,119,627.00,387.00,64.00,18.00,1.00,-1,-1,-1
76,124,1020.00,481.00,17.00,9.00,1.00,-1,-1,-1
76,126,1313.00,553.00,17.00,11.00,1.00,-1,-1,-1
76,128,1025.00,473.00,28.00,27.00,1.00,-1,-1,-1
76,136,1327.00,545.00,54.00,17.00,1.00,-1,-1,-1
76,139,786.00,463.00,36.00,23.00,1.00,-1,-1,-1
76,141,552.00,560.00,13.00,13.00,1.00,-1,-1,-1
76,145,613.00,448.00,24.00,14.00,1.00,-1,-1,-1
76,152,786.00,420.00,54.00,20.00,1.00,-1,-1,-1
76,157,1089.00,951.00,18.00,10.00,1.00,-1,-1,-1
76,158,886.00,946.00,49.00,8.00,1.00,-1,-1,-1
76,166,1497.00,599.00,60.00,63.00,1.00,-1,-1,-1
76,169,889.00,951.00,41.00,23.00,1.00,-1,-1,-1
76,172,1011.00,948.00,25.00,25.00,1.00,-1,-1,-1
76,178,676.00,386.00,18.00,10.00,1.00,-1,-1,-1
76,181,786.00,420.00,54.00,13.00,1.00,-1,-1,-1
76,190,847.00,947.00,27.00,11.00,1.00,-1,-1,-1
76,191,1229.00,961.00,14.00,9.00,1.00,-1,-1,-1
76,192,1256.00,986.00,19.00,18.00,1.00,-1,-1,-1
76,195,925.00,960.00,20.00,8.00,1.00,-1,-1,-1
76,197,653.00,965.00,28.00,16.00,1.00,-1,-1,-1
76,204,1662.00,651.00,33.00,25.00,1.00,-1,-1,-1
76,205,1163.00,945.00,37.00,27.00,1.00,-1,-1,-1
76,221,568.00,367.00,35.00,20.00,1.00,-1,-1,-1
76,223,953.00,947.00,35.00,7.00,1.00,-1,-1,-1
76,227,1503.00,625.00,36.00,20.00,1.00,-1,-1,-1
76,230,1684.00,645.00,33.00,13.00,1.00,-1,-1,-1
76,237,1667.00,650.00,15.00,10.00,1.00,-1,-1,-1
76,245,1453.00,1018.00,61.00,7.00,1.00,-1,-1,-1
76,246,1058.00,957.00,23.00,12.00,1.00,-1,-1,-1
76,252,1487.00,574.00,56.00,39.00,1.00,-1,-1,-1
76,253,407.00,960.00,85.00,22.00,1.00,-1,-1,-1
76,255,783.00,958.00,21.00,13.00,1.00,-1,-1,-1
76,257,1205.00,1067.00,98.00,20.00,1.00,-1,-1,-1
76,260,233.00,962.00,86.00,15.00,1.00,-1,-1,-1
76,262,1498.00,1014.00,23.00,23.00,1.00,-1,-1,-1
76,271,673.00,431.00,36.00,14.00,1.00,-1,-1,-1
76,276,444.00,977.00,75.00,20.00,1.00,-1,-1,-1
76,280,1009.00,468.00,27.00,19.00,1.00,-1,-1,-1
77,4,1352.00,554.00,26.00,14.00,1.00,-1,-1,-1
77,9,566.00,554.00,51.00,40.00,1.00,-1,-1,-1
77,13,531.00,415.00,52.00,27.00,1.00,-1,-1,-1
77,14,1652.00,601.00,57.00,18.00,1.00,-1,-1,-1
77,16,532.00,414.00,54.00,21.00,1.00,-1,-1,-1
77,20,561.00,506.00,18.00,15.00,1.00,-1,-1,-1
77,22,573.00,449.00,24.00,12.00,1.00,-1,-1,-1
77,25,635.00,388.00,15.00,11.00,1.00,-1,-1,-1
77,29,567.00,410.00,35.00,19.00,1.00,-1,-1,-1
77,30,578.00,407.00,22.00,12.00,1.00,-1,-1,-1
77,39,1224.00,680.00,25.00,11.00,1.00,-1,-1,-1
77,40,1650.00,599.00,56.00,19.00,1.00,-1,-1,-1
77,41,602.00,555.00,22.00,14.00,1.00,-1,-1,-1
77,43,577.00,486.00,18.00,27.00,1.00,-1,-1,-1
77,51,530.00,416.00,13.00,15.00,1.00,-1,-1,-1
77,52,554.00,354.00,53.00,12.00,1.00,-1,-1,-1
77,55,789.00,420.00,19.00,8.00,1.00,-1,-1,-1
77,56,1003.00,453.00,68.00,23.00,1.00,-1,-1,-1
77,65,537.00,363.00,51.00,29.00,1.00,-1,-1,-1
77,73,1149.00,505.00,54.00,36.00,1.00,-1,-1,-1
77,78,600.00,537.00,22.00,15.00,1.00,-1,-1,-1
77,82,570.00,499.00,56.00,18.00,1.00,-1,-1,-1
77,112,808.00,458.00,17.00,13.00,1.00,-1,-1,-1
77,116,564.00,547.00,59.00,21.00,1.00,-1,-1,-1
77,119,629.00,383.00,63.00,18.00,1.00,-1,-1,-1
77,124,1020.00,477.00,17.00,9.00,1.00,-1,-1,-1
77,126,1313.00,549.00,17.00,11.00,1.00,-1,-1,-1
77,128,1025.00,470.00,28.00,27.00,1.00,-1,-1,-1
77,136,1327.00,543.00,53.00,15.00,1.00,-1,-1,-1
77,139,786.00,464.00,36.00,23.00,1.00,-1,-1,-1
77,141,552.00,556.00,13.00,13.00,1.00,-1,-1,-1
77,145,614.00,449.00,24.00,14.00,1.00,-1,-1,-1
77,152,786.00,418.00,54.00,19.00,1.00,-1,-1,-1
77,157,1089.00,951.00,18.00,10.00,1.00,-1,-1,-1
77,158,886.00,946.00,49.00,8.00,1.00,-1,-1,-1
77,169,889.00,951.00,41.00,23.00,1.00,-1,-1,-1
77,172,1011.00,948.00,25.00,25.00,1.00,-1,-1,-1
77,178,677.00,383.00,18.00,10.00,1.00,-1,-1,-1
77,181,787.00,417.00,54.00,13.00,1.00,-1,-1,-1
77,190,847.00,947.00,27.00,11.00,1.00,-1,-1,-1
77,191,1229.00,961.00,14.00,9.00,1.00,-1,-1,-1
77,192,1256.00,987.00,19.00,18.00,1.00,-1,-1,-1
77,195,925.00,960.00,20.00,8.00,1.00,-1,-1,-1
77,197,653.00,965.00,28.00,16.00,1.00,-1,-1,-1
77,204,1657.00,654.00,33.00,25.00,1.00,-1,-1,-1
77,205,1163.00,945.00,37.00,27.00,1.00,-1,-1,-1
77,221,570.00,360.00,35.00,20.00,1.00,-1,-1,-1
77,223,954.00,947.00,35.00,7.00,1.00,-1,-1,-1
77,227,1503.00,625.00,36.00,20.00,1.00,-1,-1,-1
77,230,1676.00,640.00,33.00,13.00,1.00,-1,-1,-1
77,237,1663.00,655.00,15.00,10.00,1.00,-1,-1,-1
77,245,1453.00,1018.00,61.00,7.00,1.00,-1,-1,-1
77,246,1058.00,957.00,23.00,12.00,1.00,-1,-1,-1
77,252,1487.00,570.00,56.00,22.00,1.00,-1,-1,-1
77,255,783.00,958.00,21.00,13.00,1.00,-1,-1,-1
77,257,1205.00,1067.00,98.00,20.00,1.00,-1,-1,-1
77,260,233.00,962.00,86.00,15.00,1.00,-1,-1,-1
77,262,1509.00,1019.00,23.00,23.00,1.00,-1,-1,-1
77,271,680.00,431.00,36.00,14.00,1.00,-1,-1,-1
77,276,444.00,977.00,75.00,20.00,1.00,-1,-1,-1
77,280,1015.00,463.00,20.00,20.00,1.00,-1,-1,-1
77,286,1895.00,643.00,17.00,14.00,1.00,-1,-1,-1
78,4,1352.00,551.00,26.00,14.00,1.00,-1,-1,-1
78,9,565.00,547.00,51.00,35.00,1.00,-1,-1,-1
78,13,531.00,410.00,55.00,33.00,1.00,-1,-1,-1
78,14,1651.00,598.00,57.00,18.00,1.00,-1,-1,-1
78,16,532.00,410.00,54.00,21.00,1.00,-1,-1,-1
78,20,561.00,503.00,18.00,15.00,1.00,-1,-1,-1
78,22,572.00,450.00,24.00,12.00,1.00,-1,-1,-1
78,25,636.00,384.00,15.00,11.00,1.00,-1,-1,-1
78,29,568.00,406.00,35.00,19.00,1.00,-1,-1,-1
78,30,579.00,403.00,22.00,12.00,1.00,-1,-1,-1
78,40,1649.00,596.00,56.00,19.00,1.00,-1,-1,-1
78,41,602.00,551.00,22.00,14.00,1.00,-1,-1,-1
78,43,578.00,482.00,18.00,27.00,1.00,-1,-1,-1
78,51,531.00,412.00,13.00,15.00,1.00,-1,-1,-1
78,52,556.00,347.00,53.00,12.00,1.00,-1,-1,-1
78,55,790.00,416.00,19.00,8.00,1.00,-1,-1,-1
78,56,1001.00,451.00,68.00,23.00,1.00,-1,-1,-1
78,65,537.00,356.00,53.00,32.00,1.00,-1,-1,-1
78,73,1149.00,502.00,54.00,23.00,1.00,-1,-1,-1
78,78,601.00,533.00,22.00,15.00,1.00,-1,-1,-1
78,82,569.00,494.00,59.00,20.00,1.00,-1,-1,-1
78,112,810.00,459.00,17.00,13.00,1.00,-1,-1,-1
78,116,564.00,543.00,59.00,21.00,1.00,-1,-1,-1
78,119,628.00,380.00,67.00,18.00,1.00,-1,-1,-1
78,124,1020.00,473.00,17.00,9.00,1.00,-1,-1,-1
78,126,1313.00,546.00,17.00,11.00,1.00,-1,-1,-1
78,128,1025.00,466.00,28.00,27.00,1.00,-1,-1,-1
78,133,998.00,461.00,43.00,18.00,1.00,-1,-1,-1
78,136,1326.00,538.00,53.00,17.00,1.00,-1,-1,-1
78,139,788.00,464.00,36.00,23.00,1.00,-1,-1,-1
78,141,552.00,553.00,13.00,13.00,1.00,-1,-1,-1
78,145,615.00,450.00,24.00,14.00,1.00,-1,-1,-1
78,152,779.00,414.00,63.00,19.00,1.00,-1,-1,-1
78,157,1089.00,951.00,18.00,10.00,1.00,-1,-1,-1
78,158,886.00,946.00,49.00,8.00,1.00,-1,-1,-1
78,169,889.00,951.00,41.00,23.00,1.00,-1,-1,-1
78,172,1011.00,948.00,25.00,25.00,1.00,-1,-1,-1
78,178,679.00,379.00,18.00,10.00,1.00,-1,-1,-1
78,181,789.00,413.00,54.00,13.00,1.00,-1,-1,-1
78,190,848.00,947.00,27.00,11.00,1.00,-1,-1,-1
78,191,1229.00,961.00,14.00,9.00,1.00,-1,-1,-1
78,192,1256.00,987.00,19.00,18.00,1.00,-1,-1,-1
78,195,925.00,960.00,20.00,8.00,1.00,-1,-1,-1
78,197,653.00,965.00,28.00,16.00,1.00,-1,-1,-1
78,204,1666.00,643.00,19.00,23.00,1.00,-1,-1,-1
78,205,1163.00,945.00,37.00,27.00,1.00,-1,-1,-1
78,221,572.00,352.00,35.00,20.00,1.00,-1,-1,-1
78,223,954.00,947.00,35.00,7.00,1.00,-1,-1,-1
78,230,1674.00,637.00,33.00,13.00,1.00,-1,-1,-1
78,237,1660.00,649.00,15.00,10.00,1.00,-1,-1,-1
78,246,1059.00,957.00,23.00,12.00,1.00,-1,-1,-1
78,252,1485.00,565.00,59.00,15.00,1.00,-1,-1,-1
78,255,782.00,959.00,21.00,13.00,1.00,-1,-1,-1
78,257,1205.00,1067.00,98.00,20.00,1.00,-1,-1,-1
78,262,1509.00,1019.00,23.00,23.00,1.00,-1,-1,-1
78,271,688.00,432.00,36.00,14.00,1.00,-1,-1,-1
78,276,444.00,977.00,75.00,20.00,1.00,-1,-1,-1
78,280,1015.00,458.00,20.00,20.00,1.00,-1,-1,-1
78,286,1896.00,642.00,16.00,10.00,1.00,-1,-1,-1
78,289,1299.00,983.00,54.00,13.00,1.00,-1,-1,-1
79,4,1350.00,547.00,26.00,14.00,1.00,-1,-1,-1
79,9,566.00,544.00,50.00,30.00,1.00,-1,-1,-1
79,13,532.00,407.00,54.00,18.00,1.00,-1,-1,-1
79,14,1649.00,594.00,71.00,35.00,1.00,-1,-1,-1
79,16,532.00,406.00,54.00,21.00,1.00,-1,-1,-1
79,20,561.00,499.00,18.00,15.00,1.00,-1,-1,-1
79,22,572.00,450.00,24.00,12.00,1.00,-1,-1,-1
79,25,637.00,380.00,15.00,11.00,1.00,-1,-1,-1
79,29,568.00,403.00,35.00,19.00,1.00,-1,-1,-1
79,30,579.00,399.00,22.00,12.00,1.00,-1,-1,-1
79,40,1648.00,592.00,56.00,19.00,1.00,-1,-1,-1
79,41,602.00,547.00,22.00,14.00,1.00,-1,-1,-1
79,43,578.00,479.00,18.00,27.00,1.00,-1,-1,-1
79,51,531.00,408.00,13.00,15.00,1.00,-1,-1,-1
79,52,557.00,340.00,53.00,12.00,1.00,-1,-1,-1
79,55,790.00,413.00,19.00,8.00,1.00,-1,-1,-1
79,56,997.00,457.00,48.00,21.00,1.00,-1,-1,-1
79,65,543.00,349.00,60.00,27.00,1.00,-1,-1,-1
79,73,1150.00,498.00,53.00,33.00,1.00,-1,-1,-1
79,78,601.00,529.00,22.00,15.00,1.00,-1,-1,-1
79,82,568.00,491.00,61.00,19.00,1.00,-1,-1,-1
79,112,813.00,462.00,17.00,13.00,1.00,-1,-1,-1
79,116,563.00,539.00,59.00,21.00,1.00,-1,-1,-1
79,119,627.00,376.00,68.00,19.00,1.00,-1,-1,-1
79,124,1019.00,469.00,17.00,9.00,1.00,-1,-1,-1
79,126,1313.00,542.00,17.00,11.00,1.00,-1,-1,-1
79,128,1023.00,462.00,28.00,27.00,1.00,-1,-1,-1
79,133,997.00,457.00,43.00,18.00,1.00,-1,-1,-1
79,136,1326.00,536.00,52.00,29.00,1.00,-1,-1,-1
79,139,787.00,465.00,36.00,23.00,1.00,-1,-1,-1
79,141,552.00,549.00,13.00,13.00,1.00,-1,-1,-1
79,145,617.00,451.00,24.00,14.00,1.00,-1,-1,-1
79,152,778.00,410.00,64.00,20.00,1.00,-1,-1,-1
79,157,1089.00,951.00,18.00,10.00,1.00,-1,-1,-1
79,158,886.00,946.00,49.00,8.00,1.00,-1,-1,-1
79,169,889.00,951.00,41.00,23.00,1.00,-1,-1,-1
79,172,1011.00,948.00,25.00,25.00,1.00,-1,-1,-1
79,178,679.00,375.00,18.00,10.00,1.00,-1,-1,-1
79,181,789.00,409.00,54.00,13.00,1.00,-1,-1,-1
79,190,849.00,947.00,27.00,11.00,1.00,-1,-1,-1
79,191,1229.00,961.00,14.00,9.00,1.00,-1,-1,-1
79,192,1256.00,987.00,19.00,18.00,1.00,-1,-1,-1
79,195,925.00,960.00,20.00,8.00,1.00,-1,-1,-1
79,197,653.00,965.00,28.00,16.00,1.00,-1,-1,-1
79,204,1675.00,636.00,19.00,23.00,1.00,-1,-1,-1
79,205,1163.00,945.00,37.00,27.00,1.00,-1,-1,-1
79,221,572.00,345.00,35.00,20.00,1.00,-1,-1,-1
79,223,954.00,947.00,35.00,7.00,1.00,-1,-1,-1
79,230,1678.00,638.00,33.00,13.00,1.00,-1,-1,-1
79,237,1652.00,646.00,15.00,10.00,1.00,-1,-1,-1
79,246,1059.00,957.00,23.00,12.00,1.00,-1,-1,-1
79,252,1488.00,564.00,54.00,31.00,1.00,-1,-1,-1
79,255,782.00,959.00,21.00,13.00,1.00,-1,-1,-1
79,257,1205.00,1067.00,98.00,20.00,1.00,-1,-1,-1
79,262,1509.00,1019.00,23.00,23.00,1.00,-1,-1,-1
79,271,698.00,431.00,36.00,14.00,1.00,-1,-1,-1
79,276,444.00,977.00,75.00,20.00,1.00,-1,-1,-1
79,280,1014.00,455.00,20.00,20.00,1.00,-1,-1,-1
79,286,1889.00,637.00,23.00,14.00,1.00,-1,-1,-1
79,289,1319.00,984.00,54.00,13.00,1.00,-1,-1,-1
79,296,1896.00,715.00,16.00,30.00,1.00,-1,-1,-1
80,4,1349.00,543.00,26.00,14.00,1.00,-1,-1,-1
80,9,565.00,540.00,51.00,33.00,1.00,-1,-1,-1
80,13,532.00,404.00,55.00,25.00,1.00,-1,-1,-1
80,14,1648.00,588.00,57.00,20.00,1.00,-1,-1,-1
80,16,532.00,403.00,54.00,21.00,1.00,-1,-1,-1
80,20,562.00,496.00,18.00,15.00,1.00,-1,-1,-1
80,22,572.00,450.00,24.00,12.00,1.00,-1,-1,-1
80,25,637.00,377.00,15.00,11.00,1.00,-1,-1,-1
80,29,568.00,399.00,35.00,19.00,1.00,-1,-1,-1
80,30,579.00,396.00,22.00,12.00,1.00,-1,-1,-1
80,40,1648.00,588.00,56.00,19.00,1.00,-1,-1,-1
80,41,601.00,543.00,22.00,14.00,1.00,-1,-1,-1
80,43,578.00,474.00,18.00,27.00,1.00,-1,-1,-1
80,51,531.00,405.00,13.00,15.00,1.00,-1,-1,-1
80,52,557.00,335.00,53.00,12.00,1.00,-1,-1,-1
80,55,790.00,409.00,19.00,8.00,1.00,-1,-1,-1
80,56,990.00,452.00,53.00,30.00,1.00,-1,-1,-1
80,65,543.00,343.00,66.00,18.00,1.00,-1,-1,-1
80,73,1210.00,501.00,53.00,33.00,1.00,-1,-1,-1
80,78,601.00,525.00,22.00,15.00,1.00,-1,-1,-1
80,82,569.00,487.00,60.00,18.00,1.00,-1,-1,-1
80,112,806.00,461.00,17.00,13.00,1.00,-1,-1,-1
80,116,563.00,534.00,59.00,21.00,1.00,-1,-1,-1
80,119,627.00,372.00,68.00,19.00,1.00,-1,-1,-1
80,124,1019.00,466.00,17.00,9.00,1.00,-1,-1,-1
80,126,1312.00,539.00,17.00,11.00,1.00,-1,-1,-1
80,128,1023.00,459.00,28.00,27.00,1.00,-1,-1,-1
80,133,997.00,453.00,43.00,18.00,1.00,-1,-1,-1
80,136,1328.00,532.00,51.00,29.00,1.00,-1,-1,-1
80,139,794.00,465.00,36.00,23.00,1.00,-1,-1,-1
80,141,552.00,545.00,13.00,13.00,1.00,-1,-1,-1
80,145,629.00,452.00,24.00,14.00,1.00,-1,-1,-1
80,152,777.00,406.00,65.00,20.00,1.00,-1,-1,-1
80,157,1089.00,951.00,18.00,10.00,1.00,-1,-1,-1
80,158,886.00,946.00,49.00,8.00,1.00,-1,-1,-1
80,169,889.00,951.00,41.00,23.00,1.00,-1,-1,-1
80,172,1011.00,948.00,25.00,25.00,1.00,-1,-1,-1
80,178,679.00,372.00,18.00,10.00,1.00,-1,-1,-1
80,181,789.00,406.00,54.00,13.00,1.00,-1,-1,-1
80,190,850.00,948.00,27.00,11.00,1.00,-1,-1,-1
80,191,1229.00,961.00,14.00,9.00,1.00,-1,-1,-1
80,192,1256.00,987.00,19.00,18.00,1.00,-1,-1,-1
80,195,925.00,959.00,20.00,8.00,1.00,-1,-1,-1
80,197,653.00,965.00,28.00,16.00,1.00,-1,-1,-1
80,204,1675.00,636.00,19.00,23.00,1.00,-1,-1,-1
80,205,1163.00,945.00,37.00,27.00,1.00,-1,-1,-1
80,221,572.00,341.00,35.00,20.00,1.00,-1,-1,-1
80,223,954.00,947.00,35.00,7.00,1.00,-1,-1,-1
80,230,1683.00,638.00,33.00,13.00,1.00,-1,-1,-1
80,237,1622.00,642.00,15.00,10.00,1.00,-1,-1,-1
80,246,1059.00,957.00,23.00,12.00,1.00,-1,-1,-1
80,252,1485.00,558.00,58.00,20.00,1.00,-1,-1,-1
80,255,782.00,959.00,21.00,13.00,1.00,-1,-1,-1
80,262,1509.00,1019.00,23.00,23.00,1.00,-1,-1,-1
80,271,709.00,433.00,36.00,14.00,1.00,-1,-1,-1
80,276,444.00,977.00,75.00,20.00,1.00,-1,-1,-1
80,280,1014.00,451.00,20.00,20.00,1.00,-1,-1,-1
80,286,1882.00,633.00,30.00,13.00,1.00,-1,-1,-1
80,289,1330.00,985.00,54.00,13.00,1.00,-1,-1,-1
80,296,1888.00,716.00,16.00,30.00,1.00,-1,-1,-1
81,4,1346.00,539.00,26.00,14.00,1.00,-1,-1,-1
81,9,565.00,535.00,51.00,18.00,1.00,-1,-1,-1
81,13,534.00,401.00,53.00,26.00,1.00,-1,-1,-1
81,14,1650.00,587.00,71.00,29.00,1.00,-1,-1,-1
81,16,533.00,399.00,54.00,21.00,1.00,-1,-1,-1
81,20,564.00,492.00,18.00,15.00,1.00,-1,-1,-1
81,22,575.00,450.00,24.00,12.00,1.00,-1,-1,-1
81,25,639.00,373.00,15.00,11.00,1.00,-1,-1,-1
81,29,569.00,395.00,35.00,19.00,1.00,-1,-1,-1
81,30,580.00,392.00,22.00,12.00,1.00,-1,-1,-1
81,40,1647.00,585.00,56.00,19.00,1.00,-1,-1,-1
81,41,597.00,540.00,22.00,14.00,1.00,-1,-1,-1
81,43,580.00,471.00,18.00,27.00,1.00,-1,-1,-1
81,51,533.00,401.00,13.00,15.00,1.00,-1,-1,-1
81,52,559.00,331.00,53.00,12.00,1.00,-1,-1,-1
81,55,791.00,406.00,19.00,8.00,1.00,-1,-1,-1
81,56,992.00,449.00,50.00,32.00,1.00,-1,-1,-1
81,65,544.00,335.00,63.00,35.00,1.00,-1,-1,-1
81,73,1210.00,501.00,53.00,33.00,1.00,-1,-1,-1
81,78,601.00,521.00,22.00,15.00,1.00,-1,-1,-1
81,82,571.00,483.00,59.00,19.00,1.00,-1,-1,-1
81,112,803.00,460.00,17.00,13.00,1.00,-1,-1,-1
81,116,564.00,530.00,59.00,21.00,1.00,-1,-1,-1
81,119,628.00,370.00,67.00,21.00,1.00,-1,-1,-1
81,124,1020.00,462.00,17.00,9.00,1.00,-1,-1,-1
81,126,1313.00,535.00,17.00,11.00,1.00,-1,-1,-1
81,128,1024.00,455.00,28.00,27.00,1.00,-1,-1,-1
81,133,997.00,448.00,43.00,18.00,1.00,-1,-1,-1
81,136,1324.00,528.00,66.00,25.00,1.00,-1,-1,-1
81,139,796.00,466.00,36.00,23.00,1.00,-1,-1,-1
81,141,552.00,541.00,13.00,13.00,1.00,-1,-1,-1
81,145,632.00,452.00,24.00,14.00,1.00,-1,-1,-1
81,152,780.00,403.00,63.00,19.00,1.00,-1,-1,-1
81,157,1089.00,951.00,18.00,10.00,1.00,-1,-1,-1
81,158,886.00,946.00,49.00,8.00,1.00,-1,-1,-1
81,169,889.00,951.00,41.00,23.00,1.00,-1,-1,-1
81,172,1011.00,948.00,25.00,25.00,1.00,-1,-1,-1
81,178,680.00,368.00,18.00,10.00,1.00,-1,-1,-1
81,181,790.00,402.00,54.00,13.00,1.00,-1,-1,-1
81,190,850.00,948.00,27.00,11.00,1.00,-1,-1,-1
81,191,1229.00,961.00,14.00,9.00,1.00,-1,-1,-1
81,192,1256.00,987.00,19.00,18.00,1.00,-1,-1,-1
81,195,925.00,959.00,20.00,8.00,1.00,-1,-1,-1
81,197,653.00,965.00,28.00,16.00,1.00,-1,-1,-1
81,204,1675.00,636.00,19.00,23.00,1.00,-1,-1,-1
81,205,1163.00,945.00,37.00,27.00,1.00,-1,-1,-1
81,221,574.00,337.00,35.00,20.00,1.00,-1,-1,-1
81,223,954.00,947.00,35.00,7.00,1.00,-1,-1,-1
81,230,1683.00,638.00,33.00,13.00,1.00,-1,-1,-1
81,237,1622.00,642.00,15.00,10.00,1.00,-1,-1,-1
81,246,1058.00,957.00,23.00,12.00,1.00,-1,-1,-1
81,252,1487.00,556.00,54.00,29.00,1.00,-1,-1,-1
81,255,782.00,959.00,21.00,13.00,1.00,-1,-1,-1
81,262,1509.00,1019.00,23.00,23.00,1.00,-1,-1,-1
81,271,719.00,434.00,36.00,14.00,1.00,-1,-1,-1
81,280,1014.00,447.00,20.00,20.00,1.00,-1,-1,-1
81,286,1882.00,631.00,30.00,13.00,1.00,-1,-1,-1
81,289,1345.00,989.00,54.00,13.00,1.00,-1,-1,-1
81,296,1882.00,718.00,16.00,30.00,1.00,-1,-1,-1
81,304,1150.00,490.00,52.00,22.00,1.00,-1,-1,-1
82,4,1346.00,535.00,26.00,14.00,1.00,-1,-1,-1
82,9,565.00,531.00,52.00,25.00,1.00,-1,-1,-1
82,13,532.00,396.00,57.00,22.00,1.00,-1,-1,-1
82,14,1648.00,581.00,56.00,26.00,1.00,-1,-1,-1
82,16,535.00,394.00,54.00,21.00,1.00,-1,-1,-1
82,20,565.00,488.00,18.00,15.00,1.00,-1,-1,-1
82,22,547.00,437.00,24.00,12.00,1.00,-1,-1,-1
82,25,640.00,369.00,15.00,11.00,1.00,-1,-1,-1
82,29,571.00,391.00,35.00,19.00,1.00,-1,-1,-1
82,30,582.00,387.00,22.00,12.00,1.00,-1,-1,-1
82,40,1647.00,581.00,56.00,19.00,1.00,-1,-1,-1
82,41,597.00,536.00,22.00,14.00,1.00,-1,-1,-1
82,43,581.00,467.00,18.00,27.00,1.00,-1,-1,-1
82,51,534.00,397.00,13.00,15.00,1.00,-1,-1,-1
82,52,560.00,328.00,53.00,12.00,1.00,-1,-1,-1
82,55,792.00,401.00,19.00,8.00,1.00,-1,-1,-1
82,56,992.00,445.00,52.00,31.00,1.00,-1,-1,-1
82,65,546.00,342.00,35.00,23.00,1.00,-1,-1,-1
82,73,1210.00,501.00,53.00,33.00,1.00,-1,-1,-1
82,78,601.00,517.00,22.00,15.00,1.00,-1,-1,-1
82,82,571.00,480.00,60.00,18.00,1.00,-1,-1,-1
82,112,802.00,459.00,17.00,13.00,1.00,-1,-1,-1
82,116,565.00,526.00,59.00,21.00,1.00,-1,-1,-1
82,119,629.00,364.00,67.00,20.00,1.00,-1,-1,-1
82,124,1020.00,458.00,17.00,9.00,1.00,-1,-1,-1
82,126,1313.00,531.00,17.00,11.00,1.00,-1,-1,-1
82,128,1024.00,451.00,28.00,27.00,1.00,-1,-1,-1
82,133,996.00,443.00,43.00,18.00,1.00,-1,-1,-1
82,136,1328.00,527.00,52.00,30.00,1.00,-1,-1,-1
82,139,798.00,465.00,36.00,23.00,1.00,-1,-1,-1
82,141,553.00,537.00,13.00,13.00,1.00,-1,-1,-1
82,145,642.00,453.00,24.00,14.00,1.00,-1,-1,-1
82,152,781.00,400.00,63.00,18.00,1.00,-1,-1,-1
82,157,1089.00,951.00,18.00,10.00,1.00,-1,-1,-1
82,158,886.00,946.00,49.00,8.00,1.00,-1,-1,-1
82,169,888.00,950.00,41.00,23.00,1.00,-1,-1,-1
82,172,1011.00,948.00,25.00,25.00,1.00,-1,-1,-1
82,178,681.00,364.00,18.00,10.00,1.00,-1,-1,-1
82,181,791.00,397.00,54.00,13.00,1.00,-1,-1,-1
82,190,850.00,948.00,27.00,11.00,1.00,-1,-1,-1
82,191,1229.00,961.00,14.00,9.00,1.00,-1,-1,-1
82,192,1256.00,987.00,19.00,18.00,1.00,-1,-1,-1
82,195,925.00,959.00,20.00,8.00,1.00,-1,-1,-1
82,197,653.00,965.00,28.00,16.00,1.00,-1,-1,-1
82,204,1675.00,636.00,19.00,23.00,1.00,-1,-1,-1
82,205,1163.00,945.00,37.00,27.00,1.00,-1,-1,-1
82,221,576.00,333.00,35.00,20.00,1.00,-1,-1,-1
82,223,954.00,947.00,35.00,7.00,1.00,-1,-1,-1
82,230,1683.00,638.00,33.00,13.00,1.00,-1,-1,-1
82,237,1622.00,642.00,15.00,10.00,1.00,-1,-1,-1
82,246,1058.00,957.00,23.00,12.00,1.00,-1,-1,-1
82,252,1485.00,550.00,56.00,37.00,1.00,-1,-1,-1
82,255,782.00,959.00,21.00,13.00,1.00,-1,-1,-1
82,262,1509.00,1019.00,23.00,23.00,1.00,-1,-1,-1
82,271,734.00,433.00,36.00,14.00,1.00,-1,-1,-1
82,280,1014.00,442.00,20.00,20.00,1.00,-1,-1,-1
82,286,1888.00,627.00,24.00,12.00,1.00,-1,-1,-1
82,289,1363.00,993.00,54.00,13.00,1.00,-1,-1,-1
82,295,958.00,163.00,34.00,9.00,1.00,-1,-1,-1
82,296,1864.00,719.00,16.00,30.00,1.00,-1,-1,-1
82,299,487.00,42.00,31.00,15.00,1.00,-1,-1,-1
82,304,1149.00,485.00,54.00,35.00,1.00,-1,-1,-1
82,305,664.00,404.00,32.00,11.00,1.00,-1,-1,-1
82,308,1373.00,992.00,19.00,9.00,1.00,-1,-1,-1
83,4,1349.00,533.00,26.00,14.00,1.00,-1,-1,-1
83,9,567.00,527.00,48.00,34.00,1.00,-1,-1,-1
83,13,532.00,390.00,57.00,19.00,1.00,-1,-1,-1
83,14,1647.00,579.00,64.00,44.00,1.00,-1,-1,-1
83,16,535.00,390.00,54.00,21.00,1.00,-1,-1,-1
83,20,565.00,484.00,18.00,15.00,1.00,-1,-1,-1
83,22,551.00,437.00,24.00,12.00,1.00,-1,-1,-1
83,25,640.00,365.00,15.00,11.00,1.00,-1,-1,-1
83,29,571.00,386.00,35.00,19.00,1.00,-1,-1,-1
83,30,582.00,383.00,22.00,12.00,1.00,-1,-1,-1
83,40,1646.00,577.00,56.00,19.00,1.00,-1,-1,-1
83,41,597.00,532.00,22.00,14.00,1.00,-1,-1,-1
83,43,582.00,463.00,18.00,27.00,1.00,-1,-1,-1
83,51,534.00,393.00,13.00,15.00,1.00,-1,-1,-1
83,52,562.00,326.00,53.00,12.00,1.00,-1,-1,-1
83,55,791.00,397.00,19.00,8.00,1.00,-1,-1,-1
83,56,992.00,438.00,54.00,33.00,1.00,-1,-1,-1
83,65,548.00,341.00,33.00,22.00,1.00,-1,-1,-1
83,73,1210.00,501.00,53.00,33.00,1.00,-1,-1,-1
83,78,600.00,513.00,22.00,15.00,1.00,-1,-1,-1
83,82,569.00,475.00,63.00,21.00,1.00,-1,-1,-1
83,112,801.00,459.00,17.00,13.00,1.00,-1,-1,-1
83,116,565.00,522.00,59.00,21.00,1.00,-1,-1,-1
83,119,628.00,360.00,68.00,20.00,1.00,-1,-1,-1
83,124,1020.00,454.00,17.00,9.00,1.00,-1,-1,-1
83,126,1311.00,527.00,17.00,11.00,1.00,-1,-1,-1
83,128,1024.00,448.00,28.00,27.00,1.00,-1,-1,-1
83,133,994.00,438.00,43.00,18.00,1.00,-1,-1,-1
83,136,1327.00,522.00,53.00,34.00,1.00,-1,-1,-1
83,139,800.00,465.00,36.00,23.00,1.00,-1,-1,-1
83,141,553.00,532.00,13.00,13.00,1.00,-1,-1,-1
83,145,645.00,453.00,24.00,14.00,1.00,-1,-1,-1
83,152,780.00,395.00,65.00,19.00,1.00,-1,-1,-1
83,157,1089.00,951.00,18.00,10.00,1.00,-1,-1,-1
83,158,886.00,946.00,49.00,8.00,1.00,-1,-1,-1
83,169,888.00,951.00,41.00,23.00,1.00,-1,-1,-1
83,172,1011.00,948.00,25.00,25.00,1.00,-1,-1,-1
83,178,682.00,360.00,18.00,10.00,1.00,-1,-1,-1
83,181,792.00,393.00,54.00,13.00,1.00,-1,-1,-1
83,190,850.00,948.00,27.00,11.00,1.00,-1,-1,-1
83,191,1229.00,961.00,14.00,9.00,1.00,-1,-1,-1
83,192,1256.00,987.00,19.00,18.00,1.00,-1,-1,-1
83,195,925.00,959.00,20.00,8.00,1.00,-1,-1,-1
83,197,653.00,965.00,28.00,16.00,1.00,-1,-1,-1
83,204,1675.00,636.00,19.00,23.00,1.00,-1,-1,-1
83,205,1163.00,945.00,37.00,27.00,1.00,-1,-1,-1
83,221,577.00,331.00,35.00,20.00,1.00,-1,-1,-1
83,223,954.00,947.00,35.00,7.00,1.00,-1,-1,-1
83,230,1683.00,638.00,33.00,13.00,1.00,-1,-1,-1
83,237,1622.00,642.00,15.00,10.00,1.00,-1,-1,-1
83,246,1058.00,957.00,23.00,12.00,1.00,-1,-1,-1
83,252,1486.00,547.00,53.00,28.00,1.00,-1,-1,-1
83,255,782.00,959.00,21.00,13.00,1.00,-1,-1,-1
83,271,745.00,433.00,36.00,14.00,1.00,-1,-1,-1
83,280,1014.00,438.00,20.00,20.00,1.00,-1,-1,-1
83,286,1888.00,624.00,24.00,13.00,1.00,-1,-1,-1
83,289,1381.00,995.00,54.00,13.00,1.00,-1,-1,-1
83,295,966.00,163.00,34.00,9.00,1.00,-1,-1,-1
83,296,1875.00,719.00,16.00,30.00,1.00,-1,-1,-1
83,299,491.00,41.00,31.00,15.00,1.00,-1,-1,-1
83,304,1146.00,481.00,57.00,21.00,1.00,-1,-1,-1
83,305,625.00,402.00,32.00,11.00,1.00,-1,-1,-1
83,306,998.00,497.00,45.00,22.00,1.00,-1,-1,-1
83,308,1391.00,992.00,19.00,9.00,1.00,-1,-1,-1
84,4,1340.00,530.00,26.00,14.00,1.00,-1,-1,-1
84,9,601.00,528.00,48.00,34.00,1.00,-1,-1,-1
84,13,534.00,385.00,56.00,27.00,1.00,-1,-1,-1
84,14,1666.00,574.00,64.00,44.00,1.00,-1,-1,-1
84,16,536.00,386.00,54.00,21.00,1.00,-1,-1,-1
84,20,567.00,480.00,18.00,15.00,1.00,-1,-1,-1
84,22,549.00,431.00,24.00,12.00,1.00,-1,-1,-1
84,25,641.00,361.00,15.00,11.00,1.00,-1,-1,-1
84,29,573.00,381.00,35.00,19.00,1.00,-1,-1,-1
84,30,584.00,378.00,22.00,12.00,1.00,-1,-1,-1
84,40,1649.00,575.00,53.00,18.00,1.00,-1,-1,-1
84,41,598.00,527.00,22.00,14.00,1.00,-1,-1,-1
84,43,584.00,458.00,18.00,27.00,1.00,-1,-1,-1
84,51,536.00,389.00,13.00,15.00,1.00,-1,-1,-1
84,52,564.00,325.00,53.00,12.00,1.00,-1,-1,-1
84,55,792.00,393.00,19.00,8.00,1.00,-1,-1,-1
84,56,1000.00,431.00,60.00,25.00,1.00,-1,-1,-1
84,65,551.00,337.00,29.00,21.00,1.00,-1,-1,-1
84,73,1210.00,501.00,53.00,33.00,1.00,-1,-1,-1
84,78,601.00,508.00,22.00,15.00,1.00,-1,-1,-1
84,82,571.00,471.00,62.00,22.00,1.00,-1,-1,-1
84,112,810.00,459.00,17.00,13.00,1.00,-1,-1,-1
84,116,566.00,522.00,53.00,39.00,1.00,-1,-1,-1
84,119,631.00,357.00,67.00,19.00,1.00,-1,-1,-1
84,124,1020.00,450.00,17.00,9.00,1.00,-1,-1,-1
84,126,1311.00,523.00,17.00,11.00,1.00,-1,-1,-1
84,128,1024.00,444.00,28.00,27.00,1.00,-1,-1,-1
84,133,994.00,432.00,43.00,18.00,1.00,-1,-1,-1
84,136,1327.00,516.00,53.00,38.00,1.00,-1,-1,-1
84,139,812.00,465.00,36.00,23.00,1.00,-1,-1,-1
84,141,555.00,528.00,13.00,13.00,1.00,-1,-1,-1
84,145,654.00,453.00,24.00,14.00,1.00,-1,-1,-1
84,152,782.00,391.00,65.00,19.00,1.00,-1,-1,-1
84,157,1089.00,951.00,18.00,10.00,1.00,-1,-1,-1
84,158,886.00,946.00,49.00,8.00,1.00,-1,-1,-1
84,169,888.00,951.00,41.00,23.00,1.00,-1,-1,-1
84,172,1011.00,948.00,25.00,25.00,1.00,-1,-1,-1
84,178,684.00,356.00,18.00,10.00,1.00,-1,-1,-1
84,181,793.00,389.00,54.00,13.00,1.00,-1,-1,-1
84,190,850.00,948.00,27.00,11.00,1.00,-1,-1,-1
84,191,1229.00,961.00,14.00,9.00,1.00,-1,-1,-1
84,192,1256.00,987.00,19.00,18.00,1.00,-1,-1,-1
84,195,925.00,959.00,20.00,8.00,1.00,-1,-1,-1
84,197,653.00,965.00,28.00,16.00,1.00,-1,-1,-1
84,204,1675.00,636.00,19.00,23.00,1.00,-1,-1,-1
84,205,1163.00,945.00,37.00,27.00,1.00,-1,-1,-1
84,221,580.00,330.00,35.00,20.00,1.00,-1,-1,-1
84,223,954.00,947.00,35.00,7.00,1.00,-1,-1,-1
84,230,1683.00,638.00,33.00,13.00,1.00,-1,-1,-1
84,237,1622.00,642.00,15.00,10.00,1.00,-1,-1,-1
84,246,1058.00,956.00,23.00,12.00,1.00,-1,-1,-1
84,252,1487.00,543.00,51.00,32.00,1.00,-1,-1,-1
84,255,782.00,959.00,21.00,13.00,1.00,-1,-1,-1
84,271,758.00,434.00,36.00,14.00,1.00,-1,-1,-1
84,280,1015.00,434.00,20.00,20.00,1.00,-1,-1,-1
84,286,1887.00,620.00,25.00,15.00,1.00,-1,-1,-1
84,289,1408.00,998.00,54.00,13.00,1.00,-1,-1,-1
84,295,979.00,162.00,34.00,9.00,1.00,-1,-1,-1
84,296,1875.00,719.00,16.00,30.00,1.00,-1,-1,-1
84,299,500.00,40.00,31.00,15.00,1.00,-1,-1,-1
84,304,1149.00,478.00,67.00,42.00,1.00,-1,-1,-1
84,305,645.00,407.00,32.00,11.00,1.00,-1,-1,-1
84,306,997.00,505.00,25.00,14.00,1.00,-1,-1,-1
84,308,1426.00,996.00,19.00,9.00,1.00,-1,-1,-1
85,4,1340.00,530.00,26.00,14.00,1.00,-1,-1,-1
85,9,600.00,526.00,48.00,34.00,1.00,-1,-1,-1
85,13,536.00,382.00,53.00,56.00,1.00,-1,-1,-1
85,14,1671.00,573.00,64.00,44.00,1.00,-1,-1,-1
85,16,539.00,382.00,54.00,21.00,1.00,-1,-1,-1
85,20,569.00,475.00,18.00,15.00,1.00,-1,-1,-1
85,22,540.00,428.00,24.00,12.00,1.00,-1,-1,-1
85,25,644.00,357.00,15.00,11.00,1.00,-1,-1,-1
85,29,575.00,376.00,35.00,19.00,1.00,-1,-1,-1
85,30,586.00,372.00,22.00,12.00,1.00,-1,-1,-1
85,40,1648.00,571.00,60.00,18.00,1.00,-1,-1,-1
85,41,599.00,523.00,22.00,14.00,1.00,-1,-1,-1
85,43,585.00,454.00,18.00,27.00,1.00,-1,-1,-1
85,51,538.00,385.00,13.00,15.00,1.00,-1,-1,-1
85,52,564.00,323.00,53.00,12.00,1.00,-1,-1,-1
85,55,794.00,388.00,19.00,8.00,1.00,-1,-1,-1
85,56,1000.00,425.00,68.00,28.00,1.00,-1,-1,-1
85,65,554.00,332.00,33.00,21.00,1.00,-1,-1,-1
85,73,1210.00,501.00,53.00,33.00,1.00,-1,-1,-1
85,78,602.00,503.00,22.00,15.00,1.00,-1,-1,-1
85,82,576.00,467.00,59.00,22.00,1.00,-1,-1,-1
85,112,816.00,459.00,17.00,13.00,1.00,-1,-1,-1
85,116,602.00,525.00,53.00,39.00,1.00,-1,-1,-1
85,119,634.00,353.00,66.00,18.00,1.00,-1,-1,-1
85,124,1021.00,446.00,17.00,9.00,1.00,-1,-1,-1
85,126,1313.00,519.00,17.00,11.00,1.00,-1,-1,-1
85,128,1025.00,440.00,28.00,27.00,1.00,-1,-1,-1
85,133,994.00,427.00,43.00,18.00,1.00,-1,-1,-1
85,136,1326.00,511.00,52.00,36.00,1.00,-1,-1,-1
85,139,816.00,465.00,36.00,23.00,1.00,-1,-1,-1
85,141,556.00,524.00,13.00,13.00,1.00,-1,-1,-1
85,145,654.00,453.00,24.00,14.00,1.00,-1,-1,-1
85,150,567.00,516.00,53.00,21.00,1.00,-1,-1,-1
85,152,783.00,386.00,65.00,19.00,1.00,-1,-1,-1
85,157,1089.00,951.00,18.00,10.00,1.00,-1,-1,-1
85,158,886.00,946.00,49.00,8.00,1.00,-1,-1,-1
85,169,888.00,950.00,41.00,23.00,1.00,-1,-1,-1
85,172,1011.00,948.00,25.00,25.00,1.00,-1,-1,-1
85,178,685.00,351.00,18.00,10.00,1.00,-1,-1,-1
85,181,795.00,385.00,54.00,13.00,1.00,-1,-1,-1
85,190,850.00,948.00,27.00,11.00,1.00,-1,-1,-1
85,191,1229.00,961.00,14.00,9.00,1.00,-1,-1,-1
85,192,1256.00,987.00,19.00,18.00,1.00,-1,-1,-1
85,195,925.00,959.00,20.00,8.00,1.00,-1,-1,-1
85,197,653.00,965.00,28.00,16.00,1.00,-1,-1,-1
85,205,1163.00,945.00,37.00,27.00,1.00,-1,-1,-1
85,221,580.00,328.00,35.00,20.00,1.00,-1,-1,-1
85,223,954.00,947.00,35.00,7.00,1.00,-1,-1,-1
85,230,1683.00,638.00,33.00,13.00,1.00,-1,-1,-1
85,237,1622.00,642.00,15.00,10.00,1.00,-1,-1,-1
85,246,1058.00,956.00,23.00,12.00,1.00,-1,-1,-1
85,252,1484.00,537.00,56.00,24.00,1.00,-1,-1,-1
85,255,782.00,959.00,21.00,13.00,1.00,-1,-1,-1
85,271,769.00,434.00,36.00,14.00,1.00,-1,-1,-1
85,280,1016.00,430.00,20.00,20.00,1.00,-1,-1,-1
85,286,1886.00,616.00,26.00,13.00,1.00,-1,-1,-1
85,289,1419.00,1002.00,54.00,13.00,1.00,-1,-1,-1
85,295,987.00,160.00,34.00,9.00,1.00,-1,-1,-1
85,296,1875.00,719.00,16.00,30.00,1.00,-1,-1,-1
85,299,513.00,45.00,33.00,9.00,1.00,-1,-1,-1
85,304,1150.00,473.00,54.00,50.00,1.00,-1,-1,-1
85,305,654.00,406.00,32.00,11.00,1.00,-1,-1,-1
85,306,995.00,505.00,25.00,14.00,1.00,-1,-1,-1
85,308,1426.00,996.00,19.00,9.00,1.00,-1,-1,-1
85,314,263.00,1023.00,75.00,20.00,1.00,-1,-1,-1
85,320,803.00,434.00,41.00,17.00,1.00,-1,-1,-1
85,322,974.00,155.00,72.00,18.00,1.00,-1,-1,-1
86,4,1340.00,526.00,26.00,14.00,1.00,-1,-1,-1
86,9,596.00,524.00,48.00,34.00,1.00,-1,-1,-1
86,13,535.00,377.00,53.00,56.00,1.00,-1,-1,-1
86,14,1670.00,575.00,64.00,44.00,1.00,-1,-1,-1
86,16,538.00,376.00,76.00,22.00,1.00,-1,-1,-1
86,20,570.00,471.00,18.00,15.00,1.00,-1,-1,-1
86,22,530.00,422.00,24.00,12.00,1.00,-1,-1,-1
86,25,644.00,353.00,15.00,11.00,1.00,-1,-1,-1
86,29,575.00,371.00,35.00,19.00,1.00,-1,-1,-1
86,30,586.00,368.00,22.00,12.00,1.00,-1,-1,-1
86,40,1648.00,566.00,56.00,19.00,1.00,-1,-1,-1
86,41,600.00,518.00,22.00,14.00,1.00,-1,-1,-1
86,43,586.00,450.00,18.00,27.00,1.00,-1,-1,-1
86,51,539.00,381.00,13.00,15.00,1.00,-1,-1,-1
86,52,561.00,320.00,53.00,12.00,1.00,-1,-1,-1
86,55,795.00,384.00,19.00,8.00,1.00,-1,-1,-1
86,56,1003.00,416.00,66.00,32.00,1.00,-1,-1,-1
86,65,558.00,326.00,33.00,22.00,1.00,-1,-1,-1
86,78,603.00,499.00,22.00,15.00,1.00,-1,-1,-1
86,82,574.00,463.00,63.00,20.00,1.00,-1,-1,-1
86,112,826.00,459.00,17.00,13.00,1.00,-1,-1,-1
86,116,599.00,523.00,53.00,39.00,1.00,-1,-1,-1
86,119,635.00,349.00,71.00,43.00,1.00,-1,-1,-1
86,124,1022.00,442.00,17.00,9.00,1.00,-1,-1,-1
86,126,1312.00,515.00,17.00,11.00,1.00,-1,-1,-1
86,128,1025.00,436.00,28.00,27.00,1.00,-1,-1,-1
86,133,995.00,423.00,43.00,18.00,1.00,-1,-1,-1
86,136,1328.00,507.00,49.00,29.00,1.00,-1,-1,-1
86,139,816.00,465.00,36.00,23.00,1.00,-1,-1,-1
86,141,557.00,520.00,13.00,13.00,1.00,-1,-1,-1
86,145,654.00,453.00,24.00,14.00,1.00,-1,-1,-1
86,150,569.00,512.00,50.00,23.00,1.00,-1,-1,-1
86,152,784.00,382.00,66.00,19.00,1.00,-1,-1,-1
86,157,1089.00,951.00,18.00,10.00,1.00,-1,-1,-1
86,158,886.00,946.00,49.00,8.00,1.00,-1,-1,-1
86,169,889.00,950.00,41.00,23.00,1.00,-1,-1,-1
86,172,1011.00,948.00,25.00,25.00,1.00,-1,-1,-1
86,178,687.00,347.00,18.00,10.00,1.00,-1,-1,-1
86,181,796.00,380.00,54.00,13.00,1.00,-1,-1,-1
86,190,850.00,948.00,27.00,11.00,1.00,-1,-1,-1
86,191,1229.00,961.00,14.00,9.00,1.00,-1,-1,-1
86,192,1256.00,987.00,19.00,18.00,1.00,-1,-1,-1
86,195,925.00,959.00,20.00,8.00,1.00,-1,-1,-1
86,197,653.00,965.00,28.00,16.00,1.00,-1,-1,-1
86,205,1163.00,945.00,37.00,27.00,1.00,-1,-1,-1
86,221,579.00,326.00,35.00,20.00,1.00,-1,-1,-1
86,223,954.00,947.00,35.00,7.00,1.00,-1,-1,-1
86,246,1058.00,956.00,23.00,12.00,1.00,-1,-1,-1
86,252,1486.00,535.00,53.00,34.00,1.00,-1,-1,-1
86,255,783.00,959.00,21.00,13.00,1.00,-1,-1,-1
86,271,780.00,434.00,36.00,14.00,1.00,-1,-1,-1
86,280,1016.00,426.00,20.00,20.00,1.00,-1,-1,-1
86,286,1885.00,610.00,27.00,16.00,1.00,-1,-1,-1
86,289,1433.00,1003.00,54.00,13.00,1.00,-1,-1,-1
86,295,1012.00,162.00,34.00,9.00,1.00,-1,-1,-1
86,296,1875.00,719.00,16.00,30.00,1.00,-1,-1,-1
86,299,519.00,43.00,33.00,9.00,1.00,-1,-1,-1
86,304,1151.00,469.00,54.00,46.00,1.00,-1,-1,-1
86,305,665.00,406.00,32.00,11.00,1.00,-1,-1,-1
86,306,991.00,505.00,25.00,14.00,1.00,-1,-1,-1
86,308,1426.00,996.00,19.00,9.00,1.00,-1,-1,-1
86,314,301.00,1026.00,75.00,20.00,1.00,-1,-1,-1
86,320,799.00,434.00,41.00,17.00,1.00,-1,-1,-1
86,322,989.00,155.00,72.00,18.00,1.00,-1,-1,-1
87,4,1338.00,524.00,26.00,14.00,1.00,-1,-1,-1
87,9,593.00,523.00,48.00,34.00,1.00,-1,-1,-1
87,13,537.00,373.00,53.00,56.00,1.00,-1,-1,-1
87,14,1666.00,575.00,64.00,44.00,1.00,-1,-1,-1
87,16,532.00,367.00,91.00,25.00,1.00,-1,-1,-1
87,20,571.00,466.00,18.00,15.00,1.00,-1,-1,-1
87,22,553.00,421.00,24.00,12.00,1.00,-1,-1,-1
87,25,645.00,349.00,15.00,11.00,1.00,-1,-1,-1
87,29,576.00,367.00,35.00,19.00,1.00,-1,-1,-1
87,30,587.00,363.00,22.00,12.00,1.00,-1,-1,-1
87,40,1647.00,560.00,56.00,23.00,1.00,-1,-1,-1
87,41,601.00,513.00,22.00,14.00,1.00,-1,-1,-1
87,43,587.00,445.00,18.00,27.00,1.00,-1,-1,-1
87,51,538.00,377.00,13.00,15.00,1.00,-1,-1,-1
87,52,559.00,316.00,53.00,12.00,1.00,-1,-1,-1
87,55,795.00,379.00,19.00,8.00,1.00,-1,-1,-1
87,56,994.00,413.00,74.00,32.00,1.00,-1,-1,-1
87,65,553.00,322.00,45.00,21.00,1.00,-1,-1,-1
87,78,603.00,494.00,22.00,15.00,1.00,-1,-1,-1
87,82,576.00,458.00,61.00,21.00,1.00,-1,-1,-1
87,112,825.00,457.00,17.00,13.00,1.00,-1,-1,-1
87,116,595.00,521.00,53.00,39.00,1.00,-1,-1,-1
87,119,639.00,347.00,71.00,43.00,1.00,-1,-1,-1
87,124,1022.00,439.00,17.00,9.00,1.00,-1,-1,-1
87,126,1313.00,511.00,17.00,11.00,1.00,-1,-1,-1
87,128,1025.00,433.00,28.00,27.00,1.00,-1,-1,-1
87,133,994.00,419.00,43.00,18.00,1.00,-1,-1,-1
87,136,1327.00,501.00,57.00,26.00,1.00,-1,-1,-1
87,139,816.00,465.00,36.00,23.00,1.00,-1,-1,-1
87,141,558.00,514.00,13.00,13.00,1.00,-1,-1,-1
87,145,654.00,453.00,24.00,14.00,1.00,-1,-1,-1
87,150,569.00,506.00,51.00,20.00,1.00,-1,-1,-1
87,152,786.00,378.00,66.00,20.00,1.00,-1,-1,-1
87,157,1089.00,951.00,18.00,10.00,1.00,-1,-1,-1
87,158,886.00,946.00,49.00,8.00,1.00,-1,-1,-1
87,169,889.00,950.00,41.00,23.00,1.00,-1,-1,-1
87,172,1011.00,948.00,25.00,25.00,1.00,-1,-1,-1
87,178,687.00,343.00,18.00,10.00,1.00,-1,-1,-1
87,181,797.00,376.00,54.00,13.00,1.00,-1,-1,-1
87,190,850.00,948.00,27.00,11.00,1.00,-1,-1,-1
87,191,1229.00,960.00,14.00,9.00,1.00,-1,-1,-1
87,192,1256.00,987.00,19.00,18.00,1.00,-1,-1,-1
87,195,925.00,959.00,20.00,8.00,1.00,-1,-1,-1
87,197,653.00,965.00,28.00,16.00,1.00,-1,-1,-1
87,205,1163.00,945.00,37.00,27.00,1.00,-1,-1,-1
87,221,578.00,323.00,35.00,20.00,1.00,-1,-1,-1
87,223,954.00,947.00,35.00,7.00,1.00,-1,-1,-1
87,246,1058.00,956.00,23.00,12.00,1.00,-1,-1,-1
87,252,1486.00,530.00,55.00,37.00,1.00,-1,-1,-1
87,255,783.00,959.00,21.00,13.00,1.00,-1,-1,-1
87,271,792.00,434.00,36.00,14.00,1.00,-1,-1,-1
87,280,1015.00,422.00,20.00,20.00,1.00,-1,-1,-1
87,286,1882.00,605.00,30.00,17.00,1.00,-1,-1,-1
87,287,991.00,500.00,17.00,20.00,1.00,-1,-1,-1
87,289,1446.00,1003.00,54.00,13.00,1.00,-1,-1,-1
87,295,1020.00,162.00,34.00,9.00,1.00,-1,-1,-1
87,296,1875.00,719.00,16.00,30.00,1.00,-1,-1,-1
87,299,522.00,42.00,33.00,9.00,1.00,-1,-1,-1
87,304,1147.00,463.00,58.00,49.00,1.00,-1,-1,-1
87,305,670.00,405.00,32.00,11.00,1.00,-1,-1,-1
87,306,983.00,506.00,25.00,14.00,1.00,-1,-1,-1
87,308,1426.00,996.00,19.00,9.00,1.00,-1,-1,-1
87,314,301.00,1026.00,75.00,20.00,1.00,-1,-1,-1
87,320,805.00,436.00,41.00,17.00,1.00,-1,-1,-1
87,322,996.00,155.00,72.00,18.00,1.00,-1,-1,-1
87,344,818.00,418.00,30.00,15.00,1.00,-1,-1,-1
88,4,1339.00,521.00,26.00,14.00,1.00,-1,-1,-1
88,9,593.00,522.00,48.00,34.00,1.00,-1,-1,-1
88,13,536.00,369.00,53.00,56.00,1.00,-1,-1,-1
88,14,1665.00,574.00,64.00,44.00,1.00,-1,-1,-1
88,16,539.00,358.00,82.00,29.00,1.00,-1,-1,-1
88,20,573.00,462.00,18.00,15.00,1.00,-1,-1,-1
88,22,553.00,421.00,24.00,12.00,1.00,-1,-1,-1
88,25,646.00,344.00,15.00,11.00,1.00,-1,-1,-1
88,29,577.00,362.00,35.00,19.00,1.00,-1,-1,-1
88,30,588.00,358.00,22.00,12.00,1.00,-1,-1,-1
88,40,1646.00,557.00,57.00,19.00,1.00,-1,-1,-1
88,41,602.00,509.00,22.00,14.00,1.00,-1,-1,-1
88,43,589.00,440.00,18.00,27.00,1.00,-1,-1,-1
88,51,539.00,373.00,13.00,15.00,1.00,-1,-1,-1
88,52,560.00,311.00,53.00,12.00,1.00,-1,-1,-1
88,55,796.00,374.00,19.00,8.00,1.00,-1,-1,-1
88,56,1003.00,416.00,52.00,25.00,1.00,-1,-1,-1
88,65,543.00,317.00,54.00,29.00,1.00,-1,-1,-1
88,78,603.00,489.00,22.00,15.00,1.00,-1,-1,-1
88,82,581.00,451.00,60.00,20.00,1.00,-1,-1,-1
88,112,831.00,455.00,17.00,13.00,1.00,-1,-1,-1
88,116,594.00,520.00,53.00,39.00,1.00,-1,-1,-1
88,119,642.00,345.00,71.00,43.00,1.00,-1,-1,-1
88,124,1023.00,434.00,17.00,9.00,1.00,-1,-1,-1
88,126,1313.00,506.00,17.00,11.00,1.00,-1,-1,-1
88,128,1026.00,428.00,28.00,27.00,1.00,-1,-1,-1
88,133,995.00,415.00,43.00,18.00,1.00,-1,-1,-1
88,136,1327.00,498.00,52.00,21.00,1.00,-1,-1,-1
88,139,816.00,465.00,36.00,23.00,1.00,-1,-1,-1
88,141,558.00,510.00,13.00,13.00,1.00,-1,-1,-1
88,145,654.00,453.00,24.00,14.00,1.00,-1,-1,-1
88,150,570.00,501.00,51.00,20.00,1.00,-1,-1,-1
88,152,787.00,372.00,67.00,20.00,1.00,-1,-1,-1
88,157,1089.00,951.00,18.00,10.00,1.00,-1,-1,-1
88,158,886.00,946.00,49.00,8.00,1.00,-1,-1,-1
88,169,889.00,950.00,41.00,23.00,1.00,-1,-1,-1
88,172,1011.00,948.00,25.00,25.00,1.00,-1,-1,-1
88,178,688.00,338.00,18.00,10.00,1.00,-1,-1,-1
88,181,798.00,371.00,54.00,13.00,1.00,-1,-1,-1
88,190,850.00,948.00,27.00,11.00,1.00,-1,-1,-1
88,191,1229.00,960.00,14.00,9.00,1.00,-1,-1,-1
88,192,1257.00,987.00,19.00,18.00,1.00,-1,-1,-1
88,195,925.00,959.00,20.00,8.00,1.00,-1,-1,-1
88,197,653.00,965.00,28.00,16.00,1.00,-1,-1,-1
88,205,1163.00,945.00,37.00,27.00,1.00,-1,-1,-1
88,221,578.00,318.00,35.00,20.00,1.00,-1,-1,-1
88,223,954.00,947.00,35.00,7.00,1.00,-1,-1,-1
88,246,1058.00,956.00,23.00,12.00,1.00,-1,-1,-1
88,252,1484.00,528.00,55.00,38.00,1.00,-1,-1,-1
88,255,783.00,959.00,21.00,13.00,1.00,-1,-1,-1
88,271,804.00,434.00,36.00,14.00,1.00,-1,-1,-1
88,280,1017.00,418.00,20.00,20.00,1.00,-1,-1,-1
88,286,1883.00,600.00,29.00,17.00,1.00,-1,-1,-1
88,287,980.00,500.00,17.00,20.00,1.00,-1,-1,-1
88,289,1476.00,1007.00,54.00,13.00,1.00,-1,-1,-1
88,295,1030.00,160.00,34.00,9.00,1.00,-1,-1,-1
88,296,1875.00,719.00,16.00,30.00,1.00,-1,-1,-1
88,299,532.00,41.00,33.00,9.00,1.00,-1,-1,-1
88,304,1149.00,458.00,57.00,19.00,1.00,-1,-1,-1
88,305,683.00,406.00,32.00,11.00,1.00,-1,-1,-1
88,306,990.00,499.00,17.00,20.00,1.00,-1,-1,-1
88,308,1426.00,996.00,19.00,9.00,1.00,-1,-1,-1
88,314,301.00,1026.00,75.00,20.00,1.00,-1,-1,-1
88,316,876.00,127.00,27.00,7.00,1.00,-1,-1,-1
88,320,819.00,435.00,41.00,17.00,1.00,-1,-1,-1
88,322,1006.00,153.00,72.00,18.00,1.00,-1,-1,-1
88,344,842.00,405.00,30.00,15.00,1.00,-1,-1,-1
88,347,1025.00,476.00,15.00,15.00,1.00,-1,-1,-1
89,4,1341.00,519.00,26.00,14.00,1.00,-1,-1,-1
89,9,592.00,522.00,48.00,34.00,1.00,-1,-1,-1
89,13,540.00,367.00,53.00,56.00,1.00,-1,-1,-1
89,14,1664.00,573.00,64.00,44.00,1.00,-1,-1,-1
89,16,542.00,360.00,66.00,21.00,1.00,-1,-1,-1
89,20,575.00,457.00,18.00,15.00,1.00,-1,-1,-1
89,22,553.00,421.00,24.00,12.00,1.00,-1,-1,-1
89,25,647.00,339.00,15.00,11.00,1.00,-1,-1,-1
89,29,578.00,357.00,35.00,19.00,1.00,-1,-1,-1
89,30,590.00,353.00,22.00,12.00,1.00,-1,-1,-1
89,40,1646.00,551.00,57.00,20.00,1.00,-1,-1,-1
89,41,603.00,504.00,22.00,14.00,1.00,-1,-1,-1
89,43,590.00,436.00,18.00,27.00,1.00,-1,-1,-1
89,51,540.00,367.00,13.00,15.00,1.00,-1,-1,-1
89,52,561.00,305.00,53.00,12.00,1.00,-1,-1,-1
89,55,798.00,369.00,19.00,8.00,1.00,-1,-1,-1
89,56,1005.00,416.00,39.00,20.00,1.00,-1,-1,-1
89,65,549.00,312.00,50.00,29.00,1.00,-1,-1,-1
89,78,604.00,485.00,22.00,15.00,1.00,-1,-1,-1
89,82,578.00,449.00,67.00,20.00,1.00,-1,-1,-1
89,112,836.00,455.00,17.00,13.00,1.00,-1,-1,-1
89,116,593.00,519.00,53.00,39.00,1.00,-1,-1,-1
89,119,644.00,341.00,71.00,43.00,1.00,-1,-1,-1
89,124,1024.00,429.00,17.00,9.00,1.00,-1,-1,-1
89,126,1314.00,501.00,17.00,11.00,1.00,-1,-1,-1
89,128,1027.00,423.00,28.00,27.00,1.00,-1,-1,-1
89,133,995.00,411.00,43.00,18.00,1.00,-1,-1,-1
89,136,1327.00,493.00,56.00,29.00,1.00,-1,-1,-1
89,139,816.00,465.00,36.00,23.00,1.00,-1,-1,-1
89,141,562.00,504.00,13.00,13.00,1.00,-1,-1,-1
89,145,654.00,453.00,24.00,14.00,1.00,-1,-1,-1
89,150,571.00,497.00,51.00,22.00,1.00,-1,-1,-1
89,152,786.00,368.00,68.00,19.00,1.00,-1,-1,-1
89,157,1089.00,951.00,18.00,10.00,1.00,-1,-1,-1
89,158,886.00,946.00,49.00,8.00,1.00,-1,-1,-1
89,169,889.00,950.00,41.00,23.00,1.00,-1,-1,-1
89,172,1011.00,948.00,25.00,25.00,1.00,-1,-1,-1
89,178,690.00,333.00,18.00,10.00,1.00,-1,-1,-1
89,181,800.00,366.00,54.00,13.00,1.00,-1,-1,-1
89,190,850.00,948.00,27.00,11.00,1.00,-1,-1,-1
89,191,1229.00,960.00,14.00,9.00,1.00,-1,-1,-1
89,192,1257.00,987.00,19.00,18.00,1.00,-1,-1,-1
89,195,925.00,959.00,20.00,8.00,1.00,-1,-1,-1
89,197,653.00,965.00,28.00,16.00,1.00,-1,-1,-1
89,205,1163.00,945.00,37.00,27.00,1.00,-1,-1,-1
89,221,579.00,313.00,35.00,20.00,1.00,-1,-1,-1
89,223,954.00,947.00,35.00,7.00,1.00,-1,-1,-1
89,246,1058.00,956.00,23.00,12.00,1.00,-1,-1,-1
89,252,1486.00,521.00,56.00,24.00,1.00,-1,-1,-1
89,255,783.00,959.00,21.00,13.00,1.00,-1,-1,-1
89,271,817.00,433.00,36.00,14.00,1.00,-1,-1,-1
89,280,1017.00,413.00,20.00,20.00,1.00,-1,-1,-1
89,286,1882.00,596.00,30.00,16.00,1.00,-1,-1,-1
89,287,994.00,487.00,17.00,20.00,1.00,-1,-1,-1
89,289,1491.00,1010.00,54.00,13.00,1.00,-1,-1,-1
89,295,1034.00,158.00,34.00,9.00,1.00,-1,-1,-1
89,299,534.00,32.00,53.00,18.00,1.00,-1,-1,-1
89,304,1145.00,453.00,62.00,19.00,1.00,-1,-1,-1
89,305,692.00,403.00,32.00,11.00,1.00,-1,-1,-1
89,306,962.00,516.00,17.00,20.00,1.00,-1,-1,-1
89,308,1426.00,996.00,19.00,9.00,1.00,-1,-1,-1
89,314,301.00,1026.00,75.00,20.00,1.00,-1,-1,-1
89,316,882.00,125.00,27.00,7.00,1.00,-1,-1,-1
89,320,827.00,435.00,41.00,17.00,1.00,-1,-1,-1
89,322,1006.00,157.00,79.00,15.00,1.00,-1,-1,-1
89,332,684.00,19.00,55.00,9.00,1.00,-1,-1,-1
89,337,881.00,119.00,51.00,17.00,1.00,-1,-1,-1
89,338,1639.00,40.00,33.00,8.00,1.00,-1,-1,-1
89,344,841.00,401.00,30.00,15.00,1.00,-1,-1,-1
89,347,1023.00,476.00,15.00,15.00,1.00,-1,-1,-1
89,350,635.00,335.00,69.00,23.00,1.00,-1,-1,-1
90,4,1342.00,514.00,26.00,14.00,1.00,-1,-1,-1
90,9,591.00,521.00,48.00,34.00,1.00,-1,-1,-1
90,13,544.00,353.00,57.00,39.00,1.00,-1,-1,-1
90,14,1662.00,570.00,64.00,44.00,1.00,-1,-1,-1
90,16,542.00,355.00,66.00,21.00,1.00,-1,-1,-1
90,20,577.00,452.00,18.00,15.00,1.00,-1,-1,-1
90,22,553.00,421.00,24.00,12.00,1.00,-1,-1,-1
90,25,648.00,334.00,15.00,11.00,1.00,-1,-1,-1
90,29,579.00,352.00,35.00,19.00,1.00,-1,-1,-1
90,30,590.00,349.00,22.00,12.00,1.00,-1,-1,-1
90,40,1647.00,548.00,69.00,45.00,1.00,-1,-1,-1
90,41,603.00,498.00,22.00,14.00,1.00,-1,-1,-1
90,43,590.00,431.00,18.00,27.00,1.00,-1,-1,-1
90,51,540.00,363.00,13.00,15.00,1.00,-1,-1,-1
90,52,564.00,300.00,53.00,12.00,1.00,-1,-1,-1
90,55,799.00,364.00,19.00,8.00,1.00,-1,-1,-1
90,56,1000.00,410.00,54.00,20.00,1.00,-1,-1,-1
90,65,546.00,306.00,50.00,29.00,1.00,-1,-1,-1
90,78,605.00,479.00,22.00,15.00,1.00,-1,-1,-1
90,82,580.00,444.00,65.00,21.00,1.00,-1,-1,-1
90,112,844.00,454.00,17.00,13.00,1.00,-1,-1,-1
90,116,592.00,518.00,53.00,39.00,1.00,-1,-1,-1
90,119,639.00,331.00,76.00,34.00,1.00,-1,-1,-1
90,124,1024.00,424.00,17.00,9.00,1.00,-1,-1,-1
90,126,1313.00,496.00,17.00,11.00,1.00,-1,-1,-1
90,128,1027.00,418.00,28.00,27.00,1.00,-1,-1,-1
90,133,996.00,408.00,43.00,18.00,1.00,-1,-1,-1
90,136,1325.00,488.00,59.00,32.00,1.00,-1,-1,-1
90,139,816.00,465.00,36.00,23.00,1.00,-1,-1,-1
90,141,563.00,499.00,13.00,13.00,1.00,-1,-1,-1
90,145,654.00,453.00,24.00,14.00,1.00,-1,-1,-1
90,150,573.00,489.00,52.00,21.00,1.00,-1,-1,-1
90,152,788.00,362.00,69.00,19.00,1.00,-1,-1,-1
90,157,1089.00,951.00,18.00,10.00,1.00,-1,-1,-1
90,158,886.00,946.00,49.00,8.00,1.00,-1,-1,-1
90,169,889.00,950.00,41.00,23.00,1.00,-1,-1,-1
90,172,1011.00,948.00,25.00,25.00,1.00,-1,-1,-1
90,178,691.00,328.00,18.00,10.00,1.00,-1,-1,-1
90,181,801.00,361.00,54.00,13.00,1.00,-1,-1,-1
90,190,850.00,948.00,27.00,11.00,1.00,-1,-1,-1
90,191,1229.00,960.00,14.00,9.00,1.00,-1,-1,-1
90,192,1257.00,987.00,19.00,18.00,1.00,-1,-1,-1
90,195,925.00,959.00,20.00,8.00,1.00,-1,-1,-1
90,197,653.00,965.00,28.00,16.00,1.00,-1,-1,-1
90,205,1163.00,945.00,37.00,27.00,1.00,-1,-1,-1
90,221,581.00,306.00,35.00,20.00,1.00,-1,-1,-1
90,223,954.00,947.00,35.00,7.00,1.00,-1,-1,-1
90,246,1058.00,956.00,23.00,12.00,1.00,-1,-1,-1
90,252,1486.00,515.00,57.00,29.00,1.00,-1,-1,-1
90,255,783.00,959.00,21.00,13.00,1.00,-1,-1,-1
90,271,828.00,433.00,36.00,14.00,1.00,-1,-1,-1
90,280,1017.00,408.00,20.00,20.00,1.00,-1,-1,-1
90,286,1874.00,590.00,38.00,17.00,1.00,-1,-1,-1
90,287,975.00,479.00,17.00,20.00,1.00,-1,-1,-1
90,289,1505.00,1010.00,54.00,13.00,1.00,-1,-1,-1
90,295,1043.00,157.00,34.00,9.00,1.00,-1,-1,-1
90,299,542.00,30.00,53.00,18.00,1.00,-1,-1,-1
90,304,1144.00,449.00,63.00,22.00,1.00,-1,-1,-1
90,305,704.00,404.00,32.00,11.00,1.00,-1,-1,-1
90,306,962.00,516.00,17.00,20.00,1.00,-1,-1,-1
90,314,301.00,1026.00,75.00,20.00,1.00,-1,-1,-1
90,316,891.00,124.00,30.00,8.00,1.00,-1,-1,-1
90,320,834.00,436.00,41.00,17.00,1.00,-1,-1,-1
90,322,1015.00,155.00,79.00,15.00,1.00,-1,-1,-1
90,332,695.00,17.00,55.00,9.00,1.00,-1,-1,-1
90,337,893.00,118.00,51.00,17.00,1.00,-1,-1,-1
90,338,1648.00,39.00,33.00,8.00,1.00,-1,-1,-1
90,344,840.00,397.00,30.00,15.00,1.00,-1,-1,-1
90,347,1002.00,477.00,15.00,15.00,1.00,-1,-1,-1
90,350,635.00,330.00,69.00,23.00,1.00,-1,-1,-1
91,4,1362.00,508.00,26.00,14.00,1.00,-1,-1,-1
91,9,592.00,520.00,48.00,34.00,1.00,-1,-1,-1
91,13,545.00,348.00,57.00,39.00,1.00,-1,-1,-1
91,14,1657.00,566.00,64.00,44.00,1.00,-1,-1,-1
91,16,543.00,350.00,66.00,21.00,1.00,-1,-1,-1
91,20,578.00,448.00,18.00,15.00,1.00,-1,-1,-1
91,22,553.00,421.00,24.00,12.00,1.00,-1,-1,-1
91,25,649.00,330.00,15.00,11.00,1.00,-1,-1,-1
91,29,581.00,348.00,35.00,19.00,1.00,-1,-1,-1
91,30,592.00,344.00,22.00,12.00,1.00,-1,-1,-1
91,40,1646.00,543.00,69.00,45.00,1.00,-1,-1,-1
91,41,604.00,493.00,22.00,14.00,1.00,-1,-1,-1
91,43,593.00,426.00,18.00,27.00,1.00,-1,-1,-1
91,51,542.00,358.00,13.00,15.00,1.00,-1,-1,-1
91,52,566.00,292.00,53.00,12.00,1.00,-1,-1,-1
91,55,802.00,359.00,19.00,8.00,1.00,-1,-1,-1
91,56,1001.00,405.00,54.00,20.00,1.00,-1,-1,-1
91,65,552.00,302.00,48.00,21.00,1.00,-1,-1,-1
91,78,605.00,474.00,22.00,15.00,1.00,-1,-1,-1
91,82,581.00,439.00,65.00,21.00,1.00,-1,-1,-1
91,112,856.00,454.00,17.00,13.00,1.00,-1,-1,-1
91,116,591.00,516.00,53.00,39.00,1.00,-1,-1,-1
91,119,640.00,326.00,76.00,34.00,1.00,-1,-1,-1
91,124,1025.00,419.00,17.00,9.00,1.00,-1,-1,-1
91,126,1314.00,491.00,17.00,11.00,1.00,-1,-1,-1
91,128,1028.00,413.00,28.00,27.00,1.00,-1,-1,-1
91,133,997.00,404.00,43.00,18.00,1.00,-1,-1,-1
91,136,1363.00,485.00,59.00,32.00,1.00,-1,-1,-1
91,141,560.00,495.00,13.00,13.00,1.00,-1,-1,-1
91,143,1144.00,452.00,14.00,10.00,1.00,-1,-1,-1
91,148,1186.00,475.00,33.00,21.00,1.00,-1,-1,-1
91,150,573.00,483.00,52.00,21.00,1.00,-1,-1,-1
91,152,789.00,356.00,69.00,19.00,1.00,-1,-1,-1
91,157,1096.00,997.00,18.00,10.00,1.00,-1,-1,-1
91,158,827.00,964.00,49.00,8.00,1.00,-1,-1,-1
91,169,851.00,963.00,41.00,23.00,1.00,-1,-1,-1
91,172,1027.00,989.00,25.00,25.00,1.00,-1,-1,-1
91,178,692.00,323.00,18.00,10.00,1.00,-1,-1,-1
91,181,824.00,356.00,21.00,19.00,1.00,-1,-1,-1
91,190,822.00,984.00,27.00,11.00,1.00,-1,-1,-1
91,191,1240.00,969.00,14.00,9.00,1.00,-1,-1,-1
91,192,1238.00,983.00,19.00,18.00,1.00,-1,-1,-1
91,195,967.00,964.00,20.00,8.00,1.00,-1,-1,-1
91,197,652.00,983.00,28.00,16.00,1.00,-1,-1,-1
91,205,1169.00,1003.00,37.00,27.00,1.00,-1,-1,-1
91,221,583.00,298.00,35.00,20.00,1.00,-1,-1,-1
91,223,898.00,966.00,35.00,7.00,1.00,-1,-1,-1
91,246,1057.00,1006.00,23.00,12.00,1.00,-1,-1,-1
91,252,1486.00,509.00,57.00,29.00,1.00,-1,-1,-1
91,255,802.00,976.00,21.00,13.00,1.00,-1,-1,-1
91,271,840.00,434.00,36.00,14.00,1.00,-1,-1,-1
91,280,1018.00,403.00,20.00,20.00,1.00,-1,-1,-1
91,286,1874.00,584.00,38.00,17.00,1.00,-1,-1,-1
91,287,1013.00,478.00,17.00,20.00,1.00,-1,-1,-1
91,289,1518.00,1011.00,54.00,13.00,1.00,-1,-1,-1
91,295,1051.00,156.00,34.00,9.00,1.00,-1,-1,-1
91,299,542.00,29.00,53.00,18.00,1.00,-1,-1,-1
91,304,1144.00,444.00,63.00,22.00,1.00,-1,-1,-1
91,305,715.00,403.00,32.00,11.00,1.00,-1,-1,-1
91,306,962.00,516.00,17.00,20.00,1.00,-1,-1,-1
91,314,301.00,1026.00,75.00,20.00,1.00,-1,-1,-1
91,316,904.00,124.00,30.00,8.00,1.00,-1,-1,-1
91,320,848.00,436.00,41.00,17.00,1.00,-1,-1,-1
91,322,1024.00,155.00,79.00,15.00,1.00,-1,-1,-1
91,332,709.00,17.00,55.00,9.00,1.00,-1,-1,-1
91,337,906.00,118.00,51.00,17.00,1.00,-1,-1,-1
91,338,1656.00,39.00,33.00,8.00,1.00,-1,-1,-1
91,344,842.00,390.00,30.00,15.00,1.00,-1,-1,-1
91,347,1061.00,465.00,15.00,15.00,1.00,-1,-1,-1
91,350,636.00,326.00,69.00,23.00,1.00,-1,-1,-1
92,4,1369.00,498.00,26.00,14.00,1.00,-1,-1,-1
92,9,588.00,517.00,48.00,34.00,1.00,-1,-1,-1
92,13,546.00,345.00,56.00,15.00,1.00,-1,-1,-1
92,14,1655.00,560.00,64.00,44.00,1.00,-1,-1,-1
92,16,545.00,344.00,66.00,21.00,1.00,-1,-1,-1
92,20,580.00,442.00,18.00,15.00,1.00,-1,-1,-1
92,22,553.00,421.00,24.00,12.00,1.00,-1,-1,-1
92,25,651.00,324.00,15.00,11.00,1.00,-1,-1,-1
92,29,582.00,342.00,35.00,19.00,1.00,-1,-1,-1
92,30,593.00,339.00,22.00,12.00,1.00,-1,-1,-1
92,40,1646.00,545.00,69.00,45.00,1.00,-1,-1,-1
92,41,605.00,487.00,22.00,14.00,1.00,-1,-1,-1
92,43,594.00,421.00,18.00,27.00,1.00,-1,-1,-1
92,51,544.00,353.00,13.00,15.00,1.00,-1,-1,-1
92,52,568.00,284.00,53.00,12.00,1.00,-1,-1,-1
92,55,804.00,354.00,19.00,8.00,1.00,-1,-1,-1
92,56,1005.00,400.00,45.00,20.00,1.00,-1,-1,-1
92,65,554.00,293.00,47.00,26.00,1.00,-1,-1,-1
92,78,606.00,468.00,22.00,15.00,1.00,-1,-1,-1
92,82,589.00,434.00,57.00,18.00,1.00,-1,-1,-1
92,112,865.00,452.00,17.00,13.00,1.00,-1,-1,-1
92,116,587.00,513.00,53.00,39.00,1.00,-1,-1,-1
92,119,644.00,319.00,63.00,23.00,1.00,-1,-1,-1
92,124,1026.00,413.00,17.00,9.00,1.00,-1,-1,-1
92,126,1314.00,486.00,17.00,11.00,1.00,-1,-1,-1
92,128,1029.00,407.00,28.00,27.00,1.00,-1,-1,-1
92,133,999.00,399.00,43.00,18.00,1.00,-1,-1,-1
92,136,1363.00,480.00,59.00,32.00,1.00,-1,-1,-1
92,141,561.00,491.00,13.00,13.00,1.00,-1,-1,-1
92,143,1145.00,445.00,14.00,10.00,1.00,-1,-1,-1
92,148,1181.00,472.00,31.00,18.00,1.00,-1,-1,-1
92,150,575.00,481.00,49.00,49.00,1.00,-1,-1,-1
92,152,802.00,353.00,57.00,19.00,1.00,-1,-1,-1
92,157,1096.00,997.00,18.00,10.00,1.00,-1,-1,-1
92,158,243.00,879.00,49.00,8.00,1.00,-1,-1,-1
92,169,851.00,963.00,41.00,23.00,1.00,-1,-1,-1
92,172,1027.00,989.00,25.00,25.00,1.00,-1,-1,-1
92,178,694.00,317.00,18.00,10.00,1.00,-1,-1,-1
92,181,825.00,350.00,21.00,19.00,1.00,-1,-1,-1
92,188,857.00,989.00,48.00,17.00,1.00,-1,-1,-1
92,190,822.00,984.00,27.00,11.00,1.00,-1,-1,-1
92,191,1240.00,969.00,14.00,9.00,1.00,-1,-1,-1
92,192,1238.00,983.00,19.00,18.00,1.00,-1,-1,-1
92,195,967.00,964.00,20.00,8.00,1.00,-1,-1,-1
92,197,652.00,986.00,26.00,8.00,1.00,-1,-1,-1
92,205,1169.00,1003.00,37.00,27.00,1.00,-1,-1,-1
92,221,585.00,289.00,35.00,20.00,1.00,-1,-1,-1
92,223,898.00,966.00,35.00,7.00,1.00,-1,-1,-1
92,246,1057.00,1006.00,23.00,12.00,1.00,-1,-1,-1
92,252,1487.00,505.00,52.00,18.00,1.00,-1,-1,-1
92,255,802.00,976.00,21.00,13.00,1.00,-1,-1,-1
92,271,850.00,433.00,36.00,14.00,1.00,-1,-1,-1
92,280,1020.00,398.00,20.00,20.00,1.00,-1,-1,-1
92,286,1882.00,581.00,30.00,16.00,1.00,-1,-1,-1
92,287,1022.00,479.00,17.00,20.00,1.00,-1,-1,-1
92,289,1523.00,1014.00,54.00,13.00,1.00,-1,-1,-1
92,295,1069.00,154.00,34.00,9.00,1.00,-1,-1,-1
92,299,549.00,26.00,53.00,18.00,1.00,-1,-1,-1
92,304,1146.00,439.00,61.00,18.00,1.00,-1,-1,-1
92,305,725.00,402.00,32.00,11.00,1.00,-1,-1,-1
92,306,962.00,516.00,17.00,20.00,1.00,-1,-1,-1
92,316,899.00,122.00,34.00,7.00,1.00,-1,-1,-1
92,320,856.00,435.00,41.00,17.00,1.00,-1,-1,-1
92,322,1051.00,155.00,69.00,16.00,1.00,-1,-1,-1
92,332,711.00,13.00,55.00,9.00,1.00,-1,-1,-1
92,337,914.00,116.00,51.00,17.00,1.00,-1,-1,-1
92,338,1667.00,36.00,33.00,8.00,1.00,-1,-1,-1
92,344,843.00,382.00,30.00,15.00,1.00,-1,-1,-1
92,347,1061.00,465.00,15.00,15.00,1.00,-1,-1,-1
92,350,638.00,320.00,69.00,23.00,1.00,-1,-1,-1
92,360,1679.00,114.00,46.00,8.00,1.00,-1,-1,-1
92,372,1330.00,478.00,50.00,40.00,1.00,-1,-1,-1
92,373,1649.00,537.00,53.00,19.00,1.00,-1,-1,-1
93,4,1360.00,497.00,26.00,14.00,1.00,-1,-1,-1
93,9,583.00,510.00,48.00,34.00,1.00,-1,-1,-1
93,13,548.00,341.00,52.00,37.00,1.00,-1,-1,-1
93,14,1648.00,532.00,58.00,52.00,1.00,-1,-1,-1
93,16,545.00,339.00,66.00,21.00,1.00,-1,-1,-1
93,20,581.00,437.00,18.00,15.00,1.00,-1,-1,-1
93,25,653.00,319.00,15.00,11.00,1.00,-1,-1,-1
93,29,583.00,337.00,35.00,19.00,1.00,-1,-1,-1
93,30,594.00,333.00,22.00,12.00,1.00,-1,-1,-1
93,40,1646.00,545.00,69.00,45.00,1.00,-1,-1,-1
93,41,606.00,482.00,22.00,14.00,1.00,-1,-1,-1
93,43,594.00,416.00,18.00,27.00,1.00,-1,-1,-1
93,51,545.00,347.00,13.00,15.00,1.00,-1,-1,-1
93,52,568.00,276.00,53.00,12.00,1.00,-1,-1,-1
93,55,805.00,349.00,19.00,8.00,1.00,-1,-1,-1
93,56,999.00,394.00,51.00,23.00,1.00,-1,-1,-1
93,65,554.00,284.00,58.00,27.00,1.00,-1,-1,-1
93,78,607.00,463.00,22.00,15.00,1.00,-1,-1,-1
93,82,586.00,428.00,61.00,21.00,1.00,-1,-1,-1
93,112,867.00,450.00,17.00,13.00,1.00,-1,-1,-1
93,116,581.00,506.00,53.00,39.00,1.00,-1,-1,-1
93,119,642.00,313.00,70.00,24.00,1.00,-1,-1,-1
93,124,1026.00,407.00,17.00,9.00,1.00,-1,-1,-1
93,126,1315.00,480.00,17.00,11.00,1.00,-1,-1,-1
93,128,1029.00,401.00,28.00,27.00,1.00,-1,-1,-1
93,133,999.00,394.00,43.00,18.00,1.00,-1,-1,-1
93,136,1355.00,480.00,59.00,32.00,1.00,-1,-1,-1
93,141,559.00,487.00,13.00,13.00,1.00,-1,-1,-1
93,143,1145.00,439.00,14.00,10.00,1.00,-1,-1,-1
93,148,1185.00,462.00,31.00,18.00,1.00,-1,-1,-1
93,150,584.00,481.00,49.00,49.00,1.00,-1,-1,-1
93,152,794.00,347.00,67.00,19.00,1.00,-1,-1,-1
93,157,1096.00,997.00,18.00,10.00,1.00,-1,-1,-1
93,158,243.00,879.00,49.00,8.00,1.00,-1,-1,-1
93,169,851.00,963.00,41.00,23.00,1.00,-1,-1,-1
93,172,1027.00,989.00,25.00,25.00,1.00,-1,-1,-1
93,178,695.00,312.00,18.00,10.00,1.00,-1,-1,-1
93,181,826.00,344.00,21.00,19.00,1.00,-1,-1,-1
93,188,857.00,989.00,48.00,17.00,1.00,-1,-1,-1
93,190,822.00,984.00,27.00,11.00,1.00,-1,-1,-1
93,191,1240.00,969.00,14.00,9.00,1.00,-1,-1,-1
93,192,1238.00,983.00,19.00,18.00,1.00,-1,-1,-1
93,195,967.00,964.00,20.00,8.00,1.00,-1,-1,-1
93,197,651.00,986.00,26.00,8.00,1.00,-1,-1,-1
93,205,1169.00,1003.00,37.00,27.00,1.00,-1,-1,-1
93,221,586.00,281.00,35.00,20.00,1.00,-1,-1,-1
93,223,898.00,966.00,35.00,7.00,1.00,-1,-1,-1
93,246,1057.00,1006.00,23.00,12.00,1.00,-1,-1,-1
93,252,1487.00,499.00,66.00,29.00,1.00,-1,-1,-1
93,255,802.00,976.00,21.00,13.00,1.00,-1,-1,-1
93,271,858.00,431.00,36.00,14.00,1.00,-1,-1,-1
93,280,1020.00,392.00,20.00,20.00,1.00,-1,-1,-1
93,286,1881.00,575.00,31.00,18.00,1.00,-1,-1,-1
93,287,1037.00,478.00,17.00,20.00,1.00,-1,-1,-1
93,289,1523.00,1014.00,54.00,13.00,1.00,-1,-1,-1
93,295,1093.00,154.00,34.00,9.00,1.00,-1,-1,-1
93,299,564.00,30.00,63.00,14.00,1.00,-1,-1,-1
93,304,1145.00,433.00,64.00,20.00,1.00,-1,-1,-1
93,305,736.00,402.00,32.00,11.00,1.00,-1,-1,-1
93,306,962.00,516.00,17.00,20.00,1.00,-1,-1,-1
93,316,907.00,119.00,54.00,10.00,1.00,-1,-1,-1
93,320,871.00,433.00,41.00,17.00,1.00,-1,-1,-1
93,322,1060.00,152.00,71.00,15.00,1.00,-1,-1,-1
93,332,718.00,11.00,55.00,9.00,1.00,-1,-1,-1
93,337,918.00,113.00,51.00,17.00,1.00,-1,-1,-1
93,338,1674.00,33.00,33.00,8.00,1.00,-1,-1,-1
93,344,835.00,380.00,30.00,15.00,1.00,-1,-1,-1
93,347,1061.00,465.00,15.00,15.00,1.00,-1,-1,-1
93,350,639.00,314.00,69.00,23.00,1.00,-1,-1,-1
93,352,960.00,117.00,50.00,16.00,1.00,-1,-1,-1
93,360,1681.00,111.00,46.00,8.00,1.00,-1,-1,-1
93,364,1190.00,473.00,23.00,18.00,1.00,-1,-1,-1
93,365,601.00,519.00,22.00,14.00,1.00,-1,-1,-1
93,368,660.00,357.00,19.00,13.00,1.00,-1,-1,-1
93,372,1329.00,473.00,50.00,39.00,1.00,-1,-1,-1
93,373,1648.00,532.00,53.00,19.00,1.00,-1,-1,-1
94,4,1328.00,499.00,26.00,14.00,1.00,-1,-1,-1
94,9,580.00,510.00,48.00,34.00,1.00,-1,-1,-1
94,13,547.00,337.00,54.00,33.00,1.00,-1,-1,-1
94,14,1647.00,527.00,67.00,51.00,1.00,-1,-1,-1
94,16,544.00,334.00,66.00,21.00,1.00,-1,-1,-1
94,20,581.00,432.00,18.00,15.00,1.00,-1,-1,-1
94,25,651.00,314.00,15.00,11.00,1.00,-1,-1,-1
94,29,582.00,332.00,35.00,19.00,1.00,-1,-1,-1
94,30,593.00,328.00,22.00,12.00,1.00,-1,-1,-1
94,40,1646.00,545.00,69.00,45.00,1.00,-1,-1,-1
94,41,605.00,476.00,22.00,14.00,1.00,-1,-1,-1
94,43,594.00,411.00,18.00,27.00,1.00,-1,-1,-1
94,51,543.00,343.00,13.00,15.00,1.00,-1,-1,-1
94,52,567.00,271.00,53.00,12.00,1.00,-1,-1,-1
94,55,804.00,344.00,19.00,8.00,1.00,-1,-1,-1
94,56,999.00,388.00,51.00,24.00,1.00,-1,-1,-1
94,65,556.00,276.00,64.00,31.00,1.00,-1,-1,-1
94,78,608.00,456.00,22.00,15.00,1.00,-1,-1,-1
94,82,586.00,423.00,61.00,22.00,1.00,-1,-1,-1
94,112,865.00,449.00,17.00,13.00,1.00,-1,-1,-1
94,116,578.00,505.00,53.00,39.00,1.00,-1,-1,-1
94,119,641.00,307.00,68.00,26.00,1.00,-1,-1,-1
94,124,1025.00,403.00,17.00,9.00,1.00,-1,-1,-1
94,126,1314.00,475.00,17.00,11.00,1.00,-1,-1,-1
94,128,1028.00,397.00,28.00,27.00,1.00,-1,-1,-1
94,133,997.00,389.00,43.00,18.00,1.00,-1,-1,-1
94,136,1353.00,479.00,59.00,32.00,1.00,-1,-1,-1
94,141,555.00,484.00,13.00,13.00,1.00,-1,-1,-1
94,143,1144.00,434.00,14.00,10.00,1.00,-1,-1,-1
94,148,1170.00,458.00,31.00,18.00,1.00,-1,-1,-1
94,150,592.00,479.00,49.00,49.00,1.00,-1,-1,-1
94,152,794.00,342.00,69.00,19.00,1.00,-1,-1,-1
94,157,1096.00,997.00,18.00,10.00,1.00,-1,-1,-1
94,158,243.00,879.00,49.00,8.00,1.00,-1,-1,-1
94,169,851.00,963.00,41.00,23.00,1.00,-1,-1,-1
94,172,1027.00,989.00,25.00,25.00,1.00,-1,-1,-1
94,178,694.00,307.00,18.00,10.00,1.00,-1,-1,-1
94,181,826.00,339.00,21.00,19.00,1.00,-1,-1,-1
94,188,857.00,989.00,48.00,17.00,1.00,-1,-1,-1
94,190,822.00,984.00,27.00,11.00,1.00,-1,-1,-1
94,191,1240.00,969.00,14.00,9.00,1.00,-1,-1,-1
94,192,1238.00,983.00,19.00,18.00,1.00,-1,-1,-1
94,195,967.00,964.00,20.00,8.00,1.00,-1,-1,-1
94,197,652.00,986.00,26.00,8.00,1.00,-1,-1,-1
94,205,1169.00,1003.00,37.00,27.00,1.00,-1,-1,-1
94,221,583.00,277.00,35.00,20.00,1.00,-1,-1,-1
94,223,898.00,966.00,35.00,7.00,1.00,-1,-1,-1
94,246,1057.00,1006.00,23.00,12.00,1.00,-1,-1,-1
94,252,1488.00,495.00,57.00,33.00,1.00,-1,-1,-1
94,255,802.00,976.00,21.00,13.00,1.00,-1,-1,-1
94,271,870.00,433.00,36.00,14.00,1.00,-1,-1,-1
94,280,1018.00,387.00,20.00,20.00,1.00,-1,-1,-1
94,286,1880.00,570.00,32.00,18.00,1.00,-1,-1,-1
94,287,1038.00,480.00,17.00,20.00,1.00,-1,-1,-1
94,289,1523.00,1014.00,54.00,13.00,1.00,-1,-1,-1
94,295,1102.00,154.00,34.00,9.00,1.00,-1,-1,-1
94,299,577.00,29.00,63.00,14.00,1.00,-1,-1,-1
94,304,1146.00,427.00,62.00,22.00,1.00,-1,-1,-1
94,305,745.00,402.00,32.00,11.00,1.00,-1,-1,-1
94,306,962.00,516.00,17.00,20.00,1.00,-1,-1,-1
94,316,926.00,120.00,54.00,10.00,1.00,-1,-1,-1
94,320,883.00,434.00,41.00,17.00,1.00,-1,-1,-1
94,322,1134.00,162.00,71.00,15.00,1.00,-1,-1,-1
94,332,726.00,10.00,55.00,9.00,1.00,-1,-1,-1
94,337,936.00,114.00,51.00,17.00,1.00,-1,-1,-1
94,338,1687.00,34.00,33.00,8.00,1.00,-1,-1,-1
94,344,815.00,378.00,30.00,15.00,1.00,-1,-1,-1
94,347,1061.00,465.00,15.00,15.00,1.00,-1,-1,-1
94,350,638.00,309.00,69.00,23.00,1.00,-1,-1,-1
94,352,961.00,117.00,50.00,16.00,1.00,-1,-1,-1
94,360,1687.00,111.00,46.00,8.00,1.00,-1,-1,-1
94,364,1181.00,472.00,18.00,19.00,1.00,-1,-1,-1
94,365,594.00,516.00,22.00,14.00,1.00,-1,-1,-1
94,368,672.00,357.00,19.00,13.00,1.00,-1,-1,-1
94,369,568.00,469.00,58.00,21.00,1.00,-1,-1,-1
94,372,1328.00,467.00,52.00,45.00,1.00,-1,-1,-1
94,373,1645.00,526.00,53.00,19.00,1.00,-1,-1,-1
95,4,1369.00,497.00,26.00,14.00,1.00,-1,-1,-1
95,9,567.00,509.00,48.00,34.00,1.00,-1,-1,-1
95,13,546.00,332.00,53.00,42.00,1.00,-1,-1,-1
95,14,1646.00,522.00,73.00,37.00,1.00,-1,-1,-1
95,16,544.00,329.00,66.00,21.00,1.00,-1,-1,-1
95,20,581.00,428.00,18.00,15.00,1.00,-1,-1,-1
95,25,651.00,309.00,15.00,11.00,1.00,-1,-1,-1
95,29,581.00,327.00,35.00,19.00,1.00,-1,-1,-1
95,30,593.00,323.00,22.00,12.00,1.00,-1,-1,-1
95,40,1646.00,545.00,69.00,45.00,1.00,-1,-1,-1
95,41,605.00,471.00,22.00,14.00,1.00,-1,-1,-1
95,43,594.00,406.00,18.00,27.00,1.00,-1,-1,-1
95,51,542.00,339.00,13.00,15.00,1.00,-1,-1,-1
95,52,566.00,266.00,53.00,12.00,1.00,-1,-1,-1
95,55,802.00,339.00,19.00,8.00,1.00,-1,-1,-1
95,56,994.00,384.00,55.00,25.00,1.00,-1,-1,-1
95,65,557.00,266.00,62.00,35.00,1.00,-1,-1,-1
95,78,607.00,451.00,22.00,15.00,1.00,-1,-1,-1
95,82,586.00,417.00,61.00,22.00,1.00,-1,-1,-1
95,112,875.00,449.00,17.00,13.00,1.00,-1,-1,-1
95,116,575.00,504.00,53.00,39.00,1.00,-1,-1,-1
95,119,641.00,303.00,68.00,23.00,1.00,-1,-1,-1
95,124,1024.00,398.00,17.00,9.00,1.00,-1,-1,-1
95,126,1312.00,470.00,17.00,11.00,1.00,-1,-1,-1
95,128,1026.00,392.00,28.00,27.00,1.00,-1,-1,-1
95,133,996.00,382.00,43.00,18.00,1.00,-1,-1,-1
95,136,1180.00,477.00,59.00,32.00,1.00,-1,-1,-1
95,141,553.00,482.00,13.00,13.00,1.00,-1,-1,-1
95,143,1143.00,429.00,14.00,10.00,1.00,-1,-1,-1
95,148,1166.00,459.00,31.00,18.00,1.00,-1,-1,-1
95,150,613.00,482.00,49.00,49.00,1.00,-1,-1,-1
95,152,793.00,338.00,68.00,18.00,1.00,-1,-1,-1
95,157,1096.00,997.00,18.00,10.00,1.00,-1,-1,-1
95,158,243.00,879.00,49.00,8.00,1.00,-1,-1,-1
95,169,851.00,963.00,41.00,23.00,1.00,-1,-1,-1
95,172,1027.00,989.00,25.00,25.00,1.00,-1,-1,-1
95,178,694.00,302.00,18.00,10.00,1.00,-1,-1,-1
95,181,826.00,334.00,21.00,19.00,1.00,-1,-1,-1
95,188,857.00,989.00,48.00,17.00,1.00,-1,-1,-1
95,190,822.00,984.00,27.00,11.00,1.00,-1,-1,-1
95,191,1240.00,969.00,14.00,9.00,1.00,-1,-1,-1
95,192,1238.00,983.00,19.00,18.00,1.00,-1,-1,-1
95,195,967.00,964.00,20.00,8.00,1.00,-1,-1,-1
95,197,651.00,986.00,26.00,8.00,1.00,-1,-1,-1
95,205,1169.00,1003.00,37.00,27.00,1.00,-1,-1,-1
95,221,581.00,273.00,35.00,20.00,1.00,-1,-1,-1
95,223,898.00,966.00,35.00,7.00,1.00,-1,-1,-1
95,246,1057.00,1006.00,23.00,12.00,1.00,-1,-1,-1
95,252,1485.00,487.00,55.00,41.00,1.00,-1,-1,-1
95,255,802.00,976.00,21.00,13.00,1.00,-1,-1,-1
95,271,880.00,433.00,36.00,14.00,1.00,-1,-1,-1
95,280,1017.00,382.00,20.00,20.00,1.00,-1,-1,-1
95,286,1879.00,564.00,33.00,18.00,1.00,-1,-1,-1
95,287,1039.00,481.00,17.00,20.00,1.00,-1,-1,-1
95,289,1523.00,1014.00,54.00,13.00,1.00,-1,-1,-1
95,295,1116.00,153.00,34.00,9.00,1.00,-1,-1,-1
95,299,584.00,29.00,63.00,14.00,1.00,-1,-1,-1
95,304,1145.00,422.00,64.00,31.00,1.00,-1,-1,-1
95,305,751.00,401.00,32.00,11.00,1.00,-1,-1,-1
95,316,932.00,120.00,54.00,10.00,1.00,-1,-1,-1
95,320,900.00,434.00,41.00,17.00,1.00,-1,-1,-1
95,322,1144.00,162.00,71.00,15.00,1.00,-1,-1,-1
95,332,733.00,10.00,55.00,9.00,1.00,-1,-1,-1
95,337,942.00,114.00,51.00,17.00,1.00,-1,-1,-1
95,338,1696.00,34.00,33.00,8.00,1.00,-1,-1,-1
95,344,811.00,378.00,17.00,12.00,1.00,-1,-1,-1
95,347,1061.00,465.00,15.00,15.00,1.00,-1,-1,-1
95,350,637.00,305.00,69.00,23.00,1.00,-1,-1,-1
95,352,965.00,116.00,50.00,16.00,1.00,-1,-1,-1
95,360,1698.00,111.00,46.00,8.00,1.00,-1,-1,-1
95,364,1159.00,472.00,31.00,18.00,1.00,-1,-1,-1
95,365,591.00,515.00,22.00,14.00,1.00,-1,-1,-1
95,368,673.00,356.00,19.00,13.00,1.00,-1,-1,-1
95,369,573.00,463.00,53.00,22.00,1.00,-1,-1,-1
95,372,1344.00,464.00,52.00,45.00,1.00,-1,-1,-1
95,373,1643.00,521.00,53.00,19.00,1.00,-1,-1,-1
95,391,1891.00,628.00,21.00,31.00,1.00,-1,-1,-1
96,4,1369.00,497.00,26.00,14.00,1.00,-1,-1,-1
96,9,565.00,514.00,48.00,34.00,1.00,-1,-1,-1
96,13,546.00,334.00,53.00,42.00,1.00,-1,-1,-1
96,14,1644.00,522.00,73.00,37.00,1.00,-1,-1,-1
96,16,544.00,329.00,66.00,21.00,1.00,-1,-1,-1
96,20,582.00,428.00,18.00,15.00,1.00,-1,-1,-1
96,25,651.00,309.00,15.00,11.00,1.00,-1,-1,-1
96,29,581.00,327.00,35.00,19.00,1.00,-1,-1,-1
96,30,592.00,323.00,22.00,12.00,1.00,-1,-1,-1
96,40,1646.00,545.00,69.00,45.00,1.00,-1,-1,-1
96,41,605.00,472.00,22.00,14.00,1.00,-1,-1,-1
96,43,595.00,407.00,18.00,27.00,1.00,-1,-1,-1
96,51,542.00,340.00,13.00,15.00,1.00,-1,-1,-1
96,52,566.00,270.00,53.00,12.00,1.00,-1,-1,-1
96,55,803.00,340.00,19.00,8.00,1.00,-1,-1,-1
96,56,991.00,383.00,55.00,25.00,1.00,-1,-1,-1
96,65,557.00,267.00,62.00,35.00,1.00,-1,-1,-1
96,78,607.00,452.00,22.00,15.00,1.00,-1,-1,-1
96,82,587.00,417.00,61.00,22.00,1.00,-1,-1,-1
96,112,884.00,454.00,17.00,13.00,1.00,-1,-1,-1
96,116,573.00,509.00,53.00,39.00,1.00,-1,-1,-1
96,119,641.00,303.00,68.00,23.00,1.00,-1,-1,-1
96,124,1023.00,399.00,17.00,9.00,1.00,-1,-1,-1
96,126,1312.00,470.00,17.00,11.00,1.00,-1,-1,-1
96,128,1025.00,393.00,28.00,27.00,1.00,-1,-1,-1
96,133,995.00,382.00,43.00,18.00,1.00,-1,-1,-1
96,136,1187.00,482.00,59.00,32.00,1.00,-1,-1,-1
96,141,553.00,482.00,13.00,13.00,1.00,-1,-1,-1
96,143,1143.00,429.00,14.00,10.00,1.00,-1,-1,-1
96,148,1161.00,462.00,31.00,18.00,1.00,-1,-1,-1
96,150,605.00,487.00,49.00,49.00,1.00,-1,-1,-1
96,152,794.00,338.00,68.00,18.00,1.00,-1,-1,-1
96,157,1096.00,997.00,18.00,10.00,1.00,-1,-1,-1
96,158,243.00,879.00,49.00,8.00,1.00,-1,-1,-1
96,169,851.00,963.00,41.00,23.00,1.00,-1,-1,-1
96,172,1027.00,989.00,25.00,25.00,1.00,-1,-1,-1
96,178,694.00,302.00,18.00,10.00,1.00,-1,-1,-1
96,181,826.00,334.00,21.00,19.00,1.00,-1,-1,-1
96,188,857.00,989.00,48.00,17.00,1.00,-1,-1,-1
96,190,822.00,984.00,27.00,11.00,1.00,-1,-1,-1
96,191,1240.00,969.00,14.00,9.00,1.00,-1,-1,-1
96,192,1238.00,983.00,19.00,18.00,1.00,-1,-1,-1
96,195,967.00,964.00,20.00,8.00,1.00,-1,-1,-1
96,197,651.00,985.00,26.00,8.00,1.00,-1,-1,-1
96,205,1169.00,1003.00,37.00,27.00,1.00,-1,-1,-1
96,221,580.00,277.00,35.00,20.00,1.00,-1,-1,-1
96,223,898.00,966.00,35.00,7.00,1.00,-1,-1,-1
96,246,1057.00,1006.00,23.00,12.00,1.00,-1,-1,-1
96,252,1484.00,487.00,55.00,41.00,1.00,-1,-1,-1
96,255,802.00,976.00,21.00,13.00,1.00,-1,-1,-1
96,271,891.00,438.00,36.00,14.00,1.00,-1,-1,-1
96,280,1016.00,382.00,20.00,20.00,1.00,-1,-1,-1
96,286,1877.00,564.00,33.00,18.00,1.00,-1,-1,-1
96,287,1039.00,486.00,17.00,20.00,1.00,-1,-1,-1
96,289,1523.00,1014.00,54.00,13.00,1.00,-1,-1,-1
96,295,1129.00,157.00,34.00,9.00,1.00,-1,-1,-1
96,299,589.00,33.00,63.00,14.00,1.00,-1,-1,-1
96,304,1144.00,422.00,64.00,31.00,1.00,-1,-1,-1
96,305,759.00,406.00,32.00,11.00,1.00,-1,-1,-1
96,316,939.00,123.00,54.00,10.00,1.00,-1,-1,-1
96,320,906.00,439.00,41.00,17.00,1.00,-1,-1,-1
96,322,1144.00,162.00,71.00,15.00,1.00,-1,-1,-1
96,332,758.00,14.00,55.00,9.00,1.00,-1,-1,-1
96,337,950.00,118.00,51.00,17.00,1.00,-1,-1,-1
96,338,1706.00,37.00,33.00,8.00,1.00,-1,-1,-1
96,344,808.00,378.00,17.00,12.00,1.00,-1,-1,-1
96,347,1061.00,465.00,15.00,15.00,1.00,-1,-1,-1
96,350,638.00,305.00,69.00,23.00,1.00,-1,-1,-1
96,352,971.00,120.00,50.00,16.00,1.00,-1,-1,-1
96,360,1702.00,114.00,46.00,8.00,1.00,-1,-1,-1
96,364,1156.00,471.00,31.00,18.00,1.00,-1,-1,-1
96,365,586.00,520.00,22.00,14.00,1.00,-1,-1,-1
96,368,678.00,361.00,19.00,13.00,1.00,-1,-1,-1
96,369,573.00,463.00,53.00,22.00,1.00,-1,-1,-1
96,372,1323.00,459.00,52.00,45.00,1.00,-1,-1,-1
96,373,1643.00,522.00,53.00,19.00,1.00,-1,-1,-1
96,391,1893.00,634.00,21.00,31.00,1.00,-1,-1,-1
