{
  "video": "Su2001",
  "n_frames_total": 97,
  "k_pairs": 3,
  "pairs": [
    {
      "pair_index": 0,
      "prev_frame": "000046.jpg",
      "curr_frame": "000047.jpg",
      "dx": -1.7052494287490845,
      "dy": -1.8005632162094116,
      "method": "ecc_translation",
      "camera_moving": true,
      "debug": {
        "method": "ecc_translation",
        "hard_mask": {
          "valid_ratio": 1.0,
          "invalid_ratio": 0.0
        },
        "soft_spec": {
          "union": {
            "used": true,
            "ratio_valid": 0.0023257470492724663,
            "dilated": true
          },
          "prev": {
            "enabled": true,
            "bypass_reason": null,
            "spec_ratio_valid": 0.0023257470492724663,
            "alpha": 0.0,
            "blur_sigma": 3.0
          },
          "curr": {
            "enabled": true,
            "bypass_reason": null,
            "spec_ratio_valid": 0.0023257470492724663,
            "alpha": 0.0,
            "blur_sigma": 3.0
          }
        },
        "err_mask": {
          "exclude_spec": true,
          "spec_ratio": 0.0023257470492724663,
          "keep_frac": 0.9976742529507275
        },
        "global_pc": {
          "dx": 7.92835400929016,
          "dy": 2.3766411752374097,
          "resp": 0.11275920030511456,
          "err_unaligned": 51.0,
          "err_aligned": 40.0,
          "err_ratio": 0.7843137101114959,
          "improve": 11.0,
          "resp_thresh": 0.3,
          "err_ratio_thresh": 0.92,
          "min_improve": 0.5
        },
        "roi_consensus": {
          "roi_total": 4,
          "roi_usable": 0,
          "roi_pc_resp_thresh": 0.22,
          "st_min_corners": 40,
          "roi_valid_frac_min": 0.45,
          "reason": "not_enough_usable_rois"
        },
        "ecc": {
          "ecc_enabled": true,
          "ecc_cc": 0.5787877614841297,
          "dx": -1.7052494287490845,
          "dy": -1.8005632162094116
        },
        "final_dx": -1.7052494287490845,
        "final_dy": -1.8005632162094116,
        "shift_norm": 2.479899899152274,
        "camera_moving": true
      },
      "saved_overlay": "pair01_overlay_dxdy.jpg",
      "saved_diff": "pair01_diff.jpg"
    },
    {
      "pair_index": 1,
      "prev_frame": "000052.jpg",
      "curr_frame": "000053.jpg",
      "dx": -6.355731010437012,
      "dy": -0.826251745223999,
      "method": "ecc_translation",
      "camera_moving": true,
      "debug": {
        "method": "ecc_translation",
        "hard_mask": {
          "valid_ratio": 1.0,
          "invalid_ratio": 0.0
        },
        "soft_spec": {
          "union": {
            "used": true,
            "ratio_valid": 0.0025209009866983077,
            "dilated": true
          },
          "prev": {
            "enabled": true,
            "bypass_reason": null,
            "spec_ratio_valid": 0.0025209009866983077,
            "alpha": 0.0,
            "blur_sigma": 3.0
          },
          "curr": {
            "enabled": true,
            "bypass_reason": null,
            "spec_ratio_valid": 0.0025209009866983077,
            "alpha": 0.0,
            "blur_sigma": 3.0
          }
        },
        "err_mask": {
          "exclude_spec": true,
          "spec_ratio": 0.0025209009866983077,
          "keep_frac": 0.9974790990133017
        },
        "global_pc": {
          "dx": 9.904874319498276,
          "dy": 1.9597095023195834,
          "resp": 0.1237110948856966,
          "err_unaligned": 42.0,
          "err_aligned": 42.0,
          "err_ratio": 0.9999999761904769,
          "improve": 0.0,
          "resp_thresh": 0.3,
          "err_ratio_thresh": 0.92,
          "min_improve": 0.5
        },
        "roi_consensus": {
          "roi_total": 4,
          "roi_usable": 1,
          "roi_pc_resp_thresh": 0.22,
          "st_min_corners": 40,
          "roi_valid_frac_min": 0.45,
          "reason": "not_enough_usable_rois"
        },
        "ecc": {
          "ecc_enabled": true,
          "ecc_cc": 0.6096566112064414,
          "dx": -6.355731010437012,
          "dy": -0.826251745223999
        },
        "final_dx": -6.355731010437012,
        "final_dy": -0.826251745223999,
        "shift_norm": 6.409212792809767,
        "camera_moving": true
      },
      "saved_overlay": "pair02_overlay_dxdy.jpg",
      "saved_diff": "pair02_diff.jpg"
    },
    {
      "pair_index": 2,
      "prev_frame": "000078.jpg",
      "curr_frame": "000079.jpg",
      "dx": -0.216162770986557,
      "dy": -0.017095983028411865,
      "method": "ecc_translation",
      "camera_moving": false,
      "debug": {
        "method": "ecc_translation",
        "hard_mask": {
          "valid_ratio": 0.9917015666958097,
          "invalid_ratio": 0.008298433304190346
        },
        "soft_spec": {
          "union": {
            "used": true,
            "ratio_valid": 0.0033045450408455937,
            "dilated": true
          },
          "prev": {
            "enabled": true,
            "bypass_reason": null,
            "spec_ratio_valid": 0.0033045450408455937,
            "alpha": 0.0,
            "blur_sigma": 3.0
          },
          "curr": {
            "enabled": true,
            "bypass_reason": null,
            "spec_ratio_valid": 0.0033045450408455937,
            "alpha": 0.0,
            "blur_sigma": 3.0
          }
        },
        "err_mask": {
          "exclude_spec": true,
          "spec_ratio": 0.0033045450408455937,
          "keep_frac": 0.9884244442015863
        },
        "global_pc": {
          "dx": -0.05516851972697623,
          "dy": -0.44441058450274795,
          "resp": 0.4117407625398518,
          "err_unaligned": 7.0,
          "err_aligned": 7.0,
          "err_ratio": 0.9999998571428775,
          "improve": 0.0,
          "resp_thresh": 0.3,
          "err_ratio_thresh": 0.92,
          "min_improve": 0.5
        },
        "roi_consensus": {
          "roi_total": 4,
          "roi_usable": 1,
          "roi_pc_resp_thresh": 0.22,
          "st_min_corners": 40,
          "roi_valid_frac_min": 0.45,
          "reason": "not_enough_usable_rois"
        },
        "ecc": {
          "ecc_enabled": true,
          "ecc_cc": 0.832788484848804,
          "dx": -0.216162770986557,
          "dy": -0.017095983028411865
        },
        "final_dx": -0.216162770986557,
        "final_dy": -0.017095983028411865,
        "shift_norm": 0.216837764691242,
        "camera_moving": false
      },
      "saved_overlay": "pair03_overlay_dxdy.jpg",
      "saved_diff": "pair03_diff.jpg"
    }
  ],
  "pre_cfg": {
    "subtitle_mask_mode": "spec_roi",
    "subtitle_roi_y0_ratio": 0.74,
    "sub_spec_v_min": 180,
    "sub_spec_delta_th": 12.0,
    "glare_spec_v_min": 230,
    "glare_spec_delta_th": 24.0,
    "spec_enable_mode": "texture_only",
    "glare_fill_enable": true,
    "glare_fill_v_offset": 12,
    "glare_fill_dilate_ksize": 11
  },
  "cam_cfg": {
    "roi_mode": "strips",
    "use_soft_spec": true,
    "soft_spec_alpha": 0.0,
    "soft_spec_blur_sigma": 3.0,
    "soft_spec_max_ratio": 0.25,
    "global_pc_resp_thresh": 0.3,
    "global_err_ratio_thresh": 0.92,
    "global_min_improve": 0.5,
    "enable_ecc_fallback": true
  }
}